1108939,2846462,20.789564742194138
1108939,1835131,19.23192072069024
1108939,1957452,18.83737777408507
1108939,1053672,18.64162151628488
1108939,7577156,17.99605102551612
1108939,7724054,17.686897457953062
1108939,6669588,17.656317825642606
1108939,4374720,17.61780396987914
1108939,6707713,17.574820521884142
1108939,7889053,17.20511138634412
1108939,6327128,17.171526551445428
1108939,119359,17.033508062739763
1108939,7651010,16.996973714300683
1108939,2405827,16.446587628941074
1108939,7491705,16.377213823041494
1108939,4104109,16.364045354889576
1108939,7575369,16.283572983353746
1108939,6273537,16.235047999064612
1108939,7880690,16.177414916430415
1108939,362422,16.089561735662677
1108939,832229,16.089561735662677
1108939,5553585,16.040018219276668
1108939,160716,15.962985594185868
1108939,269909,15.960221509466173
1108939,5614793,15.72829509685598
1108939,5203394,15.626780535386107
1108939,3750344,15.580597762753115
1108939,6238857,15.419183464242757
1108939,5970931,15.403543502047565
1108939,1546131,15.303164570238447
1108939,3445023,15.242937164157027
1108939,2044726,15.230631886699413
1108939,4036414,15.134767432106699
1108939,3923907,15.115797224466455
1108939,2283963,15.105617488835758
1108939,5291621,15.082529452266325
1108939,8027461,15.01124868103137
1108939,1448805,14.967673532827149
1108939,2453260,14.92825584153414
1108939,8181777,14.883637947787749
1108939,7698352,14.844346146811874
1108939,3466273,14.746232528771557
1108939,5163856,14.71398776387803
1108939,7274049,14.712070995997625
1108939,7329472,14.711401326053519
1108939,7000936,14.621647029630216
1108939,6707716,14.615064272026594
1108939,1546127,14.52990247783131
1108939,5907095,14.51860240222365
1108939,5696659,14.48384227714573
1108939,1382796,14.409797275993705
1108939,5907094,14.363535807681757
1108939,3259017,14.316053465344265
1108939,4326783,14.285706571287651
1108939,3130232,14.283313713481814
1108939,4568144,14.256039695302775
1108939,6179155,14.243752370677122
1108939,3506104,14.243288592783959
1108939,7152561,14.226202718194687
1108939,1884355,14.211276004733392
1108939,8841203,14.183053852234865
1108939,6164673,14.16780628923498
1108939,4228762,14.036234214042594
1108939,1353001,13.947141451182903
1108939,2194177,13.940112578732588
1108939,8088003,13.788378216734639
1108939,2764268,13.7345807661783
1108939,2068541,13.692377779702166
1108939,7428365,13.605185031111834
1108939,3357548,13.578604453647833
1108939,2834911,13.575089073922813
1108939,4799672,13.54358518140106
1108939,6047893,13.542564400149871
1108939,6388082,13.51664132805077
1108939,5535163,13.473535225705835
1108939,8596285,13.460477557916583
1108939,5335836,13.457733564559152
1108939,5182924,13.428618482877114
1108939,4261388,13.388607886746216
1108939,4404545,13.384152588429323
1108939,5010667,13.327498300309617
1108939,1817256,13.323537063344318
1108939,1199019,13.275659284947334
1108939,5748454,13.265477678374232
1108939,7640797,13.254476067748826
1108939,6529622,13.254051527360058
1108939,8476367,13.240197769029477
1108939,5696660,13.237297550392285
1108939,6663340,13.222028218461634
1108939,6950182,13.222028218461634
1108939,1440639,13.166958949771619
1108939,6179149,13.135612107770672
1108939,6822520,13.079380730466585
1108939,2072620,13.068714845440631
1108939,8418428,13.051360823602494
1108939,6010794,13.03174879483904
1108939,1224789,13.003075615006255
1108939,1136270,12.968006077596403
1108939,1283926,12.95184635680849
1108939,920451,12.945560685859656
1112389,8138768,31.697638744614316
1112389,4337251,31.543702489506302
1112389,8138765,31.195788215000906
1112389,7119576,29.06934017782406
1112389,4337253,27.314953551202947
1112389,8138763,27.29768469710684
1112389,4931198,27.17183393111834
1112389,5892677,26.206321639064626
1112389,952750,25.349988721810405
1112389,7817890,24.88229818069783
1112389,8138767,24.40201190548289
1112389,8138769,24.323639396198764
1112389,5892684,24.128644082523234
1112389,7651152,24.10838954794157
1112389,3394196,23.973983488484453
1112389,8060371,23.772476814213444
1112389,8060368,23.483364332707488
1112389,1904447,23.457106618557802
1112389,190722,22.840149820386955
1112389,6746142,22.7042885245554
1112389,5892681,22.470659301962083
1112389,8138762,22.082073357462544
1112389,7651153,22.010621072858836
1112389,7523035,21.655723667178215
1112389,7181880,21.10049983209151
1112389,3394193,20.997679190544886
1112389,3394197,20.900398412637145
1112389,7523033,20.532468837040152
1112389,452838,20.522810938998063
1112389,452842,20.522810938998063
1112389,452836,20.522810938998063
1112389,452837,20.522810938998063
1112389,452841,20.522810938998063
1112389,5892680,20.37747464732215
1112389,8138766,20.32682125357841
1112389,7120135,20.300483344217074
1112389,8097868,20.29476430562285
1112389,4284833,20.036974786227383
1112389,6064417,19.73993524207721
1112389,7185002,19.641394749492534
1112389,5892682,19.568902734931285
1112389,6780773,19.504336739793835
1112389,6780774,19.48622500188242
1112389,7523036,19.475240688386734
1112389,6766060,19.475240688386734
1112389,8060373,19.409834103484226
1112389,4284840,19.359157032577656
1112389,7523038,19.28256715564119
1112389,164786,19.28256715564119
1112389,648294,19.243796993945367
1112389,7523034,19.219187046097325
1112389,4931197,19.08907490894661
1112389,1250258,19.0332679503751
1112389,4337245,19.032478145458676
1112389,7120208,19.02907463648085
1112389,5054164,18.96977903654046
1112389,4046104,18.96977903654046
1112389,6064419,18.912639920857046
1112389,6064420,18.912639920857046
1112389,6064418,18.912639920857046
1112389,5054162,18.847486814701696
1112389,6780772,18.794708694482964
1112389,6780770,18.674928641627815
1112389,1007615,18.65262204406617
1112389,1449007,18.626510318732656
1112389,4553542,18.60757243595897
1112389,2086170,18.582306987654825
1112389,6929191,18.567108070972
1112389,4790816,18.53692875777063
1112389,3394194,18.5331816562666
1112389,8060375,18.51606285237385
1112389,6794355,18.503838795950735
1112389,2472193,18.47439149472023
1112389,6929200,18.377847672044805
1112389,4284834,18.356258890873
1112389,4790809,18.175825211245865
1112389,2086171,18.166787516410125
1112389,1510661,18.162653507784892
1112389,4855805,18.08176195283429
1112389,7582044,18.04570765095268
1112389,1394176,18.000670678502146
1112389,5942428,17.975147201266097
1112389,7117139,17.941815543796253
1112389,3452268,17.84090380022766
1112389,6780771,17.831410083695953
1112389,5290393,17.76063694807076
1112389,6082984,17.712279325818045
1112389,2086179,17.67339858546852
1112389,8138764,17.638664284518224
1112389,8204213,17.638664284518224
1112389,3616675,17.59633515149358
1112389,4430364,17.57815131902944
1112389,6199113,17.52987464589423
1112389,7276950,17.505450735915886
1112389,2413408,17.500473096882693
1112389,952751,17.498857635548497
1112389,1447482,17.495415177579357
1112389,735949,17.487622340332205
1112389,735954,17.487622340332205
1112389,150232,17.487622340332205
792752,6571521,16.702828795760368
792752,8803596,16.070585660236745
792752,8803595,15.112765222087535
792752,8803599,14.667484432725521
792752,8803603,13.567291099229399
792752,8666254,12.999179585509928
792752,8803604,11.685447824956903
792752,8803602,11.545853899905316
792752,8803598,9.653559018329075
792752,5080327,8.55464575759069
792752,6348951,8.391593698287057
792752,5080330,8.183619983773914
1119729,2787567,29.671041607792088
1119729,2787566,29.57644552138728
1119729,623144,29.28491056903611
1119729,7653921,27.971975335553907
1119729,528940,27.103421064064154
1119729,7653915,25.91164082249984
1119729,8537209,25.7595064245156
1119729,7737913,25.296282362951086
1119729,4594471,25.1275695368981
1119729,4979931,25.1275695368981
1119729,5875858,24.964966554238828
1119729,3121645,24.464393474541005
1119729,3178016,24.32555021119102
1119729,6840053,24.30876241092616
1119729,2190622,24.292983893818906
1119729,8250359,23.665770431315124
1119729,6125120,23.55905904230151
1119729,3825482,23.499608047059436
1119729,2159307,23.421000622282154
1119729,4594468,23.370112766225052
1119729,4809530,23.291864156420417
1119729,6651979,23.098736138248572
1119729,5918486,23.000361156153907
1119729,385220,22.859598640047764
1119729,3580797,22.606700629517142
1119729,5876399,22.56835586084908
1119729,2318417,22.556482214601772
1119729,818542,22.400133391124598
1119729,4979934,22.32334798833875
1119729,5875857,22.182594865985017
1119729,7808115,22.135236960328427
1119729,7131005,22.116346002652712
1119729,2218824,22.030033758660892
1119729,6840056,22.008918340822802
1119729,4598095,21.863939795225477
1119729,5876400,21.714571269899835
1119729,4620393,21.707251725569364
1119729,8250361,21.489413816371428
1119729,8721941,21.469699942476648
1119729,528946,21.43076400347967
1119729,2159311,21.367903884817494
1119729,1557029,21.357995812867657
1119729,5452351,21.301426573635343
1119729,6212715,21.241874874340493
1119729,5490307,21.23616678118295
1119729,1656747,21.163379452716157
1119729,1753806,21.133403800467136
1119729,1753808,20.863236954071517
1119729,5648725,20.66196972744118
1119729,8721935,20.489866135069608
1119729,4813168,20.403235418508267
1119729,1725180,20.28212912947439
1119729,5142151,20.15948601954132
1119729,2941211,20.095379718194906
1119729,6284325,20.07988288987985
1119729,6840051,20.074013642939857
1119729,4469209,19.97560009850423
1119729,2218823,19.97311868481057
1119729,623150,19.97128602768591
1119729,4882027,19.870684503277282
1119729,2868515,19.85558555253549
1119729,2140466,19.839993421778416
1119729,6925614,19.798114533357666
1119729,1088975,19.786084452163298
1119729,4723192,19.785167887351566
1119729,6895029,19.7696861949502
1119729,8557132,19.69286550768215
1119729,6662035,19.62228912845358
1119729,3451057,19.62154667210836
1119729,8557133,19.614339306901783
1119729,8557136,19.578990852082732
1119729,6083373,19.556269693873592
1119729,8786248,19.528395466733446
1119729,4469208,19.47109615441851
1119729,5928533,19.435892536263164
1119729,3135262,19.400718390068214
1119729,7331717,19.36335275325181
1119729,6122013,19.327115495293945
1119729,5823068,19.29443005055718
1119729,990539,19.286896179442255
1119729,982588,19.2862413973189
1119729,1329432,19.281238819256888
1119729,6284326,19.171190714179897
1119729,1315448,19.1564297215359
1119729,7237985,19.129702649254423
1119729,6098307,19.129261648494996
1119729,7372019,19.10144892916528
1119729,8537212,19.09676915966231
1119729,4037446,19.075372917781788
1119729,1329428,19.065296310234004
1119729,8557131,19.00566361978367
1119729,2492709,18.989177864212007
1119729,6662032,18.942591172393207
1119729,5823071,18.89907012552234
1119729,4346716,18.88129969130641
1119729,8777737,18.862252155802977
1119729,1303638,18.86088162780601
1119729,1295604,18.80027601309736
1119729,3264992,18.78689791968315
1119729,4103693,18.731654106656833
1105095,8208165,29.51985699187056
1105095,8208159,26.908204272102473
1105095,8208163,24.133907146843683
1105095,3598029,23.818665183069125
1105095,8208160,22.818349856950817
1105095,6847368,21.306042331176013
1105095,3598032,20.756559324275393
1105095,8208161,20.61629691981093
1105095,6620151,20.549041586268253
1105095,4806819,20.492701893467732
1105095,1234935,20.400893536293495
1105095,7576781,20.340903101258327
1105095,2938192,20.196857121537935
1105095,4404524,19.826312973556036
1105095,5647522,19.79378461645769
1105095,7576784,19.778144869532607
1105095,6920718,19.52922756695824
1105095,7576785,19.402387862973068
1105095,8454268,19.22350619486121
1105095,4540743,19.162227223000762
1105095,8013005,19.123544520640685
1105095,2475407,19.114022572998966
1105095,6990777,18.93997374724725
1105095,8208162,18.77703762023353
1105095,4285557,18.763618942190448
1105095,3085404,18.589616235818184
1105095,5382334,18.4831608905291
1105095,4702616,18.392286767702327
1105095,4885304,18.392286767702327
1105095,3356378,18.35524938445199
1105095,4285554,18.282277700618895
1105095,3563994,18.27226427970632
1105095,1253552,18.118048754242235
1105095,1395150,18.11211130515169
1105095,520921,18.067853783425488
1105095,5977790,18.01802743316216
1105095,2536852,17.962372974630938
1105095,3266631,17.897671477468734
1105095,2470961,17.89523707494153
1105095,6391424,17.855614821673726
1105095,3598870,17.818236397778886
1105095,5927230,17.801670364115715
1105095,7465882,17.754359934938492
1105095,3563995,17.58291797189679
1105095,1267260,17.574703621097047
1105095,3607586,17.51339989564416
1105095,8133813,17.48078247108437
1105095,7336486,17.422237120978963
1105095,4505613,17.352039069457906
1105095,1585143,17.27554150087873
1105095,3853483,17.219322587044424
1105095,6243243,17.212828465717507
1105095,4922234,17.19415362452891
1105095,3159703,17.19085775755228
1105095,4789493,17.184107405929378
1105095,8178605,17.115329063360598
1105095,7670064,17.10921338535622
1105095,7488419,17.099502003819303
1105095,2582314,17.0658948163684
1105095,4817694,17.05236026191043
1105095,4285556,17.04390376424235
1105095,7473373,16.97801383436153
1105095,2562335,16.966488370494993
1105095,6243244,16.866693954806863
1105095,4302854,16.862652353967036
1105095,43779,16.823496586917855
1105095,5077534,16.82308835811953
1105095,7465881,16.795138296490272
1105095,8520703,16.784141665205194
1105095,5179488,16.714839459895046
1105095,7962997,16.71316294528682
1105095,6497976,16.677833166382165
1105095,5446356,16.63372327270538
1105095,5432154,16.599601068889
1105095,5382329,16.546221421065333
1105095,5977793,16.545149876278746
1105095,8208164,16.47603904327793
1105095,3787902,16.44068947177701
1105095,4922239,16.44068947177701
1105095,3992342,16.418619037042074
1105095,2062100,16.370194049271458
1105095,7670063,16.332359723802313
1105095,5382330,16.29781520744878
1105095,8208166,16.265166816683564
1105095,5284467,16.215170015090656
1105095,3637499,16.2085112960558
1105095,2536853,16.172802694417427
1105095,2741621,16.098292186076684
1105095,8208167,16.059212141555278
1105095,5727545,16.00961745796613
1105095,2741625,16.007029488298386
1105095,4540745,15.993349660833378
1105095,8788762,15.949532928350415
1105095,4491995,15.93498620849213
1105095,2741623,15.890133922762566
1105095,160997,15.869058671384579
1105095,3085407,15.853979885184636
1105095,1023619,15.85041718613773
1105095,5977788,15.791361720458298
1105095,6916673,15.752451221964424
1105103,8208072,18.819925654010962
1105103,1889605,17.75873000993208
1105103,3687596,16.419941241379068
1105103,6160855,16.385900374643644
1105103,1889607,15.50308085540765
1105103,7267548,14.781364566522084
1105103,1529274,14.781364566522084
1105103,2542397,14.311306219033389
1105103,8570826,14.311306219033389
1105103,1736802,14.286652149074795
1105103,3089693,14.186159276803775
1105103,3089690,14.186159276803775
1105103,2301013,14.115608912322212
1105103,7868573,14.02384598330629
1105103,1223224,13.847654715692872
1105103,2418846,13.822811617323097
1105103,8208070,13.800994610754714
1105103,427850,13.67710657492734
1105103,4861913,13.556859619009987
1105103,5545111,13.48953037562746
1105103,6526458,13.46145760698864
1105103,3314174,13.439332509350516
1105103,4861906,13.431009973469667
1105103,3145742,13.413931712067766
1105103,3206054,13.358585344538522
1105103,1713005,13.358585344538522
1105103,8602528,13.357309933938385
1105103,1889599,13.298260343556583
1105103,7119919,13.285557499666869
1105103,709105,13.272248113598074
1105103,1311188,13.257966639053883
1105103,497807,13.223774149298444
1105103,193847,13.211309325397895
1105103,7218588,13.16847387573213
1105103,1387070,13.05101974798485
1105103,1144436,12.977069177876611
1105103,3557805,12.909266927865342
1105103,5983567,12.893748447715286
1105103,2540676,12.80483034444958
1105103,3352338,12.802223364464353
1105103,8020700,12.800529499247595
1105103,2655085,12.76726856007478
1105103,6998798,12.725080435506312
1105103,8183752,12.71719059793615
1105103,605291,12.707827551799191
1105103,4184557,12.699373170879738
1105103,6706080,12.694699140327025
1105103,2795694,12.68782344048529
1105103,8061668,12.639977137712863
1105103,6080582,12.630800521751567
1105103,8487374,12.61288513374711
1105103,7279380,12.573439357044425
1105103,2144493,12.527716348464024
1105103,5545114,12.499233868711611
1105103,7084093,12.469446878137896
1105103,8208073,12.452165058766006
1105103,886844,12.449531018930848
1105103,4602335,12.449531018930848
1105103,7886400,12.449531018930848
1105103,3145741,12.422155392115744
1105103,7251764,12.384337681891003
1105103,4184559,12.332479853001487
1105103,1912851,12.271118248493671
1105103,1539595,12.22190363122557
1105103,6717786,12.22190363122557
1105103,3973159,12.201525471781313
1105103,1144156,12.137204292740439
1105103,7728267,12.10240766843146
1105103,6057316,12.096418464564653
1105103,2469314,12.096418464564653
1105103,8656733,12.096418464564653
1105103,8037206,12.096418464564653
1105103,395559,12.081191520697022
1105103,4847459,12.022770056534823
1105103,791536,11.981575823853767
1105103,8020698,11.976424733708777
1105103,6979101,11.883056841833088
1105103,7766175,11.877655308644982
1105103,4586191,11.877194354780755
1105103,2813781,11.853022902107973
1105103,7534132,11.850957839569494
1105103,5763211,11.850957839569494
1105103,8020694,11.84750643547157
1105103,7561323,11.829019629464774
1105103,7370466,11.827398138858092
1105103,8593048,11.822674700014183
1105103,2813779,11.821019540591923
1105103,3145748,11.783571861446353
1105103,1215164,11.780958430032332
1105103,1737589,11.778849570637107
1105103,1737591,11.778849570637107
1105103,722248,11.77676031110975
1105103,2167509,11.76956448125538
1105103,3067325,11.757544701688005
1105103,8035058,11.75560675490088
1105103,1843973,11.748780562269825
1105103,8227282,11.734961610251144
1105103,1387075,11.734021527300595
1105103,395562,11.734021527300595
1105103,3067328,11.718664400780057
1128373,8656493,22.725534370472296
1128373,7630511,14.974318295578817
1128373,5814751,14.859164612708677
1128373,6702197,11.859480579936
1128373,8656497,11.077948171005481
1128373,8656499,10.987439986616199
1128373,5281148,10.987439986616199
1128373,7175865,9.859673712841811
1128373,3980915,9.186185842629449
1128373,1782963,7.938926284640388
1128373,4254836,6.19530184475209
1128373,8519713,6.150076319370585
1128373,3884881,6.095563730427361
1128373,1941266,6.038065740131095
1128373,97739,6.035347457134007
1128373,8146334,5.901080085035685
1128373,5125375,5.8970771104041875
1128373,3884882,5.8970771104041875
1128373,7208948,5.8816292677775985
1128373,8085708,5.862432905909687
1128373,4682759,5.85777240829148
1128373,8530759,5.8341083016904856
1128373,7678189,5.827004428263402
1128373,6820615,5.827004428263402
1128373,491120,5.827004428263402
1128373,542347,5.827004428263402
1128373,6782345,5.827004428263402
1128373,3960620,5.8139846037634175
1128373,570010,5.8139846037634175
1128373,6017705,5.797646307509579
1128373,2034187,5.781399580772234
1128373,1899029,5.765243655887666
1128373,8074471,5.764249418548063
1128373,617668,5.764249418548063
1128373,3152904,5.764249418548063
1128373,3219547,5.764249418548063
1128373,3363729,5.764249418548063
1128373,1114080,5.764249418548063
1128373,1331326,5.764249418548063
1128373,2213812,5.764249418548063
1128373,2476773,5.764249418548063
1128373,2942442,5.764249418548063
1128373,1857666,5.764249418548063
1128373,7792356,5.764249418548063
1128373,2178330,5.764249418548063
1128373,1618969,5.764249418548063
1128373,1725357,5.764249418548063
1128373,6767150,5.764249418548063
1128373,3983276,5.764249418548063
1128373,7272856,5.764249418548063
1128373,8609679,5.764249418548063
1128373,7370319,5.764249418548063
1128373,7466871,5.764249418548063
1128373,5227680,5.764249418548063
1128373,5371380,5.764249418548063
1128373,5430008,5.764249418548063
1128373,6546266,5.764249418548063
1128373,37595,5.764249418548063
1128373,385859,5.764249418548063
1128373,4659772,5.764249418548063
1128373,4335375,5.764249418548063
1128373,526577,5.764249418548063
1128373,5484838,5.764249418548063
1128373,4840263,5.764249418548063
1128373,4843649,5.764249418548063
1128373,499216,5.764249418548063
1128373,6694981,5.764249418548063
1128373,1935431,5.764249418548063
1128373,317313,5.764249418548063
1128373,332773,5.764249418548063
1128373,5630800,5.764249418548063
1128373,8146836,5.764249418548063
1128373,8386260,5.764249418548063
1128373,8050441,5.764249418548063
1128373,8339485,5.764249418548063
1128373,836259,5.764249418548063
1128373,1721919,5.764249418548063
1128373,1762465,5.764249418548063
1128373,6087979,5.764249418548063
1128373,2135122,5.764249418548063
1128373,55905,5.764249418548063
1128373,5680352,5.764249418548063
1128373,996938,5.764249418548063
1128373,6958665,5.764249418548063
1128373,4262451,5.764249418548063
1128373,6349699,5.764249418548063
1128373,947067,5.764249418548063
1128373,186957,5.764249418548063
1128373,20073,5.764249418548063
1128373,2009826,5.764249418548063
1128373,4165838,5.764249418548063
1128373,418065,5.764249418548063
1128373,8072547,5.764249418548063
1128373,949720,5.764249418548063
1128373,8083366,5.764249418548063
1128373,452117,5.764249418548063
1128373,7781503,5.764249418548063
1128373,7175159,5.749177773749086
1128373,606492,5.746039474924645
1128373,3159911,5.741333426353388
1127622,7208030,17.092324390233472
1127622,2953604,16.698577884478787
1127622,3627605,16.549433119754422
1127622,1345494,16.32664497287911
1127622,955245,16.18733777866388
1127622,7208023,16.139067261215228
1127622,8719473,16.069160530798875
1127622,5899880,16.063749838959865
1127622,8719474,16.039872296888184
1127622,2382782,16.0066166845129
1127622,955246,15.901953696043996
1127622,8089368,15.901953696043996
1127622,8623600,15.829444417083234
1127622,1682047,15.478584727524725
1127622,6696954,15.477267969186858
1127622,8802879,15.461931854065547
1127622,1345491,15.339613107445249
1127622,244617,15.275219023043448
1127622,955244,15.256010668215831
1127622,1419316,15.248640421607131
1127622,717667,15.185043220054423
1127622,8189473,15.174326179727418
1127622,8189477,15.107379183866433
1127622,6438649,14.872580833996349
1127622,8623605,14.837585278859692
1127622,4537354,14.831899890989815
1127622,5680798,14.768803447062922
1127622,2953606,14.76259464277402
1127622,8623597,14.76259464277402
1127622,2382778,14.669021031419682
1127622,7354240,14.639301066509367
1127622,2711483,14.588406930481256
1127622,4039127,14.572854353627365
1127622,4366747,14.567835732912123
1127622,4657093,14.564301446445747
1127622,3631830,14.455445284245258
1127622,8143744,14.455445284245258
1127622,8019872,14.4243216623643
1127622,4082033,14.407021108875883
1127622,7208027,14.380413847197548
1127622,8454906,14.36279824293309
1127622,3617336,14.351517543865645
1127622,5899886,14.283841247300135
1127622,7489808,14.26852548937999
1127622,3382813,14.251904269527314
1127622,8623606,14.240293154095351
1127622,8719476,14.178997756294024
1127622,7208001,14.160022994258853
1127622,2684201,14.131328391105116
1127622,2711480,14.11876690252051
1127622,1220769,14.116087622282585
1127622,1231622,14.116082595414493
1127622,1231618,14.105630910279304
1127622,3768873,14.090534907687207
1127622,1345497,14.05806909367146
1127622,6438651,14.049653160884251
1127622,8189471,14.04116588148792
1127622,1345499,14.04116588148792
1127622,8314970,14.040717362690906
1127622,2711484,14.01870335909179
1127622,6419041,14.004850536479847
1127622,1682054,13.997665302846645
1127622,5899881,13.994276246850974
1127622,910236,13.994233755854198
1127622,7231468,13.994218055856503
1127622,1050134,13.989047274576421
1127622,7208022,13.980420687883816
1127622,8809727,13.956741746094568
1127622,1220767,13.926897579322379
1127622,3617342,13.916342955370537
1127622,3768871,13.901773031999326
1127622,7216126,13.885795996539304
1127622,7950371,13.884849548682089
1127622,6735157,13.877731081808436
1127622,2205371,13.854064908972266
1127622,5847621,13.846136269793892
1127622,1379440,13.84555905790721
1127622,6438647,13.821409589293726
1127622,3768864,13.780522051511706
1127622,244613,13.774900089118962
1127622,4657097,13.760637574877236
1127622,3768865,13.753771784089615
1127622,8742652,13.724867442959095
1127622,8742651,13.714836996606458
1127622,2283271,13.712350747190676
1127622,2993225,13.703977465653757
1127622,5899878,13.700753849699229
1127622,3768872,13.64280075046502
1127622,2528602,13.6353709981551
1127622,955252,13.630209903208648
1127622,6696951,13.607243775263791
1127622,2463910,13.599602384136944
1127622,3768868,13.580405823612846
1127622,3761273,13.578523455783987
1127622,8534913,13.5346281476656
1127622,5680799,13.532678150432716
1127622,3382811,13.514917740522773
1127622,1379447,13.506362899939194
1127622,5899884,13.478188502962047
1127622,955250,13.470241000175236
1124979,8011232,15.87170076185103
1124979,1612110,15.36071451585823
1124979,4778057,13.294309795194385
1124979,6547158,12.480507248731449
1124979,5149912,12.350757137216405
1124979,6442770,12.128431714529395
1124979,4431292,11.863263786381303
1124979,3077630,11.750247729017824
1124979,2174891,11.750247729017824
1124979,2370472,11.70671032106652
1124979,1661393,11.324198831917009
1124979,8187569,11.315787403855147
1124979,8001800,11.221800271380967
1124979,1564609,11.163155248272247
1124979,7744314,11.145048628804476
1124979,8222403,11.129361562329628
1124979,7878582,10.971343839852553
1124979,2112101,10.971343839852553
1124979,8015184,10.87788893615053
1124979,3390977,10.860962553293144
1124979,3511647,10.860962553293144
1124979,4310279,10.695675465271206
1124979,800181,10.606838884043743
1124979,5927094,10.605204277951788
1124979,5927093,10.52260742663453
1124979,959990,10.52260742663453
1124979,8815859,10.507657194542745
1124979,6483487,10.441287215809545
1124979,6764071,10.379366418233214
1124979,1129104,10.348968226106113
1124979,367261,10.26577528939
1124979,5757748,10.13665475003089
1124979,1567392,10.111160950288893
1124979,4691773,10.099028826357328
1124979,5447205,10.025539828520529
1124979,1628653,10.02403272097831
1124979,1567399,9.994860041176095
1124979,5447202,9.923481402252563
1124979,5447207,9.907913190985036
1124979,6356344,9.877960671514796
1124979,1567396,9.839477242785653
1124979,835868,9.811169924399813
1124979,6019977,9.777912076375868
1124979,6142292,9.740094122241205
1124979,8613731,9.739012233752014
1124979,5447206,9.735119678036511
1124979,8706384,9.72130837329979
1124979,3894494,9.714844715356808
1124979,1891128,9.70220517960891
1124979,2237804,9.701706472328377
1124979,2237805,9.701706472328377
1124979,8016251,9.685686650390897
1124979,4423307,9.664342631763365
1124979,2974712,9.663297595985034
1124979,953791,9.645473625029073
1124979,1567400,9.631137756267023
1124979,6356340,9.6301078596629
1124979,3894501,9.629447292894842
1124979,1002713,9.62436423551439
1124979,6551433,9.609504495335457
1124979,3528060,9.573167206565294
1124979,1430040,9.573167206565294
1124979,2237809,9.529455669759894
1124979,7589633,9.528252788397438
1124979,7582347,9.512754129902808
1124979,1830484,9.512754129902808
1124979,1165667,9.508631033817194
1124979,2239597,9.502046004570616
1124979,1567394,9.496633169856961
1124979,4263160,9.464059021872615
1124979,891818,9.464059021872615
1124979,891817,9.431729934564144
1124979,6240386,9.40832748976283
1124979,2239594,9.383241885640624
1124979,6595041,9.372286540501408
1124979,3901806,9.36779412517241
1124979,3948495,9.353172209691719
1124979,8638791,9.350443933490942
1124979,2114159,9.350350565480396
1124979,3810789,9.336405300387902
1124979,511947,9.327694076341423
1124979,3948494,9.32329945946453
1124979,8638788,9.309325191801598
1124979,1567391,9.30480077452304
1124979,2796241,9.282704891814301
1124979,3901804,9.273649999954312
1124979,1272203,9.24272593682246
1124979,835872,9.241442788101644
1124979,3948496,9.229041372092421
1124979,4165575,9.22822748109333
1124979,1434376,9.197579825455184
1124979,891823,9.188237048399799
1124979,3948497,9.153921096343238
1124979,3948498,9.116821312623875
1124979,245407,9.116821312623875
1124979,4165576,9.070433328462588
1124979,7114870,9.063286987036406
1124979,7569695,9.03187028807784
1124979,3383246,9.010532108077348
1124979,8638786,8.99365113819852
885490,4407503,22.524091421330226
885490,5383142,21.775440659996477
885490,8821100,21.49916269848741
885490,3878625,19.564188261336408
885490,3401433,19.486514777116522
885490,773341,19.373765477896118
885490,7884561,19.252725474515863
885490,2157777,19.023012642793837
885490,1242699,18.837341237730698
885490,2205266,18.569361724731305
885490,6728726,18.50510478816186
885490,3913497,17.947597962357364
885490,2927840,17.722740034386774
885490,4147584,17.671484774643368
885490,7281792,17.483323913536594
885490,1296972,17.25588305391835
885490,2927843,17.085219892212013
885490,7732091,16.60184770704799
885490,1888451,16.592844683696033
885490,6715491,16.578942738853215
885490,3116348,16.471532064636015
885490,2551933,16.42721365663522
885490,4485270,16.388741301584204
885490,7711419,16.331912136050683
885490,3963549,16.199853982385683
885490,418656,16.18044787760611
885490,2610098,16.113572467167415
885490,3003040,16.108415872576824
885490,1888456,16.036567829596137
885490,8750534,15.91286559321538
885490,4662043,15.813457126291386
885490,8821099,15.804078968725216
885490,2551937,15.759083175802328
885490,5216286,15.722876937778778
885490,4485265,15.707563983390699
885490,2642410,15.589997795566441
885490,7449720,15.497135766241172
885490,5091444,15.477588015721114
885490,7330373,15.471379775532418
885490,2642406,15.424477931178513
885490,2551932,15.412601514993224
885490,6828044,15.39038220911249
885490,1127030,15.367340963534986
885490,8148615,15.361908136037743
885490,2551930,15.34302037624556
885490,489622,15.34302037624556
885490,4458705,15.247971630887193
885490,996213,15.239702270851204
885490,1888454,15.230904999294783
885490,3878629,15.230904999294783
885490,3913494,15.227903766394242
885490,8821105,15.216592659337266
885490,5091442,15.194284459908651
885490,3825895,15.190972816974389
885490,3955886,15.186906703402592
885490,5994936,15.07469894193782
885490,7307418,15.053581147957697
885490,2551936,15.037463818439855
885490,8821101,14.999691340735293
885490,7449718,14.990681827376287
885490,7624824,14.967193599750152
885490,5099519,14.951756239006913
885490,8145144,14.94635976921468
885490,4713675,14.784556331578314
885490,1769090,14.77574517308111
885490,7252658,14.768453213506044
885490,5491912,14.767613748934687
885490,6779398,14.765624989370286
885490,449633,14.728311500087928
885490,7941299,14.657626966354636
885490,5945581,14.63204506214663
885490,8821103,14.480652650254775
885490,1934423,14.402337575881099
885490,5510688,14.386385684360189
885490,2551928,14.37318282725393
885490,2927849,14.301552420397572
885490,4618605,14.258498402902008
885490,3929151,14.242368623659837
885490,5925566,14.186327433292282
885490,8604619,14.157275533823736
885490,6766318,14.153002025000191
885490,2161519,14.147015618595173
885490,5468685,14.133756695089051
885490,475415,14.132577487983063
885490,8359187,14.099912847299624
885490,7414070,14.089379758959497
885490,2585384,14.089190840055343
885490,916816,14.08858003686587
885490,8821102,14.079513326348792
885490,942453,14.017718623184388
885490,4296943,14.017718623184388
885490,1278123,13.96655004503554
885490,7884261,13.950342069826053
885490,3878624,13.855873559089716
885490,3859911,13.854994778606507
885490,864485,13.84047665996913
885490,2555494,13.837292887183562
885490,8821097,13.814853850672947
885490,1500302,13.777866137385999
885490,918168,13.713110384755211
1119827,8067976,25.07502563344878
1119827,8067974,24.056095958119656
1119827,8067978,23.55273853432398
1119827,5604317,19.997175333808798
1119827,5604318,19.321258510721627
1119827,5604315,18.036292139725013
1119827,8067975,17.43879850686125
1119827,5604324,17.080052398434216
1119827,5604321,16.33973031109424
1119827,5604319,16.33494580841191
1119827,8735884,16.12757196610601
1119827,8067980,15.81380019500449
1119827,7289871,15.352570112383745
1119827,5604322,15.257113218432409
1119827,5604323,15.210973723969527
1119827,5604316,15.120410823888026
1119827,5604320,14.821672245109646
1119827,8735885,14.778053460468481
1119827,6600080,14.573521883201526
1119827,7551210,14.19690266774411
1119827,8735883,14.190257310726876
1119827,8320017,13.74090553060504
1119827,8067981,13.397745756647998
1119827,7551209,13.3782039808813
1119827,7551214,13.294753210436738
1119827,2309381,12.833294281887092
1119827,2887431,12.057939805001991
1119827,1430237,12.057909275082508
1119827,591448,12.041096048528573
1119827,7090376,12.041096048528573
1119827,8773269,11.680423117943812
1119827,591441,11.630827447668768
1119827,4754570,11.585385743331212
1119827,556275,11.526443058834346
1119827,4131774,11.498272514866542
1119827,467581,11.459975180145696
1119827,2015503,11.312870736714796
1119827,1572341,11.132224685397576
1119827,7247065,11.09589416177744
1119827,3310080,11.074489872611986
1119827,8361684,10.964309508977554
1119827,5101640,10.945153223170186
1119827,7681774,10.888812306830438
1119827,6097216,10.8035060938213
1119827,4705064,10.758827344866887
1119827,7681770,10.717869578538139
1119827,7642598,10.714562986644324
1119827,4809394,10.686542614250257
1119827,4958967,10.661783868619885
1119827,8361681,10.626065259921965
1119827,8723726,10.602483654948564
1119827,7920926,10.562613395289036
1119827,4241754,10.507020393595642
1119827,3586227,10.50396610337377
1119827,5004506,10.465515623968312
1119827,5343785,10.379288520824717
1119827,4339913,10.36305320205335
1119827,3533192,10.337745014852
1119827,8097601,10.300875566096908
1119827,7028202,10.28294721739178
1119827,2015498,10.27224938822766
1119827,7028204,10.2643367650332
1119827,8249599,10.23504768120813
1119827,8723724,10.226698832093646
1119827,7920924,10.18201631005814
1119827,4980533,10.152054711958147
1119827,2942888,10.095037679789607
1119827,4980537,10.089517730052767
1119827,6815255,10.08689035329962
1119827,4980536,10.014466104275767
1119827,5335541,10.005783247230202
1119827,2605193,9.981668083245264
1119827,6658847,9.971733630340076
1119827,4774873,9.954031233154701
1119827,8735882,9.925504059949834
1119827,8776368,9.844792613131144
1119827,8232264,9.804036021551223
1119827,3547615,9.793534145218782
1119827,5137997,9.765367459020846
1119827,3533187,9.753211042376773
1119827,5905777,9.657140716348762
1119827,4844313,9.513378745765847
1119827,6097218,9.511440514423999
1119827,8232262,9.490483322848158
1119827,4016964,9.475000542850898
1119827,4844319,9.446913765645075
1119827,3486757,9.424167847007196
1119827,2185538,9.41539163710565
1119827,1886145,9.401024993494582
1119827,5119129,9.400242910410276
1119827,7662631,9.352826338356206
1119827,1989690,9.275140580354199
1119827,2718261,9.269172803193523
1119827,3149148,9.263364155056212
1119827,6314919,9.260573503068382
1119827,1479695,9.22534026734931
1119827,4719566,9.203494713790537
1119827,1526425,9.164791534722001
1119827,2185540,9.113268427695232
1119827,976649,9.100631744359637
190044,7575350,26.14467511836589
190044,1353074,25.768757552101295
190044,4060155,25.10604990755857
190044,2600274,24.993183334016457
190044,411230,24.992074934179588
190044,7354421,24.89918181991647
190044,2234954,24.592553454128087
190044,1970763,23.323332260816557
190044,7354422,23.17803596888409
190044,2600279,23.1159857599679
190044,2313132,23.1159857599679
190044,1970765,22.88189980552336
190044,411238,21.77225155374426
190044,6779598,21.756870935845644
190044,2074834,21.607078919127645
190044,670944,21.028260123366113
190044,6898047,21.028260123366113
190044,2417583,20.806017327461085
190044,8339434,20.692287973189707
190044,1170659,20.426003681970993
190044,6481728,20.130950062308823
190044,3334965,19.96444993855426
190044,2417581,19.953206755918384
190044,1353072,19.932567054994976
190044,7724160,19.87467462826754
190044,4281058,19.823331957930463
190044,774301,19.64522456813272
190044,4412767,19.64105006517202
190044,8305789,19.522449914492896
190044,671308,19.49508897903035
190044,1449018,19.486765414040004
190044,2216218,19.411073391762727
190044,411235,19.387718411647207
190044,1689451,19.38295402588126
190044,4214517,19.33914548954556
190044,1516351,19.291271823321175
190044,758836,19.28187749593048
190044,6362865,19.160549961647767
190044,1279585,19.05136737181863
190044,671302,19.03738784868514
190044,683122,19.00681698894761
190044,2084943,18.997726039357925
190044,7148455,18.978364736289983
190044,165817,18.953607667804018
190044,668248,18.87569292749177
190044,683121,18.824707411670772
190044,2073150,18.758600096904694
190044,165820,18.71245412880669
190044,8305788,18.643144663946575
190044,737316,18.629596142697245
190044,2074835,18.597510559192912
190044,1353076,18.597510559192912
190044,265156,18.52423674645722
190044,351534,18.52423674645722
190044,6007251,18.43185624879479
190044,165818,18.34376958432026
190044,3736743,18.298606551574704
190044,1197426,18.289335588413824
190044,6676475,18.231007662051198
190044,1914105,18.14025502491622
190044,7754990,18.13198211031771
190044,1921722,18.058269699093316
190044,4049059,18.046279672841848
190044,3093331,17.931173322697553
190044,8339439,17.928568590878378
190044,6354331,17.898826989982613
190044,3039552,17.867152517649913
190044,1505614,17.84973490057566
190044,8318753,17.833552849710433
190044,5609566,17.755897460817263
190044,1318080,17.74829565019473
190044,4205145,17.690789838071446
190044,3428532,17.644001861651617
190044,3924317,17.59981831891946
190044,211933,17.526563220543956
190044,1193225,17.515006008909122
190044,3002616,17.504617476211173
190044,2393446,17.50010685975117
190044,4981751,17.50010685975117
190044,1420958,17.42283305259319
190044,5087529,17.396772476858928
190044,6387832,17.332862031233056
190044,3334960,17.327512120471177
190044,4776322,17.203188296978254
190044,670023,17.164625606423947
190044,3391283,17.051745093933626
190044,851057,17.03088300066394
190044,6926113,17.019044004381904
190044,7319633,16.999033181125903
190044,5445966,16.97835631114552
190044,1151900,16.961664254956823
190044,6779603,16.94887502293146
190044,8376146,16.93984849640467
190044,1061599,16.911573889187203
190044,737319,16.891704018789607
190044,2074830,16.87705981675472
190044,4782431,16.87643688091221
190044,6724683,16.87183183486128
190044,8497114,16.861008453886303
190044,6782283,16.85436963699344
500575,8322763,18.557657553162294
500575,3798754,17.32692227907757
500575,5680505,14.670885452916103
500575,813770,14.016208664760644
500575,513001,13.88426310959725
500575,6016728,12.775005565173617
500575,4961654,12.775005565173617
500575,7194499,12.180421477075024
500575,8553400,12.129471475002287
500575,1702111,12.127491645077189
500575,7870173,12.093927695692633
500575,1256620,12.038960189778274
500575,3021817,11.92347166501624
500575,1256624,11.88510224089147
500575,8558051,11.87508357233052
500575,1256621,11.716512608026791
500575,5139618,11.708046607311024
500575,1312335,11.630266234678308
500575,1256627,11.52071321797948
500575,708899,11.38277020025805
500575,4057954,11.35542741504764
500575,7473683,11.314357238019456
500575,7814111,11.12460520413716
500575,6377761,11.028823714231907
500575,2453663,11.012601792915927
500575,2791237,11.010078149271832
500575,6898380,11.008484365264373
500575,4615959,10.993344477878376
500575,6898376,10.97526440429348
500575,3310362,10.972305695318074
500575,1232134,10.94408574765148
500575,138326,10.937115968471405
500575,6444819,10.925255494352694
500575,8651764,10.910754165900695
500575,6661948,10.898937771440732
500575,4697981,10.870834758549464
500575,7924485,10.801420387628525
500575,2289599,10.801420387628525
500575,7194498,10.800268285286537
500575,8007007,10.77814329412201
500575,8740614,10.77814329412201
500575,6740716,10.739136803264252
500575,8824433,10.703520613093785
500575,3125618,10.690979567149666
500575,2925997,10.685113188959846
500575,5003419,10.685113188959846
500575,7104046,10.666298260981979
500575,2866513,10.640020116015862
500575,2466029,10.609102499692236
500575,6661946,10.552012524861544
500575,1256625,10.547416792992244
500575,2338794,10.53095698695472
500575,708893,10.526261717229369
500575,8024792,10.500333714816636
500575,8553395,10.483497094322948
500575,7629870,10.469586547273716
500575,6444824,10.448387354680287
500575,1632967,10.43677636562735
500575,927012,10.424767116340297
500575,764808,10.423953206901134
500575,4847836,10.416497589323926
500575,1193414,10.413185471623217
500575,5796822,10.407332789027258
500575,8460312,10.394966320430118
500575,708898,10.394966320430118
500575,5924048,10.375179776140833
500575,3834297,10.36603876972057
500575,7814112,10.351776831152021
500575,587488,10.33972403210549
500575,7926791,10.332097731155596
500575,6329749,10.323769668852705
500575,4328201,10.323753208468942
500575,3310359,10.320519200550116
500575,5634295,10.310813745562552
500575,3229428,10.293709693330301
500575,3680522,10.293709693330301
500575,8490573,10.289417968079908
500575,7240454,10.280639728673751
500575,6947721,10.280639728673751
500575,5608424,10.265050188413326
500575,2003211,10.265050188413326
500575,6377762,10.265050188413326
500575,961805,10.245453522709093
500575,2624368,10.245453522709093
500575,1169578,10.231934835176277
500575,977374,10.231934835176277
500575,6397304,10.213749269556148
500575,5090859,10.19908604856439
500575,4317044,10.197273556838685
500575,1156707,10.190842193505462
500575,6456467,10.180376347139056
500575,4129289,10.175831448712476
500575,1815109,10.174319198096061
500575,407363,10.174319198096061
500575,604278,10.166499679087197
500575,4780463,10.166499679087197
500575,2148440,10.15817123535112
500575,7542838,10.158167962216883
500575,5707849,10.155758452629506
500575,2620488,10.138763152792851
883785,4645,21.721021829332273
883785,5156463,20.93784475975091
883785,4644,20.871881695716144
883785,8203025,19.814872533104413
883785,4650,19.161675521303117
883785,7551963,18.807878908771162
883785,1956297,18.610801653878525
883785,901342,18.57775870467559
883785,7551962,18.363006960082345
883785,5091825,18.2034770000093
883785,4643,17.586829178148086
883785,4648,16.72672941805853
883785,2648505,15.726061749703682
883785,709868,15.410313821863534
883785,8640910,15.388664256091992
883785,8640913,15.354399020025697
883785,8521316,15.343612965034147
883785,4642,15.249926945588332
883785,4944076,15.177459091211606
883785,3477233,15.146056399062575
883785,5413024,14.567249118007446
883785,2641835,14.42619949771856
883785,8084741,14.361201693717494
883785,2421649,14.308008543161321
883785,6111025,14.168123949145418
883785,8696214,14.168123949145418
883785,3906321,14.168123949145418
883785,8615915,14.168123949145418
883785,7079556,14.168123949145418
883785,4012025,14.168123949145418
883785,2385475,14.136123495062531
883785,3195327,14.092234256447899
883785,1765844,14.088313741934229
883785,3472831,14.073708327453772
883785,6901982,14.030325781900942
883785,8734130,14.025515818867289
883785,6901980,13.998500382061252
883785,6901981,13.952979422190538
883785,2294140,13.880079149538314
883785,1765851,13.826662883345357
883785,1765852,13.809792550493537
883785,2385476,13.783614095561022
883785,6995391,13.691064838554325
883785,2796674,13.614179226057905
883785,6105389,13.587591198043654
883785,2421654,13.58464781964612
883785,3852180,13.557847502261868
883785,4175276,13.557847502261868
883785,4175278,13.557847502261868
883785,5251278,13.557847502261868
883785,3554476,13.557847502261868
883785,3554469,13.557847502261868
883785,4538965,13.557847502261868
883785,4538967,13.557847502261868
883785,4538968,13.557847502261868
883785,3852182,13.557847502261868
883785,3554471,13.557847502261868
883785,3554472,13.557847502261868
883785,4131573,13.557847502261868
883785,4131574,13.557847502261868
883785,4175274,13.557847502261868
883785,4175275,13.557847502261868
883785,4175277,13.557847502261868
883785,4538966,13.557847502261868
883785,8697809,13.535443834767804
883785,2394158,13.534028645996605
883785,558092,13.35662455806271
883785,6821155,13.28721556874326
883785,5018419,13.273782310025233
883785,5413026,13.254517334576699
883785,1956291,13.221453422137998
883785,3833374,13.056348352939025
883785,4821067,13.022766310555397
883785,8084743,12.982466503968393
883785,2036905,12.93047608887374
883785,2117561,12.864096764692093
883785,1274761,12.769736091071902
883785,358901,12.769377209494778
883785,5148475,12.767191177278514
883785,3199576,12.595423625178137
883785,2641832,12.449608816331224
883785,7996627,12.390975041283102
883785,5148471,12.349766826950319
883785,4449969,12.334410315112702
883785,6083764,12.174985554170974
883785,1689713,12.150828016324954
883785,8119196,12.072273163942207
883785,2603564,12.057785737403709
883785,580490,11.966243527287727
883785,8601009,11.904055541089804
883785,5148476,11.900814422630596
883785,6691785,11.849998108937914
883785,6252077,11.84359806498337
883785,3487634,11.818120907523735
883785,2399766,11.745450684593651
883785,1120105,11.736685670358934
883785,7413055,11.70233856616802
883785,1655283,11.682871984252305
883785,7138156,11.678832970681519
883785,7142361,11.671796624078617
264403,6073642,46.78007149997218
264403,3706620,46.487109358077355
264403,1908222,44.444365950027816
264403,6073638,39.880091333446245
264403,3706613,39.66250007936744
264403,3706614,39.11978626130314
264403,8121445,35.15190170791496
264403,3738083,33.92372605393325
264403,6021493,33.794590746617054
264403,4845723,33.66440827995385
264403,1168347,32.90557327983992
264403,3300080,32.754815986739764
264403,8654296,32.046568663267344
264403,1718251,31.309993264288707
264403,7071191,31.210631196878754
264403,3147479,31.036368728132715
264403,1317554,30.979344564986185
264403,6499956,30.761604075622117
264403,5818638,30.732989767089723
264403,8313915,30.71812198324433
264403,3837446,30.57818658899163
264403,8654297,30.208996666831297
264403,1168345,30.170205913272575
264403,7630835,30.158861503168637
264403,490401,29.92234396060914
264403,667552,29.847531935057845
264403,1908228,29.607499411000404
264403,7135867,29.541769949976764
264403,6300135,29.45660457648334
264403,8313913,29.137606128769626
264403,7587608,29.069244062217074
264403,1317553,28.7806539220365
264403,7071190,28.74107771846861
264403,1079451,28.328780852146274
264403,733014,27.93593321548804
264403,1168342,27.692814992626626
264403,4987257,27.667726249675688
264403,832200,27.647602141471037
264403,3251694,27.520269208337083
264403,7322054,27.464246015581754
264403,382006,27.361145050484353
264403,6073645,27.190962106067374
264403,1322478,26.999774176402443
264403,6154306,26.923182474404516
264403,5771737,26.890388015229078
264403,1815123,26.83943758847077
264403,3959394,26.73535688236879
264403,1859694,26.652297447164322
264403,2970557,26.332896406423774
264403,3038496,26.324928431240334
264403,8285346,26.22972108259438
264403,3681175,26.220086533090722
264403,7841787,26.16451266189841
264403,8121441,26.14362891999682
264403,6073644,26.052348563538864
264403,68743,25.942663120012618
264403,3706615,25.876361896940104
264403,4790420,25.76364414773096
264403,6154308,25.738297610114643
264403,68744,25.73655101475233
264403,7071184,25.729610074699288
264403,8121442,25.649851910292178
264403,3300075,25.622591656562683
264403,852189,25.58978953404459
264403,8288483,25.55301983202962
264403,3147475,25.535771151938242
264403,3837442,25.534131828568434
264403,6831886,25.487420700387027
264403,733016,25.395537319393238
264403,3706617,25.28244856505911
264403,5846796,25.184832325412785
264403,1168343,25.17932357815732
264403,1815128,25.153834308357343
264403,4612109,25.144087804269944
264403,1815121,25.098460150801642
264403,6831888,25.028530849765957
264403,6799206,24.99382298191967
264403,6300133,24.85103918969133
264403,3370945,24.817534237711193
264403,8654299,24.81414616843268
264403,3191753,24.71582659809201
264403,2472494,24.676328148450708
264403,7364047,24.588415209720832
264403,3837439,24.478944672268213
264403,3706619,24.46573825151603
264403,375754,24.46066646855632
264403,832198,24.42613067486306
264403,5060054,24.425758218927125
264403,68738,24.406605140516767
264403,4790421,24.357427084705808
264403,6073643,24.317052347400022
264403,3837440,24.297675806713514
264403,7841786,24.287232844379098
264403,5718276,24.235666438540036
264403,6831893,24.132331559698724
264403,606265,24.130683565486805
264403,5846801,24.08491926704335
264403,8313908,24.03840816779348
264403,7364041,24.004557812600247
264403,3617498,23.97719717385387
1108100,2055732,20.593438311649557
1108100,3652404,19.960243325217306
1108100,395937,18.216657956631796
1108100,1646424,17.618647019714295
1108100,8825444,17.451367899415672
1108100,395940,17.02071260461046
1108100,3352032,16.718262790248755
1108100,3352031,16.500208378758217
1108100,8831416,15.98231963056844
1108100,8726006,15.88365445942101
1108100,2950390,15.818135484740932
1108100,7252840,15.627380615294387
1108100,8366906,15.598191746755772
1108100,1555815,15.36558408396743
1108100,1833313,15.342817435215396
1108100,7050731,15.234028772226974
1108100,4296624,14.779216515970628
1108100,1122174,14.758141078466148
1108100,1202900,14.733047931276438
1108100,4584072,14.729712593087477
1108100,6791575,14.659121012585187
1108100,4407761,14.638719545459558
1108100,781258,14.569436567459125
1108100,527814,14.520971112199957
1108100,787081,14.496197391168707
1108100,624917,14.374486127003653
1108100,2541278,14.356020950127412
1108100,6151427,14.269002676424613
1108100,600005,14.260332907140699
1108100,5991969,14.184101488083684
1108100,5900199,14.117843777067105
1108100,3349691,14.084539111063389
1108100,3468453,13.999346017751504
1108100,2950383,13.98202300844992
1108100,7425545,13.950928158353134
1108100,8180320,13.928812029218266
1108100,2658253,13.923197144308823
1108100,8180319,13.870353308251802
1108100,2140920,13.840540268189176
1108100,951470,13.78506845571966
1108100,3803682,13.688248273157235
1108100,5719681,13.663813867080346
1108100,4584070,13.611805981342608
1108100,6267587,13.587590340383276
1108100,4159022,13.564922222494697
1108100,8632507,13.543814400810643
1108100,5436562,13.533869558975422
1108100,6267586,13.501063431250746
1108100,6616810,13.477505836295217
1108100,2055939,13.454562264351846
1108100,6202764,13.448444582370701
1108100,2055724,13.419840622842216
1108100,5569578,13.390238750023117
1108100,7859312,13.37741301612721
1108100,6202765,13.313826826386922
1108100,8078967,13.22459970942629
1108100,7157378,13.220395004116249
1108100,4957315,13.16343771187492
1108100,7551988,13.123133398614923
1108100,3033164,13.098468972764206
1108100,2541285,13.090578654312278
1108100,4757243,13.027844506119674
1108100,3274806,13.021861706740005
1108100,2302315,13.01500184777586
1108100,1151843,12.995494623728057
1108100,8716414,12.97830474182261
1108100,3468456,12.911676102250148
1108100,1151844,12.884768020793793
1108100,283567,12.838594570410699
1108100,3076228,12.834281836127829
1108100,8000537,12.817357125334368
1108100,6773055,12.742255987292737
1108100,7790104,12.673024492510795
1108100,4584069,12.659052890424057
1108100,788023,12.652883941263571
1108100,1128304,12.644786322331893
1108100,6040385,12.644786322331893
1108100,4159025,12.632681623526594
1108100,3136610,12.618209108242915
1108100,3373472,12.554169810664327
1108100,8180318,12.543802279876601
1108100,7642137,12.543427246272195
1108100,2382565,12.540357038164341
1108100,3464095,12.521971933251864
1108100,8726005,12.515601726270837
1108100,5116044,12.500617276628489
1108100,3596879,12.493862712541404
1108100,168373,12.484226357643152
1108100,3059367,12.48064014380719
1108100,3817326,12.469304635409102
1108100,7039029,12.451378817315039
1108100,7276880,12.448061458071793
1108100,1707267,12.434832478306163
1108100,2231277,12.37618405289923
1108100,6925166,12.367167508333086
1108100,1493400,12.300409227954304
1108100,1731853,12.293307607141003
1108100,692137,12.239726623107282
1108100,5872603,12.22893184394631
1108100,4084206,12.226555066212812
421756,6361845,16.545079005446937
421756,5792667,16.114426763530744
421756,5792671,16.009212966047215
421756,7333485,14.79327577753694
421756,994811,14.666021777034869
421756,3036363,14.612598617491535
421756,994810,14.602980936149676
421756,6329795,14.217020013937798
421756,5357521,13.806699693752645
421756,8521640,13.24476520310663
421756,8521639,13.19219312069778
421756,4624300,13.064330929170929
421756,6361848,13.00936463730583
421756,8492519,12.940013390393975
421756,5088124,12.747565610179052
421756,6361847,12.708587933588436
421756,7947760,12.505323717505625
421756,8492513,12.457057216243449
421756,8562273,12.409791177440944
421756,8157855,12.351715226594
421756,2232046,12.337061280993614
421756,1853123,12.258225344877818
421756,5702678,12.242187808891973
421756,7706123,12.206447939268156
421756,7173028,12.148501358664296
421756,8133970,12.106405732015958
421756,5088125,12.05516517056447
421756,5583378,12.039427051142155
421756,6436365,11.94439305606344
421756,8562277,11.881110023241508
421756,6436363,11.822486622677049
421756,2416779,11.816300767213525
421756,2011484,11.567550192152808
421756,2778291,11.520410339572384
421756,5010015,11.506397718797281
421756,6441151,11.488959771088354
421756,1551273,11.473538665250816
421756,7129030,11.459358441592556
421756,5010014,11.447061421284658
421756,5854401,11.370937137609655
421756,5117248,11.277551430116562
421756,7375640,11.25311322661981
421756,6652784,11.196153478679072
421756,7762257,11.14108599007988
421756,6100774,11.078750062356335
421756,4782808,11.077154502962841
421756,5088128,11.060457985106332
421756,423572,11.057845039665452
421756,2314550,11.01465852889516
421756,823605,10.941892243700359
421756,122482,10.890886683734097
421756,3139721,10.850176191782278
421756,5556416,10.841592431610582
421756,5685744,10.832942853583479
421756,295671,10.826415538966469
421756,7308232,10.747325416320038
421756,6646363,10.7412892420441
421756,2481513,10.69467514006853
421756,1215163,10.69425785205361
421756,4075980,10.672523412222626
421756,6258933,10.669145167405233
421756,7670998,10.64089590368515
421756,2097305,10.637483732311678
421756,6661567,10.612279410260445
421756,3139719,10.601164612165727
421756,6854219,10.556056129702522
421756,861416,10.52688767560289
421756,5555425,10.526135642084533
421756,6361846,10.481843692061354
421756,6712872,10.432842145911472
421756,3155027,10.405057329386892
421756,5660442,10.370446231709284
421756,1292676,10.345805880433677
421756,3663495,10.343521316118572
421756,6100777,10.338605606019467
421756,3139713,10.320124873986238
421756,1976294,10.31728250845649
421756,5311314,10.292453191698293
421756,6158907,10.25429591700999
421756,6999578,10.245163104146389
421756,7657699,10.23283286228902
421756,4284883,10.226015495505155
421756,8389662,10.217048241125145
421756,8389667,10.217048241125145
421756,6242186,10.181059046321256
421756,3110956,10.177691978443633
421756,7697113,10.150602133104554
421756,8389665,10.144431832540468
421756,6242191,10.121824896680828
421756,4521931,10.119352517110954
421756,4104902,10.059698474951503
421756,6056012,10.054202144952946
421756,1885246,10.045161980681524
421756,5051597,10.035007433983722
421756,7570818,10.017531089268344
421756,2981596,10.017351501031309
421756,4647695,9.998358882203334
421756,7458345,9.997312207537462
421756,5061169,9.993920868059147
421756,2896262,9.992668073198377
1108307,8178550,32.78104411624804
1108307,8178548,25.099727405007297
1108307,5323570,21.84957468241948
1108307,2469721,21.4570421385057
1108307,5830943,21.248936102380974
1108307,3950422,20.801413890838077
1108307,3647650,20.434851924447194
1108307,2855256,20.206337748580825
1108307,81378,19.918688760185333
1108307,8837854,19.276170449185706
1108307,7393052,18.63167187393293
1108307,3416124,18.516794659746292
1108307,3307480,18.433132863637937
1108307,8837860,18.285963807836627
1108307,8178546,18.284548173016063
1108307,5170918,18.283072526925686
1108307,81374,18.22827991077069
1108307,7393057,18.087175281207404
1108307,315199,18.024848085342864
1108307,3484415,17.856623215061315
1108307,7742033,17.776329014578305
1108307,5170917,17.747511800150058
1108307,4105442,17.747511800150058
1108307,2895836,17.630792289398585
1108307,81370,17.624911182035397
1108307,6184540,17.47210427232757
1108307,5061117,17.2127924963211
1108307,8178554,17.171239126402796
1108307,3873830,17.124249554803185
1108307,4105441,17.124249554803185
1108307,6494895,17.116968078394983
1108307,2290464,17.074312770248635
1108307,536604,17.0617681841755
1108307,536597,17.057345362099092
1108307,4467946,16.907405640983267
1108307,3139905,16.840315479405785
1108307,5582448,16.7485962877296
1108307,5423622,16.586381971469137
1108307,6184537,16.514952770491973
1108307,2290457,16.427249648455042
1108307,3376163,16.368168321371414
1108307,7034461,16.32965239972316
1108307,175203,16.320579433205598
1108307,81373,16.278233286402806
1108307,4549826,16.254305006997967
1108307,2290456,16.243234240804654
1108307,81375,16.23378001953394
1108307,7915190,16.209141022339104
1108307,8187314,16.207103436410442
1108307,7298401,16.18084734115336
1108307,5402885,16.122355863288735
1108307,536603,16.10764345038046
1108307,4467942,16.064917602924144
1108307,5418833,16.02450419709134
1108307,1024312,16.021086993949137
1108307,8837858,15.977043090172499
1108307,2766066,15.939317118306466
1108307,5170915,15.834263215971712
1108307,2766060,15.831132836917714
1108307,8837040,15.739176264809764
1108307,2766059,15.654194528926482
1108307,5402887,15.63184957293868
1108307,6229921,15.58672705228565
1108307,8187316,15.546721562274147
1108307,4124472,15.538830003724506
1108307,3430077,15.536389117124356
1108307,5402884,15.522828936004602
1108307,2333447,15.506382916324977
1108307,2376757,15.502592835933278
1108307,5404935,15.502592835933278
1108307,1650948,15.502244710763318
1108307,7576206,15.337399367399847
1108307,7856201,15.188419639204263
1108307,8178551,15.12645247669142
1108307,8655841,15.002061860090254
1108307,7970848,15.000003849110389
1108307,3856658,14.998596312897071
1108307,3416127,14.979026302192615
1108307,6215678,14.895517502539033
1108307,3573906,14.82747566295307
1108307,1207487,14.800845270690173
1108307,5610836,14.798033610380811
1108307,8837039,14.742554310619838
1108307,4467937,14.721833072844346
1108307,1681472,14.671165490600327
1108307,8609706,14.65636300547515
1108307,4626056,14.64679459575224
1108307,5612917,14.639423927049602
1108307,3573902,14.573365715777772
1108307,4405562,14.491147823919393
1108307,6397409,14.486333924775508
1108307,81372,14.466472724647453
1108307,3931241,14.429319520600515
1108307,4105440,14.417640489621611
1108307,1211088,14.373453333856865
1108307,3573901,14.253942344178585
1108307,81376,14.242836706634307
1108307,5843269,14.224898381670167
1108307,4559689,14.196579962025542
1108307,6655456,14.1942275561407
966413,7051671,17.83467970461129
966413,3640828,15.97422963969047
966413,757122,15.776293151807947
966413,320945,15.682312674277735
966413,5030633,14.65657336983196
966413,2104908,14.383480398388329
966413,3619612,14.143594620781261
966413,1671040,14.131623524454554
966413,1812389,14.123864513665781
966413,7506830,14.116946690232773
966413,1812385,14.056762320477397
966413,1831655,14.008580041615462
966413,8755854,13.960962614745917
966413,5528534,13.94350483745204
966413,1107924,13.908542567506785
966413,5634829,13.87441872177431
966413,6239882,13.72439072763858
966413,8727670,13.567233122010673
966413,1560164,13.518809486587665
966413,240971,13.51855727555967
966413,2406509,13.495450904917382
966413,3619614,13.487791266296236
966413,6570028,13.479723824401262
966413,5629914,13.475208934990182
966413,5634828,13.469976694922497
966413,3379679,13.226625121803853
966413,8837418,13.196701651440922
966413,6436419,13.18554564478423
966413,297448,13.085572274057231
966413,3172508,12.932559349729038
966413,3344542,12.871299747787754
966413,363249,12.86666460355423
966413,2691106,12.838981837667378
966413,5512517,12.835762669316702
966413,2758356,12.760002554098962
966413,3379676,12.747415657023351
966413,7098299,12.717214369504426
966413,5824787,12.672385430270753
966413,2758355,12.670424654302401
966413,5764712,12.593429842235352
966413,6811240,12.56379109291243
966413,5996990,12.52784810860406
966413,5275723,12.502503807693115
966413,1001304,12.411401297965323
966413,2950605,12.402091028955986
966413,3379683,12.39764131107994
966413,1778093,12.309636356842477
966413,5545885,12.24409968131539
966413,2588722,12.23961460619328
966413,414566,12.220508223088729
966413,743418,12.207363281192016
966413,320951,12.19382048216023
966413,2963158,12.19002779212569
966413,7681662,12.167763759361698
966413,8772110,12.158847766861676
966413,1762260,12.158847766861676
966413,1762258,12.152206592253668
966413,3203587,12.149022406038915
966413,2927326,12.129970572301
966413,8096229,12.12702224563606
966413,1823228,12.105240965840366
966413,7196941,11.970346087890839
966413,3769714,11.95662578573454
966413,2008226,11.946531154454442
966413,8798752,11.938991307475797
966413,569147,11.933226660352222
966413,7381181,11.890987700398941
966413,8246682,11.853275260428678
966413,6944981,11.839022342544286
966413,8090157,11.837666201610407
966413,6424656,11.819953027251191
966413,414567,11.80112916080083
966413,4650631,11.776331314821043
966413,6470828,11.771550934102375
966413,7525352,11.755095665745422
966413,8348663,11.69970159678332
966413,4889048,11.684866293936702
966413,5795673,11.652107816411085
966413,2518493,11.62357703984417
966413,8643075,11.582263965810789
966413,2927319,11.570843933759727
966413,6891057,11.535389377071448
966413,1360433,11.533822060450543
966413,6538599,11.491115989178533
966413,2099435,11.469816106445519
966413,3293720,11.45317524020883
966413,3404676,11.432680922671999
966413,7196939,11.375428943266831
966413,1140613,11.369830245587144
966413,8122747,11.367519232975887
966413,8073046,11.36345581842131
966413,6239890,11.362081110061299
966413,3446198,11.351225380059425
966413,3615888,11.323898469189784
966413,7985315,11.315209280154228
966413,6424655,11.309811287311618
966413,3510329,11.280929931583563
966413,7426438,11.271553118041117
966413,738284,11.271423727124477
966413,1360432,11.22671623640424
1111546,8147315,16.24221455748935
1111546,5512786,13.791218148829035
1111546,152844,13.521025532934988
1111546,8147312,12.902202680765146
1111546,1199606,12.894119464384897
1111546,5656520,12.834804751319584
1111546,8147311,12.80260819301849
1111546,3573961,12.49810382520583
1111546,4323719,12.355220891970463
1111546,1141026,11.958362803415694
1111546,3124893,11.494528023659534
1111546,6963368,11.477110706752267
1111546,8087630,11.322431125939474
1111546,8087629,11.272801211607254
1111546,604825,11.239843402675225
1111546,7003166,11.205907270194526
1111546,8087628,11.176346642656958
1111546,8087624,11.083907337070734
1111546,5034459,11.051451777391023
1111546,1141031,11.049022260591505
1111546,8087623,11.036471187198844
1111546,4118430,10.905940580653871
1111546,4118432,10.905940580653871
1111546,947307,10.864823909812918
1111546,8147310,10.728224064982061
1111546,1141032,10.613863801062434
1111546,4118433,10.607547265244955
1111546,8087625,10.581769593026662
1111546,6918537,10.580305248938975
1111546,3632662,10.56396596880139
1111546,2890574,10.52978018032681
1111546,5489458,10.515273988504298
1111546,6518985,10.513177313497376
1111546,4118429,10.50857507507516
1111546,3533240,10.505969212920496
1111546,1697051,10.492934680820515
1111546,6481152,10.468945949733511
1111546,6688704,10.448770646839499
1111546,4700233,10.38113949642585
1111546,2994879,10.323497587152433
1111546,3622762,10.320986552979955
1111546,4540076,10.3160832898061
1111546,4700239,10.277810086122335
1111546,481305,10.217360594236744
1111546,2050460,10.174554044005749
1111546,3613456,10.09675515503993
1111546,2768859,10.096714485031557
1111546,4700237,10.053072972537716
1111546,7410556,10.033491256243474
1111546,7440164,10.033491256243474
1111546,6581254,10.027514461279374
1111546,8815748,9.973211269688663
1111546,6295092,9.947066558668233
1111546,926120,9.935441926251967
1111546,845659,9.923995879347324
1111546,926122,9.918593335899168
1111546,5117494,9.914461181169852
1111546,1936073,9.914199826441644
1111546,6630346,9.889020898866908
1111546,2144213,9.85115696841866
1111546,8557611,9.848652620437537
1111546,1459843,9.811521052717994
1111546,7183613,9.732101242650923
1111546,5602397,9.715301927025923
1111546,1336797,9.708129422746913
1111546,4710777,9.708129422746913
1111546,325571,9.695126507003147
1111546,3070231,9.676008494178483
1111546,7077438,9.676008494178483
1111546,2578337,9.617973531500091
1111546,4185293,9.616696485630987
1111546,1141028,9.579839568292035
1111546,850453,9.55062039143904
1111546,8147316,9.471798966233052
1111546,543119,9.430624217124416
1111546,8165491,9.429582918104044
1111546,3942326,9.427123393245113
1111546,4304359,9.417108014264715
1111546,4700232,9.35320835346172
1111546,8516232,9.348311410730943
1111546,5568362,9.347554778035608
1111546,6557738,9.336214241882612
1111546,3883815,9.324604587345215
1111546,629277,9.311168132680846
1111546,7584261,9.30863665334543
1111546,8516233,9.30863665334543
1111546,2771806,9.289938670183297
1111546,6810574,9.276981235470812
1111546,900231,9.276981235470812
1111546,632401,9.27005767876628
1111546,6437660,9.269297236542103
1111546,466127,9.218495090587977
1111546,4118434,9.193996512888704
1111546,6038686,9.177115630087826
1111546,8682986,9.160741770105655
1111546,3459251,9.153249046218415
1111546,7934490,9.13830030893668
1111546,3459932,9.135230475310806
1111546,8516235,9.11520935729194
1111546,6191553,9.096169123725716
156493,8182166,20.136781316629875
156493,3288596,18.816194652198433
156493,1960255,18.741016992231494
156493,3288600,18.733695157557708
156493,3288598,17.51942898419551
156493,2411918,17.516967378618766
156493,2612492,17.51095379427698
156493,1960260,17.299222520060106
156493,6139386,17.233210162637867
156493,1277725,16.914952686032613
156493,2949801,16.860866898333267
156493,2259180,16.857563274746322
156493,2949802,16.6709490363871
156493,2317807,16.669715148095456
156493,8393766,16.666789765640626
156493,6139382,16.480705674919548
156493,8182161,16.384496431880915
156493,8273017,16.365629191391253
156493,95514,16.361478410656197
156493,3288597,16.318764930610396
156493,885944,16.138130086421583
156493,8182165,16.12488295135374
156493,7371077,16.063514417249817
156493,2259183,16.061335516084593
156493,95519,15.859001355042313
156493,2612490,15.461945222998759
156493,2598786,15.41002583040794
156493,8029433,15.376744179030652
156493,3288601,15.328062153987076
156493,6524746,15.302965517553034
156493,1277722,15.293204833516459
156493,1277727,15.23247900346882
156493,2259182,15.195203290641931
156493,349638,15.042795738229806
156493,8273019,15.042795738229806
156493,95515,15.008744867604797
156493,1277720,14.950820158007676
156493,1960261,14.930983551419473
156493,4131138,14.863555902171425
156493,750111,14.81435255290302
156493,8182159,14.63947225574473
156493,1277723,14.608524411964753
156493,4940228,14.57085646716973
156493,2928704,14.443901415653961
156493,5530082,14.283389108722336
156493,3288599,14.283389108722336
156493,1960259,14.2430569329949
156493,4940229,14.204622056655328
156493,8182160,14.195504899070922
156493,1277724,14.162272260876872
156493,2928700,14.12682099320118
156493,1277726,14.049966573118432
156493,1277721,14.049966573118432
156493,349637,14.049966573118432
156493,349639,14.041432057177339
156493,8273018,14.031404395894384
156493,7371079,13.967042852318087
156493,5022725,13.933205817000498
156493,1347266,13.921209442917519
156493,5406908,13.851541731382017
156493,6357270,13.851541731382017
156493,8245444,13.84331388706444
156493,4369922,13.81164070251131
156493,5122747,13.79917660423281
156493,349643,13.761228608688093
156493,2317800,13.761228608688093
156493,2259179,13.751647122568892
156493,7663272,13.590305795345966
156493,6139383,13.580817930707695
156493,8266017,13.580817930707695
156493,6343406,13.531299142102014
156493,2928702,13.405269625810995
156493,1101607,13.397939122263926
156493,1960257,13.319255517360135
156493,4583221,13.275105794396081
156493,911794,13.234382431467907
156493,7371078,13.20118063014405
156493,8803136,13.063755662943898
156493,349644,12.986378582864297
156493,4542584,12.905842047653726
156493,3288595,12.826335873500078
156493,2598787,12.826335873500078
156493,627307,12.81673956490628
156493,6464089,12.805676180923456
156493,5346660,12.765592955974824
156493,278176,12.707565974798314
156493,95518,12.678836420483172
156493,2317802,12.635126870929465
156493,4527706,12.625500384188314
156493,2612493,12.602313003907714
156493,8273011,12.602313003907714
156493,7663269,12.59574344780746
156493,8273014,12.549365075715507
156493,2123395,12.486592240852282
156493,8182162,12.45210182332541
156493,2928705,12.443567215910615
156493,2928707,12.443567215910615
156493,2141931,12.40148089959068
156493,349641,12.379316529334655
156493,6775071,12.369834556108533
1124145,6816623,13.772879443337924
1124145,2802373,12.878601815020625
1124145,606138,12.125108394639556
1124145,8027395,11.997482678890641
1124145,4647826,11.689871366961915
1124145,2802374,11.630232338949567
1124145,1092135,10.752522125559826
1124145,4644798,10.268197030820195
1124145,4644797,10.04203567887157
1124145,2924861,9.868155464122564
1124145,483412,9.709119333595313
1124145,2365010,9.627114695880492
1124145,5613239,9.627114695880492
1124145,5290523,9.46719212540915
1124145,554538,9.46719212540915
1124145,554540,9.389206864822604
1124145,8698769,9.312495902370669
1124145,8589237,9.312495902370669
1124145,8207763,9.08970394099761
1124145,2802380,9.08970394099761
1124145,496135,8.947005293316018
1124145,2991988,8.877323046130725
1124145,1461174,8.877323046130725
1124145,5626302,8.808717827632734
1124145,8462502,8.741164859022275
1124145,1362252,8.741164859022275
1124145,5865767,8.741164859022275
1124145,4240669,8.674640115817018
1124145,7980832,8.609120299365179
1124145,3518339,8.544582809639886
1124145,2802381,8.544582809639886
1124145,7165262,8.41836774859154
1124145,8601501,8.41836774859154
1124145,5290527,8.41836774859154
1124145,122794,8.41836774859154
1124145,7980833,8.356648242119629
1124145,3541485,8.235884984494666
1124145,4029024,8.118562344183758
1124145,8255879,7.926991313852262
1124145,8666691,7.9134614296214
1124145,963808,7.817469396837468
1124145,7702580,7.7916106236917075
1124145,8730384,7.789237847303679
1124145,7997599,7.783456722118051
1124145,7997603,7.783456722118051
1124145,8730388,7.783456722118051
1124145,187285,7.703673078134541
1124145,2553344,7.692241875895659
1124145,8489496,7.692241875895659
1124145,828107,7.68089573321476
1124145,8694942,7.6385311487875365
1124145,8062888,7.628476732208001
1124145,6759154,7.616908322628867
1124145,6759157,7.616908322628867
1124145,6759156,7.616908322628867
1124145,6759159,7.616908322628867
1124145,1530862,7.604497091302161
1124145,7225307,7.594173900183334
1124145,525953,7.594173900183334
1124145,1102965,7.594173900183334
1124145,3494977,7.594173900183334
1124145,6472720,7.594173900183334
1124145,7571421,7.5787542594087896
1124145,7051451,7.570569596129225
1124145,276612,7.54865308823795
1124145,1906564,7.54865308823795
1124145,1731607,7.49213044412942
1124145,7353722,7.485178087672414
1124145,4992241,7.476505765840091
1124145,7782104,7.475535284097655
1124145,4789612,7.463051306670153
1124145,8438838,7.449323983341001
1124145,521003,7.4488568305649965
1124145,3728357,7.4488568305649965
1124145,5393943,7.419592383994932
1124145,1906567,7.4064958520452775
1124145,1519397,7.402049427442346
1124145,1418468,7.390324393585748
1124145,8698609,7.374885418810529
1124145,8077956,7.371819231676922
1124145,1092489,7.36698541045537
1124145,6160178,7.36698541045537
1124145,7727165,7.36698541045537
1124145,7211429,7.355371110924449
1124145,7211425,7.355371110924449
1124145,7139910,7.353961272721652
1124145,119289,7.350338454969672
1124145,3938573,7.327737891828021
1124145,3253649,7.3207469020088265
1124145,3659794,7.31818622539227
1124145,1901699,7.3043894680912125
1124145,5784235,7.3001807234822635
1124145,8037249,7.296358798585701
1124145,4220882,7.296358798585701
1124145,5901761,7.291262175636756
1124145,8029845,7.287034729801251
1124145,1530853,7.287034729801251
1124145,8019957,7.285523979703489
1124145,2584106,7.279648483344023
1124145,5784234,7.270925971375546
1110199,8160520,21.7789612334415
1110199,398442,19.243491921028923
1110199,167604,18.145398274010695
1110199,554521,17.789315908323367
1110199,3838645,17.602175201421666
1110199,557605,17.442922911928093
1110199,2796830,17.34778314120119
1110199,6161016,16.925347573605485
1110199,4511137,16.726801424064558
1110199,5218014,16.539959106533175
1110199,1957395,16.196245747778132
1110199,7821191,16.08846831440642
1110199,5049366,16.070937858906298
1110199,4750530,15.969452491652238
1110199,4949578,15.927986136487181
1110199,3684454,15.751015477383541
1110199,7369955,15.751015477383541
1110199,2218462,15.592708406925347
1110199,557603,15.583344630839916
1110199,554522,15.41717444476911
1110199,554529,15.41717444476911
1110199,5846443,15.23706002499199
1110199,4489656,15.055253051157758
1110199,3934419,15.04546982253415
1110199,6392463,14.935855256053095
1110199,2925378,14.837566157127569
1110199,8160523,14.81883444930094
1110199,1197690,14.80501159840054
1110199,2796825,14.792029093527933
1110199,7174098,14.694965301825082
1110199,4511144,14.62722835586057
1110199,8160519,14.624697789983628
1110199,167601,14.521892684537123
1110199,6392469,14.411553646777477
1110199,7680811,14.377365917526603
1110199,357932,14.30659693578389
1110199,2279578,14.26168640680956
1110199,2811563,14.150838587639333
1110199,2777133,14.144059801259269
1110199,558317,14.144059801259269
1110199,5172684,14.139280498811729
1110199,3447960,13.988878223273712
1110199,3342396,13.96993478360154
1110199,5279606,13.929841288577933
1110199,5719120,13.898363407268441
1110199,3270581,13.805291713603761
1110199,7507233,13.799948704366285
1110199,507875,13.78397985113612
1110199,1411495,13.665521219671161
1110199,425993,13.665521219671161
1110199,2080928,13.641038275363165
1110199,5172688,13.625538841449664
1110199,4411531,13.617368873043036
1110199,507878,13.610604220597546
1110199,7490610,13.495915154002251
1110199,4061289,13.447301053517506
1110199,2777132,13.443844945765496
1110199,5857921,13.384700508810168
1110199,5355385,13.384604320509087
1110199,6509857,13.33372318787936
1110199,879021,13.317396515912002
1110199,7628031,13.275847743039575
1110199,8301971,13.24316902896296
1110199,1426939,13.187258530007771
1110199,4952913,13.132725110344941
1110199,4360551,13.128627994762972
1110199,655527,13.11222761485254
1110199,5716613,13.093392346000716
1110199,1806061,13.004216657235027
1110199,3107787,12.972995309771756
1110199,6430361,12.939409863646407
1110199,6509853,12.897970624947952
1110199,1318044,12.79344660959408
1110199,1318045,12.79344660959408
1110199,7837438,12.79000647698012
1110199,1426936,12.76994974721154
1110199,5114690,12.761832998323998
1110199,3722531,12.628876979049245
1110199,3588624,12.58939983969448
1110199,5719116,12.526135468462234
1110199,4952908,12.526135468462234
1110199,8299269,12.516788619857962
1110199,1795043,12.51408239140714
1110199,4792087,12.500418643291075
1110199,2207856,12.489797949520993
1110199,2713574,12.489797949520993
1110199,3647394,12.489797949520993
1110199,554520,12.489797949520993
1110199,4655421,12.450130489088727
1110199,4438812,12.421696685941654
1110199,1528365,12.391759702687981
1110199,4438807,12.353508471950516
1110199,3524269,12.351063382752363
1110199,5302364,12.347274046988225
1110199,735472,12.33423396607298
1110199,6503962,12.248808736457136
1110199,7637132,12.248808736457136
1110199,2406692,12.248549988163724
1110199,2541138,12.205773331794946
1110199,758806,12.20202057979488
1056204,1996042,22.019484382552534
1056204,6486837,21.98846188763258
1056204,8676395,21.185122522839023
1056204,8722741,20.616227025091426
1056204,6693226,19.196498314884558
1056204,3954898,19.14185223401979
1056204,7005143,19.08365575190018
1056204,4048342,18.413087925398507
1056204,5234797,17.801189092340024
1056204,6046710,17.30047507799627
1056204,5234795,17.134940709226694
1056204,7777875,17.134642330443207
1056204,2192219,16.84490409331205
1056204,2352830,16.42552042042694
1056204,6693224,16.343731615672773
1056204,8722739,16.205517766994838
1056204,8722738,16.163027641599932
1056204,5057819,16.027586971428853
1056204,8722740,15.7538628975778
1056204,7890474,15.522507705615066
1056204,2699549,15.19092320419151
1056204,3343479,15.106056001230122
1056204,2724572,15.092913795979385
1056204,3971137,15.070313233208175
1056204,2699545,14.901817024725336
1056204,1115614,14.871376480157414
1056204,4373634,14.75300779608946
1056204,4835191,14.577759862897691
1056204,5444384,14.575991572591
1056204,5001813,14.459345468492632
1056204,2352831,14.277320285544778
1056204,4876540,14.255485858974684
1056204,2699546,14.046955828458152
1056204,2022829,13.911877326668687
1056204,5001816,13.894476456355875
1056204,3756800,13.873265683994358
1056204,7141042,13.80702879076021
1056204,8400850,13.729748096015914
1056204,800824,13.70501877714683
1056204,7758874,13.563663973588818
1056204,2664097,13.495138460562295
1056204,7325247,13.451036801221246
1056204,3754166,13.36072801368407
1056204,5649096,13.31849155009389
1056204,3639910,13.298616640235334
1056204,5338516,13.245042509227908
1056204,7160094,13.211729273401914
1056204,2686337,13.121541595040064
1056204,743814,13.058766238678256
1056204,4298401,12.972459044509895
1056204,5865312,12.959689200650804
1056204,8198476,12.955401003917501
1056204,2761434,12.900444555252358
1056204,944028,12.863896948748492
1056204,8319769,12.85383752929772
1056204,5444383,12.828842346521133
1056204,2724573,12.804174733728953
1056204,3497265,12.786072195946568
1056204,6046704,12.750968394091839
1056204,3144979,12.71898000020514
1056204,3843254,12.698901534160147
1056204,5234791,12.657648010819152
1056204,2053688,12.631897380004851
1056204,8725211,12.631704324939586
1056204,1453985,12.615695535966198
1056204,3044373,12.615695535966198
1056204,6208581,12.545513695590964
1056204,4504069,12.485822440524348
1056204,6340537,12.45203287355585
1056204,6340541,12.429723639790009
1056204,7160090,12.391576122617458
1056204,4518249,12.328675926817253
1056204,7005147,12.256662951321555
1056204,7863816,12.245926342925035
1056204,2546280,12.243649463808019
1056204,5136201,12.15693044403642
1056204,3312362,12.152469880900519
1056204,3768321,12.082187926429407
1056204,2361321,12.049876827848953
1056204,8070276,12.01949668654951
1056204,5156981,12.018482302603179
1056204,3493267,12.016294274554388
1056204,3493269,12.016294274554388
1056204,7942251,11.972553039022362
1056204,244778,11.965484068812724
1056204,2710959,11.921082779216334
1056204,4254519,11.918752416403041
1056204,5948607,11.908641375128905
1056204,4473500,11.892167387514831
1056204,6552312,11.879937823738542
1056204,8417267,11.869296256931506
1056204,869591,11.83682761013847
1056204,6046709,11.828953518976089
1056204,8726072,11.79693565973306
1056204,7795940,11.774856462169629
1056204,6942866,11.718483464120752
1056204,3973390,11.709837948383933
1056204,2660662,11.708017169104066
1056204,7600093,11.696350764482549
1056204,2005473,11.686770612335533
199143,5056755,42.11372528228581
199143,8311587,38.32600910956428
199143,8311590,37.146948203402964
199143,8311584,36.268924259301635
199143,6046857,35.015808475722544
199143,5056759,34.471366661468174
199143,8311586,31.35148881219585
199143,7122645,31.126592940091257
199143,7592619,30.256095734194382
199143,1130927,29.712240793897436
199143,8311589,29.31119244570015
199143,7557853,29.07354072129639
199143,8311588,28.797245521213554
199143,5656308,28.736037403856457
199143,1247002,28.404338037915053
199143,2639428,28.00602019402752
199143,4778220,27.76355508420179
199143,5157543,27.472332751009837
199143,8311583,27.292667543053373
199143,8557032,27.220872437546568
199143,1401032,26.89649282325173
199143,5056753,26.895637695865776
199143,2467999,26.749401473247417
199143,3447653,26.438986366020202
199143,4892011,26.40658927033523
199143,7044826,26.397044595566236
199143,8557031,26.005788561416704
199143,7996117,25.84368845410319
199143,6332561,25.6767090391222
199143,3199172,25.652457924867598
199143,5056758,25.629619837082185
199143,7996118,25.513757119673613
199143,5219922,25.44335490676467
199143,3357393,25.118179341649366
199143,7233908,25.118179341649366
199143,5402598,25.010653122433425
199143,361659,24.9803792655967
199143,939843,24.930612287799377
199143,4960723,24.9084540115992
199143,3691474,24.89496200986472
199143,303796,24.859900211925602
199143,8057029,24.72699309816945
199143,2293544,24.685450104404204
199143,2642826,24.68090367329686
199143,5624763,24.646882220379585
199143,5521181,24.381892485477568
199143,2293539,24.275931283068495
199143,6641905,24.174337736190257
199143,8311585,24.13512891086389
199143,8330291,24.08313416608582
199143,7978506,23.975552557775455
199143,7233903,23.76633539300669
199143,524470,23.74476005671675
199143,5088597,23.70720342432418
199143,4137980,23.623281650035615
199143,751006,23.439302681633077
199143,5402599,23.423623674962897
199143,2130742,23.423330169449383
199143,6922470,23.38347982381712
199143,1856116,23.364491589722352
199143,1693939,23.35446964060766
199143,5578454,23.30589182415022
199143,6356269,23.254209073150836
199143,2430650,23.198042931109455
199143,6475872,23.141977912976404
199143,5624760,23.0844362885538
199143,1647793,23.03379482902424
199143,1204149,22.99477884076856
199143,1089598,22.983315172829602
199143,7426524,22.940281616995097
199143,4130994,22.914850877802223
199143,6005444,22.837232462527627
199143,1571698,22.818402483135003
199143,4439656,22.813212980799715
199143,5402600,22.794471873113622
199143,8152294,22.768196083012377
199143,8444918,22.7654813561624
199143,4143763,22.76107351911795
199143,7475563,22.74763680750465
199143,61211,22.695649935425667
199143,2687763,22.51828346155596
199143,84749,22.44187786260558
199143,3198283,22.404060585179607
199143,8296447,22.37979023984647
199143,3703359,22.352776161499694
199143,7209796,22.29785570548686
199143,8586908,22.294438364335704
199143,5839575,22.287411605894846
199143,5624761,22.264295070956884
199143,2430649,22.250647055771843
199143,5157542,22.208171877470264
199143,2256971,22.17236135181885
199143,5468197,22.031944413785784
199143,7828951,22.027299116074733
199143,4130990,21.999699496223066
199143,658338,21.937854980201195
199143,1453355,21.936206063889617
199143,239931,21.936206063889617
199143,2353228,21.92203968958053
199143,6755126,21.90545193878513
835929,4252718,14.098905808257747
835929,8319697,13.855402944565453
835929,4711715,13.607696417020843
835929,7062129,13.37143094656642
835929,4572256,12.982842148280582
835929,555654,12.727904845572105
835929,8670261,12.718159350312538
835929,7795864,12.512005653064985
835929,4572261,12.396577215882909
835929,1079315,12.288468095557068
835929,4075393,12.234544977379109
835929,4572254,12.120097171968892
835929,7062132,12.079326820957693
835929,8815042,12.008564201252128
835929,7210707,11.937413887871994
835929,3205505,11.904621404042489
835929,1587446,11.826227577298203
835929,6906283,11.789633116689473
835929,8899,11.766166653158672
835929,5131821,11.678733660894961
835929,5551319,11.667662409217769
835929,5301437,11.663670020027977
835929,2676901,11.594559602928085
835929,3715601,11.575099512661566
835929,773345,11.567696132425688
835929,3205501,11.537883511408689
835929,7062128,11.528279710589363
835929,8815038,11.511337227360855
835929,2405960,11.487522836086274
835929,2440066,11.470311925254336
835929,8793581,11.468269905799927
835929,4692086,11.445854791360064
835929,4565960,11.375155702315325
835929,2610100,11.30472398547378
835929,3198585,11.300287077246082
835929,6479285,11.284702632021304
835929,7578828,11.277507898967235
835929,3559694,11.244273213681922
835929,8345845,11.237893900609183
835929,1894628,11.21056192788011
835929,1908269,11.193752156383177
835929,6906462,11.179735000690329
835929,8319699,11.175353966649629
835929,7294733,11.174956642630878
835929,14747,11.171331843419352
835929,7211864,11.16901970023998
835929,7841138,11.147796139657228
835929,8616325,11.11621754226744
835929,6868822,11.108483527826381
835929,1752408,11.078046689463388
835929,6868819,11.052589519241264
835929,4572260,11.043763046159091
835929,4692085,11.008029097616909
835929,5146729,10.945457583671203
835929,3205502,10.936209608452888
835929,3232693,10.929923072598974
835929,6760299,10.929923072598974
835929,446116,10.915487943786841
835929,8522000,10.907238578418466
835929,5551325,10.880783006200698
835929,5324456,10.86920479514145
835929,2502202,10.86920479514145
835929,2728036,10.86920479514145
835929,8616322,10.86920479514145
835929,4923996,10.8409315562023
835929,7795110,10.834529070230602
835929,1911536,10.818654606460184
835929,5212611,10.779643686306237
835929,8069790,10.779643686306237
835929,4569663,10.699380906856682
835929,7942198,10.685187510469337
835929,8135403,10.682875179587029
835929,4633097,10.677112507859688
835929,3035781,10.676540216672716
835929,5029362,10.676540216672716
835929,8815044,10.669250184931991
835929,7211861,10.668988545446854
835929,6362753,10.625501742978038
835929,1582618,10.613212056107368
835929,7476918,10.605392929506623
835929,1957173,10.550781559598638
835929,7211859,10.548787373452448
835929,82558,10.542955294090271
835929,82556,10.534784490304773
835929,2856850,10.531859798273958
835929,1729928,10.51514472038639
835929,8604601,10.492541289088217
835929,8815035,10.486025528395619
835929,3018491,10.483841004542187
835929,2776692,10.461605328225588
835929,347916,10.425451548204665
835929,3097912,10.425394132889359
835929,6969751,10.425394132889359
835929,3198580,10.42398979836091
835929,14068,10.42398979836091
835929,1459392,10.42377630839044
835929,4633102,10.42377630839044
835929,6196266,10.417478084461267
835929,3387550,10.413437086062405
835929,1908268,10.399910750441627
1063750,7778351,27.134441390467035
1063750,2868845,23.519637040468805
1063750,6436703,22.055755823095645
1063750,4164404,17.315411300316438
1063750,4844353,15.715332524908273
1063750,2197526,14.264177958593962
1063750,5216534,13.67790925868827
1063750,2997653,13.17930762667014
1063750,1599437,12.994271127850965
1063750,8264764,12.927549020204843
1063750,8689799,12.813905554193346
1063750,7412324,12.593697402676213
1063750,4164408,12.551866228785677
1063750,8378776,12.430350242266062
1063750,8093228,12.011617659505358
1063750,6666451,11.938350249473523
1063750,4096516,11.689164079318747
1063750,8689678,11.365361675315622
1063750,2516,11.224619476289133
1063750,2981566,11.167872568041695
1063750,5659951,11.154834390020923
1063750,7493867,11.14715074534292
1063750,4619817,10.86417296380874
1063750,2250780,10.849265863917777
1063750,4619815,10.814761245611486
1063750,319068,10.77238752716537
1063750,3045442,10.722831132575172
1063750,2737817,10.701543819432136
1063750,6314898,10.59825585908233
1063750,2877339,10.58565750208954
1063750,292720,10.560039129854221
1063750,7614194,10.482222304699206
1063750,8093226,10.456740927180773
1063750,4995802,10.424799309958775
1063750,7466281,10.381397140537413
1063750,4788299,10.29118455458408
1063750,6312813,10.192429600328968
1063750,7494554,10.037552318987478
1063750,5746663,9.84620911522281
1063750,4788295,9.785057660270336
1063750,6073708,9.731260860038708
1063750,6098651,9.731260860038708
1063750,4513925,9.709100717479723
1063750,6796352,9.647720728777147
1063750,8048329,9.62057474415138
1063750,6992949,9.571844664720077
1063750,292715,9.459029433867578
1063750,7218365,9.445983098452212
1063750,7560580,9.410899687022123
1063750,7244922,9.311835308943603
1063750,135237,9.191190432810828
1063750,4329899,9.164566252763132
1063750,8255728,9.161184978316708
1063750,8255729,9.161184978316708
1063750,7783007,9.148323903714488
1063750,5859941,9.030389501870902
1063750,135233,9.01957826478415
1063750,393492,8.987904844878916
1063750,7649717,8.936153129402303
1063750,5351267,8.908190712628283
1063750,7409961,8.90302040077572
1063750,4318010,8.900606821067603
1063750,1599439,8.871317581084456
1063750,1585216,8.854257105437323
1063750,5643018,8.84631230001155
1063750,1478649,8.839166534126843
1063750,1567373,8.813869432363434
1063750,196730,8.793813449211475
1063750,3458466,8.787103745648693
1063750,369237,8.785976696099697
1063750,1727434,8.785976696099697
1063750,5061526,8.767528451801294
1063750,2197528,8.749858087805547
1063750,1599444,8.673652388977807
1063750,1180528,8.671413736442828
1063750,6700692,8.66774134762349
1063750,7243480,8.660934233670847
1063750,2918634,8.640325106967554
1063750,5515331,8.63867807021748
1063750,3458470,8.636960203885742
1063750,7829725,8.627351015305173
1063750,5539843,8.574794647659154
1063750,2918632,8.56247678054715
1063750,8115915,8.526379651960998
1063750,4803713,8.52434817240258
1063750,1256322,8.523129749257036
1063750,3772850,8.52231766064675
1063750,5236487,8.499414638302262
1063750,1671213,8.45179087337199
1063750,200054,8.45179087337199
1063750,2750468,8.451420486970534
1063750,5759724,8.433847285688804
1063750,6075774,8.433847285688804
1063750,4571935,8.41725460370791
1063750,5511493,8.406806928701286
1063750,2155973,8.392760716880291
1063750,1081160,8.389903845516864
1063750,7571426,8.368141789209378
1063750,6497686,8.33138788878989
1063750,7466280,8.307113311527445
1104031,298431,22.295223696134613
1104031,8217771,21.959046081671996
1104031,618181,21.822883661108527
1104031,5914995,21.291335672377375
1104031,361219,21.09060009270471
1104031,6243964,21.01502513856628
1104031,2073003,20.771009772216445
1104031,2072997,20.739930921179372
1104031,4542010,20.29186534225841
1104031,6243959,20.11941477897921
1104031,5067618,20.113859542839727
1104031,3934678,19.588849285741706
1104031,6281227,19.492591421014286
1104031,3669990,19.479087833715248
1104031,1120263,18.98353669157294
1104031,630818,18.800542547865877
1104031,5704149,18.612254951033762
1104031,8117753,18.554616954811888
1104031,4793445,18.409397111362907
1104031,4473010,18.34112927216145
1104031,5182641,18.340228068683974
1104031,1665280,18.303345260366633
1104031,7108118,18.240268159544772
1104031,7986564,18.215919050100418
1104031,6441091,18.160318034467686
1104031,4299357,18.14534967540126
1104031,8631011,17.94312760793968
1104031,4542008,17.939617494938027
1104031,1850513,17.89913460078874
1104031,5885356,17.89415117662322
1104031,7579783,17.74256187886243
1104031,4137848,17.71209851604432
1104031,1660830,17.60471633112398
1104031,3875610,17.56675004698105
1104031,3747645,17.421502377154454
1104031,8181569,17.378286100636707
1104031,4137852,17.376265063077685
1104031,3739366,17.3100335114816
1104031,4718120,17.3049705308319
1104031,4137851,17.27616802770331
1104031,3509362,17.273856918451543
1104031,2304484,17.175643587809393
1104031,7248416,17.126933121390167
1104031,630823,17.123263252487853
1104031,7184804,17.088755493443724
1104031,2759527,17.03288352686186
1104031,3416274,17.013817410071272
1104031,8442529,17.00604434791397
1104031,4419509,16.999614679532634
1104031,2884876,16.965003594519644
1104031,4260118,16.81377883991053
1104031,4418249,16.780837938611647
1104031,2175068,16.766692697985874
1104031,5580363,16.7197145700961
1104031,7671495,16.706900475692116
1104031,6531310,16.63041528078326
1104031,4135740,16.603357206071784
1104031,7288470,16.591495145132562
1104031,2304491,16.581669847720036
1104031,4083091,16.451125053222555
1104031,6317703,16.411886622469787
1104031,8147023,16.404858070634088
1104031,8553724,16.356149390947987
1104031,5270039,16.329823501346688
1104031,141817,16.229193846622046
1104031,2728393,16.157763137332502
1104031,2304492,16.145269595090895
1104031,2213470,16.123435186151255
1104031,8042911,16.123435186151255
1104031,6367776,16.106194569361936
1104031,3225393,16.106194569361936
1104031,5662894,16.090467500301273
1104031,2688912,16.07877218937115
1104031,2211661,16.059061405766393
1104031,3654678,16.01338545957494
1104031,4083084,15.996469501739025
1104031,6243957,15.977361804346312
1104031,758384,15.959475555242474
1104031,1100358,15.88502712838481
1104031,1805106,15.88037526805652
1104031,6454883,15.877030406764742
1104031,7805958,15.862441852005912
1104031,8375717,15.859606056676043
1104031,1031803,15.85808739439727
1104031,1809429,15.803416013004776
1104031,4782234,15.800006255671528
1104031,3112903,15.794794298515612
1104031,702118,15.763917961505925
1104031,2385746,15.671960358179083
1104031,2800925,15.624839378693999
1104031,2072999,15.623221572202251
1104031,453689,15.607916999350198
1104031,8457876,15.607600761104534
1104031,6941360,15.5774244988732
1104031,6149764,15.559002339666275
1104031,2800923,15.533843316747458
1104031,8117750,15.531515623338228
1104031,1928060,15.509969886869392
1104031,2420861,15.475484223251279
1104031,4399640,15.470029666519011
398483,440729,24.795776102870743
398483,487271,23.725280742628357
398483,144324,20.977531978616696
398483,7151973,20.65202547810216
398483,1999513,19.85641845527078
398483,3895937,19.767964930314722
398483,1708541,19.730141998795503
398483,7151978,19.61947803782349
398483,6993450,19.611113179957606
398483,8006894,19.457141407657733
398483,85970,19.0517558662823
398483,8416582,18.985126901451984
398483,7432724,18.585307258532588
398483,8432102,18.444877315043563
398483,1126181,18.39770276635026
398483,8314661,18.30830622510207
398483,3806032,18.29119626725135
398483,7326593,18.05141424019368
398483,7942830,17.933939042564376
398483,5747185,17.812353264892696
398483,1645469,17.759821264990897
398483,7751969,17.66731549849898
398483,8416583,17.571991188790804
398483,1649488,17.41482927453789
398483,6156344,17.34424440011589
398483,8151260,17.302456558037985
398483,487269,17.100653539820655
398483,3616281,17.057281116270296
398483,7771244,17.028883385515904
398483,2454539,17.017602128340283
398483,3772149,16.92625098369824
398483,7705909,16.913464759011216
398483,1075462,16.880079503838985
398483,5832644,16.86533494160662
398483,7673789,16.855453185640606
398483,1427500,16.712920969675057
398483,763420,16.704964805208444
398483,7751968,16.69342750104294
398483,257012,16.67605343509691
398483,1259721,16.66583675451365
398483,8599353,16.66181781323997
398483,7771241,16.615068942066102
398483,42181,16.52425820555786
398483,6563406,16.47521120521688
398483,257010,16.45235231454574
398483,1509223,16.434494829138387
398483,1102644,16.408207872405946
398483,3145412,16.39070768470752
398483,2376089,16.38563398349124
398483,735350,16.34370999337104
398483,2102533,16.123465716844432
398483,8151255,16.103988374713573
398483,4061845,16.037658330764287
398483,4915984,16.030187980922697
398483,8257728,16.02020648027329
398483,1472132,16.005297145290317
398483,5214726,15.90028075261792
398483,2718139,15.84334066842024
398483,4123594,15.813876639735092
398483,6264970,15.806053986385
398483,1306065,15.783119621440525
398483,2172138,15.783119621440525
398483,1126175,15.755305398596338
398483,580325,15.733903955738914
398483,1689178,15.696126804838766
398483,257005,15.683532590891911
398483,5208161,15.661310044280071
398483,8747940,15.65815834498629
398483,1373717,15.647814318076325
398483,287005,15.64668209175077
398483,3678885,15.607043255113872
398483,7673790,15.607043255113872
398483,5631974,15.607043255113872
398483,7041750,15.606640950557992
398483,4800783,15.59462749899954
398483,256645,15.555192944521673
398483,3145411,15.54998008669304
398483,7076821,15.54998008669304
398483,1075457,15.528203269462026
398483,257008,15.488219068510407
398483,2577674,15.487654610007274
398483,8261719,15.471159828521536
398483,2718137,15.464545530476792
398483,8610523,15.464545530476792
398483,6494730,15.460803882084333
398483,3543367,15.40638080707783
398483,6482430,15.378936921368137
398483,7673792,15.355845910192585
398483,6523080,15.32771679955535
398483,635618,15.312031845635179
398483,7527700,15.306071368462879
398483,8030174,15.290645329262542
398483,755515,15.281217539841347
398483,1983559,15.281217539841347
398483,2997678,15.274290701323089
398483,54845,15.188197433128988
398483,8620735,15.16622311892436
398483,1347667,15.145807119212673
398483,124431,15.131993302056953
398483,7029125,15.114303301817664
432930,8410596,32.71135421315843
432930,8410594,26.522773696142565
432930,8410598,25.925690852365616
432930,8410597,21.81636318714568
432930,8410602,20.186789377597727
432930,1490007,19.69941848020221
432930,6931444,19.548152537159897
432930,4043555,19.547264254380906
432930,6453553,19.436651918852164
432930,6931446,18.24569305777706
432930,4831142,17.857422890916556
432930,6324322,17.625732648514514
432930,294516,17.602699244722242
432930,1010715,17.56890137523351
432930,1490014,17.23111520408957
432930,7205653,17.063359132288
432930,8410593,16.818879537661395
432930,6931442,16.70812294755064
432930,4397480,16.36692629476366
432930,7427093,16.329705996995294
432930,3889512,16.2418923837281
432930,965239,16.10651018568273
432930,1377675,15.818413786479931
432930,5304659,15.797188288688162
432930,7546502,15.651165478144067
432930,5584201,15.626864326426812
432930,7427095,15.600204752694673
432930,3789040,15.57821261092048
432930,4043550,15.542554454462646
432930,2155962,15.479248382572669
432930,6641740,15.303108813357346
432930,875043,15.284030979544973
432930,1266271,15.233846334484042
432930,7185746,15.225255044882445
432930,477219,15.015218790353561
432930,6188717,14.976143653774134
432930,206684,14.905026782252879
432930,2662960,14.826470501157377
432930,4397479,14.754466045736145
432930,3994940,14.693761004799727
432930,513224,14.672188178091153
432930,6931449,14.590856123482713
432930,5527022,14.578561062886571
432930,5105678,14.578017525254511
432930,7087105,14.417840335588517
432930,1377670,14.410904557113376
432930,7921204,14.40757834959637
432930,2628169,14.391629154868554
432930,7142943,14.37435370406698
432930,6385778,14.19462819708073
432930,8731523,14.15227554083458
432930,838840,14.125835219340104
432930,5063425,14.056841214945667
432930,8465006,14.015742108223977
432930,6512240,13.982394008225468
432930,8373891,13.982394008225468
432930,7184280,13.968564617589156
432930,5784992,13.961723233753139
432930,5063424,13.80501797742653
432930,7074715,13.804897008452725
432930,4557881,13.76348414390052
432930,8173803,13.609701527632634
432930,3889516,13.608968139168438
432930,5632599,13.461614484827976
432930,1313926,13.434222820353492
432930,7858685,13.408413115194323
432930,3101380,13.382452840542843
432930,5784993,13.375553974298109
432930,1804574,13.319592276991708
432930,2680926,13.29472082700811
432930,875036,13.27262602205191
432930,8144664,13.255893414265374
432930,6553912,13.240619415150656
432930,166322,13.17947358471849
432930,3963111,13.159088615953536
432930,5668414,13.099328948754998
432930,3558,13.043704528837244
432930,565816,12.984895066544615
432930,3889514,12.95533123494668
432930,6931451,12.932636966185571
432930,8720541,12.900975098853394
432930,919556,12.82897047297386
432930,1458383,12.81151604202305
432930,8173804,12.78510849583271
432930,4638336,12.78216438782634
432930,7600381,12.689284930714251
432930,2096262,12.659345681194136
432930,4759862,12.6587652875027
432930,4197964,12.553664036805616
432930,3888377,12.532470206302262
432930,2096264,12.512155661817182
432930,7646202,12.509345427042536
432930,6668695,12.499694544325122
432930,3889517,12.45412520825467
432930,1377672,12.45412520825467
432930,5381126,12.44482774454103
432930,2745678,12.430049832068807
432930,1546992,12.419996536543039
432930,1304488,12.405462025393787
432930,7056587,12.383701496209323
478605,1258970,22.346146696623485
478605,8404583,22.271150525073935
478605,3736269,22.09580656331608
478605,8404578,21.37151405348808
478605,8404582,21.171497542647657
478605,6934178,20.934927643684624
478605,1258973,20.505524876826303
478605,8755204,20.478236475713
478605,3338618,20.401172633645675
478605,3736270,20.34987897360854
478605,799698,20.273300832574286
478605,8755202,19.967818542254612
478605,8623491,19.86376076734209
478605,908951,19.633047710937028
478605,8623486,19.54482176571967
478605,8755198,19.357547551545565
478605,8623492,19.280273322161147
478605,7959719,18.86674269256509
478605,2146431,18.850709062777824
478605,936023,18.830758704993855
478605,3807168,18.77068993777943
478605,1088842,18.71684035577788
478605,190356,18.659387911349945
478605,7831816,18.514459046851883
478605,8623489,18.49453847912013
478605,8623488,18.359230419793153
478605,8404575,18.30790039989514
478605,8700959,18.199439628977025
478605,6765,18.14269724141893
478605,8700952,18.104699682258335
478605,3338619,18.06829651795275
478605,4352333,18.04148455702289
478605,8700954,18.011225073482912
478605,597741,17.987789933725885
478605,6010351,17.894826623027942
478605,2570861,17.862705709765606
478605,2146424,17.809259035693437
478605,2146428,17.699514426921446
478605,3736272,17.659682750300508
478605,597739,17.52019495318624
478605,8404577,17.492389336257396
478605,1963257,17.44325832066061
478605,5046904,17.254497237865507
478605,5527592,17.206395601283436
478605,1616075,17.158369314514474
478605,4932295,17.15587319552995
478605,3807169,17.14122220252183
478605,1922480,17.04214584143453
478605,2146432,16.947970255500223
478605,2349342,16.94674929695494
478605,936024,16.93714524000197
478605,936030,16.93714524000197
478605,3736274,16.849441517926635
478605,7755679,16.812234296429494
478605,1358470,16.777311127231613
478605,2542272,16.77206465187767
478605,4582171,16.762047953073278
478605,2738002,16.751812747925634
478605,7417384,16.704683639632854
478605,8557801,16.690671974948632
478605,3461665,16.665359088683445
478605,395813,16.665359088683445
478605,5684693,16.614712638701764
478605,4932298,16.560611158950362
478605,2542273,16.560048351184115
478605,718326,16.545204231907515
478605,815826,16.462060988029947
478605,8404581,16.456423231002937
478605,1843618,16.428701455315792
478605,3617173,16.40725117003394
478605,1918756,16.375261179519462
478605,8557806,16.24505596161015
478605,218541,16.212880620419476
478605,1109280,16.189583246923494
478605,8466760,16.152687936572892
478605,5378651,16.102083921999164
478605,2146430,16.100620829404413
478605,8700958,16.078301258344872
478605,8089635,16.051089063205428
478605,2504071,16.035801115611648
478605,5378650,16.024609565297496
478605,1575330,15.948243752443666
478605,2542279,15.923342996022031
478605,284421,15.896808235967988
478605,6437185,15.895658684241903
478605,146764,15.871478501527996
478605,7117751,15.85158046218287
478605,613988,15.848010145566079
478605,8059753,15.84036219435926
478605,293324,15.832431099654466
478605,8404579,15.773027276591161
478605,5378652,15.76564385884409
478605,478492,15.690283812713243
478605,7417381,15.68309268038299
478605,3523530,15.68309268038299
478605,2102279,15.671368195253411
478605,3807170,15.665493440621022
478605,3122440,15.64301463463909
478605,574621,15.64301463463909
478605,5378645,15.591015435639356
1044797,1795108,20.08286493973193
1044797,1795106,19.925620826234873
1044797,8679694,19.76976804615216
1044797,1795101,19.248852984655443
1044797,5148739,19.121761019733604
1044797,7357592,19.0168578548791
1044797,4111252,18.90979227921435
1044797,4727401,18.866873341838296
1044797,2118256,18.328606177416976
1044797,8679690,17.842048857066565
1044797,8679696,17.64795779989776
1044797,8253958,17.36346181369197
1044797,2488910,17.251961657075462
1044797,1784714,17.205578409218766
1044797,3385499,17.162206838132875
1044797,1795105,17.103604461257415
1044797,4643997,17.103604461257415
1044797,3235003,16.99190673561908
1044797,8679692,16.912685773264663
1044797,2488906,16.804034395302647
1044797,7493441,16.804034395302647
1044797,8145811,16.734405130422154
1044797,8243231,16.68828944422127
1044797,7652338,16.627875132504457
1044797,6479724,16.59132484419152
1044797,5658896,16.39689768108459
1044797,5507366,16.108871124527212
1044797,4001869,15.99822250822358
1044797,8318264,15.957467972773074
1044797,7244334,15.772466740684646
1044797,931500,15.66205492971948
1044797,8145812,15.553238062196712
1044797,8797344,15.445980709134139
1044797,4001875,15.445980709134139
1044797,8425090,15.340248509759665
1044797,8457797,15.340248509759665
1044797,473632,15.340248509759665
1044797,8457794,15.253945935591211
1044797,5446916,15.236008130791639
1044797,6340625,15.202677321952027
1044797,1936981,14.841533789559701
1044797,8679693,14.5865184792849
1044797,4977786,14.350055855301637
1044797,1546577,14.340118755001903
1044797,6834926,14.340118755001903
1044797,5507363,14.340118755001903
1044797,4886156,14.214260758898217
1044797,6834921,14.101905258579606
1044797,8778788,13.985741908159632
1044797,2525714,13.985741908159632
1044797,4749216,13.985741908159632
1044797,4841899,13.985741908159632
1044797,1506697,13.871476695152255
1044797,1112823,13.871476695152255
1044797,3235002,13.759063472543382
1044797,835748,13.759063472543382
1044797,2022478,13.759063472543382
1044797,1546573,13.539615770599587
1044797,7492013,13.539615770599587
1044797,4666654,13.39496483251275
1044797,8683724,13.341665742300655
1044797,7163808,13.327058257930931
1044797,5754707,13.327058257930931
1044797,7357589,13.223262704297394
1044797,569649,13.223262704297394
1044797,3408873,13.17646460770309
1044797,3331652,13.17646460770309
1044797,701563,13.124558324707408
1044797,1565593,13.113466544985506
1044797,6760610,12.989395924382016
1044797,3235004,12.92135529152355
1044797,3213595,12.727627754826205
1044797,5671358,12.727627754826205
1044797,748542,12.647933433492925
1044797,7578414,12.600027534957658
1044797,1784713,12.447688842540927
1044797,6778259,12.33416533583505
1044797,410048,12.334101624241029
1044797,4165711,12.326537106684672
1044797,6668843,12.154601267998231
1044797,798246,12.134209996890084
1044797,1669810,11.788112128680392
1044797,8748727,11.632355233846353
1044797,481283,11.621140308699704
1044797,1669805,11.599718166053096
1044797,7984684,11.570273015674314
1044797,7984682,11.304058554445579
1044797,1970180,11.248910498342568
1044797,380427,11.203002896736507
1044797,380430,11.203002896736507
1044797,4737599,11.177162738551452
1044797,3895621,11.075776353218691
1044797,7035090,11.017301857753134
1044797,5671355,10.898331889871915
1044797,847206,10.790192157975055
1044797,1861102,10.468501821542521
1044797,1740042,10.468501821542521
1044797,8383986,10.119089691585275
1044797,6012314,10.01248045931281
1044797,7442782,9.843843937727772
1124464,3796062,12.24800211161703
1124464,8024110,12.233674120127606
1124464,3796061,11.942289365797377
1124464,5157556,11.507572650506479
1124464,4135217,11.226513011662673
1124464,4141773,11.17459410035832
1124464,6442352,11.10036335231844
1124464,8024101,10.714037991419953
1124464,5093156,10.624482183865844
1124464,5093157,10.520401166786863
1124464,5093158,10.520401166786863
1124464,5093162,10.083733813578052
1124464,8024106,9.961319452081295
1124464,7013685,9.95905017035041
1124464,7253292,9.942986215749183
1124464,7120924,9.564825405197611
1124464,3796068,9.531171959050067
1124464,7954522,9.419703060840847
1124464,8024105,9.38311202375823
1124464,7840209,9.310811322862296
1124464,1002282,9.310811322862296
1124464,1002283,9.30693758901108
1124464,867547,9.27122733266033
1124464,550949,9.246517131838367
1124464,5136946,9.246517131838367
1124464,5276596,9.152113713917156
1124464,7156537,9.111530009828288
1124464,8024103,9.101479794026229
1124464,4180349,9.073262520265812
1124464,6442359,9.049286999206405
1124464,58835,9.049286999206405
1124464,4508897,9.049286999206405
1124464,1619783,9.04346867656688
1124464,7960019,8.998735268038713
1124464,787635,8.988607459915631
1124464,5093165,8.95730824461375
1124464,1734018,8.928639864572123
1124464,5136941,8.900959697188515
1124464,2450287,8.876941941212495
1124464,550947,8.867136047006355
1124464,4764978,8.862026857361185
1124464,8220319,8.812434356272847
1124464,1091681,8.743930083287458
1124464,7605976,8.710782919433573
1124464,487699,8.706900843439357
1124464,8528838,8.675079620786112
1124464,1896758,8.660092172722036
1124464,4648304,8.660092172722036
1124464,8776262,8.650909967695275
1124464,8231987,8.63539919573577
1124464,8228145,8.625140905539688
1124464,8228146,8.625140905539688
1124464,8609667,8.624101012122324
1124464,8024102,8.57317792902653
1124464,8346160,8.567968642180094
1124464,1667264,8.522637975704868
1124464,256407,8.514356697778886
1124464,1091687,8.4802422941414
1124464,7317125,8.438244481632267
1124464,2298543,8.437662535001518
1124464,8586047,8.425319970826203
1124464,4830836,8.416485965456205
1124464,3307711,8.412075906017284
1124464,5346841,8.356225667884079
1124464,8349765,8.355364462038317
1124464,1851151,8.328577733241707
1124464,4068433,8.30540660150417
1124464,2610016,8.302994163450348
1124464,8063537,8.3011121506543
1124464,4705059,8.26957796480618
1124464,5551979,8.26957796480618
1124464,256410,8.25768678734549
1124464,3450687,8.248079326527453
1124464,7317127,8.246720872705232
1124464,8063536,8.221724957850846
1124464,8353074,8.218632103890528
1124464,155311,8.185535145217733
1124464,7798376,8.1765593202473
1124464,906090,8.141574027579628
1124464,3192607,8.140048981366043
1124464,3384890,8.135265740762595
1124464,7126879,8.119464739360778
1124464,7327666,8.115694577141438
1124464,1851149,8.115694577141438
1124464,1218530,8.112680967327252
1124464,155310,8.103183375703662
1124464,4587695,8.103183375703662
1124464,421363,8.094387150382088
1124464,7359608,8.05391732459375
1124464,4898270,8.05391732459375
1124464,2450290,8.042811311423776
1124464,8411304,8.022472125469072
1124464,1121108,8.022472125469072
1124464,4141770,8.022472125469072
1124464,5115293,8.022472125469072
1124464,7143966,8.022472125469072
1124464,5391865,8.01603893666966
1124464,259000,8.01603893666966
1124464,3705343,8.01603893666966
1124464,2884287,8.01603893666966
1107988,1594479,12.912981208704338
1107988,8181272,12.283083072898789
1107988,1694164,12.16363289151479
1107988,419508,12.1191584284214
1107988,8181274,11.71679805466039
1107988,480837,11.593258225528984
1107988,398510,11.593258225528984
1107988,5161604,11.586105482348891
1107988,7129790,11.55266533691745
1107988,2290470,11.523496711277652
1107988,1649894,11.414124080930362
1107988,2844677,11.382560643975513
1107988,6433016,11.24052613495992
1107988,7223484,11.217955489948434
1107988,304662,11.095115823385807
1107988,1132178,11.036844533299336
1107988,5803858,11.024106045027695
1107988,5562936,11.006213445528637
1107988,5805019,10.956197498624405
1107988,6496027,10.917794271242073
1107988,2094021,10.917320673764529
1107988,2684516,10.844851479305802
1107988,8795289,10.822982030978565
1107988,3413508,10.815593195636668
1107988,7131248,10.805974051375653
1107988,1241580,10.789815634620293
1107988,8684942,10.772306579020547
1107988,3422237,10.767117952212105
1107988,7131249,10.7491163765465
1107988,6978226,10.680008634931015
1107988,2635523,10.677468687485431
1107988,7124747,10.648328881617
1107988,797601,10.628216957553906
1107988,390450,10.606272615562112
1107988,3087184,10.602326992590847
1107988,2384669,10.586070121083957
1107988,7821729,10.571853612126432
1107988,1593370,10.52168565737221
1107988,6572174,10.494520217567612
1107988,6978231,10.479841350628337
1107988,2955268,10.44124217964505
1107988,1978994,10.412073365693502
1107988,4171850,10.37202729226005
1107988,6300870,10.320305731255738
1107988,899981,10.291329967962302
1107988,520004,10.286494101617361
1107988,2262968,10.274321941322873
1107988,3911991,10.274321941322873
1107988,7659117,10.242090834845188
1107988,8156031,10.241684014085527
1107988,352071,10.232867944075991
1107988,3912131,10.224109711385395
1107988,8185378,10.209533256379947
1107988,986930,10.207591349792663
1107988,6228255,10.206922865401246
1107988,3722602,10.206254903310555
1107988,1590606,10.170772492795917
1107988,3526857,10.162799686643748
1107988,498617,10.162799686643748
1107988,1963595,10.13441356136468
1107988,7483091,10.106273437202839
1107988,3835024,10.08846540671139
1107988,431931,10.080896668996017
1107988,7131251,10.080896668996017
1107988,5754921,10.076919104542142
1107988,5119984,10.063097353803455
1107988,4458553,10.044573729050475
1107988,8313078,10.0362964757247
1107988,5990645,10.030027277820256
1107988,5734202,10.029259630108665
1107988,6437903,10.009004364588016
1107988,352069,9.995643713121726
1107988,462166,9.986703044582443
1107988,4161477,9.983416625934296
1107988,7346417,9.978538615369061
1107988,462170,9.97379385866591
1107988,5734196,9.947913506983253
1107988,6830980,9.913029545502294
1107988,6321530,9.900406762233334
1107988,1964655,9.900189617761226
1107988,4462373,9.891245045891116
1107988,3355408,9.882070330962101
1107988,747104,9.856934648951889
1107988,2296369,9.853251867238097
1107988,1448149,9.827814689273144
1107988,2656192,9.821026546209202
1107988,7782135,9.820677353802493
1107988,3996122,9.813862855960583
1107988,957974,9.8045777438195
1107988,2819051,9.800128007035097
1107988,986927,9.773744195795995
1107988,352068,9.773017572219262
1107988,7315525,9.772505128611673
1107988,8269550,9.766210365057422
1107988,8446555,9.763093651547031
1107988,585735,9.754628629784913
1107988,1477351,9.753024387021064
1107988,398509,9.735957968307945
1107988,827237,9.722772759483961
1107988,1239283,9.711515568155669
130510,1494936,20.208407016379773
130510,7125239,20.09311943640845
130510,7501563,19.817715629512858
130510,1494935,19.758463583151897
130510,996732,18.894505992604653
130510,996740,18.568984218328932
130510,8612906,18.173921359723725
130510,799647,17.982627422712437
130510,8612903,17.472083505762967
130510,1110766,17.343684633453517
130510,1494932,16.74858861794126
130510,8612909,16.684473725656392
130510,1494938,16.536269515473897
130510,1494930,16.462582808641052
130510,3995677,15.438825496537081
130510,8612910,15.200052938198311
130510,7501557,15.13848593336888
130510,6763277,15.041048908546504
130510,7203252,14.934311238303788
130510,6486232,14.850025133045698
130510,6183638,14.850025133045698
130510,8612902,14.677701775415555
130510,6035035,14.409089796387793
130510,4089773,14.242222859608905
130510,2862522,14.190059138823587
130510,6815300,14.190059138823587
130510,4022904,14.003035683932083
130510,2079377,13.958190119542031
130510,8612904,13.84507417899668
130510,1159414,13.51646545053158
130510,1494939,13.51646545053158
130510,1494933,13.410368411852113
130510,8514425,13.410368411852113
130510,4189500,13.286371852213183
130510,1494931,13.285957330485875
130510,4022909,13.243211743501984
130510,2079375,13.203093932765842
130510,1047769,13.129342155618534
130510,2862515,13.101841036776467
130510,6621100,12.903923841722907
130510,7777480,12.832742336213208
130510,7777478,12.832742336213208
130510,425596,12.690902531992883
130510,440983,12.654477115723184
130510,566525,12.597523135667789
130510,7479905,12.525501879249006
130510,5791683,12.48606281766506
130510,2881563,12.429813962520688
130510,5415276,12.387701963661726
130510,7696346,12.382810131444169
130510,7298861,12.286021292807922
130510,7708723,12.259888990324605
130510,7207412,12.127148368788934
130510,5685710,12.117445441296189
130510,7298862,12.110151307406321
130510,6881821,12.082015767425327
130510,7001679,12.048711277883033
130510,3163980,11.997731583921183
130510,6294918,11.979661672846332
130510,7001677,11.921889698178916
130510,2862518,11.914063759542486
130510,1063368,11.899420339844427
130510,5736989,11.749736516188818
130510,7769643,11.749736516188818
130510,1262134,11.730439226769425
130510,6985844,11.730439226769425
130510,6881820,11.723750812654071
130510,6172269,11.694924445358359
130510,870494,11.589400586445302
130510,5685711,11.578335201746944
130510,1959381,11.510913932873354
130510,464597,11.510913932873354
130510,2407055,11.487024549289949
130510,5930010,11.452082255985621
130510,7501558,11.43557832953346
130510,8335524,11.367736432852247
130510,4957920,11.367736432852247
130510,8335526,11.367736432852247
130510,1993575,11.295800807452153
130510,4089767,11.295800807452153
130510,3913778,11.295558999475935
130510,3491084,11.28160645905988
130510,815703,11.21531931735065
130510,1063364,11.175169529666485
130510,1766823,11.170344938282305
130510,7603931,11.167933083092464
130510,5685706,11.129703507873263
130510,6881818,11.098461084787997
130510,2961568,11.06125655354521
130510,2961569,11.06125655354521
130510,1382445,10.954278252771338
130510,5424630,10.94988807889606
130510,5984058,10.918699457970622
130510,6996952,10.883331455942972
130510,5930018,10.876755700876144
130510,6447652,10.849349399736655
130510,5930011,10.75836866725703
130510,2490145,10.75836866725703
130510,7716745,10.746411659463282
130510,4668907,10.746411659463282
1127893,8698945,48.5926159692424
1127893,8698940,48.34489800517784
1127893,8698941,38.7172188095206
1127893,8698938,38.4446759229076
1127893,8698946,37.88102716660627
1127893,6497775,31.303456416499106
1127893,8698942,31.1915518627535
1127893,6788279,28.670781880911825
1127893,2773885,28.09220085818696
1127893,8698939,27.92688198340027
1127893,6366578,27.616913943258687
1127893,1073903,27.525283194188475
1127893,787350,27.455181827860986
1127893,6788282,27.392623612929672
1127893,5244189,27.35516481077896
1127893,7691065,27.064106572268358
1127893,5244192,26.98501408818212
1127893,3711749,26.983420312739383
1127893,7691064,26.88287246047303
1127893,8698943,26.72263972690682
1127893,783365,26.666270896956906
1127893,628367,26.6312356156153
1127893,6497777,26.591329525795423
1127893,787357,26.288974000469153
1127893,5357945,26.25032342298175
1127893,3003195,26.25032342298175
1127893,787354,26.23912063089889
1127893,1816373,25.98507130102116
1127893,1073899,25.91571565950582
1127893,8518448,25.688330238256434
1127893,7373725,25.637847343889902
1127893,6497780,25.503760792789322
1127893,76632,25.336220641489067
1127893,8222143,24.562853618099574
1127893,6167825,24.46298028283757
1127893,628365,24.216421294529997
1127893,1073898,23.949599102406538
1127893,1073904,23.841653766609674
1127893,787359,23.829127482192003
1127893,1073900,23.82585574978224
1127893,8068735,23.787851670687324
1127893,8039150,23.778756758345466
1127893,916744,23.725009756763654
1127893,7035417,23.66771733235977
1127893,6366572,23.44768842719313
1127893,628363,23.324286313134458
1127893,8692841,23.216540620624386
1127893,8068740,23.20372970995939
1127893,8698944,22.936793071594636
1127893,7209380,22.90492709808436
1127893,7877828,22.849183458703013
1127893,787351,22.75132458096536
1127893,181997,22.609409754975363
1127893,6497774,22.60917215419299
1127893,1869158,22.56506914731169
1127893,3560027,22.52024293910368
1127893,5994107,22.452307384394494
1127893,4695787,22.44530940556456
1127893,7738728,22.44530940556456
1127893,783373,22.270606063300306
1127893,5626214,22.261419238941684
1127893,8456303,22.232350144615552
1127893,5842882,22.218598394504216
1127893,5994105,22.16138380188861
1127893,8456302,22.089913688333418
1127893,8456326,22.03331252499313
1127893,8008456,22.03331252499313
1127893,1742583,21.87821644147969
1127893,2116165,21.818329098524543
1127893,5994102,21.80901854744721
1127893,7877836,21.806351654069367
1127893,2908384,21.796407184177344
1127893,5244196,21.7149309192854
1127893,8109831,21.630090764655222
1127893,7379917,21.617047797084723
1127893,4398925,21.486973472790186
1127893,1867094,21.467317051149582
1127893,575533,21.419446321179812
1127893,5103326,21.187691293751172
1127893,575531,21.09533744356566
1127893,8109828,21.06553017901163
1127893,7633987,20.92521086996146
1127893,7497291,20.84237272723025
1127893,8698937,20.82694699905104
1127893,6788281,20.82694699905104
1127893,5994109,20.691816088493017
1127893,3478392,20.658145448171744
1127893,6788280,20.636631912174945
1127893,4366367,20.595619176375898
1127893,3358579,20.518234710337218
1127893,2896028,20.493310319644443
1127893,6788275,20.434372286586566
1127893,4578367,20.3464684238622
1127893,7633985,20.305756560211226
1127893,7633986,20.305756560211226
1127893,4998859,20.25580416808331
1127893,783371,20.21252866431553
1127893,289430,20.131304280447207
1127893,2116163,20.131304280447207
1127893,5308938,20.088575771216863
1135377,8053974,34.73617316533234
1135377,8053973,32.78795843470171
1135377,8053978,29.11224875076274
1135377,8053977,29.11224875076274
1135377,5674597,23.23271827952489
1135377,24581,22.855102868819188
1135377,6888417,22.07409297233356
1135377,5674594,21.74332194934761
1135377,762503,21.674782246318927
1135377,7267011,21.168019511386273
1135377,6081149,21.08311042638827
1135377,7445171,20.826080945415182
1135377,5674600,20.696198147163862
1135377,5674598,20.342059748995574
1135377,5674601,20.253539616960268
1135377,4451167,20.204189377753288
1135377,8352437,20.006403253934536
1135377,2647414,19.967209988625687
1135377,8352435,19.777586120404735
1135377,6993085,19.762967758951728
1135377,6081151,19.624323067149277
1135377,296056,19.313588886503755
1135377,1903872,19.215265733433537
1135377,8053970,19.205698026885806
1135377,545635,19.19797527015603
1135377,6740607,19.19797527015603
1135377,8352440,19.13586054974631
1135377,8599509,18.916297949734258
1135377,3939539,18.889138723542185
1135377,2623431,18.683833632994947
1135377,8599513,18.582845629770365
1135377,296055,18.582845629770365
1135377,24584,18.582845629770365
1135377,6993078,18.457171908600344
1135377,8053972,18.39383462736695
1135377,6608648,18.38410969943866
1135377,6888421,18.286327305348372
1135377,4603346,18.286327305348372
1135377,296060,18.189579588502777
1135377,8427967,18.093850212789285
1135377,254353,17.90538284189425
1135377,5395223,17.90538284189425
1135377,2852804,17.812613849625414
1135377,3560649,17.812613849625414
1135377,8599511,17.812613849625414
1135377,6302867,17.720801187318216
1135377,5674603,17.720801187318216
1135377,6740604,17.720801187318216
1135377,3931116,17.707840124913155
1135377,3776299,17.66093358784834
1135377,7497325,17.649869438277086
1135377,568815,17.634349409991614
1135377,7267017,17.629930142990723
1135377,6740605,17.629930142990723
1135377,3261593,17.516328290711037
1135377,24583,17.45095555387026
1135377,7941944,17.418141182216026
1135377,22844,17.332284402686554
1135377,7497320,17.314948401234922
1135377,7497323,17.314948401234922
1135377,1242660,17.2533628553044
1135377,8599508,17.189204867381832
1135377,31783,17.1220924364907
1135377,5983334,17.103690871443025
1135377,3754469,17.091052359937386
1135377,6864973,16.852178861577404
1135377,8770071,16.838837637472594
1135377,653448,16.835740025631168
1135377,3020618,16.668767961214137
1135377,8053975,16.625306466737044
1135377,8599512,16.449036801253236
1135377,5302441,16.44337156307448
1135377,1074624,16.408005398838448
1135377,5714861,16.39038088400716
1135377,7402172,16.389526681792645
1135377,8599510,16.37071194372382
1135377,3567691,16.341405875191615
1135377,6915589,16.26918687866179
1135377,6864974,16.15653548114454
1135377,5674595,16.140149823155326
1135377,8176814,16.1348158243248
1135377,3776307,16.058719507459372
1135377,6874787,16.018154924952064
1135377,2907113,15.983485053342724
1135377,7293216,15.968877084113569
1135377,3099012,15.84051623162925
1135377,6888420,15.769980606482129
1135377,2907119,15.69617545497271
1135377,3070606,15.571138903526911
1135377,8197552,15.571138903526911
1135377,6888418,15.555918571543668
1135377,2793832,15.48309872704407
1135377,4860720,15.431358557393438
1135377,4030318,15.416347608541422
1135377,6962942,15.387001235345656
1135377,7282656,15.29406546803402
1135377,583399,15.29406546803402
1135377,6864977,15.29406546803402
1135377,8510916,15.29213415205679
1135377,7445178,15.159193833379033
1126206,7617222,21.459249257378275
1126206,2100767,20.390748123485388
1126206,2382878,19.437751538606165
1126206,5678210,19.432378887169268
1126206,5322075,19.020142245839597
1126206,3811275,18.98938843814929
1126206,5678204,18.947182411038597
1126206,369962,18.724995463562795
1126206,1200863,18.724995463562795
1126206,369963,18.724995463562795
1126206,3811267,18.198978859539146
1126206,8131521,17.484655643076028
1126206,1242148,17.48179033595752
1126206,7617219,17.058461309768155
1126206,2263540,16.87901542030033
1126206,7657597,16.864976401683148
1126206,6265029,16.812918876065496
1126206,5948393,16.68323614276728
1126206,8143158,16.359626512767505
1126206,1242141,16.2552778826727
1126206,4875806,16.233647309113373
1126206,8131522,16.22569620734437
1126206,8131525,16.22569620734437
1126206,8143166,16.039013958376938
1126206,1242144,15.981218551730091
1126206,2382881,15.920476111909212
1126206,5241729,15.66323780515177
1126206,4403171,15.66005594793689
1126206,1242146,15.538679875361673
1126206,2382879,15.506831327151248
1126206,3862822,15.347166719149126
1126206,8049273,15.331400017311655
1126206,5322074,15.329766006241336
1126206,5948394,15.201954152606248
1126206,7796272,15.170415510964606
1126206,1767675,15.01433276389556
1126206,1242147,14.977110941978278
1126206,4063179,14.849623207365562
1126206,5747927,14.799488300915643
1126206,2382887,14.759323344109792
1126206,96677,14.753571571668733
1126206,1619333,14.71653605337191
1126206,3811273,14.68915845521911
1126206,6876951,14.539185118409693
1126206,2382884,14.45778534314031
1126206,4591259,14.45778534314031
1126206,4290828,14.39763819582505
1126206,4934505,14.340041858211556
1126206,5939655,14.310692030056506
1126206,1242140,14.23582144728579
1126206,2538123,14.217778837883204
1126206,148450,14.149189187763143
1126206,3543549,14.108968258913968
1126206,8131527,14.09024390550032
1126206,5305361,14.023570315152224
1126206,3825042,14.002630979776345
1126206,4813078,13.969590225888677
1126206,4435443,13.968274709531459
1126206,8395600,13.735636784487621
1126206,4835940,13.65848237927094
1126206,3841598,13.644676853709763
1126206,2100770,13.625569992413656
1126206,8835213,13.618223880506898
1126206,1479193,13.611095955623234
1126206,8835212,13.555180942241389
1126206,2547468,13.551619189236526
1126206,5948392,13.551619189236526
1126206,148453,13.541052888079445
1126206,6889618,13.534264659789265
1126206,8304867,13.533823021778778
1126206,7657598,13.51056318108379
1126206,409841,13.50557734132124
1126206,3635873,13.463981710721676
1126206,4530691,13.463981710721676
1126206,782929,13.458663874361271
1126206,2538121,13.453621151090235
1126206,148449,13.449029289016213
1126206,7644241,13.442642760695982
1126206,6283290,13.433483611160643
1126206,6188821,13.428526146442247
1126206,8131526,13.401722524424486
1126206,5939653,13.386867681635215
1126206,2036420,13.365440956068664
1126206,3902729,13.309873639566982
1126206,6254746,13.296809572599155
1126206,5678212,13.26726967542172
1126206,5537945,13.254548302499646
1126206,7979003,13.216423242982
1126206,7617217,13.17481443995458
1126206,3052531,13.150710545250892
1126206,7225663,13.148157969874648
1126206,4658462,13.14577278320995
1126206,7248267,13.131834047644375
1126206,3825036,13.127755053271747
1126206,3825039,13.05043737922868
1126206,4652225,13.010869128146826
1126206,4561412,12.987861625364992
1126206,4561414,12.987861625364992
1126206,7774162,12.986838993528297
1126206,2884331,12.971292855620957
645693,8078496,29.123820881361663
645693,3112254,28.462839239347755
645693,8516620,27.846587782905942
645693,8516621,27.846587782905942
645693,3834194,27.516954155380436
645693,6902944,22.86241195088958
645693,8516618,22.808202158931223
645693,7139356,21.28616988119553
645693,529208,20.375825908754404
645693,529206,20.162371289222186
645693,8516616,18.581728315972214
645693,7172725,16.536497107210057
645693,7523809,16.358090990162403
645693,5929214,16.302778505842653
645693,6984498,16.009056479904856
645693,6987625,15.96232477470765
645693,3919221,15.926031022107495
645693,1704990,15.90021887935049
645693,8516615,15.874160860259776
645693,1501558,15.689905855945803
645693,5567496,15.673394229687258
645693,1704986,15.587281423221892
645693,1704987,15.491275052105891
645693,8535236,14.79019752412827
645693,7503964,14.660225657926134
645693,1049609,14.311783289717166
645693,3104238,14.247499717200052
645693,3104234,14.23834273010311
645693,3312207,14.221715939050496
645693,7023523,14.20948526543877
645693,1953993,13.814414716964217
645693,6488174,13.692102699537381
645693,8414264,13.539248799927043
645693,2200176,13.450585088865813
645693,529203,13.373184370906804
645693,3443425,13.323873883299159
645693,1415319,13.310283923113989
645693,3465487,13.185564316580646
645693,7127823,13.152750759736687
645693,1549261,13.136668052941454
645693,323783,13.124804250804948
645693,8652947,13.083652444847127
645693,7842588,13.068487254994325
645693,3482447,13.012720466465371
645693,4318222,12.995421764453384
645693,3688870,12.992247459092038
645693,8840696,12.972310405328162
645693,6725581,12.896923794436155
645693,1415323,12.878504496567608
645693,2954562,12.838713001811216
645693,3465483,12.8225711126511
645693,2854804,12.818363037814082
645693,601896,12.798511711186046
645693,1458248,12.745203213258245
645693,2474132,12.739343821707154
645693,5317112,12.719006244691819
645693,352021,12.6876187545913
645693,6135345,12.671283342299235
645693,596563,12.662007414907679
645693,5395369,12.629852920278772
645693,7902799,12.621469608786372
645693,3097003,12.616653416643246
645693,6260859,12.597875193955986
645693,340449,12.578307759218525
645693,8207115,12.567434853657206
645693,6984494,12.55590078098175
645693,6273066,12.55270587854399
645693,352020,12.543513124155194
645693,1325057,12.517196948663939
645693,357733,12.513849194629076
645693,2360114,12.50776840026353
645693,6883377,12.50776840026353
645693,5846058,12.507648602604405
645693,372026,12.504003572367811
645693,4938577,12.486702750229918
645693,2474129,12.417203498929707
645693,678018,12.383530611038184
645693,3839117,12.34778339734641
645693,5487428,12.305255792289836
645693,5521386,12.264342412033226
645693,4475827,12.257254250139317
645693,5295946,12.244647720529752
645693,4283764,12.223168392891845
645693,2947872,12.215941331753825
645693,7127824,12.201561288588323
645693,928258,12.19800147090574
645693,1920170,12.138052795296542
645693,2854209,12.100427014936171
645693,7896546,12.090133890376615
645693,4923901,12.083952605318965
645693,1366903,12.078037854974395
645693,3090292,12.066606864306614
645693,8642816,12.062246082642726
645693,8772957,12.058613378714888
645693,5750570,12.052092747332834
645693,5687564,12.039888897593494
645693,3746126,12.03698546274003
645693,8582362,12.023542683521969
645693,2474130,12.018265540665036
645693,7457395,11.976817965510996
1133328,5213266,37.08496053509215
1133328,3464418,35.31939478073518
1133328,4223449,35.24679544183505
1133328,2680670,34.53496114791967
1133328,2680673,34.38017183988703
1133328,8825526,34.30412563242137
1133328,8241735,34.17152682569231
1133328,2680668,34.17152682569231
1133328,933779,32.62299025496684
1133328,7793495,32.258036129633986
1133328,7906344,31.584235129936417
1133328,6548352,31.39809224571853
1133328,1817969,31.098548787626036
1133328,3717260,30.458049726426957
1133328,1478998,30.33565832021772
1133328,2680672,30.32809465640058
1133328,74709,29.718094875779716
1133328,7944635,29.414914062831485
1133328,1407789,27.897435390016458
1133328,5607247,27.638045121428895
1133328,7793498,27.406121111405294
1133328,8405726,27.3490956057019
1133328,2574751,27.338206096739654
1133328,5393194,27.11243497052309
1133328,7066225,26.700589015164795
1133328,2276562,26.63704250498112
1133328,3587984,26.22552370126212
1133328,6395115,26.000590086480983
1133328,5127954,25.566361515722278
1133328,74706,25.565156194549694
1133328,4205030,25.563228453879443
1133328,4366726,25.503066924646404
1133328,4741212,25.40511418159408
1133328,3476613,25.314631458465424
1133328,3028409,25.29232897702481
1133328,3156090,25.29232897702481
1133328,3088000,25.273472109974023
1133328,2699043,25.16281213809249
1133328,4342531,25.13491960147276
1133328,1925200,25.09366391158281
1133328,8445541,24.960155951500028
1133328,3028406,24.95542453384075
1133328,2744428,24.865795185998294
1133328,5654659,24.832703471710413
1133328,5607245,24.83135730117398
1133328,3464417,24.713384486802735
1133328,2318026,24.45814150138181
1133328,2372179,24.45214377548274
1133328,2693400,24.362641457357153
1133328,2764415,24.23763193527963
1133328,6776606,24.09957074955651
1133328,6395112,24.01391071373228
1133328,3087996,23.895548998050515
1133328,7793497,23.865495329130948
1133328,6395110,23.86203306728239
1133328,3835263,23.845109619799572
1133328,2276557,23.573766896634574
1133328,5792854,23.566094130497024
1133328,7906348,23.564027620315237
1133328,5135637,23.55102204057318
1133328,5135639,23.522677063111566
1133328,6395113,23.502224560625585
1133328,47178,23.47146800253615
1133328,8241738,23.410891164351227
1133328,5135644,23.401069909134947
1133328,5607244,23.31012365950335
1133328,3717259,23.30519032646917
1133328,4342532,23.242923235370768
1133328,8313676,23.17953414125299
1133328,2276565,23.178954385046552
1133328,2680674,23.153834310277393
1133328,6004627,23.09191718220734
1133328,8405728,22.734409627890333
1133328,6455436,22.71690546293324
1133328,819556,22.642984114916587
1133328,1817976,22.509140226106165
1133328,1817973,22.442180842735688
1133328,4366729,22.39896122690922
1133328,8405723,22.396005344858278
1133328,5213270,22.396005344858278
1133328,1479000,22.358473995886797
1133328,7686684,22.35239937352969
1133328,7773044,22.321641020860064
1133328,7291605,22.255282658747404
1133328,3395239,22.25116214970341
1133328,2268101,22.2240034543734
1133328,2693402,22.17140245684172
1133328,4710917,22.167638690262358
1133328,7686682,22.165989221570886
1133328,5515093,22.121041684885945
1133328,639464,22.096408306113407
1133328,2849401,22.030475234263257
1133328,2502965,21.94582940410572
1133328,2744422,21.939927842127254
1133328,7775739,21.919434868465917
1133328,5127953,21.804465572822753
1133328,2268104,21.773051278291195
1133328,1948304,21.763628037264407
1133328,8557041,21.75231577808129
1133328,8838392,21.66930739566115
646207,1787422,21.497433775879806
646207,7636630,21.395766045255773
646207,1787420,19.72526103590142
646207,7636635,19.716312621586468
646207,3418496,17.016231776322243
646207,4231941,16.741545774741923
646207,1254905,16.63961811905729
646207,1716244,16.298613803453453
646207,4509520,16.298613803453453
646207,3860622,16.105490178112447
646207,1471831,16.03142888253192
646207,288236,15.94525698139964
646207,3537818,15.793589928289602
646207,6766717,15.74175207725013
646207,5961574,15.661362670629135
646207,7636632,15.466490133960765
646207,2749862,15.417405255647186
646207,8680504,15.342396488528479
646207,7200030,15.213024392548164
646207,7041130,15.182362057625785
646207,7200032,15.170396058478744
646207,2302746,15.093866129396014
646207,394743,15.060152642875984
646207,7555134,14.94905585971163
646207,3148313,14.65376173131179
646207,7191065,14.65307955577941
646207,7436720,14.645652342405157
646207,8357743,14.613087164562355
646207,7982921,14.572459785814239
646207,4317550,14.510704657762105
646207,112667,14.381291660560397
646207,7451527,14.347914039062323
646207,1650588,14.320069195148962
646207,463252,14.315316514478361
646207,4112385,14.277662492223907
646207,6908895,14.255790844991859
646207,7711735,14.228383695784112
646207,5404000,14.196617860030745
646207,735115,14.165826099786674
646207,1981883,14.158373065342305
646207,5107889,14.116127761530624
646207,7761583,14.068035505555613
646207,1973817,14.066674225471989
646207,1716250,14.00463100563455
646207,827724,13.976431068095359
646207,7436717,13.927711773134153
646207,5568923,13.889175258076378
646207,6482895,13.775657226535412
646207,539933,13.72512388470274
646207,3686490,13.70119841129755
646207,655423,13.70119841129755
646207,8081552,13.70119841129755
646207,4579878,13.671912108770663
646207,8631129,13.669404955080132
646207,5700557,13.657987844612016
646207,3679034,13.597705358911224
646207,1906390,13.513919169964794
646207,6610612,13.48257439232692
646207,7279088,13.481452613574248
646207,3656580,13.456485491493506
646207,7013998,13.446669478348657
646207,7542326,13.44565618956987
646207,8222912,13.436952289486396
646207,7278422,13.415007947979335
646207,5420892,13.415007947979335
646207,1558375,13.411241955371306
646207,1558378,13.411241955371306
646207,969196,13.411241955371306
646207,8659336,13.391905687028796
646207,7610760,13.354481313052183
646207,8081549,13.340660344967194
646207,733700,13.277700220892298
646207,2424063,13.270817768671183
646207,1548736,13.262695182936895
646207,2542837,13.22503097691866
646207,7823268,13.201702679702427
646207,3052604,13.162384972166059
646207,1981877,13.159907350907808
646207,6776445,13.159907350907808
646207,1677244,13.159907350907808
646207,1219401,13.158014419392355
646207,156015,13.148019984556374
646207,6820087,13.138448562437826
646207,3151105,13.122385579167432
646207,886145,13.0917513518967
646207,322980,13.080087052828858
646207,1877973,13.07742010919563
646207,910569,13.064838202728497
646207,4231940,13.060028625738072
646207,3476204,13.049932406336797
646207,1150176,13.017739017825694
646207,7043142,13.01306412539758
646207,3629317,13.013026162905884
646207,8393357,13.013026162905884
646207,7116322,13.005579680944088
646207,2777201,13.00168519965548
646207,4735913,12.99861042161691
646207,4509523,12.99861042161691
646207,7901719,12.973708980348068
646207,445484,12.971200986774626
1012021,3524496,17.972279688873257
1012021,8262077,14.887041265208797
1012021,6881011,14.667276895109836
1012021,5984760,14.508100954125116
1012021,5524921,13.878318977348513
1012021,7762715,13.878318977348513
1012021,6912389,13.853647579185678
1012021,7200257,13.735827003725309
1012021,5259747,13.596231290898714
1012021,3915439,12.793555069601434
1012021,2738606,12.783301730665325
1012021,2591565,12.592034107273715
1012021,8001292,12.491914409823506
1012021,3282160,12.441894642891878
1012021,5596661,12.35367087124187
1012021,4286512,12.31718916554739
1012021,4095458,12.174867312495333
1012021,5705080,12.130541979458272
1012021,3885029,12.093110700853966
1012021,5895155,12.088027323559084
1012021,2427192,11.895203130901965
1012021,8124311,11.775957553302764
1012021,7861937,11.674275735415634
1012021,2241638,11.621899525564462
1012021,8491509,11.535211373014953
1012021,3037944,11.51012951663297
1012021,4095450,11.392664403734788
1012021,214598,11.303748866417722
1012021,1086679,11.25920251797161
1012021,2738607,10.987229149206144
1012021,2467135,10.9781592858552
1012021,4210135,10.692776388200809
1012021,7768925,10.65768043764186
1012021,7655565,10.545389026418906
1012021,6912392,10.411943729541136
1012021,1888777,10.382449353597574
1012021,422960,10.37953330413953
1012021,6912390,10.34833688519325
1012021,8523160,10.342799333786582
1012021,3885026,10.30835097056719
1012021,569906,10.30830183969097
1012021,6912391,10.200574432664911
1012021,1483421,10.17860310405302
1012021,5213281,10.164538843091986
1012021,7318516,10.118824162208174
1012021,5115738,10.101743683518784
1012021,5606865,10.084387817424025
1012021,8655285,10.064736549143827
1012021,8694924,10.061603508191471
1012021,7080802,10.053222628443446
1012021,5987983,9.934783799313225
1012021,514191,9.889299494210178
1012021,2377119,9.866224535664406
1012021,3704757,9.850160622227152
1012021,3713223,9.750361193351097
1012021,8165874,9.747498891510203
1012021,6455837,9.629732501158404
1012021,3739389,9.536408236713624
1012021,7631537,9.532995502429596
1012021,7912419,9.510807746279296
1012021,8076095,9.495562175710894
1012021,2486157,9.464811990891675
1012021,4688323,9.45166613344241
1012021,2448895,9.445892513979341
1012021,8216284,9.442513314928403
1012021,8836376,9.253166341122931
1012021,1436446,9.243245248706945
1012021,7238936,9.194967490451887
1012021,7733333,9.167160090353267
1012021,6836682,9.116504849514644
1012021,4831028,9.060073498277252
1012021,5927508,9.05135290570117
1012021,1696676,9.02785412689598
1012021,1285649,9.024558814418524
1012021,4604777,8.902736143537883
1012021,2670865,8.854730463903756
1012021,7133901,8.842556558389731
1012021,7592036,8.751387351242222
1012021,3939792,8.748547789703085
1012021,1173088,8.680821974056087
1012021,917724,8.593453860197348
1012021,8605628,8.571436734143493
1012021,7197033,8.569081384541088
1012021,8682468,8.557205132622993
1012021,5732656,8.541872137804258
1012021,4329043,8.40627437181864
1012021,92815,8.3917197893329
1012021,1909785,8.273870270647494
1012021,1436124,8.239203260518732
1012021,5561361,8.196637609890484
1012021,1941270,8.189619128882939
1012021,1941271,8.189619128882939
1012021,1947718,8.154669841056444
1012021,1179009,8.067632855496049
1012021,6316246,8.03005863093566
1012021,1493784,8.010379544485309
1012021,7249658,7.996522519044346
1012021,1349893,7.948707308421445
1012021,3370598,7.888270560336544
1012021,8570334,7.823687145780045
489204,1310106,24.18308658638489
489204,1310108,24.115884429882883
489204,1310107,24.115884429882883
489204,1479542,24.11021987467324
489204,1310101,23.792416479255344
489204,3049941,23.77591464275787
489204,5583224,23.679858867763187
489204,1051498,23.443648819200764
489204,2268657,21.727739712579712
489204,114148,21.497866590585744
489204,1950269,21.45865605457793
489204,420282,21.283030873885025
489204,420290,21.14953844682087
489204,973923,21.142264300446246
489204,678245,20.838501082461597
489204,6661536,20.791724426761895
489204,528348,20.78860719540984
489204,528349,20.78680788304873
489204,3778489,20.57573216864538
489204,5705357,20.487642939557844
489204,1418931,20.478229861945174
489204,4917998,20.475603470358486
489204,753265,20.42218086384006
489204,5895917,20.27980873498142
489204,1778458,20.259645304692572
489204,3728444,19.90979611172641
489204,7718090,19.88813249534268
489204,8083618,19.837340336646424
489204,1950273,19.80586382120315
489204,855969,19.773333082898475
489204,8737051,19.745445992012673
489204,5629373,19.699378999708834
489204,7116533,19.699378999708834
489204,8737053,19.55830860721305
489204,1538587,19.477023313212673
489204,4279451,19.415393854639067
489204,8238825,19.38344178481199
489204,5815958,19.32301550866215
489204,3980122,19.32301550866215
489204,7734612,19.272439133372398
489204,4918001,19.203131865955882
489204,6345480,19.15011960863755
489204,5008186,19.06566531920588
489204,1759354,19.00007734814536
489204,6672435,18.957939253677424
489204,3744940,18.933014066229106
489204,535375,18.90502302953208
489204,6332633,18.880420552402605
489204,2525903,18.752042232315873
489204,8737052,18.670550134152222
489204,3380602,18.50660876698588
489204,216490,18.482877961893212
489204,3012141,18.359411945883025
489204,8420374,18.314450594898755
489204,1373674,18.292942842916005
489204,1310103,18.29261594004181
489204,2268654,18.282654278161527
489204,8594274,18.282654278161527
489204,152948,18.26235686736117
489204,5711936,18.182714428763404
489204,7564977,18.107395192297183
489204,883657,18.071606014988998
489204,4751339,18.071606014988998
489204,2203762,18.071606014988998
489204,6327176,17.992163017921143
489204,7910557,17.990898777877028
489204,2097512,17.96189852153841
489204,1040449,17.878232415984993
489204,1378162,17.77884622328427
489204,1736553,17.66538235318449
489204,855963,17.6409109832643
489204,4565203,17.632513523861107
489204,4751341,17.631462583418017
489204,2268655,17.617047944129673
489204,7016858,17.594964149388915
489204,6029722,17.570917682495615
489204,2012607,17.512464692506246
489204,8463821,17.470701953368014
489204,5815957,17.457724826870315
489204,615105,17.433716519254578
489204,7840815,17.43344035532825
489204,6921252,17.43344035532825
489204,2959687,17.429045735596148
489204,4155443,17.41647412654476
489204,1378170,17.357929263104744
489204,4929953,17.34736418341911
489204,8398353,17.275046843103386
489204,5842848,17.274294400662534
489204,2268652,17.25941431106382
489204,4829793,17.205705244134315
489204,1688164,17.2055568130059
489204,3155853,17.183167862279987
489204,7358643,17.17036311015687
489204,892882,17.13152994519647
489204,8143854,17.13152994519647
489204,7564980,17.09533600614556
489204,3794707,17.08251939664189
489204,556280,17.08251939664189
489204,5176631,17.074701648086922
489204,3751356,17.05851935279528
1119075,7133137,45.6949103002045
1119075,7133141,43.07952910509597
1119075,2067687,37.45321153440323
1119075,7105865,36.4299846431724
1119075,7133140,34.82010490244841
1119075,7133142,34.34187517235873
1119075,8075061,33.92086598827618
1119075,8165856,33.135677565304995
1119075,8075059,32.96069879928811
1119075,3346258,32.05798397115569
1119075,7134112,31.694707019967883
1119075,7133139,31.619754467503157
1119075,8075063,31.222914452410592
1119075,6670854,31.22218283878046
1119075,7133144,31.01743810909181
1119075,653852,30.832080966430922
1119075,6982584,30.7305891449296
1119075,1379739,30.711397186847982
1119075,5890177,30.711397186847982
1119075,6670853,30.41199112366748
1119075,2067684,30.315986428854515
1119075,7215257,29.258986828789592
1119075,7133143,29.192779137381777
1119075,6982582,28.919330160282378
1119075,5890183,28.615125278119823
1119075,6982585,28.607992522623643
1119075,16173,27.74186501972646
1119075,8075058,27.698515675235623
1119075,2988032,27.61812555626643
1119075,6196347,27.54079955572533
1119075,2492801,27.50226888451286
1119075,653853,27.492279172473076
1119075,16174,27.41613776501642
1119075,7215260,26.941686428740447
1119075,5890184,26.76376773508478
1119075,16175,26.603177331356214
1119075,4353429,26.594351244289346
1119075,1379744,26.57524838224296
1119075,7215263,26.569736567894246
1119075,2067685,26.540090779837826
1119075,7105868,26.395859329679233
1119075,6670851,26.383231655373052
1119075,6670855,26.383231655373052
1119075,653849,26.35027102086459
1119075,8165857,26.0100044239444
1119075,653845,25.870484626351377
1119075,16177,25.77107562687896
1119075,6670859,25.7061266964355
1119075,1379738,25.639929390686063
1119075,922011,25.511624460313946
1119075,1379740,25.327003377322367
1119075,922010,25.29613563474001
1119075,653844,25.266988301009313
1119075,6670858,25.175578636703175
1119075,6196343,25.137112483148925
1119075,1955506,25.095615366169593
1119075,16178,25.06370588198128
1119075,7215259,24.935432127400915
1119075,5890182,24.935432127400915
1119075,754873,24.920299505072958
1119075,1379736,24.815475792375004
1119075,16176,24.80580759046357
1119075,6670860,24.793946905112108
1119075,1379745,24.617580814052324
1119075,6196344,24.315129758113095
1119075,4503603,24.305897119822582
1119075,2564262,24.056460108821618
1119075,1379742,24.04239114047397
1119075,6670852,23.811834372694754
1119075,7215261,23.79466799589137
1119075,5890179,23.673634886541542
1119075,7356070,23.551928865017643
1119075,7742343,23.460861975341455
1119075,6670856,23.201533512666153
1119075,7215258,23.17729454238251
1119075,1379741,23.141233114308257
1119075,2067690,23.136977025178137
1119075,7105867,23.136977025178137
1119075,7105866,23.136977025178137
1119075,16171,23.04194724615126
1119075,8075062,23.021110715652114
1119075,5890185,22.918654287027493
1119075,8165862,22.918654287027493
1119075,6670857,22.79419486292334
1119075,6196345,22.790393795469466
1119075,7105864,22.79008852435259
1119075,3540676,22.26021789226228
1119075,1379737,22.16150502381328
1119075,1516867,22.0638836958981
1119075,6196341,22.053557965922877
1119075,8165861,21.878039092406688
1119075,6196346,21.650928112961285
1119075,5833085,21.614139628490364
1119075,7133138,21.429375814570516
1119075,4803227,21.22916224156228
1119075,2870496,20.83931479484217
1119075,6196342,20.824918756141606
1119075,5890181,20.639279057227956
1119075,5160139,20.30096903586803
1119075,8165855,20.287664548572042
573724,2417985,23.1862645263664
573724,5047796,20.123487924496324
573724,394139,19.894656724293114
573724,5339620,19.66247010228728
573724,394136,19.320239361744736
573724,3365633,18.892832881927625
573724,7104827,18.780264225708137
573724,8833192,18.71677238099148
573724,1293333,18.49618964330375
573724,3365638,18.392032377769723
573724,7134411,18.378622119032425
573724,7199669,18.317109439888284
573724,3146238,18.26043205366311
573724,5310530,18.10347048311302
573724,7609928,17.95551119146185
573724,87404,17.953820896968352
573724,7199675,17.94496484703602
573724,3617636,17.82148492354456
573724,8441642,17.807197628046413
573724,1165129,17.747008321149703
573724,3365631,17.72885346300301
573724,3365636,17.689933292478106
573724,162145,17.65570951247368
573724,7199674,17.654255110820582
573724,7104826,17.59536079299934
573724,7199672,17.496081382195296
573724,7384325,17.368919310474528
573724,7199673,17.3434374043403
573724,1862686,17.32619145568186
573724,87405,17.230291831034112
573724,3059593,17.15743350439109
573724,1509942,17.15195980529618
573724,2002448,17.101221468977702
573724,87409,16.935575705116342
573724,7609926,16.825662594499462
573724,3365639,16.550583751387727
573724,394138,16.509216564160987
573724,8444730,16.4443194592319
573724,5962423,16.28205669244516
573724,7199667,16.222780601621604
573724,7609930,16.17390131488024
573724,7674858,16.138222782832162
573724,1816038,16.052444135109333
573724,8047166,15.96023743432738
573724,394142,15.949334815099405
573724,2186124,15.933491825104856
573724,7104825,15.903914848256989
573724,7609927,15.853419012323018
573724,3365635,15.73831761268082
573724,3546092,15.619985129092901
573724,87402,15.59795010123107
573724,4017883,15.575307321629882
573724,2133806,15.57414600285378
573724,3492364,15.477099242394477
573724,5962426,15.441371897131498
573724,1509940,15.432876420459849
573724,5721831,15.374031838953252
573724,7609929,15.34176353374599
573724,7384332,15.264436981049837
573724,1165128,15.244438219470519
573724,5306910,15.23436152144242
573724,3059590,15.205286257630917
573724,8444727,15.142393233615039
573724,8404002,15.092490893223793
573724,5962419,15.01039348504803
573724,7674859,15.007156572367723
573724,4670641,14.980053144831125
573724,3365640,14.972309924151439
573724,1509939,14.971871317387254
573724,4360246,14.936415235711337
573724,3146236,14.891739123382727
573724,8833199,14.883238582899724
573724,6496777,14.881097382114895
573724,305009,14.80889534652406
573724,5384308,14.74522293630465
573724,8833194,14.669111389475505
573724,1165126,14.538671258823328
573724,7498096,14.43561407830233
573724,41433,14.298890569038239
573724,1313804,14.278695199915603
573724,2002445,14.247401277096007
573724,87400,14.212054143821806
573724,5962424,14.062685400732622
573724,5962420,14.039789697951257
573724,3365632,14.034400163343369
573724,1005335,14.033012377986687
573724,1113579,13.966928768944738
573724,7056648,13.940004278151058
573724,8444728,13.921654231091642
573724,5185671,13.892308272584579
573724,5185664,13.892308272584579
573724,5785717,13.888764136628842
573724,7275118,13.841274406379249
573724,6121093,13.828756115841188
573724,3059585,13.787942219927004
573724,7530702,13.768376745370668
573724,7964601,13.71270033782907
573724,2635262,13.665524458622542
573724,8441639,13.650360378259181
573724,3701495,13.640398419491316
600573,6197299,36.073847916344015
600573,1048866,34.23021333247686
600573,2196128,30.98253695213585
600573,8516012,30.677815425771723
600573,5623755,29.054753619323925
600573,4140572,28.818796568054644
600573,2718565,28.791326089061386
600573,3172848,28.460930685726023
600573,304953,27.707396846155067
600573,1883936,26.82170632330866
600573,7053094,26.794531097605084
600573,1050102,25.60438500100723
600573,2081549,24.848035613043056
600573,8548609,24.786778405635317
600573,569268,23.181914317106326
600573,3071857,23.061758977896936
600573,4015557,23.019911944490914
600573,2573979,23.00504173643066
600573,956656,22.8450984008487
600573,6455045,22.364413916267566
600573,3661136,22.18235921488403
600573,1374242,22.088208195980794
600573,171859,21.969969692145735
600573,4862692,21.889683674797716
600573,4212653,21.762955153201545
600573,3071848,21.75203441686938
600573,5871726,21.63532769278016
600573,2065519,21.411715231169794
600573,3674379,20.902547060401574
600573,423563,20.770692778633713
600573,7340547,20.758320093508786
600573,171860,20.676460542873052
600573,8286403,20.655341609892943
600573,4268991,20.531776004522705
600573,2065513,20.44742348989351
600573,7016914,20.33576707786397
600573,3513512,20.309482232491476
600573,3561319,20.276613513793123
600573,7890139,20.260104178316592
600573,1312374,20.146829217102166
600573,8434756,20.099133379364332
600573,1312376,19.9391660793711
600573,458186,19.920401249297633
600573,1493506,19.89981170950755
600573,4237,19.789574812952544
600573,6990308,19.776432125396234
600573,6937495,19.66171697298136
600573,8392579,19.64967993207138
600573,5361884,19.640257664346034
600573,5440709,19.50405371464807
600573,8665969,19.42339843023998
600573,4628838,19.410718440592355
600573,5040429,19.3114110451076
600573,911923,19.30652869341203
600573,4808425,19.30010857714413
600573,1374642,19.264855536545227
600573,583901,19.25675267438385
600573,3410811,19.255924563692
600573,4160074,19.25494153504134
600573,7487162,19.247558115940283
600573,6124545,19.207189103789762
600573,4813466,19.189959604552932
600573,6716608,19.155821430797737
600573,2525079,19.141904986063107
600573,1031079,18.975259195111015
600573,726373,18.971553279722453
600573,4117500,18.969881596684637
600573,1434830,18.969492967979285
600573,5376014,18.964667650070336
600573,1020596,18.950165021811863
600573,8451453,18.85928378680548
600573,5560542,18.837743268904667
600573,6875792,18.768980065589027
600573,583897,18.757864364549242
600573,3261213,18.734562151994254
600573,7376086,18.71537750895168
600573,5560549,18.712986678183604
600573,3046842,18.686362817610515
600573,8616309,18.632486371159942
600573,983201,18.580934200217307
600573,2198739,18.574044738593916
600573,917137,18.56518799823767
600573,2573976,18.549592674594795
600573,6990305,18.519152189343504
600573,8773592,18.519139810421283
600573,3375034,18.48748739678811
600573,4615766,18.481244269867126
600573,6828287,18.402992279359214
600573,7704013,18.395441061709484
600573,1833083,18.369560273533835
600573,1397607,18.34594300682163
600573,4358052,18.33937795854327
600573,405052,18.33906646833684
600573,5136316,18.333364737419956
600573,6312429,18.31572649166703
600573,1686205,18.308062300134573
600573,8280787,18.26815697141159
600573,4898246,18.20874772144458
600573,1777221,18.1766851702518
600573,3424373,18.143455931204066
1120447,8062204,23.26741390930232
1120447,815123,22.97393614227113
1120447,8062202,22.97393614227113
1120447,5664635,20.651012399817272
1120447,5664641,19.025528302912026
1120447,5664639,18.95583392434074
1120447,815122,17.83187361306077
1120447,8744940,17.826571514328503
1120447,8062206,17.737287037238005
1120447,815126,17.454483411972234
1120447,4416185,17.282335257045368
1120447,1788612,17.159027176203036
1120447,1670842,16.91927680711406
1120447,227632,16.850775929310597
1120447,2458314,16.814401799364244
1120447,5664637,16.70489610413716
1120447,815119,16.573738173956013
1120447,815118,16.4789076281006
1120447,1596861,16.403073471298946
1120447,2746259,16.25343821060361
1120447,4036642,16.207111431416603
1120447,5409309,16.199188712919167
1120447,6523749,16.195623437639497
1120447,4798711,16.09048933321132
1120447,8701712,16.060735504589907
1120447,580107,16.060735504589907
1120447,210548,16.060735504589907
1120447,4798708,16.0368966865751
1120447,4416188,15.967595539961785
1120447,4537805,15.955955014036704
1120447,613634,15.93559574262661
1120447,7148039,15.826327791597212
1120447,2452710,15.721263729297394
1120447,5236509,15.630414316478932
1120447,6981002,15.566602083296159
1120447,862123,15.540446628258442
1120447,1022132,15.525245762665218
1120447,862130,15.455669334119278
1120447,666381,15.323690517756912
1120447,8123414,15.282721784036617
1120447,1622935,15.264997491536022
1120447,216114,15.209582643354384
1120447,3224848,15.196933638088034
1120447,6897857,15.170893050692017
1120447,8062205,15.137185301974164
1120447,6138608,15.08615276495912
1120447,3885801,15.064883796604008
1120447,4447438,15.042824278356054
1120447,3789145,14.970114570186631
1120447,227637,14.945353410380157
1120447,6919049,14.945353410380157
1120447,7395206,14.919608058437674
1120447,7148038,14.810395325722913
1120447,4537800,14.80396120213176
1120447,7577599,14.798247597979357
1120447,5341713,14.780765281789272
1120447,213427,14.780765281789272
1120447,223002,14.780765281789272
1120447,6931239,14.679826593024895
1120447,4966333,14.670715838148078
1120447,1735879,14.669080835044355
1120447,2104085,14.644443478879921
1120447,213426,14.637382979622549
1120447,213423,14.637382979622549
1120447,1759494,14.61267675540325
1120447,4215847,14.61014597960376
1120447,7914079,14.587604063809549
1120447,8059491,14.586894868449537
1120447,225059,14.549351122804335
1120447,8647324,14.528058227929955
1120447,5870526,14.510576421262092
1120447,6991144,14.510576421262092
1120447,7017479,14.510576421262092
1120447,826793,14.501862355742167
1120447,8692777,14.495539019280084
1120447,3419072,14.484886267060304
1120447,824835,14.475990442815826
1120447,222534,14.475990442815826
1120447,222411,14.475990442815826
1120447,492271,14.475990442815826
1120447,8062198,14.475990442815826
1120447,7914447,14.457516925074827
1120447,3897134,14.433696543876527
1120447,213428,14.42702940820286
1120447,2764445,14.407323091016462
1120447,2697618,14.386549787561373
1120447,6424223,14.386549787561373
1120447,215361,14.386549787561373
1120447,767501,14.3798615829467
1120447,649440,14.3798615829467
1120447,538310,14.37910006868771
1120447,8062207,14.353257522346057
1120447,7911295,14.349415657568024
1120447,8574787,14.342858117484594
1120447,186499,14.342858117484594
1120447,8062180,14.337967601333101
1120447,731295,14.33579512196094
1120447,8419464,14.330670860793047
1120447,7638861,14.329074679634104
1120447,6728501,14.329074679634104
574575,1222553,17.693936906884744
574575,1591966,16.085980302116678
574575,3644375,14.692224018510757
574575,1416540,14.655386545559287
574575,5191265,14.548760282674536
574575,6465442,14.491663287797675
574575,635913,14.405778156606548
574575,1222557,14.39217336460424
574575,4639585,13.846262708843255
574575,1222554,13.702826032128886
574575,2032642,13.496187409176997
574575,6417490,13.419601091674963
574575,8430162,13.24300519253472
574575,2032646,13.24300519253472
574575,1222551,13.219092947556621
574575,6100546,13.085012447925322
574575,6731609,12.824565791616493
574575,3176210,12.752317385640552
574575,7217847,12.730083834499016
574575,7935743,12.71393321630916
574575,8769967,12.634945320791822
574575,2242105,12.577545505446746
574575,156301,12.521747245379629
574575,2356295,12.501027817995023
574575,7740131,12.455818953136369
574575,2823438,12.368597456709818
574575,2571056,12.192086132152326
574575,6845593,12.151854627720398
574575,3241862,12.14928716519135
574575,766621,12.118207839691841
574575,4808955,12.109563510362285
574575,2571059,12.067658502477457
574575,1915745,12.04069721596505
574575,6100541,11.959151964522198
574575,7883300,11.846154260811106
574575,7109091,11.837213834598408
574575,2474052,11.823175130998552
574575,521341,11.68357465828134
574575,1422757,11.627452512067867
574575,6827226,11.603997211688057
574575,4639588,11.51535901278778
574575,7578641,11.481241946242594
574575,8505302,11.381810770963462
574575,5241409,11.23894580743822
574575,3855555,11.09890001801082
574575,5306231,10.99189514410013
574575,4326407,10.99189514410013
574575,6310573,10.94187017056674
574575,1757139,10.910605986376055
574575,345093,10.837167248123096
574575,590546,10.800522836421216
574575,7111276,10.70368464262922
574575,4697330,10.638276905029576
574575,6183647,10.562385032485132
574575,384910,10.551197513785633
574575,4662543,10.536688986726446
574575,7678834,10.491554173471975
574575,1007725,10.466972852667531
574575,4783971,10.45788164240928
574575,6598888,10.455670898026057
574575,7447382,10.446579981922994
574575,8109529,10.417593836753039
574575,4639591,10.407501714379912
574575,5342448,10.389473862712759
574575,1342105,10.365788496998029
574575,6883339,10.361069399737469
574575,7418891,10.320121591310325
574575,3118411,10.311638873747782
574575,6021167,10.280362418352734
574575,63008,10.235952519900803
574575,1222556,10.209528548808425
574575,3337364,10.101129455263447
574575,6161786,10.00673667132914
574575,2828791,9.929402762897844
574575,1771518,9.91983262279353
574575,8763885,9.884010108869024
574575,1838162,9.834638863340553
574575,1615724,9.802834395950633
574575,661110,9.777798301028314
574575,2828794,9.649109585568631
574575,6836057,9.646472930133301
574575,6907676,9.641272500518937
574575,3311234,9.5770416405955
574575,1924817,9.56593025614578
574575,5984259,9.499639823537247
574575,3951133,9.450832872930967
574575,3182710,9.419186618939584
574575,5428869,9.408400119566924
574575,345094,9.385307466288491
574575,8584695,9.350560872398068
574575,5833476,9.329650027470745
574575,3176203,9.3044842096455
574575,3755193,9.253694940363232
574575,7041568,9.23924730287481
574575,661108,9.207475605191721
574575,6560930,9.196579551858495
574575,8672102,9.189111991547305
574575,6544231,9.16133670750455
574575,661109,9.158563541320362
574575,3747046,9.154557046516478
1055865,3753625,30.564619294090274
1055865,8654373,29.3644394373282
1055865,8654371,28.18233739421235
1055865,3318413,28.011082059562877
1055865,3319396,27.79728192310089
1055865,7427204,27.63715920949442
1055865,8654372,27.20901128402804
1055865,689853,26.7474532648936
1055865,3318407,26.57036822115736
1055865,4463868,26.041346885457898
1055865,4507869,25.93782832211179
1055865,8654367,25.879780446672232
1055865,6140348,25.400949384359155
1055865,5569488,24.738031406403543
1055865,8654368,24.588550102942335
1055865,6332669,24.552293848429706
1055865,7847456,24.221536409715142
1055865,8837068,24.210572055909683
1055865,5217897,23.288675541975138
1055865,7427200,23.202264839475436
1055865,3318414,22.8413622552608
1055865,5130588,22.79253852148697
1055865,2670528,22.6710344636815
1055865,8654374,22.455002814653596
1055865,2685498,22.4467953129164
1055865,5722716,22.19819107283628
1055865,5405925,22.1976426960905
1055865,4773183,22.178501155842817
1055865,5374873,22.05923813511535
1055865,4365993,21.86621468793377
1055865,689850,21.864795063326035
1055865,8654369,21.72243140980733
1055865,6541019,21.501491562599043
1055865,5621401,21.372945072802928
1055865,4219211,21.222359400572877
1055865,3421935,21.20301439235265
1055865,4219213,21.180631051808945
1055865,8542391,21.154526625539994
1055865,499077,21.138391793299284
1055865,3588294,21.012768309438616
1055865,4219214,20.917373915569858
1055865,4587730,20.88219523888271
1055865,4773182,20.856461972772582
1055865,95942,20.84505126802395
1055865,2993611,20.832508129216173
1055865,5315247,20.816179739371393
1055865,499079,20.798478783193985
1055865,4219216,20.761960511357792
1055865,4358295,20.686301477136013
1055865,499076,20.655081384657322
1055865,2102882,20.628294183513955
1055865,4052829,20.593494346413284
1055865,8231151,20.139883830414625
1055865,3863425,20.061154886862944
1055865,7283763,20.020541719160242
1055865,95940,19.971232096886965
1055865,6917575,19.882642058104288
1055865,2796864,19.863884379711283
1055865,2429845,19.76567902159817
1055865,3753628,19.764339049802455
1055865,8654370,19.729944520567408
1055865,2437393,19.629682223825878
1055865,6838494,19.60016156088213
1055865,7243027,19.532366198875597
1055865,4122755,19.52730165811277
1055865,7293614,19.513186426030565
1055865,7292577,19.484011459968833
1055865,4953598,19.458019141416308
1055865,5073197,19.451120255900506
1055865,6838497,19.412391670084077
1055865,4147433,19.36124582362468
1055865,3174632,19.36104610247014
1055865,2410103,19.33927881637927
1055865,4773179,19.303091398820197
1055865,5301425,19.294924287679812
1055865,4182055,19.278656495841968
1055865,7090968,19.204327574607486
1055865,4122761,19.197431450747764
1055865,7742733,19.14734699713266
1055865,2899787,19.127901383573157
1055865,7090966,19.077938550600507
1055865,8197390,19.013473557285522
1055865,95943,19.007602452598164
1055865,5124068,18.995993723928162
1055865,6130441,18.984400196852825
1055865,2435751,18.942916954970904
1055865,4773180,18.87920812023645
1055865,7452944,18.8778827694291
1055865,6998420,18.85640073832984
1055865,7293601,18.805754127177604
1055865,5841713,18.79341047596568
1055865,6332663,18.78286864492188
1055865,8203975,18.756421330361643
1055865,2437395,18.74404836270095
1055865,8784541,18.71285408391611
1055865,3657377,18.680069148618088
1055865,5058299,18.66876822752069
1055865,3338874,18.656297911885666
1055865,6140353,18.653791868203353
1055865,2836569,18.644989562962223
494835,1621582,12.365969401672498
494835,7119411,11.041741126333786
494835,6660619,11.018182053369237
494835,6660622,10.762563162259584
494835,8375399,9.827448463088112
494835,8479968,9.371403573718252
494835,2284101,9.150329900022218
494835,6962231,9.00748399179686
494835,4479437,8.887382328541078
494835,7687119,8.738337149568366
494835,2246325,8.681740674637453
494835,8479967,8.630444808496108
494835,511513,8.559426164087947
494835,8198790,8.404360160343654
494835,8321820,8.404360160343654
494835,962017,8.404360160343654
494835,5705289,8.254812657288591
494835,2460469,8.254812657288591
494835,2099196,8.254812657288591
494835,2927963,8.210398291129888
494835,3677872,8.110494215979353
494835,1621581,8.110494215979353
494835,8479964,8.110494215979353
494835,5161103,8.040210930491252
494835,817995,8.040210930491252
494835,8753477,8.040210930491252
494835,3080661,7.971135290662287
494835,8124056,7.971135290662287
494835,8790512,7.971135290662287
494835,7616454,7.971135290662287
494835,8183988,7.9032364359861
494835,1511116,7.9032364359861
494835,719933,7.9032364359861
494835,7838830,7.9032364359861
494835,5790432,7.9032364359861
494835,1793943,7.9032364359861
494835,2726248,7.836484548565676
494835,7516504,7.836484548565676
494835,4801073,7.796446765586054
494835,3257190,7.77085080945197
494835,3262059,7.77085080945197
494835,2674348,7.77085080945197
494835,2000701,7.77085080945197
494835,4043791,7.77085080945197
494835,6660618,7.77085080945197
494835,3039917,7.64282724822566
494835,4043787,7.64282724822566
494835,4164851,7.64282724822566
494835,4833440,7.64282724822566
494835,6316566,7.604739054144882
494835,5408609,7.580384419719897
494835,7468408,7.580384419719897
494835,2279956,7.580384419719897
494835,4589832,7.580384419719897
494835,5321066,7.580384419719897
494835,5758247,7.580384419719897
494835,8206688,7.580384419719897
494835,8782947,7.580384419719897
494835,6027063,7.518953653554056
494835,3313187,7.518953653554056
494835,4686443,7.518953653554056
494835,5331684,7.518953653554056
494835,5943142,7.518953653554056
494835,444588,7.518953653554056
494835,1621578,7.458510542530333
494835,1399074,7.458510542530333
494835,5666964,7.458510542530333
494835,6375523,7.458510542530333
494835,5298846,7.399031458007317
494835,55622,7.399031458007317
494835,4039065,7.399031458007317
494835,8011619,7.399031458007317
494835,7468404,7.340493519102002
494835,3080669,7.340493519102002
494835,7154654,7.340493519102002
494835,7173158,7.340493519102002
494835,2211254,7.33422588910924
494835,6145377,7.282874563342238
494835,3725816,7.282874563342238
494835,6477396,7.282874563342238
494835,7957774,7.282874563342238
494835,3301626,7.22615311869065
494835,6599688,7.22615311869065
494835,556234,7.22615311869065
494835,4709791,7.22615311869065
494835,7516506,7.170308376865716
494835,3333374,7.170308376865716
494835,7919843,7.170308376865716
494835,8764976,7.170308376865716
494835,7344517,7.170308376865716
494835,3417345,7.170308376865716
494835,4626172,7.170308376865716
494835,3744489,7.170308376865716
494835,5459946,7.170308376865716
494835,2419379,7.170308376865716
494835,6911641,7.170308376865716
494835,7025967,7.170308376865716
494835,6660616,7.170308376865716
494835,4479434,7.170308376865716
494835,8217072,7.170308376865716
1126814,8783832,21.719634864900915
1126814,8783828,21.315203306228604
1126814,8783830,19.543769762543043
1126814,8783833,18.2707497960453
1126814,8783825,17.36771398054224
1126814,2065085,17.25381134297497
1126814,8783831,15.81398720653931
1126814,8783834,15.754062942716834
1126814,8783829,15.74062882690184
1126814,8783826,15.246889774862765
1126814,8783827,15.226217416313276
1126814,371140,9.827685059137595
1126814,1802937,7.8886291533296236
1126814,1454394,7.878071230912821
1126814,6585233,7.856302664609333
1126814,1718914,7.850672208873982
1126814,7491253,7.850672208873982
1126814,155337,7.822745243471829
1126814,978100,7.811488138585922
1126814,8606378,7.808334959867215
1126814,7215870,7.800532440716738
1126814,5695569,7.800532440716738
1126814,8154500,7.799859837711276
1126814,3839699,7.783233881516692
1126814,310119,7.737756792798534
1126814,985331,7.7293659578770155
1126814,8545787,7.7293659578770155
1126814,3352752,7.7039962128849195
1126814,8425673,7.700673726089148
1126814,1805234,7.69133414587996
1126814,8553988,7.690026448461765
1126814,4374352,7.690026448461765
1126814,8156404,7.690026448461765
1126814,6338342,7.690026448461765
1126814,362119,7.675239136312537
1126814,7934284,7.675239136312537
1126814,7448481,7.670380624084194
1126814,2061966,7.659767252448954
1126814,1360278,7.649713073241085
1126814,6977530,7.649713073241085
1126814,5040548,7.6487647916637735
1126814,5190036,7.6362616045622715
1126814,2913157,7.629976549737344
1126814,1396457,7.6290098643029145
1126814,6292274,7.6290098643029145
1126814,8596023,7.624955950007777
1126814,8021256,7.622857359718631
1126814,5190038,7.622857359718631
1126814,5190043,7.622857359718631
1126814,912760,7.6137236131227235
1126814,697722,7.605896570714377
1126814,7052140,7.601579278335803
1126814,517175,7.598498497584483
1126814,1896188,7.596189550289484
1126814,1771172,7.583879096524197
1126814,4356657,7.573157348253984
1126814,2110587,7.568230212246975
1126814,2085443,7.564363036729081
1126814,2154868,7.562938708729231
1126814,2085444,7.562938708729231
1126814,1796243,7.561230222999342
1126814,4083329,7.5525063710546085
1126814,2073912,7.550712683437177
1126814,3080373,7.548724874530938
1126814,4690253,7.547465217048659
1126814,5660093,7.547465217048659
1126814,2073911,7.540224362660928
1126814,2073909,7.535823338419278
1126814,1896187,7.5232772450786065
1126814,2541783,7.5215857031184665
1126814,2073915,7.519334891779056
1126814,2073916,7.5126469945790415
1126814,8714959,7.5126469945790415
1126814,2343178,7.508411357907589
1126814,3418511,7.507106319040935
1126814,8692545,7.507106319040935
1126814,6745233,7.507106319040935
1126814,1724967,7.507106319040935
1126814,6401928,7.507106319040935
1126814,8359691,7.5007992354966735
1126814,8590260,7.5007992354966735
1126814,583273,7.5007992354966735
1126814,2154869,7.498560845688643
1126814,6616533,7.496600397489458
1126814,108985,7.496600397489458
1126814,4691132,7.496600397489458
1126814,5823547,7.488216808393361
1126814,8762220,7.480127341175272
1126814,4418188,7.479385170323067
1126814,3944273,7.479385170323067
1126814,108989,7.479385170323067
1126814,1771170,7.478855138447705
1126814,3750129,7.478457663837482
1126814,6593894,7.47753038736054
1126814,3311155,7.4694731262331775
1126814,4040483,7.468346341652819
1126814,2085449,7.468346341652819
1126814,6306169,7.46761411395874
1126814,7327441,7.465601227941489
1126814,7450771,7.464164116459524
168216,1381477,34.59087471500604
168216,3830857,34.296073408828434
168216,3174840,34.14905791634396
168216,13499,31.981179298906163
168216,2265769,30.95546994481746
168216,1735360,30.084326922300836
168216,290826,29.88391691200448
168216,8639630,28.606255635941842
168216,1924800,28.606255635941842
168216,8639633,28.322417224858995
168216,3033359,28.287319470345167
168216,8723467,28.287319470345167
168216,4792582,28.28393754874795
168216,4119829,28.266656632001762
168216,1924796,28.217190051599633
168216,8639627,27.906283386334856
168216,8731623,27.832944229111106
168216,3344828,27.751350410441482
168216,2265772,27.686056371532878
168216,1735358,27.12156362879713
168216,2069992,26.66990576283777
168216,6264733,26.502025464450796
168216,6061726,26.38303131570609
168216,7745780,26.356532991136913
168216,3198680,26.269640814714602
168216,1301472,25.83188886053844
168216,4498419,25.534906016072963
168216,8252763,25.521952310731397
168216,3908773,25.48426247682634
168216,661750,25.374539240347325
168216,8731621,25.35835553780654
168216,1301469,25.35835553780654
168216,6061718,25.290205105637465
168216,6061721,25.28962614267812
168216,8141128,25.221192155815594
168216,6213325,25.19432634562213
168216,6329932,25.184617522023892
168216,1183706,25.174790810411867
168216,6282561,25.1485112225098
168216,3908777,25.126746555392078
168216,3908774,24.967328218565612
168216,6213322,24.829144246751937
168216,6426638,24.802114565812396
168216,3908776,24.684015122467024
168216,5293614,24.612999055479094
168216,1301466,24.508584805431035
168216,3198689,24.453695137764658
168216,7337519,24.383543879316697
168216,2069995,24.371509746282744
168216,2790904,24.367335170429808
168216,1301468,24.31509048135362
168216,3198687,24.275554585231518
168216,3399715,24.275554585231518
168216,1090088,24.206459850553472
168216,5935477,24.123058348358065
168216,6282562,24.118341785723512
168216,7337513,23.911598533105423
168216,6282567,23.84186404327982
168216,7492755,23.5240415226456
168216,6061722,23.435469347398747
168216,1301467,23.35962547577615
168216,1301465,23.304773664948176
168216,3399712,23.258019940480462
168216,6264731,23.25192108717811
168216,8185137,23.06063075293956
168216,6426634,22.974316149979778
168216,2036279,22.880361596001766
168216,3463556,22.863070381516636
168216,4324491,22.85726919597979
168216,5935476,22.725099584875764
168216,3681095,22.69045985676688
168216,1301474,22.657462998074326
168216,4792583,22.569642967793285
168216,6249512,22.569642967793285
168216,8731625,22.268150138741806
168216,8185131,22.268150138741806
168216,2659074,22.254580722535753
168216,3344834,22.078468012539638
168216,8185135,21.948452690570658
168216,5690224,21.528327269205786
168216,8185129,21.284371719701443
168216,8731617,21.208903481008615
168216,8048968,21.17654916300848
168216,8252762,21.019220111990165
168216,3399713,20.82144484138574
168216,6282560,20.711003455944816
168216,6264734,20.452027349624583
168216,3908779,20.382930818026196
168216,8731622,20.280706149312106
168216,1301471,20.21440147905756
168216,6426632,20.15519002617676
168216,4324492,20.030961419531693
168216,4324487,19.95021660987134
168216,8731624,19.773512983942947
168216,5771045,19.688189542456755
168216,7492753,19.670506763217286
168216,5935474,19.57707806597265
168216,8252764,19.567550076014793
168216,5024311,19.50438759714465
168216,3004214,19.25458466953368
100983,7198157,15.510925935877413
100983,4902699,14.973897686516802
100983,1841071,14.956692071978365
100983,5574827,14.83785649923126
100983,4681480,14.682787891283919
100983,6013124,14.678425048958108
100983,3426608,14.675316716181127
100983,5644251,14.66815372468891
100983,1815153,14.630369993946978
100983,4486504,14.574293468349822
100983,7613813,14.56699528860511
100983,8326050,14.563589048480061
100983,4563926,14.470168310668095
100983,2242608,14.451092781723837
100983,7642427,14.373504564337106
100983,7485586,14.370200611588565
100983,3029367,14.342703389872426
100983,4563925,14.292632271088909
100983,4005451,14.287244976157835
100983,1336317,14.273121221181338
100983,1530225,14.24291375223773
100983,5281609,14.235433519960747
100983,5574823,14.230123307693718
100983,3081420,14.22108850234283
100983,7666902,14.195225457637113
100983,5331075,14.180511920601816
100983,2853391,14.175697712476996
100983,3112007,14.157805172903489
100983,1183962,14.155186621077092
100983,1183965,14.139814313782356
100983,641989,14.125601637453515
100983,1183960,14.104210956679239
100983,7704807,14.0986712331099
100983,2834104,14.072122889651427
100983,3112012,14.062451747383268
100983,3029371,14.040936458703001
100983,7858020,14.040936458703001
100983,7613815,14.038030185750525
100983,3319667,14.031784513088548
100983,2460168,13.99948051799291
100983,3318276,13.979077844200289
100983,4036596,13.96902159420766
100983,786238,13.9606153148515
100983,5011705,13.957786757174876
100983,3318273,13.935159354608235
100983,7704804,13.874748347668053
100983,5594655,13.858325727242928
100983,1971812,13.857687769120329
100983,8367729,13.84152451520043
100983,6347528,13.836388213450247
100983,3081421,13.82584770227107
100983,3900829,13.823110193790313
100983,6782184,13.81341181071151
100983,7192781,13.78838335558704
100983,2820896,13.78646741683299
100983,3318277,13.785878737870927
100983,6648234,13.780968302295646
100983,3029373,13.777430121884851
100983,4486503,13.757787660301009
100983,5801466,13.750023190055028
100983,5674350,13.725530225062945
100983,2448814,13.718088134002082
100983,2460174,13.713126064343765
100983,3081418,13.693532672637154
100983,3483285,13.693057077502516
100983,2834099,13.63652049717587
100983,6008894,13.62702074018627
100983,5089965,13.619329428961857
100983,7704805,13.591838591060856
100983,6240766,13.572148173898423
100983,5484973,13.572116223959892
100983,4395994,13.562534442221658
100983,928683,13.552242089579655
100983,5594650,13.540452618135863
100983,117381,13.537125930189688
100983,5480789,13.533412484144291
100983,3124936,13.519227030742353
100983,5331078,13.519227030742353
100983,4898751,13.519227030742353
100983,6347529,13.516465211759229
100983,7858019,13.510155739430795
100983,6782185,13.507701011699263
100983,6782186,13.507701011699263
100983,8234892,13.507701011699263
100983,7642430,13.506333325707716
100983,1478800,13.482910637996524
100983,8720731,13.47976098047447
100983,5733378,13.468226308843128
100983,7397524,13.466736569797158
100983,3319671,13.466369907472856
100983,5574831,13.461928897783132
100983,3739645,13.461367675017224
100983,117386,13.45279114616066
100983,613145,13.448128656561467
100983,5804026,13.447965146327551
100983,4005452,13.441956715710653
100983,1815146,13.441956715710653
100983,2820890,13.432152427202588
100983,6782187,13.425697735639519
100983,3542846,13.414168865311527
194013,73080,33.61627602902195
194013,8108372,31.621796929915575
194013,73074,31.00633301129548
194013,73076,27.819930356418766
194013,73078,27.302254477947567
194013,2529058,25.549680159078235
194013,73077,21.104697429621666
194013,2557801,20.754853523429084
194013,73079,19.932921555004828
194013,1179976,18.470902367895825
194013,1179977,18.470902367895825
194013,73075,18.25907668981082
194013,1044672,16.722390829221894
194013,1186986,16.4491428939116
194013,199036,16.302707246433094
194013,6980109,16.18468126374532
194013,3440446,16.055613935975913
194013,6980110,15.680474582978945
194013,577031,15.490403039778785
194013,1186979,15.439971338800046
194013,3083241,14.869798116617451
194013,7762107,14.75032094668725
194013,2973322,14.53774812460766
194013,2223328,14.141998980330944
194013,1587597,13.993491846324359
194013,2529061,13.752510481012902
194013,8150710,13.29054843816421
194013,1654485,13.248209237443781
194013,8306838,13.214048641148409
194013,6240647,13.15656426033707
194013,5147749,13.15656426033707
194013,3895666,13.12104718383328
194013,6240648,13.083068182730365
194013,7249455,12.938512221233058
194013,169540,12.901506303194505
194013,590037,12.85361568202148
194013,7109104,12.796654847609817
194013,3048671,12.794103183600438
194013,1049143,12.723847000255827
194013,6287108,12.678901071793586
194013,4504562,12.614263551652279
194013,1185196,12.610066158575929
194013,1011355,12.588512196042341
194013,770373,12.568968476878258
194013,6818193,12.568968476878258
194013,3961060,12.543705801690773
194013,8356475,12.456785825367348
194013,169542,12.429440390818531
194013,5257299,12.429440390818531
194013,2898038,12.390880541724833
194013,4317935,12.390880541724833
194013,569513,12.38149893585058
194013,7052100,12.361246228064731
194013,7005976,12.299430940212703
194013,5339504,12.275023134283455
194013,6011545,12.256519510342592
194013,4374402,12.211694375038935
194013,185629,12.197283547333665
194013,601585,12.127458451026776
194013,7411441,12.127458451026776
194013,6240650,12.071545114462396
194013,7411443,12.04885547924486
194013,740079,12.022962020033326
194013,779084,12.022962020033326
194013,6395550,12.022962020033326
194013,718646,11.996945402799891
194013,2898039,11.981742623945138
194013,2122742,11.981742623945138
194013,1303820,11.974287061654012
194013,4025112,11.974287061654012
194013,1581551,11.948372635547283
194013,8023951,11.92804976246118
194013,1185200,11.917993807897385
194013,3122624,11.88338064570005
194013,6770533,11.86800787391107
194013,3902508,11.856684138570586
194013,155483,11.832688332770394
194013,4348262,11.832688332770394
194013,7335148,11.827936645357621
194013,4086704,11.820186341445211
194013,4706876,11.775633165586466
194013,890377,11.775633165586466
194013,4229426,11.752568821677482
194013,4979589,11.752568821677482
194013,8760380,11.723036698969082
194013,4374408,11.700130130494056
194013,5206193,11.689148120578439
194013,8286591,11.67819617785333
194013,8302625,11.674599435875916
194013,5339513,11.663700140657824
194013,1185197,11.66333240298008
194013,322683,11.620396225597567
194013,1185198,11.608065760642058
194013,7477463,11.608065760642058
194013,8158506,11.608065760642058
194013,555126,11.604798273070937
194013,6170865,11.604798273070937
194013,5449196,11.604798273070937
194013,854409,11.553374686804716
194013,8442395,11.540758052040736
1119092,8074960,23.349946150362122
1119092,8074957,23.222288696292892
1119092,8097019,21.868418326082114
1119092,277150,21.17170137543098
1119092,7395112,19.365620596058896
1119092,277153,18.968221680483673
1119092,5092392,18.47533163085069
1119092,770119,18.15279140395544
1119092,8074961,17.94920863632923
1119092,381284,17.83763121754697
1119092,5807699,17.765785493444152
1119092,6083785,17.64389434402788
1119092,8353481,17.63033190290694
1119092,5402701,17.591972629627374
1119092,2302961,17.419798119822897
1119092,7177551,17.30576287781166
1119092,2649357,17.293141825834986
1119092,8353484,17.102911411240065
1119092,277149,17.05357045462364
1119092,3891643,16.92014328532295
1119092,8439267,16.914985174204652
1119092,8074966,16.83408787506686
1119092,277152,16.750380234132045
1119092,7101379,16.739921812906605
1119092,8353486,16.674642273208924
1119092,3910051,16.619584902512514
1119092,277155,16.619584902512514
1119092,2321959,16.611224679870492
1119092,7152313,16.51718103972121
1119092,8748431,16.51718103972121
1119092,1406132,16.475928369287278
1119092,8245262,16.37215014031773
1119092,1272639,16.305200044992688
1119092,1272634,16.305200044992688
1119092,5402707,16.214286642980102
1119092,4414573,16.123827915666823
1119092,277148,16.107772645312377
1119092,1406127,16.018290203194123
1119092,1406136,16.018290203194123
1119092,5788327,15.982301588670508
1119092,1356796,15.98223901461233
1119092,7082126,15.929796460383772
1119092,5402706,15.850007884709381
1119092,277156,15.842275120573653
1119092,1198691,15.842275120573653
1119092,2105112,15.779145375902058
1119092,7703044,15.755710243639243
1119092,5402699,15.670086235960827
1119092,1680384,15.494108061457162
1119092,1593293,15.434301643986021
1119092,8388934,15.418708495285909
1119092,7101384,15.406538927395609
1119092,2302957,15.367166841226311
1119092,7925150,15.255556560103123
1119092,892423,15.255556560103123
1119092,5340452,15.17526856342047
1119092,7082130,15.17526856342047
1119092,3057461,15.112913813594744
1119092,5092397,15.104470031766233
1119092,5340446,15.095821232850138
1119092,4267737,15.095183571307384
1119092,7063290,15.037667443485095
1119092,7152311,15.035357516551613
1119092,5340444,15.017201433697448
1119092,8097021,15.017201433697448
1119092,7063289,14.9338246316173
1119092,5185838,14.872350118760899
1119092,5307104,14.850318642561387
1119092,8074963,14.847914869626589
1119092,2083987,14.786179919026932
1119092,892420,14.786179919026932
1119092,8097020,14.727121169408669
1119092,494402,14.710744238795348
1119092,3910050,14.683298484545368
1119092,3910052,14.683298484545368
1119092,622830,14.652141125618236
1119092,8595112,14.652141125618236
1119092,1911858,14.636319074898704
1119092,892626,14.48898584499749
1119092,3485664,14.48898584499749
1119092,5900528,14.479071923835559
1119092,2559982,14.478499818303085
1119092,8388930,14.451224411386352
1119092,5687467,14.430953875802837
1119092,2302959,14.419216686705372
1119092,4464880,14.407701062347133
1119092,1603190,14.36846277129387
1119092,3046573,14.330518709933473
1119092,7395105,14.281508969617427
1119092,8264689,14.273813994183056
1119092,5890673,14.160872950785787
1119092,224654,14.11686594405693
1119092,3910049,14.11686594405693
1119092,102063,14.06905326121445
1119092,2612598,14.03990732170908
1119092,8074965,14.037801913151743
1119092,8074962,13.996666586096042
1119092,7395106,13.950676521298423
1119092,8090706,13.94298710281775
1119092,6014230,13.888764265370215
1133167,8160230,16.64104391305159
1133167,5674622,16.461901051509393
1133167,7091943,16.062894085716756
1133167,1883278,15.255100870555367
1133167,7195800,15.173555077540525
1133167,7195802,14.696385242818305
1133167,8405630,14.696385242818305
1133167,6467522,14.696008000961308
1133167,8255705,13.99763908809436
1133167,7091944,13.964473121445371
1133167,7093512,13.623611332113658
1133167,7217706,13.60485662549814
1133167,8160241,13.525185906160326
1133167,2623303,13.50212975849822
1133167,190809,13.476745917238041
1133167,328997,13.409297571600845
1133167,1883281,13.404912698618237
1133167,3953805,13.287341691499263
1133167,8405628,13.234271005836646
1133167,7093509,13.223726289900966
1133167,5674623,12.990749332673689
1133167,7091940,12.98201790960529
1133167,8484845,12.627036231372816
1133167,6467519,12.462165798323383
1133167,1824488,12.44735850098498
1133167,6467518,12.363324449335309
1133167,7793408,12.234182390402227
1133167,1883280,12.097031121694487
1133167,4443375,12.07525473932516
1133167,7793414,12.05465528154737
1133167,6103289,12.054252394190822
1133167,6467520,11.841445547325351
1133167,6142,11.764726140870012
1133167,6299575,11.755336999756224
1133167,8839920,11.72210049210764
1133167,7486597,11.666582165194354
1133167,3421900,11.661637346799246
1133167,6332045,11.589835544856909
1133167,2613290,11.557517169280803
1133167,2613293,11.554364982426229
1133167,6138,11.543310162109837
1133167,8484851,11.53833158910551
1133167,2276678,11.4143423723565
1133167,1901247,11.398638158252469
1133167,190806,11.350737600240242
1133167,4494100,11.337640254069502
1133167,1883277,11.282426759079335
1133167,2439240,11.1245609989759
1133167,6112592,11.113276141742745
1133167,3851920,11.015140760788661
1133167,4926204,11.012010805110158
1133167,7793409,10.98369719099475
1133167,8415742,10.98369719099475
1133167,8250503,10.963523605117956
1133167,6157114,10.877588959414293
1133167,3421904,10.875979921283534
1133167,7486599,10.864247833177304
1133167,823279,10.864247833177304
1133167,6299574,10.864247833177304
1133167,2010281,10.864247833177304
1133167,8033646,10.8329110847297
1133167,1883274,10.810185969250226
1133167,8250500,10.806239275095914
1133167,4625145,10.803286951859596
1133167,823275,10.790718631713935
1133167,8411146,10.776749491892296
1133167,7487143,10.767203387850714
1133167,8484849,10.688684783608778
1133167,3851921,10.68734460976469
1133167,1142358,10.672379997941464
1133167,8405623,10.65244256824291
1133167,8250501,10.65027569102547
1133167,7195798,10.635777610485615
1133167,823272,10.634807146653833
1133167,4443370,10.604281374938799
1133167,8250498,10.575533830122836
1133167,7218012,10.556416609368068
1133167,6402374,10.512542110416721
1133167,6112589,10.512470581726163
1133167,1883276,10.480935773145038
1133167,6112588,10.46866774862243
1133167,8255701,10.421597672479116
1133167,8415744,10.40142930605772
1133167,7762240,10.351260170520913
1133167,2613294,10.348546959652964
1133167,6467521,10.343836828299963
1133167,7218019,10.337003212741571
1133167,8033645,10.31377708764719
1133167,1790122,10.310001400452245
1133167,4498479,10.28381550699024
1133167,434126,10.28335861285792
1133167,434124,10.26322033238862
1133167,1824481,10.260266955281002
1133167,5985458,10.256978939448334
1133167,4443368,10.235353109141089
1133167,4926197,10.140528642457802
1133167,4443374,10.084687563297706
1133167,8033647,10.073675970225581
1133167,4926201,10.052447627699026
1133167,7486594,9.998857956993614
1133418,8235133,46.18869173625824
1133418,8235137,42.7245943734223
1133418,8235138,38.45481521669993
1133418,4268147,32.28462525682606
1133418,4352734,31.552941079820013
1133418,4268149,31.297095897005224
1133418,6397517,30.27612555619494
1133418,4489642,28.493340281277302
1133418,4352732,28.283312518387696
1133418,4352730,28.10747389753401
1133418,8235129,27.80070330287147
1133418,4352727,27.780946993659818
1133418,8235130,26.71182520128043
1133418,4268145,26.45913243840606
1133418,4352728,26.23374249943224
1133418,8038565,25.734394104139938
1133418,4352735,25.38527223969141
1133418,8235135,25.204251782791506
1133418,8038573,25.00041301278558
1133418,8038574,24.84560940658955
1133418,433658,24.668108057502696
1133418,8237965,24.459372492115985
1133418,4268143,24.104303287780546
1133418,8038570,24.033910997592248
1133418,2836126,23.62867424974846
1133418,4268150,23.042536570711672
1133418,5983779,22.49521804961772
1133418,4268148,22.423474160369395
1133418,4489643,22.297184460161972
1133418,6562491,22.247152413494238
1133418,8356102,22.166280557380148
1133418,7973344,22.097006258532353
1133418,7014506,22.04873173740742
1133418,8146225,21.89451246130606
1133418,7973348,21.75124480813868
1133418,8237972,21.75124480813868
1133418,7973346,21.43724887912385
1133418,6016262,21.253088095275114
1133418,7292065,21.094589309739323
1133418,433661,20.646950841677807
1133418,7296536,20.431935305663327
1133418,5234842,20.27361014816132
1133418,1479490,20.16744223074876
1133418,8120989,20.052541466263953
1133418,5780724,20.037842534167726
1133418,2590192,20.03362907617053
1133418,7267087,20.03217017850442
1133418,5634114,19.961709348420854
1133418,8237964,19.89913949228381
1133418,8731392,19.843945243703807
1133418,3140035,19.842462849809962
1133418,7759574,19.814915281738852
1133418,1046851,19.80043055260718
1133418,6562485,19.785141073843107
1133418,4768969,19.781409287094124
1133418,433662,19.768022075364563
1133418,8699782,19.758086571934914
1133418,8699788,19.758086571934914
1133418,8124551,19.736195874732914
1133418,3577908,19.718808603859873
1133418,2590187,19.698863598090938
1133418,5868880,19.69758538800718
1133418,3140040,19.67539535840578
1133418,5146828,19.66857211125592
1133418,5634109,19.66857211125592
1133418,8141299,19.649913795769137
1133418,7293321,19.616849497514828
1133418,5400969,19.597153911026172
1133418,3576719,19.586322982352524
1133418,4535185,19.531810299423338
1133418,1776128,19.50492906713306
1133418,4302832,19.490504197803343
1133418,196501,19.469380877682674
1133418,4964098,19.468529190219062
1133418,7036397,19.433962027322288
1133418,5363298,19.411297200438405
1133418,3401217,19.411297200438405
1133418,5363291,19.411297200438405
1133418,3539002,19.411297200438405
1133418,6345219,19.411297200438405
1133418,5983775,19.411297200438405
1133418,2671088,19.39867181144965
1133418,1971294,19.39867181144965
1133418,6832432,19.39867181144965
1133418,2172472,19.39867181144965
1133418,930484,19.39867181144965
1133418,4492493,19.383071924828485
1133418,130707,19.374372649738383
1133418,852314,19.363509530571203
1133418,316998,19.363509530571203
1133418,7788589,19.363509530571203
1133418,2836119,19.36301917710461
1133418,2388903,19.34956054996249
1133418,1891777,19.34956054996249
1133418,5500539,19.344511409303703
1133418,8769779,19.343189198760935
1133418,4878123,19.328474490255864
1133418,227716,19.328474490255864
1133418,6841389,19.328474490255864
1133418,8839860,19.328474490255864
427578,5342170,17.480862425458213
427578,6577520,16.72047662047837
427578,4186402,16.713083237128014
427578,1050420,16.5798888250519
427578,3441519,16.469402911467448
427578,2315696,16.306213592250845
427578,4004813,16.09397090454316
427578,2190824,15.488648495962774
427578,2315691,15.330482139096354
427578,486748,15.058989157004333
427578,2190819,14.669149792476148
427578,5072172,14.66676399304648
427578,3009509,13.840202750939007
427578,486754,13.664194567953695
427578,2242180,13.568027552904196
427578,1732744,13.442940536390207
427578,1195748,13.078540812358561
427578,7205367,12.985674725002887
427578,7071443,12.892867879257587
427578,1195746,12.726127458448271
427578,6472268,12.626211480438606
427578,8674045,12.562301870425749
427578,5474221,12.454829435765886
427578,522948,12.44493013451023
427578,5374871,12.417918114133009
427578,320215,12.308866937132255
427578,5032043,12.163980529800988
427578,6413170,12.163883136231165
427578,991038,12.108079065310047
427578,2315692,12.02727113143467
427578,2315695,12.02727113143467
427578,4040234,11.910801105537546
427578,1612889,11.844951678600065
427578,4621657,11.815163743239463
427578,2551513,11.720787550471837
427578,534185,11.689455864802406
427578,5342167,11.590549468375634
427578,486751,11.581191863482633
427578,5032044,11.58001242631195
427578,2240675,11.44808658315088
427578,2315697,11.446046995981003
427578,2574407,11.335645446991863
427578,4269205,11.259792739839995
427578,3301582,11.136712035679615
427578,4783957,11.118452826606326
427578,4724793,11.098796396563419
427578,2240673,11.050719701045573
427578,2272737,11.036143547342167
427578,2720858,10.914759742377152
427578,6603312,10.911319335310418
427578,4824099,10.80125199019183
427578,1621693,10.68367897811467
427578,5780718,10.575141274758021
427578,6951490,10.47459249147188
427578,1245314,10.382897999979335
427578,2668265,10.301185523172878
427578,2240676,10.173903871576947
427578,6840567,10.165243726734836
427578,1441111,10.156931784639434
427578,5319283,10.000007637717463
427578,7580073,9.981524037395832
427578,300759,9.908687234735325
427578,2266708,9.891841956021256
427578,2064048,9.85068872639317
427578,2567622,9.803440026617249
427578,220778,9.802868150749964
427578,4724792,9.783885087833605
427578,290704,9.75368455709284
427578,5198088,9.742087088098387
427578,7619800,9.711309844125111
427578,2340823,9.71035314796464
427578,4045384,9.687126780386471
427578,8545436,9.672731393123584
427578,6629926,9.586213693753239
427578,4783956,9.460114730641205
427578,4186401,9.345535774936753
427578,2567623,9.311931225243224
427578,1034825,9.272127888865413
427578,3648418,9.264412055251952
427578,1883485,9.242767253188852
427578,7071442,9.240901972075058
427578,4045385,9.189749162009857
427578,7060040,9.180108467723256
427578,5172417,9.148225509084467
427578,4086951,9.148225509084467
427578,441179,8.982764063997447
427578,433384,8.95862134539272
427578,4697497,8.886808297850962
427578,5319280,8.864668633806012
427578,3845137,8.860868248964719
427578,5952589,8.857980375402724
427578,5474220,8.849123478924968
427578,1034823,8.839954141029148
427578,5795285,8.833650305858288
427578,5816813,8.79210361675739
427578,4690825,8.76773466079056
427578,4621653,8.749962757193911
427578,7929642,8.724154651826808
427578,3105146,8.672758992271728
427578,4998456,8.658704706139503
324211,7512300,27.235504739498793
324211,625217,25.88713675273332
324211,3413988,24.92579952998508
324211,1280978,24.705435929928303
324211,903747,24.705435929928303
324211,1967858,23.85646171667522
324211,7073895,23.350370262870626
324211,102611,23.229269027640854
324211,4776224,22.91271963077522
324211,2567379,22.8084554378589
324211,1105802,21.964393117114824
324211,1103528,21.916120532557706
324211,3413995,21.754660923294583
324211,6769414,21.72632282705916
324211,1967856,21.573127950590237
324211,6025152,21.53275188467299
324211,5898841,21.276093344137266
324211,2927381,21.229389179207192
324211,3413987,21.20593271300102
324211,6623290,21.18354052390896
324211,7512294,21.16664679281815
324211,8522232,21.136263266808797
324211,6542185,20.662837685019422
324211,6083562,20.64314788338796
324211,6065414,20.59972669891124
324211,8318356,20.53511304945676
324211,4324992,20.43683501053277
324211,3054539,20.366793447921403
324211,6244566,20.240933418881298
324211,3413992,20.218510929995716
324211,107580,20.19254149441455
324211,107587,20.116263601827395
324211,1103525,20.047491168624155
324211,454178,19.958974445668147
324211,3138636,19.831110160579946
324211,6623291,19.774596597623756
324211,4811158,19.41063903908391
324211,1853579,19.332013730640103
324211,5557318,19.2714749061121
324211,917532,19.23884662644581
324211,454182,19.166490092897
324211,4776223,19.133334113117257
324211,156107,19.087621789830038
324211,3336209,19.085298205214915
324211,5135365,19.00967708304962
324211,5376570,18.958218406712316
324211,3275012,18.951227635118045
324211,107583,18.87908343294057
324211,4324997,18.865935795232335
324211,7422190,18.814825798854514
324211,6209325,18.77085290716477
324211,231095,18.77085290716477
324211,2164903,18.738811975305914
324211,919280,18.7301593025118
324211,8015822,18.68179387286255
324211,6497598,18.657387948843287
324211,1285172,18.620039220754826
324211,6497604,18.614733222136046
324211,903754,18.52833185082941
324211,5638200,18.5160526177717
324211,6542182,18.48560262823095
324211,3054535,18.454140792967316
324211,4324991,18.36981935905058
324211,2161448,18.330490261358293
324211,4380388,18.315362022324404
324211,3875855,18.25922802589911
324211,6065415,18.248874053125547
324211,3138634,18.246992933191855
324211,5715728,18.175391864019627
324211,4197627,18.15406002342079
324211,3054540,18.106284852539925
324211,6209328,18.10353331230554
324211,903749,18.088213474663224
324211,8226611,18.030418634493095
324211,903748,17.9986295400985
324211,8015826,17.95305329847082
324211,3054541,17.941864809891914
324211,3275009,17.935919968029964
324211,5684614,17.90995776117264
324211,2279325,17.872826331905266
324211,5572082,17.84522254873196
324211,6769412,17.838690894218388
324211,5599364,17.820290089124605
324211,1481659,17.77118557896504
324211,6769410,17.689390702760598
324211,107588,17.68728600558248
324211,4452182,17.6764513875779
324211,2815314,17.64696578929437
324211,5596609,17.59292554020157
324211,6065412,17.59292554020157
324211,1925370,17.58638369504957
324211,6769411,17.577610728039332
324211,719017,17.55821835479156
324211,4146079,17.547569404773192
324211,8148506,17.542376881830016
324211,454179,17.48864262963317
324211,1046558,17.48608774978038
324211,5572081,17.420390275106854
324211,696949,17.399392474063117
324211,2567377,17.343971104061527
11096,8296006,37.28486354697028
11096,8296001,36.01275239400124
11096,8296002,32.7806826639062
11096,8296000,32.587253972691265
11096,4680203,31.238715806681075
11096,4680197,31.153108955293792
11096,8606620,29.744890982359287
11096,8606621,29.744890982359287
11096,2689155,28.759898362132812
11096,1391574,28.56125305409621
11096,6029408,28.502009812514103
11096,8606624,28.33949399889755
11096,2689151,28.266203100986388
11096,2689149,28.026028025097066
11096,911097,27.94875265962711
11096,2568674,27.84731556641372
11096,5623506,27.382150087430688
11096,2713637,27.152223789360768
11096,7552160,26.95654380597971
11096,5855684,26.419681933269878
11096,6348253,26.255754971900032
11096,7526146,26.1342299760696
11096,2568676,26.119929004811244
11096,3489331,26.106727337860082
11096,8296007,26.091304665497194
11096,2689154,25.8435336183727
11096,2689157,25.8435336183727
11096,7489875,25.8074335815061
11096,7489867,25.8074335815061
11096,7199235,25.73551569991599
11096,7199234,25.73551569991599
11096,8484705,25.73551569991599
11096,2597275,25.60556617556182
11096,1294904,25.31358707854866
11096,7637797,25.308893765863374
11096,4328289,25.249190887684243
11096,8790374,25.156169010997154
11096,2689152,24.97892673819052
11096,4266266,24.847447264431572
11096,1244079,24.832730206721163
11096,8005609,24.82767390174093
11096,4891514,24.72892441756186
11096,4891507,24.713246817323892
11096,5624375,24.614993820095517
11096,5855681,24.59664007896702
11096,1391575,24.573962108906876
11096,5624373,24.506675701620956
11096,2241267,24.4735440978007
11096,8296004,24.44747762637924
11096,8296005,24.434357982597255
11096,5734833,24.423385452509205
11096,8167035,24.398631441459536
11096,4296478,24.39316680610814
11096,116485,24.370488973131692
11096,116480,24.3114043753624
11096,7412952,24.217803079031878
11096,5530070,24.013185725526945
11096,5640454,23.962873643674715
11096,418058,23.92737227179797
11096,6939413,23.910416510734674
11096,5734829,23.759116845773296
11096,5855683,23.756375907758915
11096,4394898,23.753199305221894
11096,6345912,23.66417124317674
11096,5228131,23.564429763391793
11096,5228130,23.564429763391793
11096,5736596,23.53735068540709
11096,8296003,23.446309635046973
11096,116482,23.358946003390326
11096,2883769,23.358946003390326
11096,4680199,23.35289455269383
11096,5855682,23.330272497422367
11096,2182496,23.32215929482357
11096,8399440,23.293099739325477
11096,5734830,23.29276536174519
11096,6348256,23.258438409721162
11096,2883768,23.226124343364322
11096,5649244,23.21563094594265
11096,8320882,23.20599985869063
11096,4266263,23.19639136504805
11096,1391573,23.18828207977271
11096,5736597,23.179438884847922
11096,8167033,23.08277645892637
11096,7554213,23.038663199582956
11096,5819658,23.008441598858333
11096,6348257,22.978442771208282
11096,2597268,22.941016747040344
11096,8484707,22.941016747040344
11096,7552165,22.941016747040344
11096,5640447,22.828939885875304
11096,6348252,22.782328475415177
11096,5640446,22.755062312136424
11096,6939412,22.740951542335573
11096,4394901,22.70447410316882
11096,911100,22.689714537007955
11096,1616379,22.60236075318663
11096,4296473,22.55198988181982
11096,5228126,22.543415815091507
11096,4463667,22.535417211436076
11096,6163005,22.528579963708935
1134787,4247591,9.979208504781468
1134787,169000,9.962052954773496
1134787,5840080,9.697915480989188
1134787,8686368,9.63091711352023
1134787,3483782,9.626736077302976
1134787,8398864,9.559889895640211
1134787,8108980,9.525214056835583
1134787,6133049,9.442595579099876
1134787,8108984,9.408761256427152
1134787,5385866,9.36955597006945
1134787,6789319,9.301537627944187
1134787,2771590,9.27953243608126
1134787,767851,9.220471690176165
1134787,8202876,9.191222347530731
1134787,2584239,9.191222347530731
1134787,591465,9.106637890012657
1134787,1579031,9.104577246776337
1134787,4002972,9.068633971624866
1134787,1874721,9.047715731768898
1134787,62735,9.019550486341327
1134787,251613,8.991560051723196
1134787,4733433,8.968092992759924
1134787,2552621,8.957799889781931
1134787,62734,8.95650186425432
1134787,5306281,8.936097145171045
1134787,6553317,8.901964760336007
1134787,7840223,8.858201977872865
1134787,4601433,8.84710887677751
1134787,83920,8.84710887677751
1134787,2572234,8.800387910758618
1134787,1010158,8.775652788958615
1134787,7934489,8.740355854997372
1134787,767845,8.740355854997372
1134787,767846,8.694752691092177
1134787,1769407,8.67434553807596
1134787,591464,8.67434553807596
1134787,6340725,8.67060700548465
1134787,6682121,8.67060700548465
1134787,927671,8.67060700548465
1134787,3811017,8.668738947373635
1134787,6662647,8.667618498826283
1134787,1769409,8.63614837340722
1134787,5814760,8.627698038959219
1134787,2334691,8.624115515423691
1134787,370534,8.61717566380251
1134787,1262943,8.61672197054968
1134787,5840078,8.605831999170947
1134787,4150744,8.60196254738872
1134787,4694294,8.60196254738872
1134787,3594969,8.571696894740796
1134787,2355357,8.56804630052915
1134787,8426760,8.56804630052915
1134787,5440416,8.534396456621371
1134787,7301185,8.534396456621371
1134787,6279450,8.530777558291128
1134787,339587,8.525202825674379
1134787,339585,8.508851592464405
1134787,4150741,8.501009889159539
1134787,6994422,8.501009889159539
1134787,4150743,8.501009889159539
1134787,1579025,8.49248413612149
1134787,3186431,8.471449242852312
1134787,2355359,8.467883520370748
1134787,4247589,8.465033102882373
1134787,1874717,8.459710841301757
1134787,4002969,8.451174245715858
1134787,927667,8.44330988716396
1134787,927670,8.435014320269204
1134787,3186436,8.422199616688607
1134787,3209881,8.373519316049617
1134787,2355360,8.370035539598392
1134787,6172029,8.347964565061899
1134787,7126598,8.307295021670853
1134787,1552318,8.306050228425102
1134787,1255297,8.277827654207245
1134787,3799197,8.277827654207245
1134787,2359,8.27442303103059
1134787,3565070,8.243035775664042
1134787,251612,8.230230281565289
1134787,6413351,8.2118857421375
1134787,591466,8.184298388406265
1134787,434615,8.15628225968056
1134787,4312903,8.15628225968056
1134787,3720362,8.148817911283958
1134787,8398868,8.138321877307382
1134787,927674,8.138321877307382
1134787,434613,8.1317428234145
1134787,1665082,8.110113743835383
1134787,6275833,8.08797872159695
1134787,6133045,8.075811505537633
1134787,8365695,8.071320020248448
1134787,370531,8.068986206270825
1134787,3811016,8.067108014964935
1134787,434616,8.065464389024092
1134787,511945,8.065464389024092
1134787,168997,8.043075053826314
1134787,4247588,8.043075053826314
1134787,8374194,8.029170580246518
1134787,8365699,8.019467065445419
1134787,1573474,8.011609235727528
89928,587526,42.425907809114676
89928,4544567,37.30511740995151
89928,3560543,36.87859471687329
89928,1969727,36.02040293043755
89928,482081,36.018559020525274
89928,2512023,35.83248437806107
89928,1387893,35.579970809648216
89928,2454944,35.579970809648216
89928,17178,35.537233643840956
89928,482078,35.13517649302458
89928,6470041,34.725403955669215
89928,6453382,34.304856727582084
89928,1984005,34.286259506165884
89928,1679882,33.88770302554499
89928,7769374,33.87897201560967
89928,6559408,33.71723281806882
89928,5641536,33.61062893801944
89928,5804238,33.57770043350286
89928,5641538,33.53901190776202
89928,5641534,33.30753295773286
89928,3560540,33.28270802337484
89928,5527169,32.75734336717008
89928,4979732,32.22509254501946
89928,478892,31.93055649223365
89928,2704620,31.686352217589146
89928,5566599,31.491956752942713
89928,236962,31.485776695884127
89928,4736793,31.42335433033236
89928,1341393,31.38141928336145
89928,6200618,31.182831083342613
89928,956202,31.163330850511194
89928,956199,30.92053901786541
89928,6703726,30.792934630766556
89928,7034355,30.67886931425569
89928,2888556,30.624109479179353
89928,4017857,30.202263448888232
89928,5641539,30.027494035506205
89928,5622782,30.02049498212795
89928,2202683,29.977864511159492
89928,5468254,29.9399419445965
89928,1042931,29.922050515021667
89928,2029370,29.607917760919086
89928,3019937,29.590471612215648
89928,5527174,29.505941395649295
89928,956194,29.496947030852567
89928,5721803,29.49504593692808
89928,3023983,29.38541295748987
89928,1735624,29.302871671224178
89928,478894,29.25081333444407
89928,2596465,29.24864493840916
89928,1740006,29.220419620504597
89928,4972022,29.220419620504597
89928,5413161,29.199971784411012
89928,4901000,29.158336003016377
89928,8135804,29.071753314768735
89928,7176045,29.058907578140946
89928,8404962,29.027550252910004
89928,349843,28.91599470223463
89928,1203367,28.907234787821363
89928,2596463,28.782579215961206
89928,2475651,28.744746498150278
89928,5692624,28.68606871567042
89928,956197,28.667483521687124
89928,17185,28.587444218590147
89928,503826,28.57664343676531
89928,16773,28.537967796101398
89928,3400505,28.537967796101398
89928,5089769,28.502359865780598
89928,1732055,28.41095686662284
89928,5814715,28.41095686662284
89928,1419008,28.407147574987576
89928,8033312,28.365135255812948
89928,4862046,28.363902391710887
89928,897889,28.30885376266845
89928,1740007,28.30885376266845
89928,2475646,28.297109102540833
89928,4774142,28.274838596016934
89928,5804236,28.2671716142947
89928,929925,28.253466970128567
89928,339339,28.157652890081234
89928,507935,28.10388175856393
89928,4453884,28.10388175856393
89928,2583529,28.06514604564689
89928,2704621,28.027274603811758
89928,128424,27.974479767679824
89928,6332097,27.96851321871845
89928,478893,27.863804210617513
89928,454264,27.846407458618234
89928,454267,27.830641262398828
89928,32419,27.821485492422944
89928,507929,27.821485492422944
89928,4869037,27.735702885109387
89928,7056929,27.710284418660386
89928,1424367,27.639478570265652
89928,8831374,27.5145444058124
89928,6079528,27.507587868746597
89928,7034372,27.433498414360635
89928,378438,27.393644143263494
89928,4901001,27.30142781736372
89928,6438803,27.289458287518965
499920,2806546,19.372688956790306
499920,2806539,16.91402564960601
499920,8462930,16.052881583061083
499920,362805,13.215489142691538
499920,8462931,12.69924497223766
499920,3629729,12.102774716231806
499920,7927713,11.822456090219875
499920,7595045,11.628656377352254
499920,2635068,11.537584848716088
499920,3138627,11.467365374849644
499920,6359874,11.377316191755213
499920,1772199,11.346451958462152
499920,2652101,11.346451958462152
499920,712128,11.323507254700402
499920,8462933,11.268619381578606
499920,5310260,11.268504931488263
499920,6334551,11.213985543355985
499920,8041769,11.171807606302947
499920,1618495,11.115935690814318
499920,954455,11.083592711566226
499920,1294015,11.041264254493704
499920,2185035,11.005400539321915
499920,1559283,10.96933501043732
499920,8041499,10.925187866589289
499920,5502721,10.925187866589289
499920,37044,10.919485794411852
499920,1442870,10.913085018270491
499920,6618106,10.895030311766426
499920,934234,10.895030311766426
499920,934235,10.895030311766426
499920,3821088,10.864386769266792
499920,930535,10.82826926710379
499920,362808,10.800642569705687
499920,6491305,10.752793221971178
499920,7307020,10.747743952679713
499920,1603314,10.747743952679713
499920,8022486,10.70535897644936
499920,4792358,10.70535897644936
499920,6368646,10.70535897644936
499920,5843332,10.693738018939314
499920,3034570,10.683120324648534
499920,3144612,10.683120324648534
499920,569428,10.683120324648534
499920,1692097,10.614384082412403
499920,6743483,10.614384082412403
499920,8475594,10.598728919206668
499920,2311069,10.598728919206668
499920,1119994,10.598728919206668
499920,6097476,10.598728919206668
499920,411900,10.598728919206668
499920,6726617,10.546564901967832
499920,1734017,10.534928325405499
499920,1272524,10.51859193007514
499920,6415239,10.494202077028689
499920,1845799,10.494202077028689
499920,1845801,10.494202077028689
499920,2227514,10.494202077028689
499920,8406027,10.494202077028689
499920,7402973,10.479643754857122
499920,3130782,10.479643754857122
499920,800637,10.453347204925933
499920,4575936,10.444905949114489
499920,2516500,10.433545164929455
499920,8259750,10.41360215655053
499920,158199,10.391716830600503
499920,4536494,10.391716830600503
499920,3714132,10.356838085510049
499920,665785,10.34842214648436
499920,8534250,10.330376964363632
499920,3299935,10.330376964363632
499920,2369589,10.330376964363632
499920,1603317,10.309205431125516
499920,6291248,10.284086268995786
499920,7961294,10.284086268995786
499920,5959634,10.284086268995786
499920,3629732,10.259755189431155
499920,6264804,10.220577555106697
499920,4309301,10.220577555106697
499920,3553628,10.220577555106697
499920,834295,10.220577555106697
499920,2445126,10.207187618281784
499920,3144613,10.192636452517124
499920,7122592,10.192636452517124
499920,3366585,10.157879505111966
499920,7940090,10.157879505111966
499920,5541414,10.157879505111966
499920,6996952,10.157879505111966
499920,5541412,10.157879505111966
499920,7414149,10.157879505111966
499920,6865782,10.157879505111966
499920,6501451,10.157879505111966
499920,6502706,10.134306561168938
499920,2127728,10.133617649217037
499920,348450,10.131185330555718
499920,613248,10.10611829340936
499920,5250641,10.095976071930043
499920,4632798,10.095976071930043
499920,6501453,10.095976071930043
499920,8714690,10.095976071930043
499920,2612276,10.095929551006922
527433,8617271,26.747682865781343
527433,6186391,23.05502154717184
527433,1379240,22.883726636471607
527433,269423,21.934026496048062
527433,8617274,21.91986053063834
527433,7514088,21.820748199993012
527433,269428,21.74074797585904
527433,2496224,21.677208634212008
527433,5878263,21.64813837782298
527433,1993699,21.642637382325702
527433,1317224,21.603916260102757
527433,6743092,21.60162843098324
527433,7607669,21.50172989173098
527433,1101462,21.450192339030117
527433,1993691,21.322154474608112
527433,269430,21.116132154043235
527433,5501454,21.08455487821926
527433,5466810,21.057812479975293
527433,6045939,21.034845272662327
527433,547444,20.84533296574852
527433,6038397,20.83035788188232
527433,8306451,20.76768774894278
527433,2496227,20.633280846996225
527433,319844,20.609920196830288
527433,653103,20.57976181555454
527433,8371764,20.437906732930365
527433,1251475,20.240921290679694
527433,8306449,20.14281971037064
527433,3786813,19.971804628807888
527433,4958693,19.94464104318436
527433,1101460,19.922322073161283
527433,1664523,19.82815281482692
527433,1379245,19.81872709921574
527433,422236,19.759080619878322
527433,4903731,19.72171865893192
527433,6038398,19.699745273559827
527433,8322920,19.597633545721443
527433,269425,19.458871933178436
527433,1101457,19.205326738922494
527433,269426,19.15141800069475
527433,6708088,19.112397677498276
527433,2331982,18.963003430245905
527433,5479497,18.9344575346126
527433,8617275,18.92013386289409
527433,1000485,18.80349603577958
527433,1317225,18.751074641810703
527433,6815531,18.727688292341384
527433,3136613,18.640236940295992
527433,7425318,18.391966542732227
527433,8644844,18.349032137370997
527433,467601,18.324690418127986
527433,4903736,18.293540007898677
527433,6038404,18.262977095963876
527433,2722036,18.236190383194096
527433,422228,18.216089117930455
527433,4402995,18.207478388270147
527433,269429,18.156944329315323
527433,5466807,18.14611946267115
527433,5603306,18.12020472833778
527433,4402992,18.118947965047628
527433,7514089,18.031545008329783
527433,653104,17.95495166634857
527433,269424,17.931805113840827
527433,1125935,17.90614435900473
527433,6038403,17.826338993512934
527433,1251481,17.741659850332034
527433,4164074,17.71630903253674
527433,6897131,17.676721346156963
527433,301243,17.595360356020684
527433,8617269,17.588248047331984
527433,2981253,17.518679822680063
527433,2981256,17.498496506481082
527433,1251478,17.492605549546923
527433,5629888,17.438899383461884
527433,4351171,17.430630382997407
527433,4046876,17.426872299926828
527433,3610973,17.317793308275128
527433,8617272,17.188697499561805
527433,1007732,17.13702864563618
527433,278402,17.13079515103625
527433,6708081,17.097055101707916
527433,7121927,17.044322488780818
527433,7121922,17.00186809145241
527433,1511554,16.998667118594515
527433,2004910,16.976285571961924
527433,301238,16.894821737563397
527433,1079071,16.843132868963195
527433,1542069,16.834085375764744
527433,1251480,16.825081343503225
527433,6743093,16.790587181730785
527433,301247,16.78732602461936
527433,4958697,16.719960994295924
527433,6498113,16.678084733481302
527433,1054091,16.63250387500142
527433,4331594,16.60794095827556
527433,4351170,16.587735778308677
527433,6394977,16.554910432113324
527433,2018341,16.54389421320424
527433,2845327,16.507608980953453
527433,1721940,16.496523823567507
40578,1249073,36.19401285002511
40578,5462144,34.81230929477285
40578,2627883,33.61524486161122
40578,2627881,33.342684886969046
40578,2276243,32.22747528223218
40578,3808877,32.22747528223218
40578,965329,32.22747528223218
40578,41814,31.865725235133635
40578,597905,31.86216433789386
40578,1471240,31.447339753339662
40578,965327,30.694087876915276
40578,1471242,30.362811852565933
40578,2627882,29.922616763740272
40578,2208668,29.922616763740272
40578,3919066,29.18130341046362
40578,597901,28.930167241708265
40578,6752471,28.510832506807382
40578,6184945,28.486258882535545
40578,2208667,27.613137937924684
40578,5989589,25.634973867206178
40578,41806,25.483493125532238
40578,3326791,25.377337821606446
40578,2820143,25.122666278676352
40578,5749105,25.074354763310122
40578,5489549,24.952253521046327
40578,5462142,24.940584458762213
40578,8602576,24.52191592726193
40578,5756872,24.52191592726193
40578,2156598,24.504162374663018
40578,6511213,24.468875648626124
40578,7352874,24.419044938627735
40578,41808,24.26856148228939
40578,1249077,24.26572241009452
40578,5633864,23.88816781675026
40578,2627884,23.86657540920411
40578,597900,23.75164901294709
40578,2892827,23.731005018837596
40578,6409607,23.705711640702948
40578,3665696,23.683795909524378
40578,4852100,23.682891863110868
40578,2892822,23.63094263464924
40578,2085002,23.604140410912287
40578,1844463,23.530192770185874
40578,6356014,23.412546977953482
40578,2627885,23.124940982041327
40578,6660953,23.109492687401726
40578,2085004,23.090093453893054
40578,4645671,22.98607884010635
40578,965330,22.915901311897436
40578,7630242,22.900789090633644
40578,4789694,22.875468799377288
40578,6660956,22.87200851969429
40578,1448849,22.8340854816648
40578,2883122,22.83034405597536
40578,2898440,22.741048066110267
40578,5865248,22.73022794444508
40578,4213472,22.646006871994228
40578,5462143,22.574127894443485
40578,597899,22.574127894443485
40578,5848863,22.45678261861873
40578,5449844,22.435598455603007
40578,5462149,22.260833139635405
40578,7352880,22.144794061139457
40578,4854208,22.130450488311038
40578,4397665,22.12558011910427
40578,5646111,22.062826017668048
40578,41809,22.00315807723907
40578,284732,22.001769775938424
40578,6602108,21.94914847613489
40578,3326790,21.940297788016213
40578,5314006,21.79133612604819
40578,284725,21.75352108632013
40578,1448854,21.737673326554365
40578,6332377,21.7234784985158
40578,7999682,21.68273363408764
40578,41807,21.61647867776489
40578,965331,21.606363940812862
40578,1448850,21.60212535266238
40578,2208669,21.56672323241137
40578,335389,21.522247623623098
40578,5519642,21.49052972197275
40578,5975004,21.482932339458223
40578,1397076,21.47244073424342
40578,1657946,21.434388397902175
40578,3076680,21.396809105112695
40578,4898841,21.38707478996274
40578,5575582,21.380209419702567
40578,6235020,21.371355922771556
40578,1262649,21.27926510396965
40578,4871462,21.230220265513733
40578,5646119,21.189560718043715
40578,87659,21.16806462471365
40578,17882,21.160698337391878
40578,2469487,21.075387046582172
40578,8017182,21.06137872739926
40578,6635059,21.04790107379866
40578,8214568,21.044464870855933
40578,2627879,20.971830856825036
40578,5797937,20.88565746265528
40578,219063,20.8801525775393
694342,7206969,12.792120142464057
694342,5348808,12.14379227387932
694342,7596907,11.318560949633135
694342,8168936,11.275162809648018
694342,2103207,11.118671027422483
694342,7490499,11.03190843899037
694342,2103210,10.722183430479438
694342,6881291,10.684305787355338
694342,5808783,10.407272096198598
694342,3504379,10.359245926026636
694342,5808782,10.349659768837178
694342,7567734,10.344202133726908
694342,7057873,10.076601698809764
694342,6278601,10.040535043387214
694342,3567714,10.024549799411506
694342,8168933,9.914602965360583
694342,7635054,9.847876812579363
694342,8154723,9.680028871564472
694342,6305089,9.568727329114054
694342,5133691,9.528732932018764
694342,4154470,9.50559622795397
694342,790996,9.490804693636933
694342,6415307,9.446382255637914
694342,4620143,9.423744183128406
694342,334219,9.414918338051674
694342,3522279,9.390429133765785
694342,4781834,9.331568282308497
694342,6562423,9.238104256969494
694342,6568835,9.191330851446134
694342,383188,9.152383829119367
694342,1291893,9.040461618415158
694342,6816085,9.0145740697597
694342,7800003,8.991432829641498
694342,7193462,8.987503164500815
694342,7788563,8.911646321875553
694342,6113505,8.870359864097262
694342,3549092,8.854381492210116
694342,4126792,8.848137479906388
694342,7135793,8.812387462700478
694342,949864,8.7728456046537
694342,5348803,8.772513390743953
694342,1291899,8.755232297555128
694342,1043755,8.66568349113799
694342,7998776,8.65952356356265
694342,790884,8.624553061625463
694342,5348804,8.607518869810344
694342,6816087,8.57277871783689
694342,6305083,8.5604636443324
694342,4316565,8.5604636443324
694342,5565595,8.555452615150426
694342,869873,8.51946759749475
694342,7457303,8.477645137419042
694342,8121698,8.4645365156787
694342,2117264,8.453853429275506
694342,383192,8.431086719515852
694342,5565594,8.421275926510965
694342,2117266,8.406156061649416
694342,1962164,8.33541588293444
694342,3911492,8.29976618145234
694342,7048339,8.291278088000096
694342,1465789,8.289779726958095
694342,8647137,8.28682787140867
694342,3242135,8.285856660590495
694342,7206972,8.2771856677288
694342,3761240,8.2771856677288
694342,4360587,8.259739455161771
694342,511638,8.2480308567401
694342,7193460,8.24237093148367
694342,383186,8.241439639096608
694342,6816089,8.23448731421005
694342,6415303,8.199682517175146
694342,2103204,8.185415582420147
694342,3242138,8.177322989144582
694342,4675850,8.158664777497417
694342,3575304,8.133079780065277
694342,48240,8.10594768899548
694342,383193,8.101761469632718
694342,725741,8.057388138831307
694342,3242136,8.04669189587881
694342,383194,8.00835551245694
694342,48248,8.004307889816955
694342,5791442,7.967982034646681
694342,4146640,7.967196087304151
694342,6137109,7.950317528641166
694342,6305086,7.9395706877397725
694342,5744253,7.912080817629307
694342,3504386,7.909332058804102
694342,5348809,7.893956935456127
694342,5371920,7.886781061510639
694342,5371924,7.886781061510639
694342,6420789,7.886222202891306
694342,6415305,7.876462519157144
694342,7206967,7.833992376352865
694342,544744,7.832792977201844
694342,8764983,7.822421301279837
694342,1550226,7.809029466551205
694342,1190386,7.7852352030070175
694342,4391817,7.7807704807836355
694342,7269703,7.7796782651868055
694342,3242134,7.764373469603546
1125225,98239,22.257037507713218
1125225,98237,20.804341151184666
1125225,3915090,19.959514038057684
1125225,98235,19.10543167316429
1125225,98244,19.10543167316429
1125225,6192781,16.820466394049305
1125225,7643074,16.771751957506904
1125225,6738498,16.404181378259214
1125225,3101058,16.304369763078206
1125225,3435457,16.271226380696998
1125225,4313512,16.228579715345944
1125225,4406282,16.18522914476888
1125225,1549512,16.183983145732153
1125225,4313511,16.091137673079686
1125225,2984532,16.01694796081947
1125225,1611666,15.97996773649815
1125225,7162698,15.940941506358449
1125225,6192778,15.852796428350619
1125225,8554269,15.830173781993004
1125225,4791453,15.816496322513334
1125225,3546821,15.802506927062959
1125225,4121029,15.760576022182823
1125225,6310606,15.56587484710233
1125225,4922901,15.56309788956995
1125225,7162696,15.559063771584132
1125225,7162693,15.545464542959504
1125225,729492,15.48574330240315
1125225,6014483,15.464181139100905
1125225,3259433,15.446921510218026
1125225,2678793,15.408781128658891
1125225,8133539,15.404473541245714
1125225,6192777,15.396367273156509
1125225,650797,15.366231728907692
1125225,7099414,15.366231728907692
1125225,569049,15.314639290716109
1125225,840575,15.295551241254605
1125225,5932214,15.288430156267761
1125225,7643078,15.266169166777988
1125225,5684400,15.266169166777988
1125225,4406279,15.254728406515685
1125225,3435452,15.25072481633904
1125225,5260206,15.24927350556092
1125225,5932217,15.241730166421345
1125225,661025,15.236109071629196
1125225,8710448,15.226285502248906
1125225,7162691,15.166457889384123
1125225,5506013,15.159092867769662
1125225,5684397,15.145613212579775
1125225,1147429,15.142829526188022
1125225,8292316,15.136301949826187
1125225,8455836,15.080997507478735
1125225,4406287,15.077775587050333
1125225,681074,15.06384408029771
1125225,6738497,15.05281334844374
1125225,274959,15.038359487112995
1125225,3101055,15.01970007966676
1125225,6321992,15.008665910518065
1125225,6738499,14.99886513685065
1125225,631446,14.997305220755948
1125225,3435449,14.989511225947389
1125225,5230906,14.980006144447488
1125225,3277746,14.95731190870718
1125225,2460323,14.935580166441206
1125225,5779086,14.922952395822804
1125225,4922909,14.875362798085328
1125225,5785871,14.874960441729032
1125225,840576,14.866595977022024
1125225,4791457,14.848127187800419
1125225,2233884,14.842417009900267
1125225,6047636,14.822443641167343
1125225,2496750,14.772700981026187
1125225,3200725,14.738273698383745
1125225,8292320,14.738273698383745
1125225,1126850,14.727342434643777
1125225,2496747,14.69811865138357
1125225,3362181,14.69330993997555
1125225,6976649,14.666816202829228
1125225,5230907,14.665834416639333
1125225,1716065,14.613225633248918
1125225,3200722,14.61227071785978
1125225,7633196,14.604524302993086
1125225,1202649,14.591915498986305
1125225,6201335,14.58501891839923
1125225,7616385,14.582435062514886
1125225,6201338,14.57540980689844
1125225,3393552,14.571868437818281
1125225,2582550,14.571868437818281
1125225,6192779,14.550118536865481
1125225,2166182,14.54303902582285
1125225,7621954,14.540596445603718
1125225,1875616,14.540197421705095
1125225,1963669,14.525317244996836
1125225,3128318,14.520236473840352
1125225,3271700,14.50178210258263
1125225,3271699,14.50178210258263
1125225,5431291,14.473773003283092
1125225,5127783,14.47182456705275
1125225,4406288,14.462638423138142
1125225,3101056,14.44871922104079
1125225,6321989,14.442805551027828
1136427,2381167,14.257896829903963
1136427,494315,13.688547903684517
1136427,7239533,12.176286583118797
1136427,2373131,11.940927786021959
1136427,494310,11.708980945390469
1136427,920543,11.556414337752905
1136427,3189929,11.466792915828336
1136427,6581298,11.452998471082593
1136427,8387944,11.296441129098966
1136427,4412131,11.29345769279975
1136427,826425,11.205209549961232
1136427,4412129,11.132876796247883
1136427,7442690,11.055283638473451
1136427,5699481,10.82846954344242
1136427,8387945,10.789519211087264
1136427,8025604,10.759985038544741
1136427,137318,10.567161040718617
1136427,920551,10.413039494472372
1136427,6337360,10.410212723266588
1136427,5366012,10.39226811159346
1136427,2239911,10.345007043069074
1136427,2239909,10.321674790153436
1136427,2239906,10.310048087119808
1136427,2239903,10.251555077840937
1136427,8055943,10.22209294427357
1136427,2232611,10.158533101254942
1136427,6337361,10.06480198783411
1136427,2359424,10.035979209583944
1136427,2640787,9.93444060043705
1136427,1287837,9.921785269056457
1136427,7885842,9.875106433938742
1136427,2573000,9.81354695610129
1136427,1367555,9.783206039591123
1136427,1513844,9.74562739324856
1136427,4860940,9.73801132741503
1136427,8387946,9.648948754134427
1136427,8804702,9.606114972408104
1136427,192550,9.596044971614562
1136427,6492133,9.53894413936524
1136427,8118915,9.525865658371725
1136427,780900,9.506743746391297
1136427,8147453,9.487698450019867
1136427,2093532,9.487299756218096
1136427,6492138,9.474760018269542
1136427,3487215,9.467013883820151
1136427,1479251,9.44071128068835
1136427,5512738,9.44071128068835
1136427,5267629,9.44071128068835
1136427,4625177,9.419660036707445
1136427,8147448,9.403222054321056
1136427,8248616,9.398702465522067
1136427,4407614,9.384174035562916
1136427,3515396,9.380087173626956
1136427,8038779,9.366260806979382
1136427,2516333,9.318183091236365
1136427,4215840,9.315796514420372
1136427,6630046,9.292092207591114
1136427,5496235,9.287287574273012
1136427,7150046,9.267629684516184
1136427,2640789,9.256761073363066
1136427,7612575,9.247530846768298
1136427,551977,9.238703260539289
1136427,7612574,9.226925769993962
1136427,858476,9.198469151403996
1136427,2462701,9.198469151403996
1136427,1842185,9.198469151403996
1136427,7911231,9.171054179463276
1136427,96979,9.161314885285616
1136427,7467632,9.158583957984678
1136427,3689945,9.120465820145515
1136427,152223,9.119043161109316
1136427,1182052,9.119043161109316
1136427,8640952,9.119043161109316
1136427,8242464,9.119043161109316
1136427,1617429,9.040977067178614
1136427,1363136,9.040977067178614
1136427,3675280,9.019588298681468
1136427,8718445,9.002443113708704
1136427,8079601,8.968347549135663
1136427,7872157,8.938197724024988
1136427,858480,8.926352301469054
1136427,1310990,8.925083418330292
1136427,8147517,8.905501818566984
1136427,5029594,8.859461267584873
1136427,8022070,8.85153698409554
1136427,3437877,8.814597655529617
1136427,8292583,8.814597655529617
1136427,3125928,8.79305304096757
1136427,420705,8.741636276012452
1136427,5042321,8.716528286708494
1136427,6776396,8.708455159122664
1136427,4315630,8.705551699569039
1136427,6821492,8.699745708030793
1136427,826420,8.695341982411303
1136427,6070185,8.66987283236948
1136427,2516336,8.642895614881951
1136427,3249118,8.640952145638995
1136427,5694693,8.634431154519827
1136427,8718450,8.482142379770364
1136427,524726,8.476668559921357
1128856,8618712,35.518117808533695
1128856,8618711,29.38551362746854
1128856,8618710,29.1838223073888
1128856,8618713,29.1838223073888
1128856,8618715,28.618484446831516
1128856,8618708,27.76891565843837
1128856,8618714,27.421707174038527
1128856,8618707,20.554622854823187
1128856,8618709,20.382131922134718
1128856,8618706,20.23025934749804
1128856,8618810,17.563991228109636
1128856,6174216,17.563991228109636
1128856,5807079,17.348032379817617
1128856,3366588,16.593667418877832
1128856,6734611,15.936699715487702
1128856,4299302,15.585356345067735
1128856,8618808,15.299218383611473
1128856,8083043,15.179666247211882
1128856,4715949,15.16292162478615
1128856,3585203,15.010539850157201
1128856,8083038,14.636407317769063
1128856,4175759,14.454549984393456
1128856,1479810,14.23349767937275
1128856,1479814,14.160763946808213
1128856,3711791,14.160763946808213
1128856,7601002,14.092860953273842
1128856,7505425,14.0177792081134
1128856,8083040,14.011305484410656
1128856,7806932,13.957604580589834
1128856,4728617,13.926642641527952
1128856,1058815,13.91075721297212
1128856,6403354,13.863902587815147
1128856,8083037,13.833290257996497
1128856,4533248,13.723872098135988
1128856,1519556,13.718804468813374
1128856,6001757,13.69060340429632
1128856,3051965,13.678797979206987
1128856,6756799,13.674081387870146
1128856,4728615,13.665207964840324
1128856,8754489,13.656743568245785
1128856,1911149,13.641700070733313
1128856,325503,13.633807073833548
1128856,4728618,13.603243259343898
1128856,4911816,13.589320594607473
1128856,5136004,13.582900337588214
1128856,7846654,13.567505183394637
1128856,2191378,13.56311812241431
1128856,8754488,13.561818797293135
1128856,5714870,13.54927846441177
1128856,1756202,13.538746593398724
1128856,1047602,13.536104079473716
1128856,5606239,13.536104079473716
1128856,5728207,13.536104079473716
1128856,7151790,13.528398455141762
1128856,2793800,13.523736994056765
1128856,5714863,13.523736994056765
1128856,7087147,13.515188238052362
1128856,7861392,13.498291948185054
1128856,4728612,13.494161911103514
1128856,8824633,13.482397540488556
1128856,4728610,13.478314740535925
1128856,3883280,13.478142996800486
1128856,3081685,13.473244194207249
1128856,5879554,13.439394240049468
1128856,1268972,13.427693275608362
1128856,6812086,13.40799108600502
1128856,7163306,13.40799108600502
1128856,2772843,13.402632087465687
1128856,7896851,13.402632087465687
1128856,8254006,13.377200914440344
1128856,7573448,13.37625292971616
1128856,4948586,13.372494095274728
1128856,128747,13.371579246552962
1128856,3081683,13.369802703198038
1128856,6753650,13.35454757695803
1128856,3883279,13.35254774276481
1128856,2048353,13.346551832256738
1128856,1585216,13.346551832256738
1128856,5553872,13.3428039850425
1128856,8254011,13.3428039850425
1128856,8128333,13.32963238081127
1128856,5548766,13.316042871903095
1128856,4728611,13.314340054049635
1128856,4728613,13.305498411806141
1128856,7131320,13.30519119892924
1128856,7173559,13.30519119892924
1128856,7230620,13.30519119892924
1128856,1389973,13.288946811649078
1128856,1567373,13.285673074655053
1128856,851541,13.285598533889438
1128856,5875954,13.285598533889438
1128856,2146576,13.285598533889438
1128856,4728614,13.277552914502685
1128856,7195398,13.268823324089553
1128856,6348398,13.268823324089553
1128856,3379265,13.26135580004026
1128856,1817278,13.24589955154228
1128856,1898793,13.2436286833691
1128856,5221100,13.241127901600017
1128856,7095560,13.241098180735495
719381,3923586,15.974579019109234
719381,962230,15.319704378373757
719381,5250974,15.276009979271775
719381,974059,14.804697526857456
719381,5321345,14.517468883281389
719381,6068509,14.4208676306325
719381,1002002,13.563770807788217
719381,7605011,13.173738243608769
719381,274893,13.094876050064913
719381,1156185,12.820663909452824
719381,4870518,12.765513540505596
719381,7162494,12.67581844164696
719381,5321343,12.626986749268106
719381,239637,12.622788727445123
719381,7605008,12.477060746691464
719381,7174086,12.293619629399458
719381,5605716,12.197214806742924
719381,8714044,12.129343575793968
719381,6705103,12.129343575793968
719381,4012955,12.037548668801604
719381,3383428,11.99009613902581
719381,3452732,11.901811306191306
719381,3505457,11.830022265262269
719381,8133280,11.796392263151233
719381,884757,11.722391532951926
719381,5244573,11.703008371938505
719381,1638828,11.675660317582029
719381,6972834,11.637432416664923
719381,7171307,11.599966525488185
719381,7130336,11.581635105906557
719381,239168,11.575858049615865
719381,4075221,11.572983600804505
719381,1064918,11.556197787278368
719381,7403647,11.546775628136729
719381,1291318,11.538978476918667
719381,3181650,11.504149134082068
719381,8667947,11.49265082549084
719381,7210236,11.386556708936578
719381,7174079,11.351530879872481
719381,3181656,11.30353035913767
719381,7162491,11.302401276075189
719381,282648,11.287775927573971
719381,7566456,11.238782485916932
719381,5163235,11.187679865750559
719381,2413023,11.134385059482115
719381,2373741,11.127637282389557
719381,168356,11.111655111883934
719381,7605006,11.094353304910612
719381,5163231,11.092230447204294
719381,7899946,11.076999415627105
719381,3162551,11.062737146936453
719381,884755,11.062661519957004
719381,4872987,11.041595205340428
719381,5272893,11.037196645573403
719381,1132386,10.94729875944775
719381,7605010,10.934106115324255
719381,1234558,10.932416780811797
719381,7332885,10.921475789969033
719381,170681,10.901890319932967
719381,364132,10.840844875763604
719381,2108688,10.78888919806388
719381,151258,10.786406818894084
719381,1914317,10.778186617156804
719381,5321732,10.75346206979782
719381,981072,10.71800151443253
719381,6921271,10.717052432221685
719381,5981841,10.690614926797428
719381,2792812,10.62713333879944
719381,7580035,10.608517032613666
719381,160655,10.603808322734215
719381,7310659,10.600671504365353
719381,6871197,10.591964687561287
719381,7132597,10.549026066623261
719381,4471473,10.548295226506117
719381,2036372,10.531600497454932
719381,7605012,10.514366971073194
719381,4449518,10.480622655579703
719381,4934750,10.455791292821122
719381,145310,10.446924268915852
719381,5649848,10.446570073084716
719381,5512425,10.443612192267043
719381,6967590,10.437009214837728
719381,5981840,10.42039690307006
719381,4051877,10.381659085585204
719381,7689804,10.368185676444073
719381,7418819,10.344101980642076
719381,8094127,10.343337566761463
719381,1847332,10.32792021959406
719381,7278709,10.317749057645852
719381,1769553,10.307295603255035
719381,7267893,10.266216175811842
719381,1663742,10.210458095623833
719381,8544961,10.20506747588011
719381,5874333,10.163162913230744
719381,8644208,10.16095475797957
719381,1607429,10.158841175139626
719381,6493321,10.146402698679772
719381,4806965,10.114291075392485
719381,8257965,10.111690500321032
719381,7231061,10.099658543156227
53175,2426515,19.978865349596926
53175,1203854,18.925509625954046
53175,7811556,18.875846543759785
53175,7239924,18.719215676376052
53175,5925083,18.44662696322233
53175,1755117,17.901138427813606
53175,6031883,17.409837521731152
53175,6151784,17.286033695357954
53175,5925084,17.180093244483977
53175,479863,17.0960633423587
53175,6455354,17.093540573565654
53175,5652638,17.0019673961439
53175,5652641,17.0019673961439
53175,479864,16.862360682644592
53175,6621349,16.754208289144653
53175,4860417,16.702978959128025
53175,3735095,16.548044871796193
53175,2027057,16.45198224299608
53175,5925089,16.377199171884804
53175,6414764,16.360357690946238
53175,3564381,16.304764904103774
53175,3452829,16.136766475058664
53175,4128307,16.126099868732258
53175,479865,16.106568762332756
53175,7828157,16.09467077144595
53175,6572988,16.08160730215465
53175,8244527,16.054202892667558
53175,7353447,16.053504956062202
53175,577068,16.04126678575517
53175,3735093,16.02579807450719
53175,4478435,15.99579659599947
53175,6878531,15.98462166746313
53175,1104819,15.94363545597599
53175,3673118,15.92479903210979
53175,8348610,15.892191768422869
53175,8244528,15.870283670243516
53175,3134349,15.858993457868042
53175,6878758,15.855713438693332
53175,5816016,15.842233414117546
53175,5513447,15.806122571547721
53175,836090,15.805865614755662
53175,8234472,15.776393997827759
53175,7828156,15.76079070596359
53175,3235092,15.759234978774193
53175,577073,15.65845092012894
53175,5845281,15.633228385457208
53175,8244934,15.62921242957095
53175,3656444,15.623933517366282
53175,98660,15.620680565078029
53175,927794,15.606318948454875
53175,826422,15.60623858360648
53175,98665,15.572612709626426
53175,844172,15.562786430296702
53175,7057518,15.543418449725076
53175,8260472,15.5407864842082
53175,7378828,15.530067158505048
53175,4121702,15.52876167543309
53175,4474059,15.520130093783475
53175,8565386,15.51841305625252
53175,5925091,15.511428550466894
53175,3203289,15.465665159005471
53175,8026117,15.430054274276657
53175,479859,15.406471899606558
53175,8333463,15.383352543091126
53175,2455235,15.364341521097629
53175,8244529,15.306623075903307
53175,6363818,15.30301061637632
53175,7090733,15.29938268056013
53175,8333470,15.281012904458077
53175,4863630,15.245748936073017
53175,6636456,15.227419851289955
53175,98656,15.210240185894438
53175,8565376,15.207890583838257
53175,8565381,15.173081492794825
53175,6583492,15.1685563124759
53175,4245476,15.146627017658945
53175,482976,15.143822931789941
53175,468175,15.142543027964798
53175,8565375,15.140476384049698
53175,332560,15.132956647201475
53175,7879977,15.107120097202335
53175,2171337,15.083524812875158
53175,8336655,15.048897147950687
53175,3896583,15.033750534300353
53175,8273885,15.012416137579837
53175,5016007,15.007879333117941
53175,6636452,15.005848914967867
53175,4733271,14.993332630702064
53175,1559818,14.992366831967253
53175,4277117,14.97500076522767
53175,8273886,14.95907990816504
53175,6450700,14.933365514960483
53175,4128309,14.92372646511197
53175,7070546,14.920805043824505
53175,5995988,14.918791854532042
53175,3421930,14.916843154322274
53175,248620,14.916276474687184
53175,8338657,14.910654661091783
53175,1547286,14.898144959258541
53175,7773599,14.868937781948862
131651,8137502,13.98236781256239
131651,228040,12.894981617849918
131651,4386031,12.731614368335272
131651,4386032,12.588816603906047
131651,4386033,12.450872241466147
131651,8334290,12.070593038371694
131651,8724468,11.81942586076615
131651,3695982,11.667723777267774
131651,4599676,11.512031722285329
131651,6983085,11.37228271288205
131651,6983081,11.239054706497049
131651,5658050,11.239054706497049
131651,8195113,10.463134964332632
131651,7895096,10.39509969759399
131651,3816120,10.366374170459281
131651,6983084,10.246774745429308
131651,4610994,10.04994740308812
131651,8334292,10.007685145418481
131651,867563,9.996845167336266
131651,7825212,9.858474049748981
131651,3816122,9.84029291460305
131651,455054,9.634161406520272
131651,6897563,9.632584182452591
131651,2062607,9.45813506379972
131651,5585471,9.430105054355856
131651,4636782,9.41925487973548
131651,1941266,9.382821390723125
131651,1490196,9.36604587121821
131651,974426,9.320565054938877
131651,7554989,9.271402469230559
131651,3169272,9.240333184082123
131651,3169274,9.240333184082123
131651,2133749,9.203752842752033
131651,184783,9.159815127180215
131651,2097451,8.945533288942514
131651,6147081,8.919886497871442
131651,4599677,8.914979642980349
131651,5658054,8.91329263702302
131651,578718,8.828515130617696
131651,2765412,8.639845704163488
131651,2685251,8.620281243238058
131651,1758089,8.6016433761914
131651,7571050,8.546708847622416
131651,677184,8.509929886398389
131651,1303492,8.453176544751972
131651,7124341,8.404086855983206
131651,2584586,8.372399808930545
131651,3169276,8.35209687983306
131651,3169273,8.35209687983306
131651,1994089,8.308273580857714
131651,2062602,8.202308803795685
131651,1658449,8.177908232776941
131651,8321828,8.113476018347288
131651,6570498,8.032877062451833
131651,7571052,8.00330921565563
131651,7554990,7.971886235877092
131651,8605581,7.969134669506671
131651,8330053,7.89943080007143
131651,3968174,7.8436887550635035
131651,455055,7.830345381591808
131651,7895093,7.8036525341872744
131651,4903242,7.803538429985189
131651,553275,7.803005214127979
131651,6583821,7.786210698381245
131651,3616622,7.7425350093294245
131651,147514,7.71346895127882
131651,2765413,7.692435769878269
131651,7895092,7.663941487212222
131651,8127857,7.660483755321505
131651,414124,7.6209497730840425
131651,8605586,7.598473068119805
131651,1370547,7.597119904453216
131651,4599672,7.58945540320227
131651,1170652,7.494805210481378
131651,5658048,7.491719890418081
131651,5382171,7.487134569146672
131651,974429,7.44968051893389
131651,4248341,7.426121495782629
131651,4636784,7.3547940824356415
131651,677176,7.321886658089634
131651,1468448,7.241409809811764
131651,2133753,7.240306179231701
131651,7364115,7.223627438833229
131651,8334294,7.213242683322409
131651,2698689,7.1862710743510165
131651,3781573,7.179116684008435
131651,6897565,7.173305785270111
131651,8137506,7.124690077901948
131651,8334297,7.104807422406331
131651,3695976,7.088890034976567
131651,1170649,7.049041156560449
131651,4527154,7.0404924259424675
131651,677179,7.0404924259424675
131651,6211354,6.9652344277114295
131651,496957,6.963953711595372
131651,1170650,6.960567589603908
131651,1514894,6.955574762492789
131651,4681906,6.942581392723193
131651,7300770,6.942581392723193
131651,4610990,6.897880288016868
1037798,8760867,19.100958112263534
1037798,3641634,18.214323982799165
1037798,8760873,17.500954269983794
1037798,8760864,17.222155994242833
1037798,4788864,17.150465590720106
1037798,2157456,17.01452064547386
1037798,8760868,15.934265006586578
1037798,2787508,15.929880181803451
1037798,3620983,15.20992013635812
1037798,8820474,15.085619351936835
1037798,994978,15.058736684597388
1037798,4936037,14.81740988469475
1037798,3641640,14.712285911690358
1037798,2572535,14.490041239945803
1037798,3387556,14.381417959619352
1037798,4083926,14.274411130854274
1037798,3295328,14.274411130854274
1037798,8717816,14.234904128607937
1037798,8760870,14.16745760029186
1037798,7623886,14.126544184101345
1037798,2157450,14.098508113790444
1037798,3167284,14.067448776572935
1037798,7950016,14.058425876257651
1037798,1043106,13.999040158435088
1037798,6912814,13.892289459325339
1037798,5904351,13.892081286939248
1037798,1780966,13.740556038392707
1037798,5748541,13.631663234121294
1037798,2403951,13.63040794975942
1037798,1043104,13.612253832223644
1037798,8676400,13.534839465274546
1037798,1232012,13.350054426080252
1037798,5753978,13.200651935738316
1037798,4714121,13.194209763833747
1037798,5753976,13.186851820462717
1037798,5753973,13.15144409471055
1037798,8417086,13.096353961220856
1037798,5753977,13.08089651581467
1037798,4974552,13.011944782033332
1037798,4168908,13.011207218327636
1037798,8223340,13.005543724338576
1037798,5099520,12.987211114937644
1037798,6943532,12.921677298888442
1037798,3926205,12.921274947099688
1037798,7943228,12.880830817469201
1037798,8760871,12.792143215865792
1037798,4227882,12.792143215865792
1037798,2914156,12.754596893630602
1037798,4296396,12.71102020625423
1037798,4297405,12.660338962114992
1037798,1499298,12.645018681217433
1037798,2792856,12.610139437381362
1037798,6131643,12.606177056324295
1037798,5753975,12.563863649466159
1037798,8800181,12.451110683552066
1037798,3446131,12.451110683552066
1037798,8760866,12.424646041223628
1037798,7967207,12.374089749991668
1037798,4095286,12.374089749991668
1037798,3002498,12.352092921482601
1037798,3695191,12.29656107799234
1037798,8224675,12.27966228507727
1037798,3446130,12.254919173430443
1037798,2970896,12.179863551026255
1037798,1520771,12.175144919357493
1037798,2940991,12.12660739091281
1037798,2249209,12.116643094749518
1037798,6155141,12.067711267184443
1037798,1043101,12.03651300380807
1037798,3446133,11.973878206604308
1037798,4297400,11.891238481993623
1037798,2634475,11.888439753832198
1037798,1520773,11.888439753832198
1037798,2536395,11.838511459385971
1037798,6526047,11.836215827812856
1037798,7556105,11.815587253578189
1037798,4273497,11.757227383652605
1037798,5702713,11.704688638169618
1037798,1787250,11.675563748548525
1037798,7780938,11.654032439703615
1037798,4482918,11.644599457135577
1037798,7822415,11.614926827240778
1037798,3673022,11.614926827240778
1037798,7253357,11.547857347960122
1037798,7827293,11.539354145519205
1037798,8087396,11.486161906783806
1037798,7556101,11.42009624341482
1037798,8537479,11.392356179631996
1037798,6421952,11.37462608140271
1037798,5732889,11.356384921030086
1037798,8515267,11.353716089776105
1037798,811306,11.297808610860463
1037798,473202,11.220193533015658
1037798,3681010,11.207096861654861
1037798,7466652,11.201492616624252
1037798,2868741,11.143132053869502
1037798,5438881,11.123580213272426
1037798,6060285,11.103995796741719
1037798,8229700,11.02870398386575
1037798,720665,11.023179040990552
915593,6923052,32.90726681715025
915593,82113,32.23609165674236
915593,82109,30.90643437260089
915593,3357360,29.740008203050778
915593,82107,29.180130980966027
915593,3538167,28.302889973245005
915593,82114,27.38432492626678
915593,3538164,26.67522521900448
915593,2210594,26.579185038602915
915593,2210595,26.579185038602915
915593,275732,26.21862203363473
915593,2210597,26.15881261845447
915593,1772930,25.987414350697186
915593,8455306,25.26336225963179
915593,8103065,25.077506149577843
915593,2588143,25.07538689538488
915593,7742098,25.03283114294198
915593,3890492,24.587833885058124
915593,3538166,24.572108768031747
915593,82106,24.34339058808833
915593,3523599,24.28312697567734
915593,5931269,24.27107834666763
915593,5931264,24.25400885267593
915593,8402972,24.14787454466955
915593,8103067,24.025925044381317
915593,8455302,23.91979435491181
915593,1396707,23.856605233597854
915593,8178998,23.842189067496587
915593,8179001,23.61102328463616
915593,8178996,23.49887881332724
915593,4566818,23.43149849831738
915593,2210591,23.377155424680712
915593,3485338,23.284747695835286
915593,210379,23.19051320142011
915593,1396701,23.016224389644968
915593,6923054,23.00092407484808
915593,7885529,22.84459196570675
915593,3143377,22.78819485399847
915593,8029530,22.64563313113944
915593,4566816,22.57242557985157
915593,649106,22.570305717256453
915593,6564325,22.542787539445577
915593,4566815,22.172248314838495
915593,8402971,22.123229255827958
915593,4566819,22.013095428263448
915593,1972028,21.94567107733878
915593,2923496,21.930584737645482
915593,6923055,21.911767039251338
915593,3538162,21.813225371046506
915593,4691129,21.810855708467408
915593,4910037,21.736582865783397
915593,82111,21.660445832069936
915593,5931262,21.46992672185769
915593,8455301,21.300253959578804
915593,3573479,21.25624719028749
915593,3991910,21.095242052982762
915593,8179005,21.08574994419663
915593,8178999,21.084552280277506
915593,5931265,21.082842585508466
915593,3538159,21.02606713353058
915593,8402973,20.981348630182183
915593,7837086,20.96907869515323
915593,7861750,20.752433522302162
915593,8002846,20.737119271156708
915593,3450898,20.687206474102865
915593,1907207,20.685411681830903
915593,2210593,20.599499260037657
915593,8029524,20.599499260037657
915593,3523602,20.549325658505744
915593,3538163,20.382549064526657
915593,7837084,20.37940600035669
915593,82105,20.269092374136648
915593,7861747,20.199112690760764
915593,1033076,20.19188194682944
915593,2923498,19.98799976205941
915593,8402968,19.982816966770173
915593,5931263,19.913888005568925
915593,3452684,19.65760454200643
915593,6761345,19.58779905377481
915593,5931270,19.574772188731608
915593,4566823,19.55267741922685
915593,3918680,19.511168621418044
915593,5931271,19.47544413203658
915593,8178997,19.475298122190537
915593,4566817,19.440265154952748
915593,1772932,19.428386565678153
915593,2923497,19.310349816583074
915593,1815965,19.182368935593093
915593,8002855,19.12176453864986
915593,3710119,19.084033933894585
915593,6761346,19.042513844697215
915593,6923053,19.027853258314316
915593,5931268,18.972273497963776
915593,1396705,18.96438235029692
915593,2744909,18.89780571289765
915593,2210598,18.87058049918128
915593,8455303,18.858828477508638
915593,6923050,18.823029036147133
915593,3924449,18.80080284542212
915593,8455304,18.76766322102986
264014,4834547,26.552497450180546
264014,1610712,24.30430236091854
264014,96854,23.874204453382077
264014,5611210,23.864164410513308
264014,6641238,23.409935081600825
264014,96852,23.11533417994665
264014,3764482,22.92666133845625
264014,6337909,22.18030112152716
264014,5849270,22.110475360948342
264014,5328095,21.3345439387368
264014,1610714,21.319852342480306
264014,6501719,20.89150579218739
264014,1313260,20.555616203655397
264014,3666584,20.403774799655455
264014,5635521,20.091627362380613
264014,4239616,19.908044219826095
264014,1804644,19.76395487554681
264014,528379,19.704409557182135
264014,1444280,19.537830751788114
264014,5386309,19.386722286993127
264014,7196300,19.313512307670162
264014,528372,19.163334552066637
264014,96857,19.131053729851867
264014,7071229,19.062352866010635
264014,7326934,19.051582537515667
264014,3577344,18.9548319975088
264014,6905228,18.888491951692078
264014,2718300,18.85233135442126
264014,3338827,18.64842855933078
264014,5635519,18.535962133545816
264014,4425760,18.493867494280654
264014,3120993,18.473552262157384
264014,4018134,18.31363152366962
264014,5896177,18.2633485668795
264014,2572557,18.250119865344153
264014,6105572,18.22998382916353
264014,4425759,18.040609596259635
264014,1610709,17.969594610023094
264014,8531389,17.94916705008096
264014,5269173,17.946217146657432
264014,8141614,17.925376788022707
264014,3577342,17.903927814715118
264014,96856,17.807134170682687
264014,7317297,17.798757335397582
264014,5583426,17.746213059835096
264014,3577343,17.736092219927734
264014,6242497,17.714585477849052
264014,3338825,17.68579884458778
264014,4647186,17.684989723549883
264014,96859,17.6216357022792
264014,96855,17.534039326353295
264014,7418044,17.395959513174216
264014,5302267,17.357635534014644
264014,4754388,17.34608921320187
264014,8531391,17.29408871618962
264014,3841908,17.26991704439103
264014,96851,17.249167816977657
264014,2223171,17.24036680501684
264014,1163962,17.169620921221806
264014,3987380,17.160631825954347
264014,3666583,17.076731956561133
264014,8502491,17.07147941981647
264014,8008355,17.04976225723685
264014,5587285,17.037403284666212
264014,3154992,16.966062025670315
264014,5698125,16.94153974844962
264014,8732654,16.931011688515866
264014,684621,16.85843671135511
264014,340490,16.82785073776678
264014,3457129,16.81537610999021
264014,3585842,16.798061833087225
264014,5950726,16.77776192643514
264014,2474342,16.738585396310164
264014,2991665,16.729708686584743
264014,5063302,16.660148785321265
264014,935825,16.64810898788988
264014,5950722,16.630481310990938
264014,340485,16.611860699805852
264014,5225382,16.605445465711174
264014,5310096,16.595434583661444
264014,5950721,16.55168328435441
264014,5950723,16.509199558796137
264014,3217535,16.508277809064605
264014,5855691,16.469472148480918
264014,528380,16.44197765845724
264014,684616,16.44147174684206
264014,4814956,16.326765722287824
264014,2420367,16.321826451837772
264014,4834548,16.305413204109463
264014,122118,16.28452508376439
264014,2633248,16.251245487713735
264014,6587084,16.187235282617603
264014,3988253,16.171346055711272
264014,6450522,16.14647077866193
264014,1697966,16.05682765911273
264014,5063309,15.99585368771594
264014,7859079,15.903631483346475
264014,1610713,15.876525742949504
264014,5855687,15.868547409252649
264014,1716850,15.843753612251874
1121402,8052622,26.70860209423837
1121402,182370,25.166459008316945
1121402,182373,24.913198887029353
1121402,8052624,22.59879001487901
1121402,188213,21.310842207322683
1121402,188217,20.875553033082035
1121402,188215,20.85261324324464
1121402,5189913,20.19934059041823
1121402,188218,20.101920439021807
1121402,182368,19.776338975539204
1121402,182364,19.542987301864528
1121402,7125978,19.427444096804074
1121402,7125983,19.238823835077202
1121402,8052620,18.90435901863551
1121402,3785310,18.649734445839115
1121402,8052621,18.56680162620644
1121402,7125985,18.32000115316537
1121402,188214,18.207076224652972
1121402,8052619,18.157659407769053
1121402,182365,17.82489389309455
1121402,188210,17.540469872388446
1121402,188209,17.2584737528122
1121402,188211,17.111905327084216
1121402,7125981,17.086078104183393
1121402,8052617,16.55992176109335
1121402,188216,16.339472828415023
1121402,182372,16.07477441712295
1121402,182369,16.07477441712295
1121402,3511795,15.428573531248352
1121402,8453588,15.360576572830123
1121402,6717338,15.274870558464517
1121402,1249683,15.232637428095636
1121402,1756426,14.621922257213777
1121402,7142994,14.612895280599417
1121402,6717336,14.479304194408172
1121402,8235730,14.351081581227952
1121402,7125982,13.753604594564166
1121402,6717342,13.357580557768145
1121402,8718639,13.34457921681561
1121402,1865066,13.106059125658943
1121402,95998,13.106059125658943
1121402,3785309,13.045349450099778
1121402,3747588,12.679827257848189
1121402,1756424,12.603515385442218
1121402,7011506,12.581018831237317
1121402,7125980,12.548940483910933
1121402,5614619,12.4776147490746
1121402,7572308,12.405047660112995
1121402,6392398,12.320486383388975
1121402,3142014,12.320072054507282
1121402,2801731,12.270691928486622
1121402,6371843,12.24325569981731
1121402,2801732,12.204800063829726
1121402,133239,11.992910239651252
1121402,1865061,11.992910239651252
1121402,7572312,11.760015148786444
1121402,7571547,11.62099708947452
1121402,22453,11.62099708947452
1121402,6900255,11.61584654017714
1121402,4727107,11.561229956665295
1121402,1679021,11.560188350446882
1121402,2614504,11.546669250384488
1121402,1402314,11.450673745108972
1121402,4616915,11.423613906024316
1121402,5805824,11.333944634802297
1121402,3120488,11.246649073581356
1121402,7572311,11.227223008492185
1121402,6371837,11.206421733452725
1121402,3498103,11.158763953852844
1121402,7477357,11.123426062635001
1121402,5614625,11.113585631108904
1121402,3511789,11.113301515073712
1121402,6392405,11.10324097268968
1121402,2741628,11.053283085903606
1121402,4727103,11.02323023635869
1121402,5576722,11.008098236496243
1121402,647025,10.988916131854175
1121402,5614621,10.877715848969318
1121402,2741622,10.787604346103391
1121402,7898701,10.783615726275972
1121402,5805570,10.78258556174032
1121402,4130387,10.772503750992271
1121402,5405183,10.770796035850593
1121402,5614620,10.757172055102892
1121402,6717337,10.744561305029215
1121402,5831283,10.743622711524523
1121402,1905694,10.685214743942906
1121402,4893520,10.659497527165026
1121402,4727100,10.645857610433382
1121402,595104,10.574531727150044
1121402,6900252,10.535964466206446
1121402,7477363,10.513274349799977
1121402,1623219,10.421989313881621
1121402,6331906,10.414166249417038
1121402,4494447,10.4015911129981
1121402,1623225,10.375134469004733
1121402,4042707,10.316781142330889
1121402,1905701,10.316781142330889
1121402,7477360,10.308249455651929
1121402,1623224,10.286787832707859
962179,3705165,21.78111824502951
962179,8689054,21.37898342632363
962179,5773189,20.58657771447377
962179,2329697,19.79545999084601
962179,2978866,19.125111780580397
962179,5653659,18.764679644055402
962179,6327380,18.405743069501977
962179,8689053,18.382489940455308
962179,6575560,18.382489940455308
962179,3150561,17.945368817483846
962179,372500,17.945368817483846
962179,536176,17.771419820377965
962179,3556891,17.458183643276172
962179,8032269,17.4036011697091
962179,372501,17.35631217715489
962179,372499,17.124320296336876
962179,3150562,17.010722531310563
962179,5653652,16.754065767011646
962179,1006868,16.702644892953863
962179,8785374,16.581512829895864
962179,5773184,16.56971140849891
962179,1006859,16.547245625355234
962179,1882903,16.35379537715201
962179,529450,16.341698224055996
962179,8689052,16.296059984372526
962179,4511498,16.25066772315098
962179,4511503,16.14465178186388
962179,5931179,16.10561406234437
962179,4606387,16.06947226563917
962179,8785370,15.995616414824513
962179,8785368,15.968482776837632
962179,4309122,15.954470299429767
962179,657883,15.84428516655568
962179,6186348,15.829169439906847
962179,6898294,15.813038618389925
962179,8689059,15.746671913017643
962179,8746010,15.728481629546348
962179,6898292,15.675954189393758
962179,5053888,15.664110030870926
962179,3982060,15.648362279039674
962179,3422321,15.58713654557064
962179,2186434,15.586529756454631
962179,4127928,15.5818533828269
962179,5070337,15.564837606347506
962179,1006867,15.459962669988165
962179,534563,15.433886055410998
962179,1006860,15.363713624139555
962179,3422317,15.301123105750099
962179,302865,15.301123105750099
962179,5938035,15.24973106796194
962179,1006866,15.171221644704803
962179,5427070,15.113338717288352
962179,6898295,15.06959820552841
962179,6898290,15.056317676745397
962179,1371846,15.031319366010681
962179,5320368,15.026387622174212
962179,5432458,14.997753115860354
962179,5282332,14.882812700769943
962179,4257873,14.85501736153504
962179,8689055,14.843519626270902
962179,8785375,14.838808114306387
962179,1645080,14.831483478676528
962179,4511499,14.828064802302592
962179,6575562,14.796141784207084
962179,2051896,14.780572899229572
962179,7147504,14.763983516100463
962179,2925975,14.759676909115864
962179,2632688,14.717736253761
962179,3982056,14.648765741153152
962179,353539,14.643533795255554
962179,7588230,14.610447850432873
962179,3500988,14.560585360291995
962179,5901720,14.559360682573153
962179,3173623,14.546739760523543
962179,3384668,14.533830191899613
962179,3033200,14.471553786347268
962179,8689058,14.466392228847171
962179,4511501,14.431574459260089
962179,6478742,14.413232218353752
962179,8811426,14.380797556042905
962179,5247211,14.37012766157058
962179,7957547,14.3626492063597
962179,4511504,14.318218342622947
962179,7733810,14.302005581296367
962179,2978868,14.288022690233866
962179,6675259,14.282166957478367
962179,5427063,14.244209728412816
962179,7745771,14.15491510557507
962179,2017003,14.129984896980371
962179,7117197,14.092331725323369
962179,902373,14.08109180835579
962179,5173969,14.042821905076432
962179,2228907,14.022078531931292
962179,8032264,13.98858859538697
962179,4606389,13.875764736906062
962179,2017001,13.808867901575885
962179,8785371,13.805007053437496
962179,2929469,13.784332735693184
962179,2131893,13.767892615486993
962179,2929465,13.761330356376577
1117099,1798620,14.842410221102707
1117099,5752877,14.755367583448283
1117099,5699286,14.682305472527332
1117099,1445087,13.403539827226046
1117099,8714085,13.23935602002155
1117099,8446504,13.19332929570736
1117099,4775947,12.883363311611824
1117099,8714082,12.868376412298296
1117099,1798612,12.577561438797163
1117099,4458512,12.429254105432076
1117099,8446502,12.346712455974128
1117099,2789022,12.25219288650735
1117099,8446501,12.127039994292364
1117099,3186367,12.002285525479223
1117099,6177939,11.966362820103324
1117099,3349612,11.87827406199446
1117099,8093934,11.717879173361755
1117099,6993942,11.705844607942407
1117099,8446505,11.687762630060586
1117099,5258462,11.648298916672234
1117099,6858988,11.449969498827915
1117099,3543106,11.334612078477289
1117099,8113158,11.257796813846719
1117099,6858994,11.198485304358739
1117099,3427785,11.137903144771707
1117099,1551131,11.11208342134913
1117099,4750335,11.103711196523735
1117099,3427786,11.060657214037967
1117099,5817491,11.060657214037967
1117099,7249377,10.985988849198058
1117099,5597127,10.984785496929351
1117099,8093932,10.978194014770207
1117099,429704,10.947626678553132
1117099,7172078,10.945813935100295
1117099,4059509,10.930896641151168
1117099,2128237,10.918342365232995
1117099,7498422,10.909560472812323
1117099,6122722,10.897538529038473
1117099,6398911,10.888459322287519
1117099,2618876,10.88834760983136
1117099,6481211,10.85546887603428
1117099,4441325,10.849183573679362
1117099,4001644,10.813050240422228
1117099,7610604,10.811711221944583
1117099,103429,10.797757043364662
1117099,297115,10.789234454218846
1117099,5149273,10.719457432171847
1117099,7518838,10.617564121786227
1117099,2567188,10.590077347928306
1117099,5354862,10.517663117448166
1117099,700500,10.475883115580086
1117099,4111478,10.404053841334926
1117099,1013796,10.393845202369228
1117099,6622235,10.392568883934912
1117099,7959195,10.36741270417443
1117099,3931642,10.362974106632223
1117099,2036717,10.362974106632223
1117099,7135561,10.23517622347199
1117099,1692846,10.23448321638481
1117099,5286539,10.233662965440466
1117099,4458510,10.207141066151372
1117099,6171064,10.07555468972162
1117099,1585686,10.06101762446146
1117099,4886519,10.046827946867044
1117099,700495,10.02860195769418
1117099,3186365,10.026771176190431
1117099,5286538,10.022104657871456
1117099,7722560,9.955100910165047
1117099,5403908,9.95423791859268
1117099,1798619,9.954034659045364
1117099,8019449,9.9534262059571
1117099,8708306,9.940391844463988
1117099,6178371,9.912987287914369
1117099,6481213,9.888543311522184
1117099,2292116,9.874019020172724
1117099,2620706,9.868881516199647
1117099,1632955,9.860688372236686
1117099,2620705,9.836989586285604
1117099,1721190,9.836989586285604
1117099,65962,9.815763375220694
1117099,6455489,9.78244082901823
1117099,8417516,9.754849794306201
1117099,7423809,9.682577657731516
1117099,1570999,9.658493718593588
1117099,1570995,9.646804559510024
1117099,2205521,9.641567170365658
1117099,4458509,9.640016426839768
1117099,1632948,9.638674898260984
1117099,3960678,9.638617182972052
1117099,2413643,9.634882279123167
1117099,6776509,9.6327208040403
1117099,1123497,9.616634047766505
1117099,4772279,9.612401827877553
1117099,5795851,9.580126599734518
1117099,4285284,9.579111175785599
1117099,3633445,9.566123278453897
1117099,5377579,9.561230055433128
1117099,6848331,9.55255742193723
1117099,2774621,9.539019012467747
1117099,5912483,9.524487287071567
744366,8597232,13.82872284127305
744366,760507,12.929604523235588
744366,8597234,12.786817595076332
744366,8318774,12.322173074054326
744366,1286409,12.13314912345876
744366,2110901,11.491998112789263
744366,8318773,11.452008803417723
744366,7219555,10.707845332911237
744366,3152828,10.604500392490754
744366,2110902,10.604500392490754
744366,6214375,10.321603587294012
744366,5335826,10.156664608958955
744366,1485836,9.713891784321756
744366,2110903,9.626225661466158
744366,8318775,9.602293769131272
744366,8597235,9.589692991083819
744366,8318771,9.570484137463485
744366,8318779,9.553856924550262
744366,8318776,9.441466596487436
744366,1485842,9.323453256139935
744366,2110896,9.323453256139935
744366,8597238,9.210025193790633
744366,6214370,8.948311298725432
744366,5335825,8.504557712878933
744366,3410315,8.10339175579036
744366,3410311,7.839260733251431
744366,3410313,7.270501831040398
744366,6214366,6.611824871760268
744366,6214367,6.2427425183599485
277780,4840387,32.30580784683198
277780,4840386,30.038482215027372
277780,4840391,26.286316245930387
277780,3730468,25.941081213279368
277780,4840389,25.356113907296027
277780,1162122,25.024662812274066
277780,8042974,24.707098498687348
277780,4840388,23.14969283171648
277780,7197373,23.125212438760087
277780,5507433,23.047752445471552
277780,5912313,23.047752445471552
277780,7049627,22.859249428365978
277780,2529668,22.85739530978536
277780,917777,22.4600382203054
277780,5852844,22.34619481088015
277780,6001075,22.19265564635756
277780,6018365,22.129001287659296
277780,8523731,21.94646694246834
277780,5080608,21.945725442540308
277780,3730469,21.904262553824204
277780,4131748,21.842337771054595
277780,7579282,21.809485057210452
277780,4251012,21.288613431081203
277780,803915,21.086826259770692
277780,552785,20.906847219674937
277780,302366,20.8965771990724
277780,803921,20.841035563909852
277780,8013188,20.75090669435082
277780,3983028,20.63643023822278
277780,5342822,20.628072666495505
277780,6790286,20.596283657493544
277780,8013190,20.547177417952938
277780,4630736,20.171121758163423
277780,8503078,20.16396471050127
277780,784779,20.152056254923824
277780,5072847,20.090978629605594
277780,2101025,20.077613264406185
277780,8013189,20.024089847160372
277780,7417835,19.998678629603397
277780,1853981,19.894295426099408
277780,6001961,19.651740117677654
277780,6001076,19.585137435338698
277780,6001074,19.485499406220217
277780,3730466,19.485499406220217
277780,917780,19.384473504238677
277780,7880141,19.317831714204296
277780,6001069,19.279147963780364
277780,917779,19.166863389804043
277780,1991367,19.166863389804043
277780,1570367,18.940724217378484
277780,2300745,18.940677740195202
277780,6616823,18.938976701799945
277780,917778,18.908084497887515
277780,7602507,18.858800668359812
277780,8285377,18.808731197094637
277780,3129224,18.766411031640445
277780,5827473,18.73028087224137
277780,4341768,18.62741879553672
277780,3730471,18.609646413889955
277780,7545717,18.538575271692835
277780,6810438,18.46731649847801
277780,1695662,18.451567193379514
277780,7102830,18.451567193379514
277780,776238,18.44679429987115
277780,4109614,18.386091379775635
277780,4109618,18.383885323452056
277780,7675945,18.35216851602339
277780,6600967,18.215080266532354
277780,1176710,18.17256402327451
277780,7286767,18.140695565657822
277780,1151439,18.095830950990525
277780,3791295,18.057948483988564
277780,5857164,18.046971724803175
277780,3582168,18.044775879790024
277780,7423352,17.993976695143836
277780,1350042,17.993976695143836
277780,4109616,17.93780851965934
277780,7075036,17.93780851965934
277780,7302656,17.918509330442852
277780,3620534,17.850790885593053
277780,2001454,17.826490463588083
277780,6531768,17.814782238307565
277780,6319670,17.801402251813226
277780,3730470,17.7624108573564
277780,2123784,17.750963720675955
277780,5733599,17.74318650340998
277780,4306012,17.736949397855774
277780,1095048,17.698292082765178
277780,4341766,17.687215201537768
277780,5441967,17.676763311373627
277780,5845986,17.676763311373627
277780,7799823,17.615932301168208
277780,6001070,17.578234194164423
277780,5583920,17.556468999829168
277780,6833813,17.387324586182384
277780,3665133,17.344172551720725
277780,8644353,17.328810173638963
277780,8545109,17.23633126362151
277780,6616820,17.20785880856272
277780,8545104,17.197823373807182
1114563,8118044,21.55404110788428
1114563,8118047,20.428685747498136
1114563,8118043,19.367714233305495
1114563,8118042,19.284394399793968
1114563,8118049,19.276337254092713
1114563,6867488,18.63114324715832
1114563,8118048,18.246618069485496
1114563,6867489,13.471390634333577
1114563,6867491,13.471390634333577
1114563,7764799,13.136785843895941
1114563,8118045,13.06657329882259
1114563,6739268,12.36534708907414
1114563,1519453,12.120637060893419
1114563,6433793,12.058560574010242
1114563,5148093,12.039088759705415
1114563,875784,11.958718669207638
1114563,3220711,11.751428901182127
1114563,2138823,11.72941998053457
1114563,1786241,11.634905323899973
1114563,3911668,11.592471547098086
1114563,8118046,11.458777589790188
1114563,4486655,11.42513536292258
1114563,6739271,11.406342610944648
1114563,6867490,11.398741840878756
1114563,8118041,11.398741840878756
1114563,4016126,11.367003168088704
1114563,8785797,11.301143784088834
1114563,8118050,11.28035324319086
1114563,5691327,11.253787103264628
1114563,6703111,11.253787103264628
1114563,5691326,11.228793791205018
1114563,4624128,11.168887560917396
1114563,7373028,11.143983249908228
1114563,4904110,11.124977756361023
1114563,2980153,11.107763555087084
1114563,6961178,11.06142968328682
1114563,1740515,11.051187895608091
1114563,3108573,11.003694747382935
1114563,6875690,10.995359885809691
1114563,6867493,10.936003247552065
1114563,6663456,10.858812001833735
1114563,4772620,10.858812001833735
1114563,8351077,10.81854615640609
1114563,5746529,10.813650173302397
1114563,3147463,10.777335578540496
1114563,2134056,10.760231262944975
1114563,6703107,10.760061864264344
1114563,6990045,10.728746355404345
1114563,3537805,10.728746355404345
1114563,4616849,10.683521373936006
1114563,8021942,10.676163399581178
1114563,5421279,10.640710207728352
1114563,6567949,10.640710207728352
1114563,2784860,10.54396175890379
1114563,2210834,10.511831582401971
1114563,2797798,10.509062132673584
1114563,452445,10.494087664546027
1114563,4486651,10.488121718447148
1114563,4023799,10.459769823329783
1114563,6053454,10.386594821408256
1114563,7101,10.382422137660845
1114563,8703221,10.209440852164493
1114563,1848292,10.186137042765054
1114563,673876,10.132238475528023
1114563,6433794,10.126619963503085
1114563,6398203,10.083577917071075
1114563,7233221,9.972565507722265
1114563,7760179,9.906519382505689
1114563,5881923,9.88040035944232
1114563,24008,9.824865856050764
1114563,6867495,9.818380891927262
1114563,4486656,9.80213795924061
1114563,2301198,9.75690566363619
1114563,663200,9.75690566363619
1114563,8354373,9.737500251884533
1114563,2928680,9.7361559203075
1114563,4827703,9.723380698144133
1114563,8617314,9.658954553277187
1114563,8617315,9.638580303444241
1114563,8117407,9.622808674338996
1114563,8785986,9.618541914142956
1114563,2875785,9.605674807183533
1114563,3128309,9.595589977857438
1114563,7361324,9.595589977857438
1114563,7488460,9.586208165251644
1114563,3992795,9.580043594737878
1114563,7039502,9.572656567617507
1114563,7494542,9.564009028704202
1114563,4985658,9.562802700173004
1114563,1099892,9.554548803884494
1114563,8290276,9.552969098545951
1114563,924689,9.498400988578565
1114563,4121813,9.494847193490703
1114563,7997236,9.481541447840591
1114563,6130251,9.380807975366812
1114563,673869,9.365449965124679
1114563,7149403,9.363987140693805
1114563,4040083,9.342964622147633
1114563,4749400,9.330525794461584
1114563,71729,9.330525794461584
1014126,2160418,23.672969277068724
1014126,4896626,23.427902281230608
1014126,6367092,23.18185731631049
1014126,6028962,22.48529064388903
1014126,3340638,22.280556211182187
1014126,2832876,22.23788356206605
1014126,8794121,22.063771825855486
1014126,2434214,21.67636542469537
1014126,4297300,21.67636542469537
1014126,7514802,21.668647870732762
1014126,6608991,21.407124868059984
1014126,5404297,20.14203837207296
1014126,3581450,19.95812457074788
1014126,2197889,19.783255626215006
1014126,6537554,19.70921065660743
1014126,1170313,19.413893728354864
1014126,37945,19.384664803465952
1014126,3687817,19.380990909344234
1014126,7652173,19.329320788456787
1014126,6919890,19.22032770491169
1014126,1040069,19.181063956573265
1014126,4443888,19.127963924442874
1014126,4970792,19.109074467558774
1014126,770223,19.045687734112317
1014126,4803615,18.979112477880278
1014126,7754005,18.973699077813514
1014126,3587542,18.90985697459392
1014126,7754003,18.81511493124491
1014126,8407170,18.79640064386641
1014126,574269,18.78518792802214
1014126,6216990,18.759562789049355
1014126,6445329,18.726785181768186
1014126,178080,18.5957975842447
1014126,7320797,18.550343784664552
1014126,1181893,18.513822868701848
1014126,2968301,18.507112190476512
1014126,2408127,18.477369257841872
1014126,6984123,18.469106839966546
1014126,2999701,18.396172149728933
1014126,1094856,18.39508084376623
1014126,2379306,18.369260111143824
1014126,2804919,18.36260923837578
1014126,566147,18.337438300802752
1014126,178082,18.26908340547822
1014126,2961306,18.23960859206213
1014126,4970793,18.149441173382243
1014126,6381826,18.082448513090885
1014126,1577955,18.07340577166783
1014126,4199989,18.0404072809032
1014126,4684737,18.007674249727906
1014126,3403004,17.946047015872928
1014126,7556557,17.778144606227556
1014126,3822763,17.775127490002824
1014126,8589064,17.69949501011225
1014126,4096649,17.67907878010684
1014126,5059924,17.663956768013996
1014126,2707791,17.66054252890103
1014126,8430890,17.64756301510114
1014126,8622588,17.569530328978093
1014126,769285,17.569530328978093
1014126,52776,17.56365561119249
1014126,7876789,17.53713624103332
1014126,923699,17.53713624103332
1014126,5201859,17.46857620470281
1014126,3808622,17.46624846335626
1014126,3340637,17.45600446637544
1014126,3743643,17.409971582889682
1014126,5465884,17.40405221727516
1014126,7577993,17.381395114083872
1014126,7859616,17.358001457247482
1014126,5921199,17.262395051801974
1014126,2696221,17.25372067579953
1014126,4386354,17.22521288804425
1014126,726860,17.217180161638147
1014126,2309173,17.211401983284684
1014126,2192253,17.18877439687277
1014126,4970791,17.182913973879597
1014126,4970794,17.182913973879597
1014126,3687815,17.143816281217656
1014126,6083352,17.12865935878102
1014126,7393577,17.116742058685695
1014126,3822766,17.041065115490017
1014126,2419942,17.038765639321326
1014126,6886953,17.035346227381467
1014126,5577363,17.035346227381467
1014126,4605181,17.035346227381467
1014126,8128490,17.02094462396008
1014126,229947,16.99939176366483
1014126,3804939,16.99939176366483
1014126,1024400,16.951942660439443
1014126,7643804,16.94880254005411
1014126,6514699,16.935104856277793
1014126,585439,16.90464988594745
1014126,1539557,16.90350915687457
1014126,2998575,16.87376941461841
1014126,8530851,16.8407038495909
1014126,2572034,16.82837752643876
1014126,4189307,16.82330893985346
1014126,7556553,16.792316130400234
1014126,3955647,16.79055636034339
1117346,8091627,69.80911002453256
1117346,8091629,59.11163577144211
1117346,8091630,56.07477977501686
1117346,8091632,48.91173008396159
1117346,8091625,46.289373794708204
1117346,8091624,41.36219719737793
1117346,8091626,40.35625963000007
1117346,8091628,39.31062135098324
1117346,8517839,23.468513342707944
1117346,2393386,20.4300638246904
1117346,3372102,19.765134978907138
1117346,8091631,19.518268652535532
1117346,1781590,19.040699189327984
1117346,2207570,18.39109012164235
1117346,97605,18.022208482017042
1117346,6502487,17.865969252679577
1117346,8378167,17.72972555835591
1117346,7247116,17.64104649621686
1117346,3311039,17.209420885801173
1117346,8378170,17.090411227824003
1117346,8047654,17.052267175412172
1117346,3230712,16.996129702733597
1117346,5651390,16.958491525538673
1117346,4029781,16.92598369856485
1117346,702127,16.92598369856485
1117346,3251776,16.906974245203855
1117346,602649,16.901844654735402
1117346,1882,16.901844654735402
1117346,4876041,16.874738981006203
1117346,3170549,16.797265967141247
1117346,8622681,16.797265967141247
1117346,2207948,16.736570861414766
1117346,2372097,16.736570861414766
1117346,2019156,16.718650927652163
1117346,1009793,16.685134771123096
1117346,3871790,16.679028083861155
1117346,6730466,16.66082999506184
1117346,2128735,16.650774319036806
1117346,2208585,16.603988957066242
1117346,2612436,16.5919435638195
1117346,3871795,16.541394876951742
1117346,3774456,16.538116867641172
1117346,2299914,16.52347095522541
1117346,2128736,16.51713598883655
1117346,1890,16.511481554255663
1117346,2493593,16.500822314282843
1117346,4858539,16.500822314282843
1117346,3691721,16.444801812184338
1117346,2818970,16.43906512081856
1117346,7537974,16.43906512081856
1117346,3311043,16.407067997537713
1117346,3862494,16.398615132941067
1117346,2372513,16.389367941656854
1117346,3871794,16.343970301013446
1117346,4543099,16.343970301013446
1117346,4876043,16.328815490116458
1117346,3539472,16.31772285696637
1117346,1374566,16.306375985572686
1117346,5504949,16.28470643127543
1117346,3122704,16.269795592070224
1117346,702129,16.246095618578735
1117346,2299913,16.242625878104583
1117346,7034567,16.242625878104583
1117346,796411,16.179169381335452
1117346,1889,16.179169381335452
1117346,6615426,16.179169381335452
1117346,1083474,16.176418518947113
1117346,2206333,16.161255636906688
1117346,2019157,16.151513608233053
1117346,8651233,16.127608456963927
1117346,2372517,16.126964996877266
1117346,367182,16.126964996877266
1117346,5900001,16.11932156951554
1117346,3251775,16.072392855634686
1117346,1771126,16.072392855634686
1117346,3153866,16.05163994779578
1117346,3275218,16.025172279663675
1117346,1374568,16.025172279663675
1117346,8020380,16.025172279663675
1117346,815679,16.025172279663675
1117346,4434169,16.016724487503865
1117346,1215735,16.012403508003274
1117346,6283879,16.01080639901549
1117346,8659150,15.992708655512027
1117346,602648,15.963568134801896
1117346,1468893,15.960518635834454
1117346,362942,15.942635393756962
1117346,8378169,15.930145163279319
1117346,2454649,15.930145163279319
1117346,3862491,15.926412106203331
1117346,2211212,15.914996099114699
1117346,1778424,15.912160063982007
1117346,4280129,15.899529182992218
1117346,324571,15.875079382029073
1117346,1895161,15.87070283092974
1117346,3854316,15.87023815002371
1117346,5734871,15.868069260484441
1117346,4487131,15.868069260484441
1117346,838894,15.85138147810046
1117346,520964,15.84121280489677
148538,985493,25.26676788651207
148538,985488,23.864057220739692
148538,8283527,23.801477732472904
148538,5077707,23.682208854692583
148538,5077704,23.55272258096371
148538,4539657,23.28571869812851
148538,7407803,22.620631141206147
148538,1950976,22.275588182668486
148538,231455,21.74951672812446
148538,985491,21.10375176753233
148538,3557943,20.848373490326487
148538,8283532,20.729222822591872
148538,1985491,20.236313225110273
148538,1950979,19.8200226047309
148538,1950974,19.01098265674774
148538,4264129,18.678716097309085
148538,339842,18.553659231728897
148538,6438297,18.36794559477091
148538,2805681,18.250667289299436
148538,6894608,17.93220654313862
148538,283691,17.93035004825285
148538,6425028,17.907649271732346
148538,748726,17.796157409759232
148538,5843047,17.796157409759232
148538,4185812,17.77399861730337
148538,5305311,17.677856588956146
148538,1950977,17.67757193283234
148538,5171603,17.33948971269787
148538,1039918,17.322487673622383
148538,1039921,17.322487673622383
148538,8814767,17.293090056313552
148538,7529434,17.26202895690986
148538,748730,17.245288315464464
148538,4447659,17.18592036105085
148538,1969519,17.184809234144353
148538,8181574,17.162534628560522
148538,3557946,17.06085696601682
148538,8265468,17.017048677422856
148538,3701822,16.941938548940133
148538,7513910,16.858330364390714
148538,8730430,16.838917080105333
148538,4976409,16.777451873128676
148538,615404,16.753119089748232
148538,1039922,16.714718149522668
148538,1039920,16.714718149522668
148538,1311206,16.707682748073612
148538,5809605,16.705930065282693
148538,5450246,16.613819724242532
148538,5588137,16.606991354715415
148538,6017980,16.580922147690796
148538,3918785,16.5678557814135
148538,6567031,16.554828428784298
148538,4976410,16.5394345945955
148538,4447601,16.38128255729808
148538,5588133,16.335935944232496
148538,7696610,16.332690212024758
148538,1384447,16.280054467777266
148538,4447598,16.249490353103106
148538,7157816,16.228261621921824
148538,7157818,16.153331610661404
148538,1311204,16.15275768470285
148538,3353303,16.149654152343977
148538,4185809,16.14158428137287
148538,1950983,16.138302968572045
148538,6697437,16.13695707287956
148538,4607267,16.105842426123495
148538,332401,16.050946476864922
148538,615407,16.050946476864922
148538,3353304,16.038728872069946
148538,5844625,16.037339956930023
148538,615405,16.0329237408939
148538,2308906,16.0258744933347
148538,332400,15.986686245465238
148538,23586,15.986070914798738
148538,1247539,15.919736783062532
148538,1449795,15.917408022297746
148538,4539654,15.904724374490137
148538,4539660,15.901850455451473
148538,451561,15.879030653153904
148538,6090334,15.879030653153904
148538,1147043,15.865021550324968
148538,5588135,15.865021550324968
148538,820304,15.852784198875796
148538,1039926,15.844760697434303
148538,615406,15.84102688711406
148538,2419541,15.818298902853076
148538,231452,15.817973140433729
148538,1392971,15.793533181641969
148538,7696609,15.78642531239538
148538,6377909,15.728493733606633
148538,3138645,15.72564880555851
148538,820312,15.72564880555851
148538,3010218,15.713329096493794
148538,2368187,15.710551666684063
148538,7840761,15.675185666127982
148538,2033793,15.647952648499109
148538,231453,15.582955377723966
148538,844360,15.567345104412173
148538,6543859,15.557085818398683
148538,6434592,15.533853895890214
451602,2176453,20.80058878852131
451602,2176450,20.536681720949034
451602,5475308,18.89726731867882
451602,5179251,18.583338095275717
451602,8390518,17.87217959658507
451602,2244882,17.791389360583885
451602,8540468,17.766262853806662
451602,2176455,17.441135123298814
451602,1277290,17.33872047549064
451602,4345752,17.296591670520606
451602,7315074,17.24559753292481
451602,3052112,17.14061451531723
451602,5018392,17.025971171327473
451602,7792099,17.002523594012384
451602,1640289,16.978756546192034
451602,3177691,16.66600427316092
451602,7864188,16.57174619086569
451602,2482418,16.570820881611432
451602,6618756,16.46741528034969
451602,5018391,16.318127371942815
451602,990521,16.11870469492256
451602,8214452,16.10470265893654
451602,7326276,16.081722875295007
451602,4487185,15.880491366858113
451602,2176459,15.821507875316637
451602,3090666,15.813312333350229
451602,7859334,15.726481238329967
451602,4453605,15.721032337994089
451602,2942563,15.709059870956454
451602,7966445,15.709059870956454
451602,3371386,15.706931209568761
451602,2922145,15.678445435432364
451602,96224,15.671129508436167
451602,1277289,15.564680785746846
451602,8019870,15.524639386364704
451602,1277287,15.484260177812153
451602,8485136,15.37083691678038
451602,96223,15.35256388725422
451602,7563247,15.352206628595699
451602,3630659,15.303816945900373
451602,6250347,15.289946964626818
451602,3090672,15.287315430344988
451602,5902821,15.26529040073426
451602,2154597,15.219514360394452
451602,8002401,15.203884926495292
451602,7403454,15.180892406631656
451602,8485131,15.086409626632518
451602,2084909,15.086409626632518
451602,7966441,15.084356156360824
451602,8033472,15.047783054687013
451602,96230,15.04696016805181
451602,6286982,15.02934830855041
451602,1626653,15.027081446965358
451602,6286977,14.995036714286178
451602,5913111,14.96399068116685
451602,3090663,14.957442356609263
451602,3090671,14.911899867719429
451602,340748,14.859748132308578
451602,3177692,14.858258320297827
451602,8390525,14.84604078506635
451602,3090670,14.80469257636399
451602,8383465,14.744272495363955
451602,7804169,14.666536587301364
451602,1078133,14.65503275932796
451602,1575781,14.63512775231327
451602,930498,14.57102840404854
451602,4453608,14.547184287187015
451602,8133638,14.489731791558723
451602,3916581,14.406403663037878
451602,8518294,14.363070194623493
451602,7279411,14.363070194623493
451602,4981122,14.363070194623493
451602,7510020,14.320667410419606
451602,1078134,14.284941504438747
451602,705851,14.279461824486098
451602,1719176,14.267233111028206
451602,5708904,14.267233111028206
451602,2756872,14.26042396873839
451602,2176454,14.239931872483002
451602,3790251,14.209320595735177
451602,2942560,14.207842153505315
451602,5538938,14.19425262089733
451602,5833182,14.174580491951936
451602,2922147,14.163388540069757
451602,2922142,14.163388540069757
451602,8570236,14.12700581675096
451602,4358117,14.100823546726893
451602,1277293,14.094334951519635
451602,358241,14.090970426375291
451602,6706486,14.081364743117387
451602,8787234,14.043258308277876
451602,1094138,14.043258308277876
451602,2267242,14.038805004151811
451602,5538936,14.023881929980567
451602,8485132,14.023748438462029
451602,3177700,14.009114098496008
451602,3177694,13.998892895399367
451602,6132119,13.996032383714278
451602,5902818,13.974053375592739
451602,8033474,13.968959453416986
474735,1740069,44.639038260593324
474735,3501855,43.77875104995656
474735,8443459,41.20591894905806
474735,1039490,40.780803378018895
474735,540116,40.172912318316506
474735,1740068,39.503321035797185
474735,625071,39.351640040128146
474735,540118,39.04569865929108
474735,1565529,38.98993845923544
474735,1565527,38.84015661922548
474735,1039489,38.84015661922548
474735,1565526,38.66533749808631
474735,3501854,38.18342507482585
474735,3501858,38.09310523959269
474735,5086558,37.97267867718232
474735,6959173,37.237723157139264
474735,1756202,37.214239837593055
474735,540121,36.47442305767719
474735,1936162,36.36902291737586
474735,340479,35.59015877057299
474735,8160762,35.429340973895336
474735,5086556,35.277027694888304
474735,4428988,35.139432413496976
474735,8619467,34.95790485299418
474735,7962379,34.90404295062597
474735,1895272,34.80191141656432
474735,8619464,34.757521669268286
474735,755080,34.727000523465186
474735,7437211,34.469059505065665
474735,7897865,34.352451763430324
474735,7670429,34.153707431171156
474735,5632731,33.981516866653145
474735,5528585,33.72684881570167
474735,3765222,33.72684881570167
474735,340480,33.72525194030747
474735,7588185,33.484823470910264
474735,705873,33.484823470910264
474735,1499368,33.316722396475534
474735,6458055,32.96243780793412
474735,1039494,32.840202448482785
474735,8619461,32.78161170610311
474735,1935503,32.62698227992187
474735,6085459,32.49424585886892
474735,2114785,32.43219130467434
474735,7644512,32.304622110526324
474735,8609132,32.29364764447923
474735,6959171,32.282204749673795
474735,3049711,32.12231488644528
474735,1565530,32.07380254586103
474735,4058283,31.98273917101705
474735,6860081,31.936025867713038
474735,7087452,31.900271698219033
474735,3765226,31.8836625805733
474735,1686050,31.785740137043312
474735,7154946,31.69689276606788
474735,2114787,31.695997963282203
474735,3765227,31.632280434863453
474735,5171680,31.596838503476963
474735,5417616,31.476255124050546
474735,5957398,31.476255124050546
474735,469604,31.456496659175407
474735,6354711,31.441508448868326
474735,340474,31.385875329100955
474735,2009522,31.134257936936784
474735,6959169,31.121316811900304
474735,5528581,30.986019497527895
474735,1895275,30.944025732794927
474735,1835392,30.871028045728643
474735,6023111,30.84340467686554
474735,783806,30.78233678416143
474735,7853587,30.76718858542263
474735,4058281,30.740857755024233
474735,5957393,30.740857755024233
474735,6443140,30.60796530765409
474735,4873009,30.530243968213124
474735,1134756,30.484560071505207
474735,6976992,30.448931990476872
474735,1875898,30.442272346629146
474735,705872,30.43556892145251
474735,705875,30.43556892145251
474735,6403354,30.376071838997323
474735,6354712,30.206964010928605
474735,5836881,30.201296859818164
474735,3407759,30.193266999644848
474735,4533248,30.158522251064667
474735,325503,29.960602303979414
474735,5902485,29.95642440405917
474735,6015166,29.852237098970694
474735,1606201,29.835489563436404
474735,1606206,29.835489563436404
474735,8426122,29.768725230437497
474735,1047602,29.74589774331852
474735,2968243,29.68403679638449
474735,4267216,29.659145459758626
474735,340478,29.605915060441525
474735,1425345,29.5951708590583
474735,5836642,29.512382021143935
474735,5836885,29.495236992977787
474735,5136004,29.463892718800583
474735,1341980,29.458381689231402
359349,576629,16.30098915619377
359349,68653,15.756350835670306
359349,68648,15.231524077491521
359349,68647,14.515101533773459
359349,2293820,14.481717931554861
359349,2826510,13.913796577932278
359349,3223833,13.913796577932278
359349,3176541,13.363167764145953
359349,3176542,13.244413166608627
359349,5615181,12.7064611322626
359349,3223831,12.55092132521173
359349,68649,12.53318772558848
359349,943229,12.228501349721606
359349,6108721,12.147355876609762
359349,3900185,11.487968680754047
359349,3176543,11.293044291780689
359349,576628,11.288708131782403
359349,457673,10.224442931791637
359349,7277971,10.220620214871023
359349,1830517,10.158887977966101
359349,8103467,10.059748581479544
359349,576635,9.979880043878907
359349,3193824,9.911256083053942
359349,3678010,9.833848240499965
359349,5773718,9.605454001749504
359349,8044543,9.561780825322305
359349,4463573,9.177017287447914
359349,2229870,9.16563034093796
359349,576632,9.078499249673268
359349,4020472,9.028569632956675
359349,4020479,9.0114679468188
359349,1979830,9.008176819641474
359349,7824512,8.980026974784039
359349,4020478,8.97700967747143
359349,7579885,8.91826627754634
359349,8398223,8.8821507671452
359349,8398218,8.848612882006892
359349,1205080,8.845685653609973
359349,576627,8.804735817858697
359349,15800,8.775048279057922
359349,4020470,8.765845930584701
359349,2293822,8.631005373053451
359349,638799,8.584324674763307
359349,5592013,8.3414414363426
359349,703722,8.32013820097533
359349,7365203,8.306061543698938
359349,5322524,8.30492248125239
359349,4020476,8.21198281616576
359349,1153637,8.194583623354426
359349,6934153,8.146412778380325
359349,4463574,8.14635546651897
359349,1622451,8.054116747431049
359349,1143897,8.036307298840368
359349,7857629,8.032823240670202
359349,1935180,7.971598663644668
359349,15806,7.95923199648845
359349,156768,7.945142370253885
359349,8710033,7.906904492140965
359349,1584251,7.901608385088924
359349,5345720,7.891100176580448
359349,5615187,7.828908966469669
359349,4013723,7.813305411545156
359349,5592019,7.77866876447905
359349,3176548,7.655204640404356
359349,2229872,7.641861928018388
359349,7337449,7.606102403992086
359349,7753169,7.586748547727362
359349,7329397,7.551815011178537
359349,68650,7.491947439647298
359349,5773715,7.424244422453753
359349,6932116,7.381752038280423
359349,15805,7.367630982859067
359349,15801,7.361496983217094
359349,5322532,7.328240755050949
359349,2935855,7.249053768632088
359349,2935859,7.249053768632088
359349,703723,7.245553830758507
359349,4344098,7.21742598642707
359349,4881617,7.21444342140995
359349,4087265,7.050218399220566
359349,2441212,7.0305722209900825
359349,1935183,7.021942738342038
359349,2964479,7.013156003319943
359349,5773717,6.9853085050080015
359349,4474866,6.954032047291726
359349,4145723,6.942401681431637
359349,2444687,6.939199785415377
359349,1028585,6.830004819975288
359349,2886542,6.827437032269628
359349,2119862,6.752135528779334
359349,1622452,6.714508284072489
359349,943235,6.663971647383546
359349,7579883,6.6286576596121884
359349,2259900,6.616784824905548
359349,614506,6.581283321475645
359349,1622457,6.564436985660203
359349,3895884,6.473815172970956
359349,4770629,6.465223739795464
359349,4087263,6.437019316684426
359349,2935854,6.4241312585929595
903469,6779602,14.619868183497692
903469,1093381,14.603448944253342
903469,8522013,14.447834161611151
903469,7407529,14.404951180773011
903469,6888523,13.770765224967477
903469,7547138,13.530921642445497
903469,4629811,13.521421988437366
903469,603173,13.350726589049653
903469,5282383,13.321929221356344
903469,3046417,13.321929221356344
903469,45718,13.264556257573947
903469,1839566,13.232966707898743
903469,4945555,13.1504407547751
903469,5344095,13.057767977897004
903469,1393983,12.934451206902537
903469,3585452,12.857923178263656
903469,84574,12.637657976488075
903469,3820726,12.615545650441469
903469,8621811,12.563318212372309
903469,3106969,12.484515055065184
903469,4801597,12.468992292184303
903469,903818,12.463758574535344
903469,963158,12.400520679916358
903469,2712761,12.400520679916358
903469,1264419,12.299836543915486
903469,2957403,12.179700996974907
903469,813861,12.162372186351094
903469,8744842,12.124969516286109
903469,5754449,12.124969516286109
903469,4067739,12.124969516286109
903469,6659391,12.124969516286109
903469,3046421,12.066382539351231
903469,8032118,11.999691005041008
903469,8090353,11.991735726405452
903469,2921739,11.98354400127645
903469,7014285,11.932318921797506
903469,4022791,11.926210849486846
903469,6502694,11.911062808077766
903469,3868055,11.861398159131419
903469,2817881,11.795065170997841
903469,7623434,11.771409009989444
903469,76014,11.764121140089525
903469,837163,11.754908717965815
903469,7391718,11.745860789846912
903469,1584747,11.671118959285948
903469,2693892,11.669404209448317
903469,1216370,11.653275573626534
903469,6290530,11.64666818130549
903469,7783020,11.635573930590073
903469,2376260,11.635573930590073
903469,1155989,11.60030649847246
903469,1146691,11.561863785574264
903469,5332233,11.56101188256025
903469,7507018,11.560835432221939
903469,1659916,11.55864015382916
903469,8098971,11.492257778184827
903469,8233103,11.486848246527442
903469,6340623,11.48314318758697
903469,7507016,11.439649111585949
903469,6814297,11.426710962891296
903469,6624278,11.426710962891296
903469,6499261,11.426710962891296
903469,6313453,11.404099808458323
903469,794095,11.398306552598612
903469,7656575,11.37801037400915
903469,536745,11.367200075274038
903469,6624279,11.367200075274038
903469,8625668,11.35837955033142
903469,3643168,11.346326378099823
903469,7573800,11.340259291448561
903469,6298209,11.340259291448561
903469,204452,11.318745360125687
903469,8092326,11.315619918788876
903469,5643126,11.294192696843012
903469,204453,11.279400618672732
903469,1198128,11.253996761861906
903469,6722972,11.25137878477449
903469,2287593,11.25081035123299
903469,8416788,11.250018744033152
903469,6327100,11.245960319239055
903469,676585,11.245960319239055
903469,2656411,11.195898342700808
903469,1877290,11.176711897654169
903469,2424285,11.17136307307075
903469,1551123,11.17136307307075
903469,920417,11.154175087168994
903469,255286,11.137578392540048
903469,6515692,11.135228741311469
903469,5770226,11.135228741311469
903469,5348551,11.1175339082291
903469,1563602,11.1175339082291
903469,1343754,11.11648558037911
903469,782779,11.085897833498992
903469,8305788,11.078071011500297
903469,1284350,11.073577355592162
903469,7716288,11.059241540322951
903469,5507360,11.04934626857139
903469,5963135,11.022757606424424
903469,1970804,11.01487185690938
903469,3810879,11.011887972084098
1115776,8106324,27.059757797602707
1115776,8106323,22.986845700162053
1115776,600966,21.15806248504813
1115776,4314171,20.819478813064634
1115776,8106318,20.52213134562875
1115776,8106321,19.070966252949717
1115776,4314178,18.93439657305069
1115776,4314169,17.738997052780455
1115776,5605160,17.67107340739381
1115776,5605159,17.619983459225907
1115776,3081626,16.925177554816912
1115776,8106320,16.48064096210476
1115776,7129178,16.4186074125652
1115776,4314176,16.300404159321413
1115776,4314172,15.770999752808727
1115776,758999,15.70202495274858
1115776,6934013,15.428057882182706
1115776,8106322,14.97412355897548
1115776,7129173,14.744508030581661
1115776,8706770,14.626178564070907
1115776,5264931,14.595998179615997
1115776,1593008,14.502198713156387
1115776,1593007,14.39345383559483
1115776,8447122,14.170411217316301
1115776,2028311,14.067359761475952
1115776,1565105,13.891462496851048
1115776,258978,13.836450155129096
1115776,1440035,13.74863872277181
1115776,4051141,13.572617517253924
1115776,3469357,13.564861030495027
1115776,4314173,13.563565753547387
1115776,646506,13.563049105893839
1115776,1490821,13.560743464401886
1115776,7477938,13.560743464401886
1115776,1021172,13.560743464401886
1115776,6410070,13.560743464401886
1115776,6992411,13.560743464401886
1115776,8114858,13.560743464401886
1115776,8446541,13.560688675553958
1115776,8017875,13.517913832607169
1115776,5721698,13.468893942265229
1115776,8446536,13.421076907977856
1115776,8078183,13.374841520297116
1115776,7160955,13.365984345553937
1115776,8243452,13.365984345553937
1115776,7543158,13.365984345553937
1115776,845911,13.365984345553937
1115776,6934016,13.312629816857658
1115776,8172089,13.264071948227794
1115776,8621766,13.26406498841651
1115776,4433466,13.238442016294055
1115776,6614876,13.183950684024573
1115776,6082320,13.177041559095363
1115776,1310298,13.06692503636212
1115776,2287326,13.06692503636212
1115776,7654716,13.03581679488162
1115776,4351142,13.032405969337711
1115776,6710568,13.030411778047903
1115776,4433472,12.98984045779319
1115776,480800,12.97886216328118
1115776,7625210,12.903944681367456
1115776,622471,12.885733047575831
1115776,1781926,12.883172266153288
1115776,6838051,12.880131331641673
1115776,8706766,12.875127428701749
1115776,8827218,12.874322746210646
1115776,8710004,12.849691786126872
1115776,8355020,12.706367264958491
1115776,8047929,12.656106428930842
1115776,4734267,12.645251325644933
1115776,5926274,12.643766217467657
1115776,8030541,12.64248555588526
1115776,194166,12.599355806243077
1115776,2305736,12.553645603624844
1115776,8108814,12.47986395680657
1115776,2903177,12.458121722176056
1115776,7945139,12.438363725629896
1115776,3276364,12.395930453954323
1115776,890489,12.390113675308978
1115776,2514463,12.346704495873395
1115776,8377225,12.330719341376238
1115776,6710571,12.302815403757936
1115776,6037181,12.301068010604858
1115776,2395641,12.289769540785878
1115776,455485,12.288245248790929
1115776,8345724,12.287164545634178
1115776,1583930,12.286155711762063
1115776,3203281,12.280065627749732
1115776,7536755,12.26091980349294
1115776,455483,12.244396457807415
1115776,8047925,12.199855411586508
1115776,4606188,12.19382264744913
1115776,7148875,12.18913616456692
1115776,1600770,12.171628248160255
1115776,1271375,12.107582364394718
1115776,1583925,12.097233680236597
1115776,6150628,12.063147588322389
1115776,7761989,12.053292167683606
1115776,1826911,12.026784072370708
1115776,4298203,12.01069573719509
1104492,8213722,41.79807858990107
1104492,8213727,37.249340497740675
1104492,8213728,30.952654426860406
1104492,5403173,26.621529078837142
1104492,8213724,25.68933696469505
1104492,6208797,24.22477455957106
1104492,5779598,24.117289346902375
1104492,5633568,23.491285844509335
1104492,6869953,23.166068244250518
1104492,5633564,23.008223482986764
1104492,3509113,22.94625237484587
1104492,2142864,22.82492630159289
1104492,4897161,21.39548271169599
1104492,5789230,21.211200049221254
1104492,5731792,20.753140698112013
1104492,4957083,20.531803361076
1104492,8141036,20.413919165653194
1104492,507257,20.39970190151074
1104492,5425490,20.17210125358233
1104492,1703744,20.106216566271755
1104492,5633566,20.106216566271755
1104492,8103318,20.055164993480837
1104492,266579,19.933591007200185
1104492,7419113,19.816318331781797
1104492,1144384,19.589280101405862
1104492,6915350,19.388227773668802
1104492,144542,19.351292421304116
1104492,314149,19.33254937984004
1104492,365431,19.215775603792192
1104492,6616380,19.180885246487527
1104492,8213729,19.156796212458126
1104492,6763105,19.108995911590483
1104492,7549267,19.028258839215397
1104492,5633563,18.98921325807614
1104492,4392156,18.961497606108733
1104492,8213723,18.9091169933358
1104492,4241013,18.896504618247008
1104492,7192882,18.865715062116276
1104492,7669188,18.79771166558375
1104492,3569072,18.77164642149451
1104492,6616379,18.68840170518623
1104492,2674368,18.614873621116676
1104492,934328,18.548839571774508
1104492,4660231,17.977595893880128
1104492,7882785,17.946009162667586
1104492,2474623,17.93190280682163
1104492,3459033,17.89624273229709
1104492,1035675,17.723868257117317
1104492,8313190,17.61461962285209
1104492,2526639,17.570706081248904
1104492,8655994,17.5523222487237
1104492,507260,17.518416223852988
1104492,6881141,17.397267423007985
1104492,7916408,17.251322250993677
1104492,2068185,17.11631466866191
1104492,144541,17.11064338525393
1104492,8502905,17.03352246405924
1104492,1851080,16.927161549574237
1104492,8012479,16.910091541550226
1104492,374332,16.904976371953797
1104492,5129271,16.897533350578012
1104492,4726421,16.816488082460616
1104492,1503213,16.696644692437335
1104492,6645830,16.65862963969979
1104492,5979419,16.624665113357025
1104492,3509116,16.57503335975955
1104492,266584,16.55116075606295
1104492,8324825,16.514894650245576
1104492,7192883,16.399056183449147
1104492,7844957,16.393428920626032
1104492,2674361,16.357074087120374
1104492,266578,16.338323951962963
1104492,2607130,16.30690739240935
1104492,6128065,16.245240992638163
1104492,144547,16.211981212379797
1104492,6448534,16.174786512923877
1104492,1830921,16.145919310125358
1104492,7788788,16.12682235355584
1104492,7192875,16.095765906919482
1104492,1029648,16.059847400837583
1104492,676772,15.98876369970295
1104492,881736,15.956403810765083
1104492,2918781,15.902069050295474
1104492,8532780,15.877958939446135
1104492,7050210,15.77196886677071
1104492,2518587,15.74100555527329
1104492,1844627,15.723359354564732
1104492,7611755,15.718241411659786
1104492,5260305,15.713712374762455
1104492,365432,15.688524147544307
1104492,93615,15.661245600692467
1104492,3208554,15.658806701798088
1104492,7669187,15.640803976210906
1104492,1482053,15.626167504674878
1104492,6710154,15.621390110564693
1104492,8233485,15.59885567361416
1104492,266581,15.587289807956775
1104492,6450598,15.581873700642278
1104492,47549,15.575382938505705
1104492,7635588,15.537345593632912
315637,1704485,24.07256681680254
315637,4921989,23.716435039063335
315637,719797,23.16450050036297
315637,6320049,23.15331796717369
315637,1716588,21.706669661347714
315637,1716589,21.706669661347714
315637,6361702,20.6854563767233
315637,286306,20.4749682832393
315637,5748499,20.04363543989767
315637,6411882,19.73643686672704
315637,48672,19.59572625407303
315637,6169779,19.10316520921325
315637,8158147,19.099147366403848
315637,1716590,18.84958727317935
315637,6374274,18.80369084836901
315637,479198,18.80369084836901
315637,893621,18.53787906031629
315637,6283005,18.345962806691816
315637,1716587,18.113959334924694
315637,3073814,18.074960337956277
315637,8158153,18.001718969773336
315637,8158155,17.820076414737947
315637,1003636,17.774007587599534
315637,7350416,17.72536853418576
315637,5482495,17.619332627150232
315637,693302,17.496725247747626
315637,4155314,17.443093321201292
315637,2004049,17.382654989713267
315637,3441610,17.29695958741279
315637,8158154,17.249816092484565
315637,8260527,17.194024247493665
315637,5482493,17.1397963451388
315637,5482496,17.123761834479033
315637,8158151,16.982992451484062
315637,4749626,16.89676731784841
315637,2107438,16.825849793815948
315637,5587116,16.791387718016047
315637,560557,16.782268786818896
315637,1716586,16.774327833839788
315637,2107434,16.74290574404229
315637,8765451,16.65185859247961
315637,2822276,16.631313053433004
315637,7565406,16.564437734088017
315637,7091165,16.55251066162404
315637,4404407,16.53149697489822
315637,1909753,16.453623895748827
315637,6819884,16.371688095534736
315637,8813792,16.345592904256932
315637,48674,16.25041640955702
315637,1716593,16.193753832204568
315637,4291217,16.164014144097663
315637,7571616,16.05962231629715
315637,2267891,16.0509292392006
315637,1635105,16.035030126696533
315637,1716592,15.977253749279427
315637,861428,15.970732930662852
315637,3187944,15.949100081545335
315637,8613521,15.94532407204947
315637,8242461,15.866125032864467
315637,8295683,15.850231126352547
315637,1876753,15.84961475654065
315637,1876758,15.84961475654065
315637,6385398,15.819544763283165
315637,7565411,15.78764104780245
315637,2667973,15.761181897100865
315637,7387072,15.74652308687757
315637,1218676,15.74652308687757
315637,8158146,15.741071217490546
315637,7565413,15.720593713735818
315637,6374277,15.71241301626116
315637,2628073,15.662716950689653
315637,3878787,15.642473118945315
315637,1876751,15.634065248712478
315637,1876755,15.634065248712478
315637,3049871,15.627412593328781
315637,4271831,15.577717384515475
315637,5507992,15.49140748067165
315637,893626,15.467005904067625
315637,5823649,15.436216811690183
315637,1996948,15.41861204278625
315637,4095989,15.400620780352245
315637,1662008,15.386676367473008
315637,20182,15.363938594527006
315637,7389985,15.347274068564843
315637,7553961,15.33430914819491
315637,2267892,15.315391494903903
315637,4095988,15.31154086579166
315637,8445723,15.299616807934129
315637,5918583,15.284197912096236
315637,2107433,15.27195338641345
315637,8255691,15.206129843522001
315637,1658573,15.198829913199503
315637,2021240,15.198410257894157
315637,2822274,15.179238474954051
315637,4711237,15.165382612509681
315637,8728245,15.163059035009322
315637,6637582,15.151322904853014
315637,6412811,15.13280412053437
315637,1996945,15.114375078156948
315637,4155313,15.110258082244965
1112341,7349793,17.283044214055494
1112341,8139256,16.796378085503783
1112341,8139255,16.344973462363395
1112341,2096427,15.855392183677122
1112341,6740558,15.761634923675352
1112341,8424594,15.702117076927866
1112341,2096429,15.091875810863632
1112341,7610638,15.05087331761042
1112341,1045315,13.811125694681
1112341,6416487,13.662864273344379
1112341,2965277,13.449686648707926
1112341,7757513,13.334164479893307
1112341,5920511,13.274945175710185
1112341,733687,13.178386618296695
1112341,2390522,13.144205287160416
1112341,5899430,13.071175814947
1112341,7760189,13.059831719147361
1112341,8609536,13.012728166494554
1112341,2026107,12.994495384368738
1112341,7818543,12.714479548724244
1112341,1675296,12.604275180796439
1112341,6009091,12.555581528321511
1112341,739513,12.55035587274347
1112341,2123937,12.549559576094168
1112341,6478665,12.480898595577289
1112341,2926043,12.444288003341077
1112341,4360617,12.34177914644887
1112341,5204825,12.338645543822649
1112341,2404602,12.240945309222386
1112341,1288918,12.223215841215545
1112341,550571,12.205090574252226
1112341,7149610,12.143797351603416
1112341,6016292,12.095733352340702
1112341,4190429,12.006661941547726
1112341,90432,11.963740993888756
1112341,4230448,11.892006193727545
1112341,400582,11.833583022156914
1112341,1695158,11.760520876999713
1112341,4928660,11.760401981039422
1112341,952562,11.758761953791486
1112341,2817424,11.736706259579115
1112341,4621549,11.73015436985932
1112341,7915023,11.693753212907684
1112341,6043998,11.668926036501396
1112341,197482,11.668926036501396
1112341,8223035,11.652730210659403
1112341,3669682,11.645458878845483
1112341,8139258,11.613111303187411
1112341,4572310,11.578746911982547
1112341,1940835,11.550338040958959
1112341,7747884,11.547577742880936
1112341,8629184,11.53289030396108
1112341,8316213,11.530162529872175
1112341,6327835,11.523145536126512
1112341,5037039,11.515668541438362
1112341,5281855,11.51544378716045
1112341,893772,11.49700306511793
1112341,848961,11.453785131712937
1112341,400581,11.453785131712937
1112341,893775,11.402701859544294
1112341,3344751,11.374800815215426
1112341,4974779,11.354209933474138
1112341,957934,11.287597480041429
1112341,4562784,11.246641698288304
1112341,4551975,11.231550806513354
1112341,4284245,11.223113956407587
1112341,3343141,11.164353186598742
1112341,6436816,11.162564460766953
1112341,146810,11.077467852564897
1112341,1924873,11.065645588869216
1112341,68037,11.05908550042781
1112341,8139249,11.022995746257262
1112341,146814,10.993799406293816
1112341,8042812,10.962850210931727
1112341,2384487,10.950007652613177
1112341,848957,10.947280085844238
1112341,6091217,10.947280085844238
1112341,7242813,10.932652129681951
1112341,5799502,10.911613718004528
1112341,4913848,10.848069119017971
1112341,1288917,10.820004200843774
1112341,3820794,10.800928940158443
1112341,8131539,10.731653668480163
1112341,6029647,10.703478915488624
1112341,1925273,10.624476217214589
1112341,8809388,10.616738867225653
1112341,90433,10.614106079542772
1112341,6867486,10.602357072980238
1112341,1976294,10.572211571252161
1112341,7299423,10.564426009835952
1112341,7303510,10.561902841226114
1112341,8536919,10.560439425753064
1112341,893771,10.4576290079245
1112341,4799512,10.450263878816635
1112341,4922062,10.447905371318338
1112341,5693853,10.365403235640342
1112341,8038174,10.33181138592349
1112341,5466007,10.274263182212337
1112341,5415837,10.245788290352401
1112341,2725231,10.240880960773286
588587,6244255,23.38322706417396
588587,8735858,22.821374469817762
588587,4450862,22.373322703473246
588587,4450864,22.100954148717925
588587,4450863,21.817153756981966
588587,231795,21.785637714700897
588587,3439255,21.60142417255824
588587,1740348,21.14899696195485
588587,889946,20.857242075235757
588587,2196631,20.665389291977235
588587,8548223,20.325847958878793
588587,6327366,20.204348653052772
588587,3737795,19.81289276978838
588587,4450870,19.810212804269774
588587,5493916,19.756345789660458
588587,2934181,19.72793817258321
588587,3404524,19.721283099817057
588587,8548224,19.64121051742586
588587,2483168,19.639666786677367
588587,7608895,19.56460404979109
588587,1681970,19.494616086003166
588587,2286578,19.454804173701962
588587,132216,19.319801576555893
588587,63670,19.257361182910596
588587,275294,19.164553488323037
588587,1740350,19.155579044866606
588587,3134521,19.03420084796924
588587,1262891,19.03420084796924
588587,6725554,18.984516885946256
588587,1865041,18.935759580401502
588587,627039,18.925019811888987
588587,441265,18.894284811248465
588587,7904684,18.76937578499117
588587,5348043,18.72828362214077
588587,3379288,18.715514480567187
588587,1761636,18.69525827195192
588587,8298568,18.694022799584406
588587,2651121,18.691639274680977
588587,2652350,18.42080271169538
588587,3022188,18.34656815314973
588587,4907296,18.339092023395505
588587,182477,18.19090332788718
588587,8339998,18.173019166791004
588587,5498412,18.14625434886113
588587,2651117,18.044349117197513
588587,3023284,18.03095869741241
588587,530197,18.03089491970871
588587,6092779,18.028154162701725
588587,1907498,18.002253183009014
588587,2283485,17.904935679267513
588587,918571,17.890175178027146
588587,4989838,17.823635140548017
588587,4414578,17.68954988180228
588587,6112114,17.678835100081457
588587,863899,17.663941107162252
588587,7827130,17.58329970765498
588587,7818953,17.55141666774714
588587,4938401,17.40795126088778
588587,5719741,17.38125613967559
588587,4486057,17.34369985522001
588587,6616234,17.33741259293324
588587,3975255,17.335774244839477
588587,1584008,17.332000052943254
588587,7728002,17.32964138760367
588587,953465,17.327652416004753
588587,7572460,17.308526581402557
588587,275289,17.308526581402557
588587,2741452,17.30466573125334
588587,6211952,17.301577279849933
588587,5210863,17.258958608379665
588587,95929,17.22535727347215
588587,1105054,17.181914582046755
588587,7608902,17.139369340168436
588587,7852080,17.085596138368228
588587,1865043,17.062353857736372
588587,233553,17.054783235431834
588587,2161713,17.035116769245924
588587,4099577,17.024807036389902
588587,627700,17.02155241854262
588587,6244254,16.994689111577195
588587,5859880,16.9811869408012
588587,5343477,16.97010362939747
588587,8415659,16.96313189358541
588587,2124704,16.96295846301286
588587,6209489,16.96216398966402
588587,2652351,16.921354107291762
588587,172563,16.918121956513737
588587,2652348,16.901891084854977
588587,856038,16.83622683846317
588587,4837092,16.830886091696833
588587,7259455,16.825543613570048
588587,3710030,16.77392966311545
588587,8420479,16.76743646974146
588587,3494602,16.753839039669984
588587,3439249,16.73589041626353
588587,2204764,16.716482012258897
588587,2694038,16.704220201885327
588587,7572463,16.70118832212855
588587,4323948,16.697189219133335
588587,4940377,16.673955214379628
706080,3697340,17.328972178687977
706080,8207883,17.01601621007594
706080,2112520,16.591242381640726
706080,3697341,16.30831940067369
706080,7685226,15.869958449460494
706080,1432129,15.863716572837816
706080,3697337,15.711454827779972
706080,3239150,15.677849701086732
706080,1432123,15.53662061366283
706080,1873799,15.532470603701807
706080,6285097,15.527446593443623
706080,793295,15.490905445920472
706080,6800351,15.386131312141922
706080,6668799,15.357041955460282
706080,8433710,15.296109951680496
706080,3697335,15.284994410944861
706080,327586,15.27893601103015
706080,7427412,15.261109195827324
706080,7625868,15.196621794294172
706080,164560,15.109264189213878
706080,3697342,14.99634508165477
706080,8186136,14.978565193486244
706080,7625869,14.959867282591501
706080,4914198,14.947519015152906
706080,3239149,14.87194278224137
706080,8603066,14.855806134355655
706080,6424246,14.850300503146034
706080,3697334,14.795458739774555
706080,4587386,14.715877647844543
706080,5272715,14.698909096908645
706080,5213063,14.695378722870323
706080,2299129,14.600214384109488
706080,1415518,14.589369326563624
706080,665982,14.576228144059058
706080,6932606,14.548235872444538
706080,8210368,14.546474788539978
706080,1379618,14.482564528450613
706080,4215411,14.431677671027385
706080,1589047,14.377508908303339
706080,315886,14.328503237987118
706080,1379619,14.328503237987118
706080,97888,14.32780862760226
706080,6845356,14.303546028572885
706080,7759287,14.274599426288368
706080,8433315,14.24959896621887
706080,4215414,14.235024407795223
706080,2404681,14.22348158555734
706080,3136459,14.153815827888483
706080,7011275,14.138091879577843
706080,7352443,14.125317853248546
706080,2583566,14.119207308957332
706080,4555695,14.108820652833206
706080,4651416,14.068335942078097
706080,5421412,14.012835227991832
706080,5320563,14.011003000237356
706080,8603068,13.953011081594
706080,439042,13.95036213365174
706080,2797554,13.92359604659994
706080,7791187,13.893419028790436
706080,4215408,13.885565895762333
706080,3968938,13.85880928807654
706080,1415517,13.823977432980431
706080,3895089,13.819793455862278
706080,8418705,13.802315082992259
706080,3697339,13.787864819541172
706080,3136458,13.784008041838
706080,3239144,13.778041296798321
706080,2271344,13.7466065100495
706080,164561,13.700846398752022
706080,985943,13.700791856766102
706080,7059305,13.690292656010069
706080,2074405,13.679399870227352
706080,1379617,13.673936213887298
706080,5043079,13.672894366446734
706080,7691348,13.672894366446734
706080,1214913,13.650189751243502
706080,694889,13.641270657769223
706080,4177012,13.628504205627511
706080,1386052,13.608746416449721
706080,8603067,13.604879566732704
706080,3463450,13.587775467542244
706080,451255,13.579823887976413
706080,7691347,13.569427884500817
706080,4508096,13.54225622910409
706080,7684661,13.51810992010552
706080,164563,13.49389704104702
706080,6992839,13.48985005977968
706080,6835947,13.489827472700624
706080,4414914,13.48732078857213
706080,8433704,13.449181064350235
706080,6887954,13.433214138296636
706080,5783110,13.380441642925755
706080,3697343,13.345801835380392
706080,8207879,13.329683641584777
706080,6401153,13.319084991684996
706080,5041202,13.31174394037548
706080,7188039,13.294451615337959
706080,2729942,13.288710087671607
706080,6242181,13.283313110833873
706080,724522,13.267607041125796
117831,3930689,16.706451105988783
117831,5114039,14.488082252960098
117831,1004729,13.853710768794658
117831,3672136,10.276148932577485
117831,6270416,10.125660029574387
117831,6270412,9.898376893759394
117831,3930688,9.875826393244944
117831,1593570,9.857747108331154
117831,7615110,9.815266238862925
117831,2511437,9.734644404915217
117831,5490903,9.605669783754031
117831,7549317,9.472149019139039
117831,7628460,9.45440548296631
117831,6699898,9.4060010082968
117831,5490907,9.401771793183443
117831,6270413,9.322049178542047
117831,4857320,9.25408729587018
117831,906655,9.25408729587018
117831,6319389,9.250237161872501
117831,75850,9.21474446223887
117831,6650998,9.175255316556733
117831,5315018,9.11700764036585
117831,75847,9.109881970985114
117831,7658752,9.087525363004842
117831,1455281,9.060336181883375
117831,125200,9.058233148648595
117831,1785018,9.05508042869932
117831,4901260,9.044967699136127
117831,2452291,8.944978458743732
117831,5521760,8.943912494325561
117831,2122297,8.942928630877578
117831,7372393,8.90790663937619
117831,1335682,8.907175905159386
117831,7530369,8.89422696984573
117831,4603047,8.89422696984573
117831,1722475,8.892444919830593
117831,6699897,8.891800539312726
117831,5594854,8.886370215148059
117831,5521765,8.874244131362788
117831,6270414,8.874244131362788
117831,2041222,8.869691523209314
117831,75849,8.845090425059604
117831,4317547,8.845090425059604
117831,1335681,8.83252131280854
117831,1096440,8.830522696467064
117831,29022,8.830522696467064
117831,5594852,8.829323960758842
117831,2344062,8.829323960758842
117831,4250956,8.796493811369775
117831,8425825,8.79566134064488
117831,6350385,8.79566134064488
117831,2452288,8.79566134064488
117831,1261170,8.781296601967227
117831,1193879,8.775372755374908
117831,2681949,8.748428277951117
117831,2388713,8.748428277951117
117831,3903480,8.748428277951117
117831,5618603,8.748428277951117
117831,61159,8.748055304793906
117831,8264635,8.726757919305918
117831,5098774,8.726757919305918
117831,6753191,8.722856703353617
117831,8344743,8.722856703353617
117831,3913521,8.722856703353617
117831,2838747,8.720907403086894
117831,7170194,8.693927476650599
117831,447325,8.672892510378354
117831,7530374,8.65385600541883
117831,7530377,8.65385600541883
117831,2388707,8.65385600541883
117831,2133928,8.651247428422497
117831,5594856,8.651247428422497
117831,2624570,8.647413418080209
117831,5490900,8.640465351943641
117831,5237562,8.615881889586563
117831,7197993,8.613980102343186
117831,8277923,8.612839432934804
117831,3930685,8.60733250601571
117831,7530376,8.60733250601571
117831,5269853,8.587656724773309
117831,4311841,8.587656724773309
117831,125201,8.580804316000576
117831,8740004,8.580804316000576
117831,7353630,8.580804316000576
117831,2624569,8.580804316000576
117831,1606278,8.580804316000576
117831,2624452,8.580804316000576
117831,29024,8.546011204773688
117831,4087075,8.546011204773688
117831,70147,8.535489685826311
117831,2584933,8.515770217394786
117831,6270410,8.515770217394786
117831,8194326,8.515770217394786
117831,6455517,8.515213520327565
117831,6674805,8.511499109599157
117831,4357831,8.511499109599157
117831,1311655,8.480408479139154
117831,2133931,8.477264639616399
117831,8682496,8.470715717824843
117831,5406957,8.470715717824843
1120868,8057920,29.05302720656656
1120868,8057916,26.19808419561263
1120868,8057914,22.972006271697218
1120868,8057912,22.972006271697218
1120868,1852164,21.517190749509474
1120868,6859285,20.06929572377313
1120868,4200047,19.601733931457137
1120868,6859287,19.55836154324173
1120868,6078836,18.830178690662372
1120868,6859289,18.61481665924739
1120868,8412153,18.586916930016454
1120868,1852162,18.401213156799397
1120868,1852166,18.29040828563891
1120868,2251161,18.0655700719916
1120868,3458826,18.01665029832278
1120868,7487133,17.80141466831681
1120868,7487127,17.524083146898775
1120868,148391,17.111610312136868
1120868,4739532,17.111610312136868
1120868,6078832,16.93647716505928
1120868,8057913,16.83919987634617
1120868,8500879,16.603300398082602
1120868,5454591,16.40701272899789
1120868,6731195,16.369514226549718
1120868,4939058,16.344728086490363
1120868,719409,16.261597515055005
1120868,4739531,16.20708945332786
1120868,1779320,16.201604405465954
1120868,5596060,16.18063188505698
1120868,148396,16.17268775886064
1120868,1167862,16.167312195174436
1120868,5265979,16.15788592029096
1120868,5874219,16.08801862333798
1120868,1663116,15.938054018358933
1120868,7125788,15.938054018358933
1120868,882579,15.924437684927202
1120868,5874222,15.92131241119296
1120868,3959711,15.756237073973828
1120868,3959715,15.708544544681093
1120868,6809386,15.707646097785712
1120868,1866945,15.707646097785712
1120868,4739528,15.63974487330031
1120868,5223089,15.616764141990707
1120868,1852161,15.553497936150677
1120868,8519759,15.519280239834272
1120868,8519758,15.477031071439255
1120868,8519762,15.387538087376823
1120868,4206871,15.349080476495859
1120868,8057919,15.231893370403752
1120868,4739530,15.146143845322708
1120868,882582,15.133594391461411
1120868,4939061,14.916620250626215
1120868,1374124,14.854051516613966
1120868,1852160,14.838373634692744
1120868,4888071,14.838373634692744
1120868,719408,14.814918654054242
1120868,4739527,14.732732109560278
1120868,8057915,14.716395136172581
1120868,8510717,14.692915954338854
1120868,3907599,14.640347319661448
1120868,8519760,14.563163304480845
1120868,8057917,14.524286712289268
1120868,6859290,14.503309728725984
1120868,5652444,14.477657834719626
1120868,8519756,14.306608402069024
1120868,991127,14.259121827374202
1120868,4779643,14.226069315924821
1120868,825718,14.226069315924821
1120868,6672065,14.215700576289562
1120868,8500880,14.174625208243562
1120868,7379916,14.16856965456067
1120868,2902482,14.16856965456067
1120868,8057921,14.155326136167306
1120868,1433514,14.145616374413764
1120868,7492568,14.145407595103155
1120868,1779316,14.023382687113411
1120868,6769775,14.010757007020544
1120868,2836174,14.004855077405935
1120868,8342741,13.960904151591013
1120868,1779318,13.858874110753572
1120868,4382309,13.792999099108503
1120868,7588001,13.77792256658239
1120868,1779321,13.751622680235219
1120868,8147518,13.722943835455599
1120868,4739533,13.720643219046956
1120868,8436971,13.670177572446974
1120868,407845,13.656903694885427
1120868,4739534,13.637009923418484
1120868,3741696,13.607302197137015
1120868,7283896,13.549626290704822
1120868,7728605,13.500141347649633
1120868,8717663,13.477594123922817
1120868,4329087,13.469725588164192
1120868,8005808,13.468899469718618
1120868,6330171,13.454011275134071
1120868,7144160,13.352403141893856
1120868,4739525,13.31479171034832
1120868,8667229,13.300224824924555
1120868,7911236,13.241126630832976
1120868,4211830,13.213609580281492
1111906,8143530,29.393442589211976
1111906,8143532,24.88020109544109
1111906,5275764,24.859037780529434
1111906,8143536,24.191469823653286
1111906,8143535,24.191469823653286
1111906,8143534,20.424773572587572
1111906,8143533,19.61162529994609
1111906,8143527,17.090862936167856
1111906,8143529,16.474412387855796
1111906,8143528,16.39309982621353
1111906,8143531,15.51206090874254
1111906,5275763,14.942810614398619
1111906,948872,14.536292608421558
1111906,8083536,13.923005104447615
1111906,8083535,13.826021262602525
1111906,948875,13.546054784941582
1111906,6323038,13.049814225906372
1111906,6941751,12.867666980677562
1111906,6739458,12.794809053643949
1111906,6613033,12.647958635161837
1111906,3792167,12.199371081380836
1111906,1751642,12.196667372302459
1111906,8759485,12.174425063930485
1111906,1991904,11.915304898019691
1111906,948870,11.712929841359319
1111906,7139410,11.612389270543034
1111906,8630892,11.577730893233351
1111906,8692710,11.27110941410388
1111906,565933,11.25519970020084
1111906,2275063,11.231352207089108
1111906,4160791,11.210306063159965
1111906,581532,11.180954345812141
1111906,57271,11.094890799397497
1111906,8083537,11.07349810796542
1111906,243736,11.038186948085134
1111906,5275759,10.981825952747366
1111906,5275758,10.870305682982059
1111906,5275760,10.853342141018043
1111906,8305001,10.785448319034742
1111906,57272,10.659445947858359
1111906,2512677,10.520329092937684
1111906,5034947,10.394653444738882
1111906,8083531,10.30107328357511
1111906,5514476,10.213316729486083
1111906,8083533,10.155360648705843
1111906,7980708,10.147732345634385
1111906,4400310,9.931213042965698
1111906,212584,9.918120858715938
1111906,1965111,9.917430067947363
1111906,7915544,9.911636219707017
1111906,2156780,9.899462590503946
1111906,7980185,9.860623403962718
1111906,7980188,9.860623403962718
1111906,7980190,9.800132651532046
1111906,1706939,9.776010929713122
1111906,6060234,9.765644714356643
1111906,412582,9.71070747663254
1111906,8692712,9.68584078738121
1111906,5489001,9.623032945053797
1111906,5514475,9.623032945053797
1111906,8692711,9.512753701708277
1111906,912305,9.512753701708277
1111906,3448634,9.461339809520963
1111906,6098300,9.45614817054394
1111906,1855120,9.436873118153507
1111906,565932,9.399703931979746
1111906,7630274,9.348578114955606
1111906,8768277,9.343451581858867
1111906,1717814,9.31313347331162
1111906,215445,9.28736609879031
1111906,2090345,9.264257520028128
1111906,7663816,9.248282731327174
1111906,6880176,9.226828864722263
1111906,6717349,9.224406350827293
1111906,5314441,9.117056776709337
1111906,2090156,9.117056776709337
1111906,7550372,9.103259024863034
1111906,718647,9.103259024863034
1111906,4326191,9.084260407452717
1111906,2974118,9.080386666951428
1111906,8597485,9.066092906804059
1111906,520982,9.066092906804059
1111906,1991903,9.062603145325573
1111906,2090344,9.050807869426126
1111906,5225463,9.048094915578423
1111906,7163766,9.025026579072454
1111906,5225466,9.012175947015216
1111906,5468863,9.001714760982576
1111906,3273483,8.972125145095111
1111906,5284058,8.967616145758885
1111906,3734450,8.944353880635274
1111906,5759750,8.943631635756303
1111906,2886956,8.878992897609232
1111906,3251169,8.87461818253119
1111906,1965112,8.866630494113442
1111906,369591,8.866281948053025
1111906,2886957,8.846816894376447
1111906,2090162,8.83172929498186
1111906,5592920,8.801018634792763
1111906,7188874,8.796270805950783
523270,8372979,35.850273149966796
523270,8372977,33.53025311872376
523270,8372982,33.53025311872376
523270,8372975,32.65620495832456
523270,2292971,32.09211125414677
523270,1119553,30.258805075057175
523270,5765850,30.258805075057175
523270,2292976,30.258805075057175
523270,4859930,30.180701379230374
523270,5966287,29.96851192864399
523270,8372978,29.73938727630469
523270,1300609,29.53602745014226
523270,5966288,29.3901026971034
523270,5966289,29.087324394080056
523270,7096316,29.047368897568532
523270,6618496,29.01883430413167
523270,7540621,28.6658950527044
523270,4859929,28.662354327249695
523270,2137928,28.41127197222033
523270,1300606,28.270812975927974
523270,5765852,28.270812975927974
523270,2292969,28.270812975927974
523270,7540624,28.237909085409587
523270,4210680,28.236980839833972
523270,8433129,28.235492186935215
523270,8372976,28.006344352619543
523270,1376654,27.971613411994966
523270,1300612,27.95904093535046
523270,7696363,27.472441748277944
523270,413639,27.427360873685657
523270,7696361,27.34421555013993
523270,1119549,27.26292836307048
523270,4210674,27.234546329114853
523270,4893265,27.088468570167592
523270,5765846,27.08211903290045
523270,1337589,27.03952846553566
523270,7821242,27.039186865946775
523270,5240283,26.69857647080312
523270,5922225,26.627065354656857
523270,8433125,26.526908293808724
523270,3507954,26.451991319477735
523270,1494171,26.449244212168978
523270,413016,26.29002870173374
523270,3507957,26.15141831685579
523270,2695060,26.00367889432827
523270,5966291,25.87907638620706
523270,7020821,25.856251441060962
523270,3027224,25.853304116457828
523270,7096323,25.810492280939982
523270,8227852,25.624910999453874
523270,8433124,25.57030935104746
523270,958851,25.28933303859695
523270,5752993,25.130245654633
523270,3010428,25.088615856740475
523270,457154,25.03692160424605
523270,6777741,25.03692160424605
523270,3769232,24.846700528514088
523270,7540618,24.75446020120743
523270,7235725,24.641650975711183
523270,7893046,24.47999876004024
523270,3826802,24.47353954314009
523270,4469454,24.22544464157201
523270,4846671,24.166143295146263
523270,1952712,24.070942565135987
523270,3010424,24.034820986897806
523270,7096317,23.942877119927555
523270,3507956,23.725128471755745
523270,6185190,23.561376030971907
523270,4893268,23.561376030971907
523270,224334,23.55865569020262
523270,958853,23.363851221736326
523270,457155,23.32980072550173
523270,1082863,23.32276153956451
523270,2105033,23.32276153956451
523270,4210675,23.24585818704941
523270,1655443,23.15418544614209
523270,6222044,23.15418544614209
523270,2137933,22.92355963294316
523270,1460082,22.85708334262086
523270,4893264,22.69748277805088
523270,4044455,22.600126543297492
523270,1046093,22.529395114115434
523270,2317456,22.47582160755561
523270,5323332,22.43993436801297
523270,3345508,22.378696905624505
523270,5906222,22.370025085872093
523270,2110849,22.334551753110812
523270,5752990,22.3313088882971
523270,6130938,22.304341770225108
523270,8542262,22.296727862787392
523270,7540622,22.258448003351273
523270,1131937,22.2206701036409
523270,6130933,22.16397288150965
523270,1300605,22.15086799216588
523270,6777738,22.045238756203208
523270,4210679,22.045238756203208
523270,3507955,21.934507435982738
523270,3616256,21.912977184965847
523270,289439,21.83607533287336
523270,3982165,21.83607533287336
133358,8104531,21.587730052055058
133358,8104526,14.792303691708792
133358,7822666,14.307058034354219
133358,2357530,13.874130288324785
133358,879100,13.669340825855238
133358,5244456,13.403040547265118
133358,8104532,12.350090123559829
133358,1467836,12.124111536757052
133358,8494371,12.107724134668185
133358,1907698,11.560369837365712
133358,8104530,11.508793816021095
133358,1980214,11.467766517460998
133358,7294410,11.385274314184105
133358,2642190,11.376638589310105
133358,8473340,10.98210048391575
133358,7107424,10.871009784587471
133358,8220610,10.68454602698783
133358,8117337,10.673885018428738
133358,3195018,10.48214652770454
133358,122952,10.445827791749728
133358,8396601,10.380873112536328
133358,3136323,10.320765183228032
133358,408679,10.320623092143773
133358,2817039,10.265351835904825
133358,7840807,10.22224932633075
133358,7107428,10.190599715285849
133358,2795179,10.125928545823694
133358,6540236,10.125928545823694
133358,7436813,10.103464772815677
133358,7108325,10.08929280299044
133358,2575724,10.04562939839418
133358,6319354,9.941307179408458
133358,8157381,9.939020896824633
133358,3700866,9.9244036809974
133358,5060911,9.922181785489077
133358,7257301,9.887892010217449
133358,959098,9.887892010217449
133358,7567775,9.758986735073307
133358,642184,9.738169220048587
133358,8081946,9.726472594800448
133358,2160270,9.726472594800448
133358,7107421,9.726472594800448
133358,4566904,9.72202480987663
133358,408675,9.698411670026072
133358,1062412,9.692740121386016
133358,661882,9.644931683028492
133358,6417801,9.63148491175048
133358,7135648,9.63148491175048
133358,3576346,9.63148491175048
133358,7148751,9.63148491175048
133358,8307783,9.63148491175048
133358,8079711,9.63148491175048
133358,838771,9.562572416623834
133358,6588302,9.538334564427778
133358,7786056,9.538334564427778
133358,5375561,9.538334564427778
133358,6882215,9.523443392274975
133358,1455586,9.51141940980365
133358,4391397,9.484303551234856
133358,6766698,9.484303551234856
133358,4309140,9.455443586380365
133358,3445444,9.451559233208215
133358,6319337,9.446968754411651
133358,7304993,9.446240560447777
133358,235241,9.41527820308496
133358,8104528,9.380345108164668
133358,2390540,9.363515185521852
133358,4225697,9.359328260786365
133358,7944739,9.357336687069816
133358,262578,9.357336687069816
133358,235240,9.341288411842507
133358,7875905,9.341288411842507
133358,8606155,9.269389477392913
133358,8147371,9.269389477392913
133358,7107423,9.26026258057976
133358,7449682,9.260204902065961
133358,8104524,9.24272187471821
133358,2151253,9.241069557822794
133358,6598490,9.224939151044241
133358,7167040,9.21975877876644
133358,1498776,9.208692175850894
133358,8120106,9.187860641276002
133358,2606452,9.187860641276002
133358,1632786,9.183080061089829
133358,1820117,9.183080061089829
133358,4074773,9.183080061089829
133358,1632783,9.183080061089829
133358,1390721,9.173090761699703
133358,2717895,9.163643214314744
133358,7597292,9.151646119951142
133358,710881,9.15081376769403
133358,364606,9.148513369835715
133358,8079710,9.109680072218797
133358,3372159,9.10614643352936
133358,226291,9.086456277809448
133358,1498768,9.082754132849603
133358,4627306,9.059726431080666
133358,5789136,9.051946386679301
133358,2763589,9.039375126248032
133358,1498770,9.036706831563034
67262,8326584,23.092435221632915
67262,6973593,19.717801734316545
67262,8326580,19.660291430646243
67262,6973590,18.915360844900718
67262,8326585,18.254439349711365
67262,8326583,18.2399488943141
67262,8326581,17.769933714632216
67262,6973594,16.567757973928597
67262,8326582,15.546404327131153
67262,6973592,14.79171213687731
67262,8326586,14.293287100245642
67262,6717003,14.292984693929379
67262,7003248,14.094027015430747
67262,8326588,13.778434142363151
67262,6710096,13.219189149294428
67262,3116641,13.092232095080128
67262,5812188,13.05984668050095
67262,8552958,12.953558837666431
67262,2663356,12.888782588500415
67262,8326589,12.642033260330024
67262,6203502,12.573270816535189
67262,6507284,12.44306210518257
67262,5760488,12.412801019435479
67262,818783,12.412801019435479
67262,1700421,12.400770634140065
67262,2663364,12.361953345054676
67262,3787176,12.28042750891043
67262,6292688,12.232791235083052
67262,2490873,12.22332081092454
67262,6973597,12.15884539386327
67262,3097555,12.155315786301177
67262,6973596,12.111841357177843
67262,4022849,12.101644665245228
67262,6459590,11.86287551191393
67262,4321351,11.813148414539572
67262,2397083,11.767991931297509
67262,7003242,11.64132885174475
67262,2490876,11.600971059173883
67262,5043411,11.526500129314066
67262,2395604,11.493171737484767
67262,6292690,11.492291976043223
67262,8725997,11.492291976043223
67262,2663365,11.445705854844949
67262,5232787,11.367528205129712
67262,1537436,11.320753204848046
67262,6881555,11.266495754106671
67262,5085949,11.222725619666953
67262,1149925,11.187237955881688
67262,3116640,11.175091538345356
67262,4630841,11.1700040507151
67262,2401787,11.151750633280724
67262,1055632,11.14690935992221
67262,8326587,11.143462021132187
67262,2923301,11.131881458369381
67262,6994047,11.035821232623686
67262,3097554,10.99268611603405
67262,3961805,10.929267072917357
67262,1330282,10.923633973507311
67262,7513848,10.918496558000372
67262,1330279,10.901444835242685
67262,8700907,10.895810692133495
67262,3750240,10.872544920461536
67262,4716746,10.851155718771187
67262,8700906,10.832135094119966
67262,5095133,10.810907013330363
67262,5934807,10.78529644973025
67262,8700911,10.743607368995868
67262,4131144,10.731646536085458
67262,1725928,10.70282893787402
67262,8700909,10.657628093004519
67262,3747305,10.650745874198648
67262,8725996,10.650745874198648
67262,2702437,10.529398956655882
67262,4162109,10.449104563542093
67262,1149921,10.415342037077753
67262,2161119,10.413882987134645
67262,4630842,10.339255450761364
67262,6124842,10.339255450761364
67262,5209556,10.307909838061
67262,3040968,10.233702620600347
67262,8441852,10.207212245432249
67262,6973595,10.20045978444211
67262,6973598,10.20045978444211
67262,7088038,10.150651600572543
67262,506867,10.121051641699186
67262,764764,10.121051641699186
67262,5199144,10.070598116022742
67262,4716745,10.053903835748892
67262,764766,10.0383353245853
67262,6973591,10.033781789424562
67262,8246872,10.008924716390883
67262,3690778,10.00193228147284
67262,666221,9.986887773417104
67262,7210584,9.95972145898231
67262,4644720,9.946445492119564
67262,2356482,9.939209124590226
67262,2167692,9.92342245210801
67262,3667793,9.876564148134321
67262,2897916,9.857077621925654
67262,1715009,9.823959864946701
1121166,3720789,27.30896319422606
1121166,1933184,25.407995672890497
1121166,8054920,25.177616628535873
1121166,3817584,24.196343926213338
1121166,8625228,23.31430966172066
1121166,1438877,23.29443389621458
1121166,3722100,22.726587774822622
1121166,1999760,22.153366339254532
1121166,8378301,21.884237788343057
1121166,8378303,21.674683780549593
1121166,8054924,21.398563684645158
1121166,3852124,21.26695784648884
1121166,8054925,21.204592540006654
1121166,3249450,20.971598059892713
1121166,4265479,20.84346354347366
1121166,686027,20.56769382437274
1121166,1483821,20.43198654985509
1121166,8054919,20.422519175325935
1121166,1327975,20.384131177225086
1121166,3087309,20.071598336051565
1121166,3865434,20.04919728269974
1121166,3865435,19.932253705199464
1121166,5987622,19.887831845608304
1121166,77039,19.848080519987775
1121166,4767948,19.76247685059362
1121166,3773868,19.56177040499698
1121166,6439529,19.56168075888364
1121166,3249452,19.26353201852981
1121166,3720796,19.249888513537652
1121166,8773580,19.196886967286137
1121166,8773578,19.196886967286137
1121166,8054922,19.19420584023442
1121166,7128104,19.039518980618688
1121166,5271678,19.025595533359134
1121166,8699880,18.880460759864114
1121166,3817579,18.80741957453719
1121166,7200354,18.634008650294838
1121166,8762373,18.622094568452752
1121166,3249451,18.563131086935606
1121166,4265478,18.53872654871287
1121166,4981513,18.480278595799426
1121166,2362460,18.368516472284252
1121166,5963619,18.347546560461407
1121166,1577097,18.3192326474663
1121166,3872801,18.296015601696446
1121166,7150558,18.26348417303291
1121166,77766,18.200930969061744
1121166,6911531,18.1993306264897
1121166,8378299,18.060105370232233
1121166,4767947,17.96900708556686
1121166,4453799,17.927401258686505
1121166,1933181,17.924159208263703
1121166,4008362,17.867261829871826
1121166,7200361,17.85532179351328
1121166,3957567,17.77725199597728
1121166,5247073,17.77725199597728
1121166,3682526,17.77725199597728
1121166,603709,17.77725199597728
1121166,77774,17.77725199597728
1121166,7778074,17.702706276775796
1121166,1327981,17.59541879577042
1121166,77035,17.54252836357938
1121166,3249446,17.428102909029068
1121166,8104385,17.421491076078794
1121166,6911527,17.415061806819722
1121166,2770141,17.409294299263927
1121166,8625223,17.368706537977516
1121166,3872805,17.325598137235644
1121166,5499074,17.320519337316885
1121166,1933182,17.308475812695953
1121166,3294688,17.303988660409484
1121166,8187807,17.284633102875375
1121166,2366253,17.246061850007322
1121166,1300581,17.206890815693935
1121166,3112788,17.206444188149458
1121166,463986,17.164816345399498
1121166,3478983,17.155440463150544
1121166,3249448,17.145833909123265
1121166,77036,17.13222349230544
1121166,7959272,17.13222349230544
1121166,2900574,17.0609702223611
1121166,2823196,17.042598302243967
1121166,5499076,17.024718084027313
1121166,112367,16.890682251852805
1121166,1933180,16.88358000590546
1121166,6537466,16.832760793442226
1121166,8099788,16.791759964679613
1121166,77033,16.751672626872097
1121166,4453796,16.708251372104503
1121166,297954,16.687045358229902
1121166,4453797,16.678427493574553
1121166,8625226,16.678427493574553
1121166,8625229,16.678427493574553
1121166,8625225,16.678427493574553
1121166,3817577,16.663541541223594
1121166,5987625,16.640671782631756
1121166,77034,16.59592269477648
1121166,2608473,16.54545580191772
1121166,4265477,16.532558172561984
1121166,8164170,16.4536543137457
805321,8694709,50.33618013700589
805321,8694713,45.05935391095498
805321,8694706,42.03843819014437
805321,8694712,35.65061657251351
805321,5504785,32.21892589431211
805321,8694707,30.787422830110707
805321,8694708,30.787422830110707
805321,8694711,29.500712300947274
805321,8694710,29.372558363182698
805321,8694715,28.95513204149137
805321,7215302,28.31565177590115
805321,424954,25.600039064493597
805321,29930,24.950745783048024
805321,4315758,23.998365692172978
805321,8694714,23.974189792112025
805321,4597599,23.2618404681848
805321,4783002,22.90240791656081
805321,7090102,21.044762777210547
805321,7113258,20.443119809500516
805321,3731060,20.375664926144804
805321,1007722,20.112650767374696
805321,4258729,19.792586715068
805321,673699,19.548278735871957
805321,1007727,19.401231703240896
805321,3889715,19.357413723505218
805321,7568641,19.297121015681913
805321,8201928,19.216603081600443
805321,2309454,19.06840357635089
805321,8511564,19.04797401903379
805321,8257708,18.91066203877901
805321,2694357,18.841069779925597
805321,8257710,18.800074138389025
805321,7263424,18.683009567606096
805321,3055331,18.620181973250617
805321,7113253,18.353184775618626
805321,7149013,18.346992618735253
805321,7090103,18.08902390256073
805321,4018107,18.03486405861056
805321,1442389,18.010008225805404
805321,5130453,17.934638605117605
805321,1405919,17.905150365601823
805321,1007721,17.762556876438136
805321,4071855,17.71730495458976
805321,8294432,17.716658167963317
805321,4018108,17.70329479630002
805321,5145817,17.689352714747795
805321,3731056,17.688364065720062
805321,7717363,17.54855287066983
805321,8836061,17.531559015618527
805321,414013,17.404665363707785
805321,7076925,17.291872078170744
805321,2552996,17.225695598084734
805321,8202376,17.19201180402049
805321,3445571,17.035323439224936
805321,3306561,16.987753651115685
805321,1882391,16.86969883914219
805321,4258736,16.83692716333327
805321,3055339,16.827915111272773
805321,6814129,16.823526897697715
805321,5589460,16.784867913426183
805321,4871490,16.767119800011038
805321,5630654,16.750957848338807
805321,2952831,16.59937927848325
805321,7122095,16.511283592553447
805321,4040378,16.493650329789553
805321,827962,16.478925317855
805321,4140614,16.458034839934687
805321,783218,16.415050336223658
805321,936609,16.401502542194017
805321,5697985,16.304439461350103
805321,6551286,16.26918402539685
805321,7415617,16.242791741930837
805321,1369347,16.233168765993803
805321,6814131,16.223206425302564
805321,4040379,16.211340331919786
805321,4316218,16.186197537759778
805321,4997081,16.092088383134342
805321,2949962,16.059682969212687
805321,7709024,16.057861820945202
805321,2336653,16.025896737976176
805321,4112584,15.99607757533844
805321,25256,15.994414293779926
805321,8769768,15.973462836837266
805321,1577075,15.959172576249264
805321,2952830,15.953316711701522
805321,6247344,15.947583947203771
805321,5512364,15.930195816097973
805321,7843571,15.929273098142692
805321,3445569,15.916560646384601
805321,3056566,15.824373489698491
805321,3306567,15.823864466525462
805321,7048810,15.823864466525462
805321,4022604,15.701550668848878
805321,2694355,15.673687540918904
805321,1563583,15.65063768905882
805321,3571051,15.60512070146223
805321,891171,15.579538791029632
805321,4295040,15.566130600553915
805321,2486639,15.565434059124078
805321,6247351,15.552487237956994
1129828,8535892,20.88648318716685
1129828,8535899,19.16296639019215
1129828,8535895,14.80770324255919
1129828,8535894,14.771339681208921
1129828,2688923,14.746386296684232
1129828,8535896,14.605640562699978
1129828,5224855,14.114607447241855
1129828,4532860,14.01275168683746
1129828,7791249,13.925162389512135
1129828,4420625,13.771719181856746
1129828,4189486,13.678036026217882
1129828,8535901,13.577050551817834
1129828,7281670,13.552653459657652
1129828,1173447,13.479352174154222
1129828,8535898,13.472444916179022
1129828,2688925,13.288332467960103
1129828,7298986,13.103188432270063
1129828,8535900,13.068123911009607
1129828,1748554,13.01179006764082
1129828,8359869,12.973109929038
1129828,1859410,12.95423371046892
1129828,5322811,12.926786400807998
1129828,5839452,12.762041619357369
1129828,4420627,12.69413395732678
1129828,6024677,12.678337735319898
1129828,7020647,12.668990884256248
1129828,3723804,12.608684288640404
1129828,4595118,12.597296535289424
1129828,7172820,12.55920493540371
1129828,1790762,12.559097468800154
1129828,4869415,12.50747775361341
1129828,6479700,12.499004238178555
1129828,1067659,12.49265088357512
1129828,6499998,12.391083957517173
1129828,6072687,12.377268797197548
1129828,1485319,12.257041013628065
1129828,7298989,12.25007152889196
1129828,562177,12.25007152889196
1129828,7257433,12.240974306447399
1129828,4902315,12.187566118574999
1129828,6526503,12.175382963265724
1129828,4389606,12.130204288588793
1129828,2191263,12.093214974587884
1129828,5855336,12.07835017436129
1129828,2779689,12.076950784957253
1129828,2191262,12.047363456954379
1129828,2688928,12.046508515687483
1129828,7325759,12.032467447447884
1129828,7325761,12.004258668628816
1129828,6024673,11.970447716653917
1129828,5475054,11.944515674654074
1129828,5889518,11.938472078180771
1129828,3864887,11.938472078180771
1129828,8611686,11.934351204569182
1129828,3789991,11.90489746867203
1129828,55088,11.889989984445101
1129828,7400658,11.88419419558896
1129828,5322817,11.868312039660964
1129828,6500004,11.848799333159718
1129828,3954490,11.84359122952783
1129828,8439821,11.82047436849534
1129828,3982623,11.809952634331484
1129828,2789378,11.809952634331484
1129828,5925140,11.809579184056025
1129828,2333956,11.785050546486914
1129828,7850644,11.769192323592556
1129828,8094304,11.65544851438259
1129828,8817061,11.651003053730777
1129828,2688921,11.631133006587373
1129828,2160938,11.560883564738273
1129828,472934,11.560883564738273
1129828,5089318,11.560883564738273
1129828,1530082,11.527393946981851
1129828,3070877,11.47544407705277
1129828,7065760,11.472733320164458
1129828,7086592,11.466211922847153
1129828,7149262,11.426623643535383
1129828,1950332,11.418508200473672
1129828,296511,11.406388134439036
1129828,6774040,11.331149841013156
1129828,4624260,11.331149841013156
1129828,5328449,11.32217210439521
1129828,2688920,11.318120287098402
1129828,5925146,11.280158046321816
1129828,1240433,11.255963034673908
1129828,2900645,11.228068003040082
1129828,5729021,11.224266874446943
1129828,7195006,11.208564232080338
1129828,7503182,11.208564232080338
1129828,2043204,11.208564232080338
1129828,6040475,11.200374360028915
1129828,2369837,11.200374360028915
1129828,1760422,11.170253926935336
1129828,2634519,11.137382777545922
1129828,116344,11.137382777545922
1129828,7033406,11.11448007298581
1129828,1979291,11.11448007298581
1129828,1635141,11.108509445582957
1129828,2497084,11.099985475465058
1129828,3613219,11.08509715511644
131843,985994,12.115999150932804
131843,7707868,11.757322458829723
131843,8710813,11.188766059464355
131843,8305152,11.188766059464355
131843,985995,11.188766059464355
131843,2041693,10.32811790920457
131843,8305156,9.547603666342726
131843,8305158,9.132409341419528
131843,8305153,8.994769101586243
131843,985988,8.91685555603216
131843,8305154,8.705113105380688
131843,985989,8.641122245211587
131843,985991,8.497193253921974
131843,985990,8.461683693081
131843,985992,8.135245225431623
131843,8305151,7.720552555240085
131843,2683747,7.330508033842384
131843,4254836,6.19530184475209
131843,1941266,6.038065740131095
131843,97739,6.035347457134007
131843,5125375,5.8970771104041875
131843,570010,5.8139846037634175
131843,2034187,5.781399580772234
131843,7175159,5.749177773749086
131843,606492,5.746039474924645
131843,373498,5.741333426353388
131843,733380,5.70151291861232
131843,6482506,5.647728143396054
131843,2699656,5.609339155379707
131843,7457368,5.585395903353993
131843,7021144,5.585395903353993
131843,6161869,5.548184663870167
131843,6039806,5.535442369924235
131843,3400903,5.521811707560718
131843,7242384,5.520432735801805
131843,8464186,5.5185033320283505
131843,8464182,5.5185033320283505
131843,8498844,5.515611753784412
131843,8027343,5.510799184726422
131843,6231036,5.478991990322837
131843,1562029,5.464769930421505
131843,3400902,5.459191527628515
131843,4931453,5.445671054685431
131843,2189915,5.442855278431361
131843,7135097,5.414382230047774
131843,3074713,5.414382230047774
131843,7190176,5.414382230047774
131843,6876558,5.414382230047774
131843,1847148,5.344254908309162
131843,6497852,5.32677632261321
131843,3947962,5.3200459392437915
131843,3387500,5.302952701969374
131843,8082482,5.285968953599351
131843,747832,5.275920943372211
131843,1016617,5.275920943372211
131843,7242390,5.275920943372211
131843,4099926,5.275920943372211
131843,7146094,5.269093645512925
131843,6275101,5.269093645512925
131843,6405074,5.252325742437455
131843,4437056,5.2382696533094855
131843,8568744,5.235664222236741
131843,7021142,5.222675847414215
131843,7777618,5.170061975710972
131843,8442439,5.166251788204356
131843,247764,5.15966615483167
131843,7170772,5.15739665362453
131843,7134759,5.15739665362453
131843,6512112,5.15739665362453
131843,5629771,5.15739665362453
131843,7139478,5.15739665362453
131843,8184585,5.15739665362453
131843,6994461,5.15739665362453
131843,3892960,5.15739665362453
131843,1891584,5.15739665362453
131843,432144,5.15739665362453
131843,1488106,5.13787350544099
131843,2712186,5.125365208588552
131843,256447,5.106083361867919
131843,467943,5.106083361867919
131843,8596194,5.060245934002875
131843,8568745,5.039644311164045
131843,1677365,5.039644311164045
131843,7830527,4.949634266493579
131843,2379873,4.919473313440591
131843,6856803,4.919473313440591
131843,2344066,4.854038987023891
131843,6191749,4.842493375379036
131843,4035832,4.797600094777285
131843,4458918,4.758933433209517
131843,2436694,4.708818373683376
131843,7026609,4.6219627555408636
131843,7208948,4.62100586339929
131843,4035827,4.584385775335113
131843,398106,4.483584196720078
131843,8685905,4.4728854990785605
131843,8685912,4.451581938459656
131843,3576889,4.451530731081678
131843,3124859,4.451530731081678
131843,2333635,4.426509130934491
104861,8260037,22.73631630931922
104861,6436838,22.390754044273685
104861,2958127,22.26401980194967
104861,2958133,22.135791172567096
104861,5379458,21.347143614184745
104861,6207614,21.31039951690044
104861,409268,21.14181286120013
104861,4930174,21.023391129703402
104861,8141081,21.0116195700325
104861,5150431,20.819964537839958
104861,5703400,20.048693198474638
104861,5405670,20.009149143947944
104861,6008066,19.955729896192178
104861,8259116,19.924780655205854
104861,5864693,19.642620919681917
104861,8260038,19.637435844331943
104861,4019226,19.233024701813676
104861,8260035,19.20510465061871
104861,459676,19.197138997547086
104861,4017856,19.169666754649086
104861,5138474,19.169666754649086
104861,5776561,18.977831737428055
104861,5703401,18.88906294562966
104861,4017858,18.835610843636886
104861,1304632,18.79827067963325
104861,6200735,18.603796546731573
104861,5667475,18.57344861960425
104861,2958131,18.548930497249522
104861,5138469,18.17286764201057
104861,125332,18.10285581018827
104861,4864622,18.044735748954825
104861,7666366,17.97488434145213
104861,1995989,17.96052510132371
104861,1811410,17.956136628693365
104861,3886242,17.928281933898752
104861,1518669,17.899057782706848
104861,8495099,17.871780170357226
104861,4275034,17.79945688763915
104861,6056678,17.76432214594826
104861,5667474,17.74603041389374
104861,6351571,17.634801626562645
104861,5801822,17.586532043733307
104861,5755686,17.56149037065327
104861,4025903,17.53000447484493
104861,459675,17.442957793137808
104861,7204477,17.430608206348502
104861,5399654,17.42370194024808
104861,4197096,17.340020309230987
104861,5110656,17.30888099280292
104861,1275725,17.273866872734295
104861,8286089,17.096721212938192
104861,146178,17.065847123292013
104861,371771,17.065543207232288
104861,4223386,16.989659061750473
104861,5340890,16.989659061750473
104861,6241791,16.988011747921647
104861,5405668,16.90612160504565
104861,6187055,16.84300978263549
104861,4446923,16.82740138024178
104861,8334094,16.806703627278523
104861,7199044,16.759649866375103
104861,4017854,16.75878266930679
104861,6653678,16.754035080932205
104861,6658615,16.749441094025638
104861,4019224,16.694675858194003
104861,4936227,16.661081246256952
104861,8516154,16.607310432823432
104861,5670531,16.595946725262777
104861,7490597,16.542654150818404
104861,1767226,16.541385466372546
104861,4936226,16.541385466372546
104861,5755687,16.469663036838142
104861,6596375,16.361985315687434
104861,5073463,16.360684465527605
104861,7034373,16.27878738666233
104861,4452306,16.276047001291325
104861,2497738,16.23685120332
104861,7882079,16.195391584781703
104861,5438824,16.171458770628497
104861,5864695,16.118437601358888
104861,5366856,16.113088507123628
104861,5101712,16.012091473434847
104861,7972525,16.012091473434847
104861,314919,15.949488464458785
104861,8451639,15.948833218181605
104861,8307049,15.900799387099163
104861,6461526,15.88646824590301
104861,8575900,15.880829370147953
104861,8388256,15.863041466752255
104861,5582792,15.780038971515527
104861,6801626,15.751910546532173
104861,7199047,15.744854366229346
104861,8454530,15.744522458463733
104861,3778234,15.727380175229392
104861,1031712,15.7074102559
104861,4936225,15.684383709856649
104861,5860006,15.684383709856649
104861,8454532,15.66823895045971
104861,8516149,15.659792770037498
104861,2908929,15.65677881519877
833860,8683095,20.065018876803265
833860,5178289,18.140462655236583
833860,1524406,17.07947084251824
833860,1971028,17.062180317854374
833860,1524402,17.00948316992016
833860,1694695,16.899662209097862
833860,6230227,16.849094200734886
833860,3437288,16.575229887992442
833860,6230229,15.57423388579879
833860,115142,15.540530370902816
833860,1524644,15.348452010517024
833860,7184644,15.240057163785398
833860,1524401,15.107808765714335
833860,1579406,14.810979007170742
833860,840451,14.75176605548234
833860,6230226,14.675552590760015
833860,1524403,14.519570261215376
833860,5229080,14.012752581104332
833860,456068,13.856420606746322
833860,2829180,13.744335335051117
833860,8584923,13.666098822805495
833860,1524399,13.618973216491412
833860,7647523,13.585463473884943
833860,2829181,13.412529231807834
833860,2702357,13.390842696001409
833860,563964,13.296230632750602
833860,2077310,13.26206710920113
833860,6297606,13.239294286086459
833860,4114830,13.233849832866916
833860,2188108,13.21752364275239
833860,1969741,13.128576450833481
833860,1900577,13.095444808012225
833860,5759683,12.888736096503576
833860,546258,12.870038380671941
833860,4788745,12.598218555462513
833860,7153355,12.5744091624249
833860,2544309,12.568008356949598
833860,7826521,12.554272305309714
833860,280004,12.51615188835028
833860,4194239,12.484747265886249
833860,4929098,12.427462920645098
833860,351210,12.42677723364883
833860,5469089,12.414734474464641
833860,456070,12.328572222030383
833860,8344031,12.260804038447942
833860,1825422,12.253986904487677
833860,6406715,12.235821007264976
833860,1937593,12.192308797634894
833860,5205847,12.119409092196634
833860,6230222,12.114878323425495
833860,3775107,12.104615265488503
833860,2218671,12.036447026292848
833860,4190983,11.98396779111511
833860,610180,11.959901843175771
833860,3107240,11.938855198769048
833860,1428785,11.905496999336801
833860,8066654,11.898869342580227
833860,3107242,11.869372769099336
833860,2386361,11.743052634382199
833860,3798217,11.668441933551005
833860,8734807,11.623411941627836
833860,2488236,11.612607404076527
833860,6230220,11.602554078524506
833860,2312315,11.589626701583912
833860,1409144,11.53506954653242
833860,6277473,11.494353177078144
833860,2865284,11.493530397143257
833860,1799623,11.469021200896174
833860,7379546,11.433146224513779
833860,5967462,11.388932056002108
833860,3087477,11.382521684776076
833860,7827067,11.367245820907062
833860,1220216,11.270384627360752
833860,1204007,11.260403095763923
833860,786374,11.258073199833106
833860,7184649,11.206807241567407
833860,6804388,11.196431841894961
833860,6230221,11.176265796265216
833860,1019066,11.16042659936489
833860,1160959,11.122482002857703
833860,1402285,11.113245625833217
833860,7308484,11.101038262261198
833860,857614,11.09012120888032
833860,3762030,11.085280468518548
833860,5469751,11.07836669574418
833860,1160960,11.056333945892058
833860,65661,11.030487597260331
833860,6004853,10.982446441598563
833860,280008,10.955138452057884
833860,4633847,10.939586506645327
833860,1127420,10.912773079629147
833860,8170100,10.894607804031507
833860,2493295,10.844076878405069
833860,8469913,10.807337433221928
833860,6581804,10.800107915087988
833860,1043682,10.78456942414192
833860,6085720,10.780623452478345
833860,703194,10.778132340608662
833860,5804546,10.772282295480087
833860,98776,10.745634357310347
207786,8273755,28.950906010337235
207786,7941579,26.112840298749944
207786,6031630,25.102064414240296
207786,8273763,24.58049106838038
207786,8273759,24.405030735075062
207786,2998723,23.95195380500029
207786,8273757,23.91981871303473
207786,8273758,22.76644797421063
207786,8273754,22.449805165519
207786,493419,22.17398437611059
207786,3753001,21.85003022049049
207786,8185064,21.56453584834597
207786,8532111,21.30367389955503
207786,7599318,21.25516338579955
207786,524449,21.104842822957433
207786,3322528,21.061452915338812
207786,4900221,21.061452915338812
207786,493416,20.951133342147422
207786,4759183,20.681411992406176
207786,4823378,20.654875103718965
207786,493413,20.591964448759718
207786,493420,20.557096246700894
207786,2051015,20.530377876077754
207786,7639366,20.39836455915679
207786,4759180,20.266605405401442
207786,3773663,20.212252478773088
207786,1667542,20.118212059669318
207786,493412,20.117128303567707
207786,493414,20.057969478229122
207786,2775840,20.039086192822722
207786,2969229,19.974543214461086
207786,8273762,19.96037394964824
207786,2775838,19.86114901750451
207786,8651150,19.79215987357074
207786,493415,19.776808071180447
207786,2051021,19.73868800486286
207786,5195205,19.680418648176094
207786,706234,19.608817204453906
207786,1667536,19.54196483515023
207786,4759179,19.477870286012823
207786,4900224,19.442150114048026
207786,4393129,19.25412330765417
207786,4900219,19.176990701040374
207786,2969232,19.02863976458405
207786,7643816,19.02467833685783
207786,403538,18.95627713290915
207786,4900218,18.9479854177399
207786,2763917,18.70327639444769
207786,4393128,18.643619844662805
207786,2775839,18.569388086936947
207786,1424715,18.550976829789136
207786,6133373,18.540973812792647
207786,2440415,18.457168293399675
207786,6003357,18.336204386457243
207786,6822431,18.2632060564082
207786,1731873,18.257393556330534
207786,7777867,18.135288067871215
207786,5365946,18.1100684680944
207786,7643812,18.081685726082014
207786,2051020,17.953433263135125
207786,6822430,17.908121387944387
207786,7124120,17.848862572812383
207786,6031629,17.84799810563521
207786,8273761,17.82180603870737
207786,1201445,17.812445567133125
207786,6003360,17.78298131681319
207786,2763923,17.686408098605437
207786,2775833,17.632536729430157
207786,6882359,17.63064627673525
207786,6526580,17.56265025684315
207786,2775834,17.548485900388933
207786,4823380,17.548485900388933
207786,6212642,17.53031828740413
207786,7643819,17.510551856651134
207786,3407770,17.49524281488548
207786,1085406,17.45454393819424
207786,6212643,17.44317818538863
207786,2051022,17.437236876868823
207786,4900223,17.417278651921823
207786,7016165,17.40728808409697
207786,655407,17.33987999375686
207786,5745786,17.33987999375686
207786,4315348,17.337118289610736
207786,2970637,17.329122123095395
207786,2557240,17.273774959764932
207786,5297038,17.24561736459257
207786,236200,17.2329114396431
207786,817102,17.228251209928963
207786,2440418,17.220161623389508
207786,8199151,17.2004752302891
207786,5745781,17.18344317084501
207786,7386394,17.1580266806784
207786,4970125,17.119917478266565
207786,3352521,17.105380828468007
207786,817103,17.10095553296886
207786,4393132,17.065110966704562
207786,534183,17.03610028961217
207786,7124123,17.002288918091075
207786,8607465,16.958567229102997
207786,3377254,16.94586706087072
691330,8490460,19.542361787427627
691330,8490462,19.24814087160138
691330,8490463,18.914985317960824
691330,807730,18.579054347330253
691330,7626873,17.91511941085477
691330,1257015,17.7453686815973
691330,8197717,17.690077052948624
691330,3692150,17.496582996768275
691330,8490461,17.48162844584028
691330,443525,17.36175713781281
691330,807723,17.219717585169075
691330,1257011,17.009819281615314
691330,5425396,16.995177695590307
691330,807732,16.826845957858772
691330,2751554,16.481235866466683
691330,3346773,16.28977034332189
691330,5425399,16.25191161811547
691330,3692153,15.843305260149412
691330,4211863,15.686053910742398
691330,7004346,15.58844006093172
691330,2751562,15.558410475145685
691330,3416118,15.492367498695714
691330,7340503,15.19261964837531
691330,807724,15.076576554007058
691330,8197722,14.90634792337522
691330,7004347,14.289963488261929
691330,2212945,14.003827669405986
691330,7004344,13.684039552184302
691330,2751558,13.337813288862263
691330,807729,13.135103687340571
691330,3598688,13.123190656876716
691330,984135,12.899596515226346
691330,2780148,12.89164389218615
691330,8687224,12.865131303130376
691330,807727,12.855736656928325
691330,1257013,12.838477666074592
691330,1257016,12.718801631093095
691330,443524,12.702941576932034
691330,443527,12.652383608154931
691330,1257017,12.571519498646515
691330,8687222,12.566914366741262
691330,7645677,12.480936523271204
691330,807728,12.391771800149701
691330,3346767,12.180487943843058
691330,3692154,12.114102577882939
691330,4797825,12.102762850860547
691330,6943235,11.795503062687652
691330,6348196,11.628657465527539
691330,2551824,11.618585771924923
691330,3048492,11.618585771924923
691330,6794614,11.54241826550252
691330,3024793,11.326210261949793
691330,6943232,11.297438687903952
691330,4463326,11.242736677228251
691330,4579025,11.23489495809358
691330,4480248,11.200335060798874
691330,1417196,11.13963700990408
691330,5108715,11.12609364115694
691330,4967228,10.984791267603338
691330,72971,10.961023917748447
691330,6439928,10.94444749883396
691330,443526,10.941082071161578
691330,8490459,10.8987490623136
691330,7307459,10.8987490623136
691330,3687945,10.858226416385893
691330,4876085,10.858226416385893
691330,7016076,10.85221831236113
691330,8149413,10.757866283322343
691330,6875222,10.751720154088796
691330,3415148,10.712744935241524
691330,3494731,10.683363548241287
691330,2639306,10.640392422540444
691330,6348201,10.60475466178401
691330,913313,10.585211034048395
691330,1000369,10.548069182676374
691330,7844620,10.499521101496224
691330,5392691,10.461890263154684
691330,270088,10.437613218151753
691330,807725,10.335003724360131
691330,2262128,10.319177346438458
691330,5392687,10.302760873027195
691330,3088063,10.214584400328905
691330,3672864,10.181172568239349
691330,3672869,10.181172568239349
691330,1208529,10.133401909979591
691330,7004351,10.118696840959887
691330,3151203,10.088868636543289
691330,5688844,10.042213216179034
691330,4579023,9.999632078064016
691330,7658539,9.982938450009264
691330,3616212,9.981356164486108
691330,3327169,9.941249230918643
691330,6881841,9.93997199145159
691330,715756,9.914352887449617
691330,443528,9.914247662358722
691330,4579026,9.892944512426057
691330,3948233,9.89236369191267
691330,72964,9.887579272063983
691330,8186444,9.873932713083004
691330,8784497,9.83687644859535
1103528,2758788,17.751893852046734
1103528,2758782,17.398968611076974
1103528,2758779,16.1329337386137
1103528,2758787,15.088756171449962
1103528,8223069,14.880777954471961
1103528,8223067,14.868797035313035
1103528,2758780,14.464479623648938
1103528,8223071,14.394662613711178
1103528,8223065,14.074799751847888
1103528,8728323,13.195172539095815
1103528,2758783,13.00658934997175
1103528,8223068,12.795339882314394
1103528,2758784,12.604374566959715
1103528,2758785,10.69962279317558
1103528,8728328,10.36596368250327
1103528,2758781,10.102341827498183
1103528,2758786,10.022416465367344
1103528,1050825,8.085329217930257
1132213,1030078,23.589418556323885
1132213,1616866,21.450081399181247
1132213,6505382,19.342094048866738
1132213,6513388,19.125901958815884
1132213,6513392,19.067985478945673
1132213,2879508,18.92648223040296
1132213,5209556,18.77907404224997
1132213,1656015,18.253961859665868
1132213,8334480,18.0369561998277
1132213,6440584,17.842963102685683
1132213,1616864,17.791810474789887
1132213,4307694,17.398572442493563
1132213,2723525,17.276761274850955
1132213,2427030,17.09100055404982
1132213,7356816,16.851026955555348
1132213,7131650,16.77572627728365
1132213,1030072,16.741028778596945
1132213,8326716,16.672061428663838
1132213,7670188,16.547118764300034
1132213,7304815,16.521834148427516
1132213,5159053,16.512949893847193
1132213,1081806,16.45342108738194
1132213,1253776,16.417939215339814
1132213,2422564,16.402941711209596
1132213,7557414,16.40234386233646
1132213,5620472,16.312004825461717
1132213,5792528,16.251485086687758
1132213,6661965,16.233189494195553
1132213,1081801,16.123312156478526
1132213,5491567,16.070839858374196
1132213,5729192,16.04339593778274
1132213,6381578,16.031950929093547
1132213,4458715,15.983947066921441
1132213,6643552,15.863933102146675
1132213,2723529,15.800895118760192
1132213,3101716,15.676613275877417
1132213,3367512,15.496721009332015
1132213,5263346,15.368395434266926
1132213,4756596,15.3566787479834
1132213,1986277,15.331791657943207
1132213,4335087,15.302574794396307
1132213,1986281,15.161297737492525
1132213,6940535,15.119364883332082
1132213,6581337,15.105454271376216
1132213,8334473,15.041026292028963
1132213,3226451,14.951930154980005
1132213,1085450,14.942572775478448
1132213,2427029,14.900843913885922
1132213,7229137,14.871993607136865
1132213,6280714,14.683067182595577
1132213,6581339,14.678432672150349
1132213,1085452,14.673243986995866
1132213,6940534,14.662872251485206
1132213,3446803,14.618956473475022
1132213,2703010,14.615285669523054
1132213,2537692,14.601329084598108
1132213,5792525,14.515419046537428
1132213,8268320,14.494095006087749
1132213,2965979,14.490072799604114
1132213,8618742,14.477980342156638
1132213,2537686,14.449550208232765
1132213,3823500,14.423419800220438
1132213,8229410,14.421834559871925
1132213,1616859,14.420666755834286
1132213,1607351,14.398493105421398
1132213,8504767,14.38004524629125
1132213,1600220,14.351782993714066
1132213,5606850,14.319686577970849
1132213,2965980,14.29482582660296
1132213,8229409,14.276163775024845
1132213,6513394,14.25356935721359
1132213,1030077,14.246056655080668
1132213,141077,14.235526800766593
1132213,1885412,14.233099438267224
1132213,4447363,14.231687955993541
1132213,7247657,14.203313168790043
1132213,3367509,14.196791604418769
1132213,1986279,14.178947882216477
1132213,5835984,14.118790029203222
1132213,1015062,14.059308539990134
1132213,460732,14.051303566366066
1132213,8229408,14.050770963469084
1132213,6367284,13.943373244722938
1132213,3535109,13.931816933193549
1132213,2032466,13.897935469573001
1132213,1135814,13.859562535070802
1132213,1030074,13.82456977139726
1132213,1607355,13.807662498926042
1132213,8618737,13.796703219469743
1132213,4589259,13.793945010485066
1132213,7670187,13.790168329573685
1132213,3737549,13.761501810241548
1132213,2971294,13.756196478240877
1132213,7041994,13.736531016306113
1132213,8055784,13.658043413993331
1132213,90121,13.644704058057584
1132213,4433555,13.641481081161771
1132213,753470,13.62036508056759
1132213,4260397,13.610463279663753
1132213,4584290,13.598185784113562
335594,5704363,13.956385393389397
335594,68717,13.243125723730348
335594,7899635,13.183309387811946
335594,4125228,13.13058743363596
335594,5588113,13.005773502605113
335594,4973685,12.936282602384493
335594,3319016,12.928605277180573
335594,6280308,12.91049253020698
335594,5109214,12.887055771838401
335594,5588114,12.874711209667415
335594,4722772,12.817069450014579
335594,4864090,12.725508399521392
335594,4864091,12.66892106611564
335594,8835283,12.659100262972096
335594,6751755,12.641345528876267
335594,3319018,12.606021637526629
335594,8457431,12.571954781250817
335594,4125231,12.556568878957318
335594,6001032,12.43226501113448
335594,3291970,12.424931882529478
335594,8515794,12.41388226761366
335594,4722776,12.173806950625153
335594,5588115,12.166487713475028
335594,6001035,12.107497558131607
335594,936635,11.930402208868198
335594,2406068,11.89190193033847
335594,2812493,11.87736605830196
335594,3420791,11.875108289898495
335594,2412515,11.725898065065369
335594,3164988,11.616316700832844
335594,5791326,11.551646305664747
335594,6114040,11.521409980052631
335594,68720,11.49732285826816
335594,1155674,11.358064400691813
335594,3319024,11.281916248060657
335594,4754365,11.142062365026227
335594,6001037,11.10065019679293
335594,2412512,11.072707647016863
335594,3164985,11.069225389055301
335594,5791328,10.963514152221986
335594,3489000,10.960736763800353
335594,2412514,10.929970035829399
335594,7899639,10.794390651789758
335594,6280311,10.63785158293246
335594,68724,10.590874507746546
335594,68725,10.590874507746546
335594,1680064,10.571348722237822
335594,7734598,10.55769891001485
335594,7734602,10.540672909885531
335594,3015203,10.468287515859476
335594,3291967,10.453629000434788
335594,7734604,10.340994530802307
335594,8515790,10.263588480507106
335594,3291972,10.206028055035794
335594,5791332,10.175722541615736
335594,6001039,10.167194972847371
335594,3135742,10.126464878951346
335594,4125222,10.11758288674925
335594,4441871,10.11758288674925
335594,3319019,10.099759439822009
335594,3319021,10.045975905736885
335594,3319022,10.033547850639309
335594,4166072,9.984575822239993
335594,3420796,9.98122716168406
335594,8515789,9.880829586157613
335594,4166074,9.859314918960703
335594,7734605,9.812007270150493
335594,68718,9.812007270150493
335594,4166068,9.78313584344108
335594,1583791,9.774067943956043
335594,6280305,9.766036448145162
335594,4166076,9.745468711740893
335594,2406070,9.736420881777038
335594,780021,9.71562469356878
335594,5704370,9.684496997646935
335594,1583785,9.670965150862768
335594,4129232,9.597550710882288
335594,3319017,9.525203610574987
335594,2494504,9.5203626501443
335594,6280310,9.487772965254553
335594,4666527,9.482241887694844
335594,1155680,9.466880599725682
335594,68723,9.453902523307733
335594,8358535,9.413996079308113
335594,1155677,9.413996079308113
335594,2406063,9.382129326333922
335594,6280306,9.309980015509517
335594,2406065,9.306277749051691
335594,2412513,9.30110162708294
335594,1383790,9.292886091692054
335594,3291969,9.278647255194326
335594,6114043,9.258829209748173
335594,7734599,9.249176017338742
335594,4166067,9.20823739733496
335594,4166073,9.20823739733496
335594,5791327,9.158195464764363
335594,5791333,9.108694495568528
335594,1583790,9.05972576502085
335594,1583789,9.05972576502085
335594,4166075,9.011280735009487
1134138,487623,13.429696680799296
1134138,7083751,13.285299435196418
1134138,1311431,12.583402216873587
1134138,1311432,12.499332880247229
1134138,35742,12.302929725118844
1134138,1555414,12.168478243208902
1134138,487626,12.143595072768546
1134138,487620,11.618264467543447
1134138,7504521,11.613107630179764
1134138,854486,11.398838113297153
1134138,4291539,11.192332181746137
1134138,6625007,10.871845196429707
1134138,1032417,10.79079347604053
1134138,175307,10.615393954640307
1134138,487619,10.615393954640307
1134138,7083753,10.524971064402708
1134138,1123714,10.40362788021617
1134138,1123715,10.277413707581108
1134138,2174467,10.154324441103508
1134138,2675736,10.095019593659206
1134138,1123719,10.095019593659206
1134138,3833678,9.85350655151137
1134138,4045844,9.845026166742882
1134138,7145034,9.708477444710962
1134138,4628357,9.47567993031508
1134138,7644724,9.422806279935667
1134138,4902462,9.403565151080734
1134138,2204280,9.193659767189875
1134138,7145033,9.185898094151161
1134138,7145029,9.078001191501944
1134138,1434734,9.064263302386863
1134138,3077547,8.99292074419357
1134138,80410,8.927941677636829
1134138,7145026,8.847968322281805
1134138,1854316,8.677151864379542
1134138,6081498,8.55696737353365
1134138,7145032,8.550977679973512
1134138,3181081,8.51712899852244
1134138,2528845,8.450229252351598
1134138,1979157,8.445108848929046
1134138,8084734,8.437240409935965
1134138,1361560,8.382805975230463
1134138,467122,8.32631699777902
1134138,1854315,8.32631699777902
1134138,5914900,8.215592634492696
1134138,189425,8.215592634492696
1134138,393139,8.161327478072291
1134138,3129915,8.103583891749935
1134138,3953218,8.103583891749935
1134138,8639682,8.058060806317522
1134138,110653,8.058060806317522
1134138,7886130,8.058060806317522
1134138,1830167,8.01304632908306
1134138,8575991,8.009824222426102
1134138,7977697,7.937348135255128
1134138,8255879,7.926991313852262
1134138,3455090,7.924509481269941
1134138,8666691,7.9134614296214
1134138,4307923,7.900410799923374
1134138,3324682,7.880970714854213
1134138,1126706,7.880970714854213
1134138,6846929,7.8502166992839975
1134138,3929137,7.8379077548397715
1134138,963808,7.817469396837468
1134138,8575996,7.795312843953159
1134138,3387042,7.795312843953159
1134138,3305938,7.795312843953159
1134138,7702580,7.7916106236917075
1134138,8730384,7.789237847303679
1134138,7997599,7.783456722118051
1134138,7997603,7.783456722118051
1134138,8730388,7.783456722118051
1134138,7610692,7.753178392636297
1134138,8131313,7.753178392636297
1134138,3904198,7.751717895105674
1134138,6248849,7.711496974538259
1134138,187285,7.703673078134541
1134138,2553344,7.692241875895659
1134138,8489496,7.692241875895659
1134138,7186683,7.67913212297246
1134138,1540024,7.670261322151691
1134138,5900401,7.670261322151691
1134138,4358295,7.667308941189911
1134138,8694942,7.6385311487875365
1134138,8061516,7.629464322588474
1134138,3543239,7.629464322588474
1134138,1832598,7.629464322588474
1134138,7790569,7.629464322588474
1134138,8062888,7.628476732208001
1134138,6759154,7.616908322628867
1134138,6759157,7.616908322628867
1134138,6759156,7.616908322628867
1134138,6759159,7.616908322628867
1134138,1530862,7.604497091302161
1134138,2618360,7.589099013489502
1134138,2462886,7.549158579063604
1134138,2803364,7.549158579063604
1134138,6302376,7.549158579063604
1134138,4184445,7.549158579063604
1134138,8043705,7.549158579063604
138632,6350715,13.098238860828747
138632,1345752,12.758230178216547
138632,4217237,11.88012215449751
138632,7719411,11.756539963268432
138632,569256,10.875318079631425
138632,2997002,10.597605895320147
138632,4879158,10.537743466629077
138632,1643837,10.31706978690872
138632,4765705,10.286530403820544
138632,5913736,10.210162922559595
138632,5289649,10.210162922559595
138632,7044454,10.210162922559595
138632,7630355,10.089632914016557
138632,5152933,9.785729759369433
138632,7630353,9.639908640847874
138632,7126508,9.639908640847874
138632,569252,9.48592058966289
138632,26026,9.478502566887862
138632,6956942,9.36166758248871
138632,6370300,9.24936793884122
138632,8113743,9.194702278299866
138632,5937966,9.142843028638241
138632,7304201,9.055538921177519
138632,1999976,9.044257056259177
138632,2966699,9.006405398050696
138632,5415910,8.991886890461661
138632,6350714,8.954078979107411
138632,119100,8.917021022513584
138632,4000461,8.721086636362292
138632,1693165,8.581163498859027
138632,544254,8.55450571048901
138632,1108967,8.55450571048901
138632,2996995,8.528664952478431
138632,4765707,8.362497719970968
138632,136054,8.326018191640467
138632,439391,8.28933974376917
138632,1303036,8.264533679617237
138632,3470047,8.254536844096302
138632,4173094,8.182810510458793
138632,6350711,8.160740846111961
138632,5487502,8.132647189948619
138632,5913735,8.111337871913864
138632,3298890,8.109666032604936
138632,4765704,8.022937658290274
138632,569253,8.017132778291417
138632,5943664,7.9436181097813545
138632,7076105,7.9065388167796975
138632,4173095,7.8994548744556425
138632,5603614,7.874184755196466
138632,4499947,7.872370347527825
138632,3545196,7.848599146032585
138632,5603612,7.845512116968289
138632,3576331,7.763754207735953
138632,8613120,7.759597278637385
138632,6597065,7.738323093990094
138632,4125959,7.733797448445601
138632,3906774,7.68072403323624
138632,8183840,7.667227976815366
138632,8187581,7.666239518648868
138632,5843597,7.6395450083014005
138632,3114918,7.636295009976651
138632,4765706,7.636295009976651
138632,3114921,7.619324207821027
138632,6932427,7.599451014162654
138632,136058,7.58996712109364
138632,597878,7.5712398560426895
138632,3434157,7.559456098512659
138632,4499948,7.559456098512659
138632,1324791,7.534520164250299
138632,2996998,7.487066703534824
138632,5913740,7.480716040452706
138632,4413526,7.480716040452706
138632,5805664,7.461827459625611
138632,6370303,7.436714103925621
138632,2272899,7.433454204093254
138632,6230817,7.403599401487049
138632,5843592,7.363195491118351
138632,1999972,7.355709334703386
138632,430503,7.3280564877565535
138632,3114922,7.313510751481151
138632,1073611,7.305935218657838
138632,6509186,7.301362913912169
138632,8260172,7.290860200297943
138632,6545276,7.288689512617115
138632,136056,7.283949082757719
138632,8809490,7.240361510140856
138632,7719414,7.238896732898609
138632,2579932,7.236480446205024
138632,3928408,7.236480446205024
138632,5838226,7.223777540632888
138632,7602648,7.223777540632888
138632,6989506,7.217589062723138
138632,2484051,7.1688180611757035
138632,2996997,7.153463998327973
138632,568912,7.153463998327973
138632,6230811,7.145775981599312
138632,1621848,7.145222481858516
138632,8627790,7.145222481858516
138632,816970,7.140672992954341
138632,8055612,7.128372714367178
671071,8632272,32.173672885100345
671071,8632276,32.044851160915094
671071,7615574,31.144935420608864
671071,7615575,30.838887472507903
671071,5092547,30.83882885072254
671071,2605963,30.442856474426854
671071,7615582,30.245501071341902
671071,8302976,30.132213854041904
671071,5092540,29.83376870948611
671071,3049333,28.935106393704103
671071,2660613,28.102370503081392
671071,5092543,27.818678835786542
671071,5092539,27.73648445047966
671071,3089530,27.68622291632236
671071,8507309,27.553785638203326
671071,4958939,27.5090030505139
671071,208813,26.990871827614782
671071,4823172,26.893054905430418
671071,5625875,26.562548366572035
671071,6225480,26.464713383979802
671071,4172362,26.435233169538954
671071,8632270,26.298791175456177
671071,617788,26.178030576444478
671071,634211,26.098350729092424
671071,7796876,26.04087554501973
671071,513070,26.003574210503697
671071,594160,25.841590383987477
671071,7682166,25.807982876996114
671071,7796874,25.71446283757239
671071,791573,25.647802350234016
671071,8261074,25.569836151370577
671071,7321706,25.566877298627244
671071,8420534,25.50199037536903
671071,4756068,25.49704629470334
671071,5636766,25.217882705981168
671071,4606207,25.182591401980325
671071,6172684,25.160487260349697
671071,6000829,25.15377855371633
671071,7321708,25.072756352220903
671071,4958936,25.04792914961658
671071,571893,25.042800314029815
671071,7873130,25.039369659572692
671071,4756069,25.02883755651306
671071,8333109,25.002927939320593
671071,8236758,24.998232666261494
671071,6000827,24.979895163270125
671071,7484389,24.940295633989606
671071,8333107,24.88017788874113
671071,7863994,24.803989674735526
671071,3076326,24.560412331666466
671071,4521148,24.55189330194864
671071,8333103,24.55135375350992
671071,8333104,24.371968473888657
671071,514373,24.312125386447512
671071,77580,24.290552805704927
671071,7377287,24.27049175556921
671071,5518666,24.260133767207122
671071,5547963,24.214775155893804
671071,8420530,24.214405129213944
671071,5547962,24.123817747071918
671071,7102670,24.11318649734877
671071,7796881,24.088809276547078
671071,6974384,24.081931367583266
671071,8236762,24.049372274404703
671071,3529517,24.047706348428264
671071,7909079,24.005827667667738
671071,2403502,23.935272033738105
671071,455202,23.933110558331244
671071,2387222,23.932529355145594
671071,6172691,23.90181669877172
671071,5535987,23.894245685402748
671071,6841800,23.868912078097118
671071,8536390,23.866726006152287
671071,6704429,23.81335114328555
671071,948853,23.7479369094712
671071,4528960,23.74009818459054
671071,2336765,23.728858764317014
671071,3766518,23.724780493841624
671071,5535989,23.706187782661665
671071,7297005,23.694894159608253
671071,2559410,23.659795395095536
671071,2800555,23.61584329548264
671071,2324701,23.610562275518287
671071,7689449,23.55778865458859
671071,7297002,23.549028891887176
671071,3766517,23.51568443322262
671071,4638546,23.511837707024817
671071,1199440,23.460592957138097
671071,6699274,23.458246256595537
671071,6225481,23.45001886741239
671071,1796005,23.43848067376941
671071,7542614,23.404191767447486
671071,3957589,23.387466189518612
671071,7177175,23.385384763010684
671071,4912143,23.3637796843141
671071,514369,23.34365110623564
671071,8236759,23.315754287834586
671071,7296997,23.305427901955518
671071,7425040,23.24543810779153
671071,7542616,23.242139931458947
705609,6565370,13.636052725727449
705609,3907897,13.49006379800614
705609,4136242,12.727871201345078
705609,4581768,12.276927908486096
705609,772287,12.03352636779649
705609,8580006,11.93313799582084
705609,4848556,11.848804940366268
705609,5472785,11.834380063672668
705609,6615196,11.7217928337876
705609,4607416,11.603378386446394
705609,7980368,11.545637255220274
705609,2060219,11.545532164161802
705609,2287088,11.483291525803468
705609,3218861,11.349739201206205
705609,3159559,11.191011175593303
705609,8719672,11.171902286970358
705609,7674484,11.16499076380871
705609,4803683,11.147396546468794
705609,4832217,11.14005522846604
705609,1717691,11.134465825246405
705609,7196100,11.121378993499768
705609,1717682,11.10616982277229
705609,1717685,11.10616982277229
705609,1702522,10.960390891377955
705609,2092610,10.958107909349662
705609,1717684,10.953267325471574
705609,7915124,10.946509853262107
705609,6161909,10.93985745294582
705609,1013509,10.917176585617444
705609,53001,10.89832286061296
705609,3273269,10.83173253063768
705609,4832209,10.781526456633449
705609,1960291,10.769762710662498
705609,1717690,10.738144958165936
705609,1452160,10.61093024074545
705609,3011764,10.58253301424346
705609,4136240,10.533007428140175
705609,450133,10.473480589145094
705609,4494060,10.454831499952014
705609,4494063,10.44944589585469
705609,8285170,10.380852606002362
705609,4755678,10.279208654087991
705609,7868833,10.209636238963306
705609,5871712,10.164576199251965
705609,5609869,10.150750373914873
705609,3145226,10.125455492175632
705609,4504584,10.073741712370012
705609,8828334,10.06044772059162
705609,5746402,9.976576683439486
705609,6920152,9.96435416370393
705609,7868828,9.945016770220471
705609,5871709,9.919056224918295
705609,1598854,9.89820320762598
705609,2632123,9.891384376705094
705609,6920153,9.865040822342788
705609,5071100,9.857636476832484
705609,1294340,9.83302360020294
705609,8424009,9.796375566226379
705609,193594,9.79367693951905
705609,7856692,9.760569858450182
705609,979441,9.752415108391482
705609,7962329,9.733609502633877
705609,7472903,9.682983373254435
705609,1139444,9.677679614715618
705609,979442,9.627389716756191
705609,2440976,9.619059862730099
705609,3394215,9.619059862730099
705609,3361390,9.615714620927417
705609,2170607,9.593927201045767
705609,6299592,9.567568574532375
705609,40427,9.552211810711624
705609,675347,9.545818275303004
705609,6927629,9.537906893379926
705609,5871713,9.527238669732595
705609,6123972,9.495223469069218
705609,8381808,9.480052730498281
705609,5170446,9.4755982278521
705609,1171247,9.450081401381087
705609,1881843,9.44930596321767
705609,5217911,9.448311880966436
705609,7988825,9.41957239155934
705609,5283513,9.356154537041894
705609,4966073,9.347996743513031
705609,6895388,9.347262014011513
705609,2543706,9.319872275605196
705609,4966094,9.316477232355112
705609,2666047,9.31119017054856
705609,6381761,9.301361653335004
705609,6671302,9.295440494942214
705609,7515057,9.290326916064876
705609,5870734,9.288751211404069
705609,4059149,9.2793606960368
705609,3768182,9.268122660644869
705609,7962330,9.2617614720224
705609,2171460,9.248122266368778
705609,2092602,9.248122266368778
705609,724554,9.156750774862402
705609,3910911,9.156651842631815
705609,7108680,9.150930025810322
705609,5578779,9.146885492884548
1114819,8022279,26.637880682874464
1114819,8088109,26.35217412535884
1114819,8022277,25.998024440260295
1114819,8754404,25.967643844723057
1114819,8022281,25.606350993163886
1114819,8754400,25.33517540611077
1114819,1724528,25.072301294553732
1114819,8754397,24.771134646453593
1114819,1419801,24.08046221324508
1114819,1419798,23.934507849033423
1114819,2590453,23.90289972332566
1114819,8754398,23.765299576595993
1114819,8115440,23.661846482451985
1114819,6900767,22.864163275364415
1114819,785028,22.828471491574753
1114819,6900773,22.75437125163944
1114819,1738242,22.694932145485435
1114819,1002627,22.659363028588135
1114819,8754403,22.583490940087685
1114819,5342188,22.47612366378156
1114819,783080,22.43197326665097
1114819,8088111,22.296478007314033
1114819,8754399,22.2697262994348
1114819,6900769,22.22552752845179
1114819,694735,22.22552752845179
1114819,8115703,22.188165574355708
1114819,771719,22.150912229881154
1114819,2192058,22.14492496691187
1114819,5718417,22.125007221348405
1114819,1852066,22.124164326654128
1114819,7132894,22.110896950698443
1114819,988378,22.019085567165227
1114819,8579830,21.972866304225704
1114819,3906952,21.854903062759956
1114819,988373,21.705315998299266
1114819,7851754,21.54116333862372
1114819,7851756,21.54116333862372
1114819,1735443,21.531130095409818
1114819,1315997,21.520646364569796
1114819,5156171,21.50474301954904
1114819,255279,21.474780830543384
1114819,1851540,21.391862988879218
1114819,2831393,21.364043306166167
1114819,7851750,21.34771967430854
1114819,750446,21.339197189166182
1114819,6202319,21.291778490675615
1114819,8480574,21.208570341854102
1114819,8096824,21.208570341854102
1114819,4890560,21.185790808864475
1114819,8115706,21.089668636241367
1114819,461344,21.05319152346004
1114819,5521371,21.04305964564385
1114819,5521373,21.0353179369112
1114819,2839945,20.971503245984675
1114819,6951105,20.84495279156886
1114819,1315998,20.84403785067427
1114819,3353671,20.774114835103017
1114819,2590451,20.772035599788353
1114819,5628952,20.75999995618491
1114819,1315993,20.73591309015362
1114819,8336231,20.64771700471156
1114819,7851748,20.60885318347359
1114819,5165249,20.570728498848275
1114819,1009500,20.536717068720883
1114819,8625086,20.505247533819674
1114819,8031756,20.469011558676844
1114819,988375,20.447487687720038
1114819,5019832,20.44449293557532
1114819,8508255,20.402620322362026
1114819,8027210,20.363342405006705
1114819,1816958,20.325776902245195
1114819,7803429,20.324593255766658
1114819,1724520,20.298698391265045
1114819,3213416,20.21641876158597
1114819,5703157,20.16589687740911
1114819,3906954,20.103495188516256
1114819,7132895,20.097363285556696
1114819,988370,20.08913806536153
1114819,6631098,20.088706752941178
1114819,1396258,20.088706752941178
1114819,8336223,20.07962595839883
1114819,8579832,20.040155799654865
1114819,2312859,19.998337256875395
1114819,344350,19.93284569042707
1114819,321030,19.901605485751823
1114819,8754395,19.7989084348139
1114819,8336232,19.7757921452473
1114819,7156445,19.756843364279298
1114819,2839946,19.756843364279298
1114819,2839949,19.756843364279298
1114819,5019830,19.743892215500473
1114819,4700106,19.684674549427257
1114819,3781419,19.597578694106044
1114819,1598329,19.595146827746827
1114819,8321012,19.58806073094583
1114819,988374,19.579495836381263
1114819,7786792,19.545357455456475
1114819,6941478,19.52334894962055
1114819,6900774,19.50932464566589
1114819,6578914,19.487948285069965
855434,8304504,21.226226719824936
855434,8269435,19.41858414659255
855434,2082697,19.304124920232965
855434,8185273,19.195716065002557
855434,4274684,19.075675562205042
855434,2364465,18.867037630537915
855434,7052029,18.37085256119559
855434,3648452,18.134077822157906
855434,8114761,17.86167096882655
855434,6405045,17.464704345082662
855434,6974540,17.45023520522298
855434,1801770,17.425090762506358
855434,3333345,17.341604127412328
855434,1542537,17.289294369580084
855434,7105484,17.24013794184465
855434,4310792,17.16687712649249
855434,5842209,17.14680683228379
855434,5597217,17.06624563651689
855434,1908360,17.06087246951565
855434,6522883,17.04367198373929
855434,2674131,16.942923408205477
855434,5043396,16.942923408205477
855434,1908357,16.913027697234256
855434,4689202,16.767723274286727
855434,5350761,16.73791670855786
855434,598181,16.73679923322446
855434,5228691,16.642171548215956
855434,6215882,16.502536287516012
855434,5208459,16.39370758566878
855434,6673740,16.338007203912113
855434,976067,16.30725555453876
855434,7506271,16.28813676810139
855434,6208779,16.24109508478462
855434,5255927,16.210079226541215
855434,1607391,16.209715221956685
855434,3025772,16.208224058243484
855434,5350760,16.080998151357797
855434,1180826,16.080954890857804
855434,8162013,16.038860266881024
855434,7821421,15.972301365328843
855434,6210661,15.966082659559223
855434,4296910,15.945757238805705
855434,399737,15.945757238805705
855434,5076547,15.922923129916864
855434,2987729,15.896598834759995
855434,7506277,15.889108725409749
855434,5208460,15.878980171410294
855434,6945960,15.85188743546196
855434,1864147,15.816534229781773
855434,440062,15.750825973432288
855434,6368620,15.738404059730106
855434,3541282,15.564271268980173
855434,1674687,15.548962647995848
855434,6338931,15.544654463106344
855434,5047158,15.50118576649911
855434,2082699,15.486802103286617
855434,4687670,15.383497240016693
855434,4018036,15.367487844074727
855434,6473,15.333511132562279
855434,2009186,15.333511132562279
855434,1976655,15.283341079182108
855434,6991862,15.271417734733248
855434,8597059,15.230920308819128
855434,4018035,15.214258608757097
855434,2376374,15.155306508535594
855434,3935056,15.144785960247152
855434,2175613,15.141358718289801
855434,5735182,15.138702590410313
855434,7062933,15.109032589503448
855434,2598617,15.103790145288325
855434,8381494,15.09107165773409
855434,4059063,15.085605162122484
855434,8409107,15.080650117936273
855434,7871790,15.077166798629328
855434,8327651,15.077166798629328
855434,1635632,15.063071036290086
855434,4178931,15.035034888871568
855434,6654182,15.032909396623442
855434,2082698,15.031345736085889
855434,5499280,15.025568572650366
855434,8510573,14.988195506458435
855434,2140588,14.962468760976861
855434,3448238,14.931041294819794
855434,4674373,14.91281043626867
855434,4408433,14.910338058810318
855434,6738453,14.892543329520652
855434,6053309,14.890068047129532
855434,1845205,14.886583355240221
855434,1845203,14.886583355240221
855434,7620187,14.878548847080557
855434,5493596,14.874089054135233
855434,2186809,14.856874396497519
855434,2305192,14.79880525418676
855434,8080098,14.798371855049258
855434,7184532,14.790130702032087
855434,1942088,14.785719365953076
855434,752708,14.761424606440283
855434,2384673,14.734953540866801
855434,4059253,14.707382870270528
855434,1976658,14.69380865078204
1134463,8138506,32.78050006918133
1134463,1040028,30.427720645387687
1134463,5626882,29.84526234546815
1134463,8138499,28.597636710371017
1134463,8138507,26.217824041369195
1134463,8577979,25.298387001154552
1134463,8138505,25.24268128709515
1134463,8138503,25.234259256740263
1134463,6835507,24.218493392699877
1134463,6469512,23.663454271827458
1134463,1040029,23.481480451380847
1134463,8138502,23.267782234865834
1134463,5557757,23.131502189794666
1134463,1040026,23.09865192165184
1134463,1040031,23.09865192165184
1134463,1040034,22.973801380774198
1134463,8138501,22.703930491302962
1134463,3413218,22.487610185847046
1134463,1040032,22.369260837864303
1134463,2156811,22.083267606059444
1134463,1040035,21.404453907820496
1134463,8779210,21.232983372652722
1134463,8613697,20.55371369223593
1134463,5843044,20.55371369223593
1134463,1043598,19.20301607209441
1134463,2826663,18.806180144491893
1134463,6693100,18.577346661897074
1134463,8761240,17.94971874617451
1134463,1586421,17.85801092243662
1134463,2156809,17.506140499742195
1134463,2156808,17.506140499742195
1134463,8577980,17.363113201921614
1134463,6012708,17.222404065292146
1134463,8030653,17.207341636806003
1134463,3263233,17.08395718438581
1134463,5739152,16.733143027252595
1134463,2991557,16.297868643918125
1134463,4812617,15.812802916988478
1134463,4289941,15.580938873715384
1134463,1040030,15.580938873715384
1134463,1928289,15.068159872092076
1134463,6256172,14.71771221376694
1134463,2165757,14.629145623205435
1134463,4725423,14.617724674916921
1134463,2312430,14.613956815520629
1134463,1852164,14.535560473403894
1134463,3117437,14.529689045236905
1134463,8761242,14.41816013800449
1134463,5803816,14.403987663335219
1134463,8833320,14.349791683081012
1134463,4725426,14.307049562664929
1134463,4005526,14.302642129757409
1134463,4554574,14.293513935577112
1134463,798185,14.225142326091616
1134463,4900376,14.15743834440557
1134463,5309070,14.0439381294875
1134463,3235175,13.99852615996895
1134463,5848349,13.982028178165148
1134463,6237348,13.979902006355335
1134463,6032295,13.9797280241697
1134463,2165756,13.9797280241697
1134463,1322777,13.961890001531073
1134463,2826569,13.957033215086454
1134463,5315101,13.91300511299129
1134463,8602280,13.847696656638366
1134463,8710114,13.839568039568709
1134463,1605964,13.806763185848933
1134463,5848347,13.802296152604281
1134463,8487025,13.795601019839703
1134463,4077211,13.795601019839703
1134463,1921396,13.77333428700055
1134463,8188498,13.768203791912995
1134463,7508395,13.759120322986002
1134463,4448468,13.75102447245451
1134463,6074487,13.714560740831557
1134463,3164811,13.714560740831557
1134463,5208712,13.702689757956616
1134463,264871,13.685560867425432
1134463,6391652,13.643278345906932
1134463,395176,13.625402197095504
1134463,6351940,13.617172302927639
1134463,4814900,13.617172302927639
1134463,1784322,13.616096187918542
1134463,3584105,13.616096187918542
1134463,1916488,13.616096187918542
1134463,2165755,13.614736331387318
1134463,1322772,13.610110997256054
1134463,2964555,13.607069322939319
1134463,1889698,13.590811924480343
1134463,1895549,13.580241331889155
1134463,5683796,13.56981453206793
1134463,1080140,13.560886171270234
1134463,5268880,13.560886171270234
1134463,3535778,13.54419053193916
1134463,1938173,13.544180687144863
1134463,7504845,13.519280155774418
1134463,1605966,13.473040343912043
1134463,6237346,13.473040343912043
1134463,1889696,13.470321993497608
1134463,4005521,13.450097122093208
747511,8429262,17.499398800118882
747511,8429265,12.121388433992852
747511,8429261,11.162396571850154
747511,7173480,10.576651315295914
747511,8429264,10.49795435235515
747511,2703318,8.97776663684396
502261,8420334,45.84556559052395
502261,8420330,43.642505377590595
502261,8420332,42.85236396309623
502261,8420329,41.02428190031891
502261,8420326,40.83633790180541
502261,1363478,37.71963383541
502261,1587591,37.29063695410526
502261,1125600,37.00632483527781
502261,6802345,36.34701407832645
502261,5851451,36.21283634259632
502261,1632041,36.21283634259632
502261,8123190,36.04321623266615
502261,1018251,36.04321623266615
502261,2169820,36.04321623266615
502261,6216989,35.971838392031884
502261,7991867,35.971838392031884
502261,8420331,35.793068812351585
502261,1593808,35.67014047453249
502261,8367190,35.67014047453249
502261,2989576,35.55510243075298
502261,2987380,35.5306892543455
502261,7641069,35.32965258582006
502261,7997694,35.32965258582006
502261,8813395,35.16798368109475
502261,1221622,35.16798368109475
502261,641910,35.13490838495422
502261,7283070,35.001372892569265
502261,155862,35.001372892569265
502261,1018252,35.001372892569265
502261,1117586,35.001372892569265
502261,7837524,35.001372892569265
502261,7642954,34.99701796192675
502261,6157443,34.917225266690004
502261,1011493,34.917225266690004
502261,3481139,34.896260382143836
502261,3974229,34.88556503344481
502261,7365747,34.7225254485805
502261,2319812,34.67699398671082
502261,6775440,34.65538819237797
502261,8367191,34.65538819237797
502261,3100047,34.59937249772068
502261,2689348,34.59937249772068
502261,3714294,34.59937249772068
502261,2918737,34.59937249772068
502261,5273555,34.59937249772068
502261,361075,34.59937249772068
502261,3740846,34.59937249772068
502261,6551628,34.569539213713625
502261,5521108,34.54224950221634
502261,7991864,34.49040244670316
502261,6216986,34.49040244670316
502261,1124803,34.49040244670316
502261,7116761,34.453909377917554
502261,8637128,34.43158500731531
502261,155853,34.379604218815714
502261,641915,34.33648580194095
502261,8114284,34.20654790833814
502261,7186809,34.20654790833814
502261,2233689,34.18642260377116
502261,4819259,34.12939136252617
502261,6775437,34.050640033900066
502261,8367184,34.050640033900066
502261,6157445,34.050640033900066
502261,7642961,34.050640033900066
502261,7365741,34.0017322440126
502261,155859,34.0017322440126
502261,6078700,33.96272284033147
502261,1199816,33.92078611364649
502261,1639380,33.89845704252864
502261,3481136,33.89845704252864
502261,855268,33.89845704252864
502261,8661006,33.89845704252864
502261,6683758,33.89845704252864
502261,3740844,33.89845704252864
502261,4769235,33.85447415609624
502261,5521109,33.851008241325495
502261,6043242,33.851008241325495
502261,7991871,33.851008241325495
502261,1018253,33.81883880348924
502261,7853394,33.80996612505469
502261,6914726,33.793678096313165
502261,8001867,33.73776788072419
502261,7991866,33.69120557473512
502261,7283069,33.676310002917404
502261,155858,33.676310002917404
502261,1117585,33.676310002917404
502261,5678317,33.676310002917404
502261,7954249,33.676310002917404
502261,622071,33.6527974701563
502261,6532582,33.64153793739911
502261,2319816,33.64153793739911
502261,5722026,33.64153793739911
502261,8813401,33.63917720587626
502261,6157449,33.6073166748233
502261,1221614,33.59365879007059
502261,4365713,33.59365879007059
502261,8591211,33.55834561759597
502261,8123189,33.54240074855137
502261,1018259,33.52228126034178
502261,1593806,33.51615151605406
183378,2533260,14.174418166325422
183378,8079970,13.855276126846842
183378,8079968,13.592983325898055
183378,324175,13.53360123199051
183378,424997,13.48093160725789
183378,7878227,13.049454088243138
183378,7952865,13.027144328697657
183378,711450,12.893236016624833
183378,1603314,12.869347066202446
183378,2805325,12.854037194482132
183378,2095187,12.7870311420231
183378,5286899,12.69760507542816
183378,6960777,12.696396739975928
183378,5728400,12.696396739975928
183378,324177,12.541140382781672
183378,2796241,12.444765092330005
183378,665785,12.381027999061793
183378,2095179,12.342578362233844
183378,324178,12.331548654668735
183378,952906,12.3252043530597
183378,7135097,12.215124919595734
183378,7315393,12.161367138114919
183378,145653,12.161367138114919
183378,3576220,12.023166918921332
183378,3576225,12.023166918921332
183378,5657854,12.016593567436363
183378,4638380,11.997137752429557
183378,2978908,11.947737292008329
183378,1603312,11.898091899806701
183378,4803856,11.840449566259084
183378,2655895,11.820227538554715
183378,2978914,11.820227538554715
183378,6569755,11.806717500153393
183378,3093215,11.79678312927169
183378,5534703,11.768262340237348
183378,5534711,11.768262340237348
183378,295459,11.70691388993408
183378,2978915,11.696322143233093
183378,7132812,11.622247557605053
183378,4810797,11.589408046158985
183378,4493916,11.570491347205095
183378,6295431,11.562031911654426
183378,772180,11.551937590298003
183378,4727412,11.55172061888409
183378,4493915,11.54582181631863
183378,4493920,11.518997070487542
183378,8756893,11.517951151097073
183378,2863617,11.502437012194338
183378,5652928,11.476048787605746
183378,5887828,11.430414944737446
183378,3773460,11.414912233702436
183378,1261035,11.385071449880403
183378,4727418,11.338026878748833
183378,5652927,11.327356310926321
183378,2863620,11.270076784168012
183378,2863619,11.270076784168012
183378,4803850,11.267886631559016
183378,400861,11.24992627564027
183378,6876205,11.225631927767045
183378,3924767,11.225631927767045
183378,5843332,11.21344619985797
183378,5105265,11.210693278269495
183378,1603316,11.210693278269495
183378,229739,11.190528042958853
183378,4620359,11.182633652990102
183378,7449751,11.181508251186354
183378,4493921,11.167907252763873
183378,8570256,11.159762524392004
183378,8577215,11.154813414274969
183378,5331361,11.141695444300183
183378,2095186,11.139395207911996
183378,5508903,11.113819724395217
183378,1111809,11.111709460558886
183378,5745912,11.111709460558886
183378,4652794,11.111709460558886
183378,7677975,11.087873653254329
183378,7504966,11.0548052998859
183378,8764470,11.0548052998859
183378,1036816,11.041717049679301
183378,4296968,11.041717049679301
183378,804584,11.041717049679301
183378,8198010,11.041717049679301
183378,719552,11.020158405991735
183378,129221,11.00421295086776
183378,8458194,10.972637388584047
183378,892679,10.971546082855259
183378,3389580,10.961938938586618
183378,2796242,10.896746993214194
183378,2866200,10.896746993214194
183378,1830741,10.896746993214194
183378,8209853,10.889585300596709
183378,2863612,10.8852644674873
183378,7449750,10.876506916590527
183378,5391353,10.876506916590527
183378,1603317,10.86342368277706
183378,7317657,10.837142847967232
183378,2845571,10.808891758716774
183378,7290410,10.791359737105102
183378,4620361,10.791359737105102
183378,3607830,10.780121367874525
654723,6049653,16.560991487308964
654723,6695217,16.41417040264322
654723,8728630,16.23816238379502
654723,1057423,16.097930682871546
654723,7146572,15.987495194785065
654723,7780411,15.705230934770238
654723,1073430,15.458235115304287
654723,6061912,15.270825291865904
654723,5106705,14.869376011046041
654723,8668528,14.645992672350953
654723,3022503,14.463783777897756
654723,6143594,14.106059586947032
654723,1057431,14.016854131385365
654723,7518498,13.56716621329039
654723,631817,13.308079132727089
654723,1107989,13.270132877650346
654723,5577791,13.173482826979852
654723,7491074,12.90790121579829
654723,5158929,12.813459906435451
654723,7463821,12.75666214655245
654723,4916217,12.706839176898063
654723,5396064,12.63903899153044
654723,1057426,12.625796435400442
654723,3494940,12.608638911613149
654723,708294,12.399500091319537
654723,5158927,12.308834751902225
654723,8545844,12.240518365011091
654723,7178417,12.141456333760456
654723,2124250,12.080123206482808
654723,5577795,12.046926460580934
654723,412172,11.990515485016113
654723,6087307,11.961554707283586
654723,7055345,11.821869089865999
654723,8764415,11.720095595532616
654723,158712,11.637613746223845
654723,8174633,11.61311477549422
654723,7780406,11.596929501032974
654723,2060442,11.538129966626787
654723,3532738,11.500909936613425
654723,1100694,11.4376210461066
654723,2379823,11.380200076195836
654723,3786677,11.316403804648502
654723,7780408,11.297986361053074
654723,2124247,11.220684784841877
654723,5709267,11.185567238386247
654723,8036318,11.123656080128432
654723,8159506,11.102340565409204
654723,6286894,10.975755178127555
654723,7751376,10.858581313788365
654723,2124251,10.845862114681852
654723,1037589,10.723161475129281
654723,7751372,10.714511020634552
654723,8545840,10.714511020634552
654723,8545841,10.687682147570738
654723,7126770,10.643264690904267
654723,3498746,10.61742319710886
654723,8159500,10.587481651819376
654723,8369843,10.582638989539078
654723,8181166,10.513553015626465
654723,276929,10.513553015626465
654723,8476202,10.4929844670029
654723,7751371,10.47964055417696
654723,2076235,10.46566436867709
654723,8476203,10.442104440780525
654723,4365222,10.437543001233387
654723,6510448,10.433246033652981
654723,5570810,10.433246033652981
654723,7751375,10.412081595004413
654723,7751370,10.412081595004413
654723,7780412,10.412081595004413
654723,1403921,10.410631721353
654723,6672077,10.39254299005116
654723,2076231,10.379757581660929
654723,4839611,10.339837966336052
654723,2134690,10.330724120072839
654723,1929041,10.30584869082969
654723,7126771,10.281899797632342
654723,8669851,10.279543601379952
654723,2402224,10.278130401904495
654723,8545842,10.246934652170141
654723,8728627,10.243993848868767
654723,8256296,10.238447253856908
654723,1854323,10.230079947155861
654723,3194744,10.15263474558483
654723,2583373,10.139631886766225
654723,2098993,10.118541786498952
654723,7136228,10.100462248402094
654723,7751367,10.08694473371706
654723,5396063,10.068248738920733
654723,5396061,10.060904414952496
654723,7005059,10.048373840895168
654723,3073527,10.024338960293347
654723,5353140,9.98753524916902
654723,5630102,9.976220616432592
654723,7780407,9.948906163134225
654723,8369841,9.94426756797995
654723,8066791,9.931873996494305
654723,7075166,9.906522624454075
654723,6286897,9.901430247103162
654723,5660222,9.90011909262545
1117387,5744592,23.368457168799868
1117387,8091236,21.64434602738209
1117387,8601196,20.570769533789367
1117387,1410151,20.102090825780085
1117387,7170936,19.658797870605067
1117387,7170935,19.048122079783088
1117387,5897422,19.013251435804513
1117387,7170931,18.94389176846723
1117387,43791,18.852572750331486
1117387,8601194,18.781968861014697
1117387,8091238,18.68525142101686
1117387,3033235,18.6607589666561
1117387,7170937,18.630881316761926
1117387,261158,18.48220515771181
1117387,261156,18.408753378948653
1117387,5897420,18.380120457716806
1117387,7170932,18.335883111669773
1117387,261161,18.335883111669773
1117387,8494302,18.152363959759978
1117387,261154,18.12069313253361
1117387,7170933,17.980017440167494
1117387,511889,17.980017440167494
1117387,372097,17.848935119928345
1117387,261159,17.8044726360869
1117387,7170934,17.77305214384785
1117387,2958809,17.746329267011845
1117387,3784542,17.66653966310647
1117387,261160,17.637702172923575
1117387,3784541,17.561724098526494
1117387,5744595,17.459510026680604
1117387,192350,17.4455931160035
1117387,3784538,17.430818240387964
1117387,3784537,17.28853886359652
1117387,1472111,17.06007735600715
1117387,7170938,16.966346037394555
1117387,8601198,16.7819396830105
1117387,8091233,16.719436677870583
1117387,1132240,16.691231608205676
1117387,8091230,16.691231608205676
1117387,8091232,16.623974698814425
1117387,3779722,16.51272571582908
1117387,5897423,16.42489693979108
1117387,3784539,16.355993295197063
1117387,3784540,16.28522645088778
1117387,6541348,16.166928348730085
1117387,261162,16.166928348730085
1117387,4247531,15.999404463400474
1117387,6541354,15.91693773889191
1117387,2934326,15.840696593201052
1117387,3384901,15.675156585062016
1117387,3139133,15.595400374369172
1117387,8601195,15.533898102163882
1117387,3784536,15.483707471660814
1117387,2440155,15.264042689594936
1117387,2656103,15.227501112919015
1117387,5744601,15.225509244705115
1117387,3784535,15.12307214507095
1117387,8601192,15.078790978257224
1117387,8601191,15.078790978257224
1117387,6349706,14.989784413057485
1117387,2939570,14.917373643196635
1117387,2934329,14.818929699436534
1117387,3384902,14.664706139270063
1117387,3599755,14.580446757473053
1117387,7005718,14.511904208575654
1117387,5899668,14.511904208575654
1117387,8403689,14.511904208575654
1117387,8268650,14.484242832885547
1117387,6541351,14.484242832885547
1117387,857255,14.35025969546814
1117387,2440160,14.32369309849016
1117387,4050113,14.31308904933813
1117387,2633223,14.244149977508556
1117387,5147448,14.244149977508556
1117387,5147451,14.244149977508556
1117387,261157,14.203403754621348
1117387,296121,14.033843491711316
1117387,1694701,14.01159765991964
1117387,4476816,13.986097232919928
1117387,4732741,13.860545625912481
1117387,43785,13.860545625912481
1117387,3784543,13.847118852262025
1117387,6830198,13.785304234895477
1117387,4381450,13.73722808895609
1117387,4732742,13.73722808895609
1117387,5505285,13.674360676197498
1117387,4732740,13.616085518208088
1117387,4176327,13.506981594386392
1117387,4732743,13.497060876444351
1117387,8091229,13.497060876444351
1117387,2165391,13.497060876444351
1117387,63156,13.38009910351559
1117387,2656101,13.38009910351559
1117387,6068839,13.38009910351559
1117387,1074740,13.309970280544361
1117387,6830199,13.309970280544361
1117387,3457516,13.265147031419414
1117387,7623890,13.265147031419414
1117387,614476,13.265147031419414
1117387,7098890,13.265147031419414
479871,8811622,10.389435054863288
479871,5757748,10.13665475003089
479871,5176626,10.131191549924134
479871,1161476,10.056675376366337
479871,6669635,10.02249653660056
479871,1484949,9.923018182098312
479871,2273049,9.888073237398695
479871,3836968,9.822204760194438
479871,8613731,9.739012233752014
479871,5447206,9.735119678036511
479871,8016251,9.685686650390897
479871,8811619,9.669588412704657
479871,5615234,9.669588412704657
479871,4423307,9.664342631763365
479871,1116535,9.648497111667002
479871,5638923,9.629761487438712
479871,5904069,9.629761487438712
479871,1018393,9.625687290576458
479871,8206417,9.590261293272619
479871,3432150,9.590261293272619
479871,6263495,9.573276875120975
479871,8713765,9.567278624887637
479871,2957772,9.536340276129417
479871,2142098,9.536340276129417
479871,3432147,9.507808275100933
479871,4852085,9.507808275100933
479871,4704488,9.507808275100933
479871,3619246,9.50560137721204
479871,3541464,9.475060005646402
479871,6100476,9.475060005646402
479871,8713766,9.475060005646402
479871,3818256,9.4671111624343
479871,3708118,9.455519105459615
479871,6764071,9.439107723195884
479871,3169928,9.431326918382684
479871,7175193,9.426760963742606
479871,6414196,9.426760963742606
479871,1013917,9.414562277363764
479871,4073543,9.414562277363764
479871,44612,9.414562277363764
479871,1567396,9.412482869292885
479871,7869129,9.386753262058813
479871,4712479,9.382452118082757
479871,6595041,9.372286540501408
479871,835868,9.360799548111881
479871,6715105,9.354832196916625
479871,1567392,9.331839215287552
479871,7381820,9.325250473170879
479871,3042298,9.30774805360833
479871,7687352,9.30774805360833
479871,19408,9.30774805360833
479871,2807294,9.295855245542453
479871,2796241,9.282704891814301
479871,643650,9.272939577518418
479871,5447207,9.271818601214363
479871,4691773,9.271818601214363
479871,8571440,9.2687420799953
479871,3132536,9.266644755943657
479871,4972818,9.266644755943657
479871,7976208,9.265386817048512
479871,5447205,9.258331248425899
479871,835872,9.241442788101644
479871,3306735,9.237617268315429
479871,7912385,9.230061666672627
479871,5940112,9.230061666672627
479871,2273050,9.214987481948429
479871,3421953,9.214987481948429
479871,3012454,9.214987481948429
479871,7687359,9.214987481948429
479871,3894494,9.209099872341024
479871,1240851,9.208771068283392
479871,2668871,9.191702754684162
479871,8571444,9.191702754684162
479871,3552037,9.191702754684162
479871,68028,9.191702754684162
479871,1484943,9.187578464126089
479871,1567399,9.18128436824901
479871,2412529,9.180104462820335
479871,3541465,9.157755241564548
479871,7687354,9.153661352268433
479871,4397502,9.153661352268433
479871,68021,9.153661352268433
479871,3550883,9.153661352268433
479871,1904987,9.153661352268433
479871,6690203,9.151615779914984
479871,4655984,9.130685129041709
479871,7053827,9.123303368246908
479871,5615233,9.123303368246908
479871,2957777,9.1159335334739
479871,2817597,9.111876942526152
479871,2561766,9.101229526573173
479871,3982368,9.101229526573173
479871,6356340,9.091234949617254
479871,5447202,9.089788383413918
479871,1296972,9.082750193910863
479871,1450657,9.07851543680831
479871,643649,9.07851543680831
479871,2717503,9.07851543680831
479871,440434,9.07851543680831
479871,7968690,9.07851543680831
541571,4196991,13.815642812202752
541571,3566492,12.19496656727317
541571,6766868,11.956218306407132
541571,2430788,11.859410684043167
541571,1867074,11.7980760064621
541571,1867075,11.793277303845693
541571,138818,11.723808786427814
541571,6766870,11.503525390852873
541571,3618575,11.425989400991638
541571,4196983,11.380760107924567
541571,3813287,11.350363484333432
541571,201819,11.34071736995655
541571,479565,11.33588747948153
541571,5333112,11.305824211234576
541571,8379619,11.225834437549981
541571,6876312,11.203367886836752
541571,1867076,11.145140512691027
541571,2430783,11.060778028850958
541571,2430791,10.932468637033935
541571,583078,10.889692832441808
541571,1867077,10.883014049834209
541571,3566494,10.873572808813178
541571,7473130,10.788163833440613
541571,5831071,10.776568598055205
541571,6806409,10.7159846829942
541571,2430786,10.623791243855752
541571,2611484,10.502902308043668
541571,1572005,10.473170938393421
541571,4920979,10.473170938393421
541571,8207400,10.473170938393421
541571,6140983,10.469051606716443
541571,4196992,10.459536504974032
541571,3050891,10.454831718458369
541571,6140984,10.36741792549921
541571,6384176,10.359953850158352
541571,4803264,10.35688932854156
541571,6140331,10.257756463312258
541571,2430787,10.23002501133813
541571,6176821,10.23002501133813
541571,8154220,10.222175823839287
541571,1867072,10.219509300314758
541571,8740886,10.140707663673348
541571,6176823,10.116992572692926
541571,1572011,10.087338447017562
541571,3316468,10.06140788603273
541571,2430790,10.045889858306099
541571,4491068,10.045889858306099
541571,4561,10.045889858306099
541571,6242581,10.042822743920597
541571,647138,10.040320540561453
541571,43989,10.039050560975316
541571,4965033,10.034528039819444
541571,8082472,10.011014734663512
541571,5731483,9.954439393868524
541571,1029607,9.930548911043783
541571,1762896,9.901787480970176
541571,8379620,9.90136615865369
541571,3813284,9.845045652370764
541571,7136427,9.839602818060408
541571,8469497,9.839602818060408
541571,4541823,9.802811170035403
541571,4196988,9.792401284929335
541571,3314259,9.791720185247504
541571,4196987,9.778558799409817
541571,4541825,9.752094260485077
541571,5279727,9.728924072297454
541571,3050897,9.728924072297454
541571,8085469,9.72455060843566
541571,2976813,9.71891070400885
541571,2910656,9.692375347697812
541571,4913490,9.692375347697812
541571,6030773,9.68461217749703
541571,8669639,9.68097642032253
541571,2959730,9.642098437851725
541571,8416860,9.64161730116813
541571,6140980,9.602095454053451
541571,3849731,9.59711449494296
541571,4541822,9.587336013442425
541571,5898261,9.583299211688974
541571,1688499,9.578755033602329
541571,3740113,9.551918747767315
541571,3518859,9.503707946921494
541571,2106258,9.503707946921494
541571,1688496,9.502625421897443
541571,43988,9.474853098890884
541571,8085466,9.472009111432786
541571,3494698,9.464901633081137
541571,2567728,9.451442079655791
541571,4750919,9.448567135458562
541571,8046940,9.442440519488787
541571,425722,9.442440519488787
541571,5731487,9.442440519488787
541571,5827769,9.442440519488787
541571,7242230,9.441125667545943
541571,43981,9.411140884502679
541571,7041811,9.411140884502679
541571,425726,9.410902653606191
541571,3261678,9.390683226324969
541571,5687719,9.390683226324969
541571,954346,9.368659584250462
1106007,1334335,15.562193343456045
1106007,5836920,14.179117991636938
1106007,7726655,13.11199695909017
1106007,2143418,12.950158139968698
1106007,3537614,12.638604435876488
1106007,6942456,12.372450777279731
1106007,2384069,11.318757420263013
1106007,7022723,10.795718535013062
1106007,7456197,10.715391573658087
1106007,3672136,10.276148932577485
1106007,5279699,10.130160407633541
1106007,8204463,9.979211611249372
1106007,7615110,9.815266238862925
1106007,2513608,9.793874883456802
1106007,6147546,9.778606289135144
1106007,4089153,9.763796556293268
1106007,2511437,9.734644404915217
1106007,1334328,9.708685916140839
1106007,4173709,9.708685916140839
1106007,1334336,9.697300056366297
1106007,8204457,9.683193772304756
1106007,8348781,9.633968037900534
1106007,5490903,9.605669783754031
1106007,7685383,9.479198978153097
1106007,7549317,9.472149019139039
1106007,7628460,9.45440548296631
1106007,2165342,9.406502352010804
1106007,6699898,9.4060010082968
1106007,5490907,9.401771793183443
1106007,8204464,9.27069268681178
1106007,4004166,9.200060880202606
1106007,7685380,9.19571794877989
1106007,2777112,9.18411459045621
1106007,6650998,9.175255316556733
1106007,5364287,9.157659928810434
1106007,8199521,9.127288683568281
1106007,4000699,9.127288683568281
1106007,3261871,9.119915629444314
1106007,8141088,9.119915629444314
1106007,5315018,9.11700764036585
1106007,2464377,9.10916244114818
1106007,7685384,9.104561690587198
1106007,7658752,9.087525363004842
1106007,1455281,9.060336181883375
1106007,125200,9.058233148648595
1106007,1785018,9.05508042869932
1106007,1835667,9.045352802975168
1106007,6126197,8.96232182361319
1106007,3350802,8.960953335231881
1106007,2452291,8.944978458743732
1106007,926884,8.935766914537842
1106007,4001949,8.935766914537842
1106007,7638720,8.932649714495502
1106007,1335682,8.907175905159386
1106007,3390428,8.899825978602872
1106007,2704004,8.899825978602872
1106007,3427763,8.899825978602872
1106007,1722475,8.892444919830593
1106007,6699897,8.891800539312726
1106007,5594854,8.886370215148059
1106007,2041222,8.869691523209314
1106007,2960561,8.853390772809975
1106007,5952125,8.853390772809975
1106007,1335681,8.83252131280854
1106007,1096440,8.830522696467064
1106007,29022,8.830522696467064
1106007,5594852,8.829323960758842
1106007,2344062,8.829323960758842
1106007,3174638,8.828804542728946
1106007,8199524,8.828804542728946
1106007,8204461,8.82690240139949
1106007,8425825,8.79566134064488
1106007,6350385,8.79566134064488
1106007,2503631,8.793717203719234
1106007,1193879,8.775372755374908
1106007,1646610,8.758907648187751
1106007,148720,8.758907648187751
1106007,3530021,8.758907648187751
1106007,2186171,8.758907648187751
1106007,2623990,8.748379830733745
1106007,5974974,8.748379830733745
1106007,5971071,8.748379830733745
1106007,6492973,8.748379830733745
1106007,61159,8.748055304793906
1106007,8264635,8.726757919305918
1106007,5098774,8.726757919305918
1106007,8199520,8.72437259035885
1106007,7685385,8.72437259035885
1106007,2960563,8.72437259035885
1106007,8799163,8.72437259035885
1106007,4382102,8.72437259035885
1106007,899467,8.72437259035885
1106007,6753191,8.722856703353617
1106007,8344743,8.722856703353617
1106007,3913521,8.722856703353617
1106007,2838747,8.720907403086894
1106007,7170194,8.693927476650599
1106007,6811244,8.690108796074643
1106007,4173710,8.690108796074643
1106007,4173712,8.690108796074643
60235,4289596,25.122353891805787
60235,4292611,24.859764890146167
60235,7647373,23.9967517927658
60235,6373390,23.909863099759544
60235,8310903,23.543277985777408
60235,2033966,23.525711551170737
60235,4289600,23.48311069986464
60235,1803403,23.04522550439122
60235,4291626,23.038870718176483
60235,1527093,22.422810651055492
60235,4289597,22.399652828081905
60235,8036857,22.36725092368964
60235,1787100,21.984680874090557
60235,7301139,21.95636680392341
60235,1787104,21.875616142197444
60235,1419394,21.661837793524306
60235,3620540,21.59874412988885
60235,6447025,21.585641742245656
60235,5900792,21.53848640610866
60235,6027186,21.416705298374644
60235,1312851,21.379649927356105
60235,6570995,21.355141514135546
60235,6014619,21.35104378167936
60235,5857161,21.290882762762386
60235,5857163,21.17972833429725
60235,5857162,21.132442659695194
60235,8612380,21.105337253044056
60235,1771395,20.969377626850832
60235,7389159,20.887526058731886
60235,1793872,20.884211938556636
60235,8314561,20.812772960337096
60235,196163,20.72821158402328
60235,8310902,20.635358818428564
60235,8310900,20.614309965179693
60235,5581203,20.60485126862444
60235,1787106,20.51506425755367
60235,485093,20.48708022645593
60235,3231721,20.457063400647638
60235,8035016,20.372687405924907
60235,2433126,20.276888146722627
60235,1787102,20.14615991842576
60235,3231717,20.03557762063233
60235,485095,20.03133954866062
60235,2336371,20.018212072915702
60235,6597503,19.94809014756339
60235,6570997,19.88224303901262
60235,3231720,19.731068040086882
60235,4699393,19.668563606010743
60235,5893464,19.549704736183553
60235,4634343,19.506457605719127
60235,3214999,19.264300794453362
60235,5841942,19.170744012173188
60235,5620015,19.10562987156692
60235,1535211,19.061445863187323
60235,5893459,19.0579515487395
60235,4552456,19.02415768180502
60235,5468194,18.95362161775576
60235,1319496,18.931518879177375
60235,2528926,18.84723920310407
60235,6179825,18.84723920310407
60235,5464235,18.807895200403017
60235,4007851,18.706853945089414
60235,8314563,18.544062343899984
60235,3231713,18.543570007341394
60235,3165518,18.52710883326302
60235,4571528,18.483793432139016
60235,8038227,18.35981281580994
60235,1787103,18.292112597254533
60235,1928431,18.278152437484444
60235,485094,18.237037728979512
60235,6821165,18.150632577301682
60235,8035020,18.10501116948161
60235,5857159,18.065755292096966
60235,4626844,18.04541043053827
60235,3620537,17.958166431308577
60235,8310901,17.914620081081857
60235,3620536,17.910181435834318
60235,4615148,17.89500190158651
60235,4608342,17.744729148784387
60235,4778407,17.73525158017646
60235,5656415,17.68671133664224
60235,5523642,17.68467832964078
60235,228141,17.663661151643904
60235,6107034,17.5101483775878
60235,8035018,17.473536657682594
60235,1892419,17.471110034140022
60235,5523640,17.4641286816774
60235,4556913,17.459941190057137
60235,8038226,17.33511575496262
60235,830482,17.319920107792477
60235,4016022,17.309784094767185
60235,4552451,17.245798627072936
60235,5630536,17.12708934350614
60235,5581206,17.061836852512535
60235,6658081,17.01085503692303
60235,1527096,17.004776288515632
60235,4336402,16.98193449532946
60235,2528919,16.973991478204745
60235,6979205,16.97382843212574
60235,4634346,16.922380408211396
180442,2784247,18.218756266487304
180442,5139591,16.38929604417148
180442,2784246,15.802724703344435
180442,5139590,15.736317819264894
180442,5139589,15.669127729787139
180442,2784241,15.1650003823611
180442,3428116,14.686681058935871
180442,7189024,14.686681058935871
180442,1632459,14.517878748829812
180442,7125368,14.517878748829812
180442,257376,14.352912627582679
180442,8067539,14.256383033807127
180442,7747663,14.175380356820082
180442,747209,14.14538830663572
180442,7327666,14.017434143030869
180442,6615748,13.956446168761918
180442,5098627,13.956446168761918
180442,8007382,13.94427297876278
180442,94167,13.870237086070802
180442,5584877,13.817325391830884
180442,8711066,13.77036735437586
180442,1776679,13.752266839932382
180442,8164353,13.728969794455907
180442,5139592,13.413431178858477
180442,94164,13.388845622095916
180442,7088678,13.31593449941341
180442,2784245,13.309850227810255
180442,4390640,13.304824886678352
180442,1097985,13.24075725745287
180442,8164360,13.207932421668566
180442,5139595,13.0633269182995
180442,1097978,13.021270659488497
180442,13399,12.976005459538282
180442,7327659,12.806896837908576
180442,3874851,12.457258846624386
180442,7097333,12.402592677891521
180442,1087900,12.270863376399033
180442,97903,12.21629953476663
180442,7327661,12.192800531496259
180442,3316088,12.120407153153625
180442,4333557,12.099282030835058
180442,5902308,12.097169912236538
180442,8084904,12.018662852277023
180442,5043508,12.003197383684366
180442,6686708,11.984485031927951
180442,97896,11.984485031927951
180442,97902,11.984485031927951
180442,5671617,11.91806624953288
180442,8084903,11.861699821893112
180442,1204387,11.837358078893907
180442,7122834,11.787203325587804
180442,8734907,11.659227285338673
180442,2669978,11.63540465103351
180442,2214217,11.581932102870653
180442,7126466,11.581932102870653
180442,1106280,11.53780801738715
180442,3847920,11.500860905979682
180442,5043509,11.488234738619973
180442,2342577,11.465367045335586
180442,246649,11.450327035173537
180442,8466413,11.29947482527544
180442,7923186,11.279644366334358
180442,2900076,11.23819197967891
180442,411856,11.184808745062975
180442,2501828,11.142094844718883
180442,147379,11.131279127174718
180442,2785377,11.070889515374246
180442,5043516,11.067721907672816
180442,7258808,11.041626578103966
180442,3412959,11.015562395703096
180442,6096683,10.95934281898703
180442,8066334,10.945314509353787
180442,321845,10.944251984578097
180442,1077904,10.846687718774657
180442,6290446,10.77036060315332
180442,8648007,10.7461771047886
180442,3569706,10.738181746877267
180442,5139594,10.672339058628992
180442,5139593,10.67204278951393
180442,321849,10.638614322644441
180442,2536375,10.631613995527353
180442,5719393,10.6042547093822
180442,59092,10.6042547093822
180442,59090,10.6042547093822
180442,8279045,10.548398314861817
180442,5719399,10.504588036739971
180442,2634632,10.49618493414866
180442,5719401,10.406777402699118
180442,7549474,10.322373026983026
180442,94163,10.280010207790014
180442,5152900,10.23624934545648
180442,4328242,10.226708845284762
180442,1167685,10.210416895171456
180442,7808941,10.185280980736888
180442,8379292,10.164219597758965
180442,4815086,10.160906934617511
180442,8734912,10.041781878359071
180442,7282887,10.033095565681064
180442,7822473,10.016715095882978
180442,5525024,9.998184734476478
710347,1976092,17.132164639776967
710347,6742354,16.484196502745533
710347,4327099,16.175779527187284
710347,4553943,15.38601846820647
710347,4553948,15.2964007659738
710347,6573124,15.283185881579548
710347,2022387,15.169961749753524
710347,952248,15.017559575391191
710347,7568985,14.608303692586402
710347,224525,14.608303692586402
710347,6264174,14.486477533846422
710347,455362,14.269920352951008
710347,5722267,14.18088388078258
710347,952255,14.040832207620637
710347,7419563,14.028278268741825
710347,1011075,13.990427942074694
710347,6721335,13.972807953111916
710347,6264170,13.915073490535953
710347,1011074,13.866294000017739
710347,1817948,13.784421293782236
710347,4617730,13.751457732918594
710347,6367424,13.72698813748925
710347,8490212,13.683699788775124
710347,8490214,13.586410138452306
710347,5215003,13.57251666728095
710347,2022385,13.553336529969487
710347,1439113,13.515588449055826
710347,5722268,13.429196448712254
710347,6264172,13.382442389631473
710347,8353769,13.255917565011151
710347,4453440,13.253414348268612
710347,5401098,13.199208385280025
710347,4215080,13.159873452468995
710347,2325363,13.159012602114288
710347,6046669,13.118182062818255
710347,1483231,13.108570970211055
710347,952254,12.983862958863742
710347,224523,12.772751666744554
710347,4553944,12.734013915480434
710347,6046672,12.698442302460275
710347,4270203,12.583408821486227
710347,1240993,12.533919799366691
710347,7419568,12.48909054752584
710347,1976089,12.47102256294189
710347,5190968,12.465308442134162
710347,7419567,12.368021412784294
710347,6367426,12.366688309463706
710347,6742355,12.291672064136495
710347,7705548,12.260332317765734
710347,6264169,12.211388863553458
710347,5876546,12.174056562104104
710347,7705546,12.171839722687325
710347,7705545,12.084648483886298
710347,7705543,12.084648483886298
710347,3740486,12.002532795836048
710347,7705547,11.914055667276338
710347,1439120,11.83676924254691
710347,1439117,11.612694899132977
710347,8451312,11.482398191434797
710347,4776382,11.421093316343292
710347,4617725,11.328994818257472
710347,4327102,11.221723288124462
710347,1837260,11.18369483677932
710347,5022296,11.162716648508647
710347,1837259,11.13279892193556
710347,2505776,11.117329882301261
710347,5361733,11.092001784826284
710347,5401094,11.027677387798214
710347,6484516,11.013869400454842
710347,4438502,10.95879647951712
710347,3440208,10.880041880650298
710347,153138,10.860829955503345
710347,898854,10.754465815806517
710347,244450,10.721608128484363
710347,1760178,10.67407775489847
710347,4656404,10.64069033167288
710347,4656405,10.64069033167288
710347,6046667,10.625044705552417
710347,1011077,10.599333278199643
710347,1886547,10.598362814193528
710347,6669229,10.560864077207224
710347,3456232,10.555068821966982
710347,5342053,10.526300304433528
710347,419277,10.50086585140498
710347,419274,10.50086585140498
710347,3456234,10.4865820878687
710347,8825558,10.481736097234586
710347,3123685,10.407910469677933
710347,3990147,10.390836875102906
710347,3456233,10.332562324656255
710347,2372368,10.327468438810564
710347,8074924,10.306295286416763
710347,6181240,10.241557081360545
710347,6501323,10.22703439325424
710347,3440209,10.17399700010269
710347,6996113,10.166481060335368
710347,2383701,10.149332373227614
710347,8426216,10.144305776075097
710347,2372365,10.122628494328994
710347,1640444,10.122628494328994
1124210,2258595,13.475266250565177
1124210,8026740,12.680128057397962
1124210,1689639,12.33670473690099
1124210,2258594,11.923494904644546
1124210,2258598,11.651193754858767
1124210,2258596,11.586109051371265
1124210,8026735,11.251682871006434
1124210,4002456,10.679418124682478
1124210,6636931,10.659775966790388
1124210,2258597,10.526456259652928
1124210,7443586,10.458493395850141
1124210,2728448,10.458493395850141
1124210,2258591,10.234848378386832
1124210,931165,10.201283286916222
1124210,8087702,10.14968118097773
1124210,2258592,9.893339724040997
1124210,8026743,9.814819748622588
1124210,181175,9.621794034256375
1124210,2608221,9.60752859971264
1124210,4535489,9.516373153682833
1124210,7806221,9.481864766827002
1124210,6636936,9.315170063789017
1124210,8026737,9.312699686348935
1124210,522219,9.232521246292151
1124210,6541864,9.182249941497728
1124210,7695217,9.02941778793964
1124210,6720368,9.026101034946759
1124210,2650269,9.021529963245893
1124210,931162,8.928449997662533
1124210,2399822,8.879872244008183
1124210,2494577,8.590153110467917
1124210,131190,8.563007075620694
1124210,3225197,8.561203629056674
1124210,1244877,8.545551982032343
1124210,5941717,8.543637179328142
1124210,6507996,8.389223898918296
1124210,7443588,8.322937313027301
1124210,6541866,8.152752465902143
1124210,2461683,8.13442038428983
1124210,2258593,8.08970250397821
1124210,2433603,8.022541870687165
1124210,6146809,7.995986421707511
1124210,2258599,7.913356029185571
1124210,8492305,7.873794202479306
1124210,7806222,7.807693746280809
1124210,4648414,7.802386313420368
1124210,8355477,7.767648749135842
1124210,2685123,7.627819744097447
1124210,2089544,7.570960183972883
1124210,181177,7.570011547226757
1124210,7203360,7.496045986807097
1124210,5664148,7.466590416296556
1124210,2002799,7.464223196503538
1124210,3466956,7.45597942928999
1124210,6233255,7.418370022285029
1124210,2433604,7.356684104993473
1124210,2433601,7.356684104993473
1124210,4942992,7.350989177035548
1124210,8272825,7.337943251326346
1124210,3315840,7.242950997965203
1124210,2958020,7.23464773689999
1124210,2806527,7.232003738295187
1124210,8650642,7.210563913741688
1124210,8026738,7.168624952541048
1124210,6650246,7.161044044178005
1124210,2508562,7.1349468255244
1124210,1204746,7.1349468255244
1124210,7031378,7.125897326275812
1124210,522220,7.1240298966704625
1124210,2433609,7.119647555773764
1124210,6632968,7.0943282508985455
1124210,4517654,7.092462411927333
1124210,1831149,7.079117100663645
1124210,7443583,7.063742235782085
1124210,1642441,7.054613986175927
1124210,2564132,7.032517518952353
1124210,5676235,7.028978476480551
1124210,1846999,7.011310124205836
1124210,4174699,7.006097124876
1124210,4173625,6.9955193171602765
1124210,1450462,6.98785322368993
1124210,8184987,6.9824829652713385
1124210,2859501,6.9414620714548425
1124210,6219762,6.89151318605115
1124210,7483818,6.880881839724344
1124210,8650639,6.874671092585534
1124210,5354592,6.871246745710124
1124210,3263727,6.8626583923757165
1124210,8355483,6.854379229173832
1124210,44940,6.852930708640069
1124210,3732731,6.8367236675043905
1124210,4706326,6.825252608308946
1124210,2592748,6.825252608308946
1124210,6929928,6.814315846385785
1124210,2494574,6.802018006239875
1124210,6620551,6.802018006239875
1124210,3162331,6.798460328278323
1124210,4529342,6.772037880230857
1124210,6255796,6.770607396292606
1124210,3225189,6.748667972998476
287683,8299551,43.351753710410264
287683,8299547,29.671866101969655
287683,6915201,28.629880915066753
287683,6915198,27.757401436677675
287683,6915200,27.183917321599072
287683,3162044,26.841083119299658
287683,3162040,25.71303876847867
287683,6550734,23.91657150194028
287683,3162039,23.909089415172264
287683,6915202,23.81617941899372
287683,6550731,23.75226128664576
287683,6550728,23.401053908353635
287683,6550727,23.017157061793863
287683,8299548,22.6211921002722
287683,6915199,22.29409668420345
287683,8299549,21.99841478388187
287683,3162041,21.795701832194656
287683,3095446,21.450970384331892
287683,6915204,21.317240901116282
287683,2338521,20.886766502173938
287683,6550730,20.660984273238057
287683,3186446,20.404789765299153
287683,6378119,20.400550498129007
287683,6246638,20.373951990411918
287683,7984227,20.156745737785602
287683,4688614,20.08451152500973
287683,6915205,19.964554194722986
287683,4330419,19.572250905727593
287683,3685475,19.549186099332108
287683,2500104,19.54085719131345
287683,1927534,19.243197113573082
287683,7036002,19.218650035251756
287683,3023962,19.21383565880907
287683,2580971,19.116434359589373
287683,3781322,19.11293162494316
287683,2049561,19.09528433784003
287683,7404419,19.051936527522166
287683,1207649,19.04913180276234
287683,6077384,19.03152811552992
287683,7812647,19.008275071649656
287683,558572,18.967089421417384
287683,7266462,18.960240456775207
287683,1175434,18.84272050569169
287683,3395117,18.744642174633512
287683,3186443,18.729181912180618
287683,8196939,18.653556852651946
287683,7483892,18.63721153006437
287683,5385461,18.57450426484797
287683,8299550,18.534998500128943
287683,3302610,18.30318031201214
287683,4688610,18.262024857899014
287683,558571,18.24638692567956
287683,2339814,18.24376823480527
287683,8206380,18.151986107886238
287683,7475657,18.142597127089577
287683,8036708,18.137242520796914
287683,6915206,18.092036139614578
287683,7496643,17.755990292880917
287683,5431346,17.75323850253711
287683,662955,17.71996315237389
287683,4616568,17.716776388674024
287683,1018580,17.68973273263429
287683,2244231,17.68973273263429
287683,3562790,17.486340949878457
287683,3162046,17.45238616620871
287683,3781321,17.445591910456372
287683,4317495,17.429881096566877
287683,1431871,17.343814857778383
287683,5180212,17.334150178740323
287683,5180210,17.172524881133373
287683,8036713,17.131873842309464
287683,5953684,17.121581354075325
287683,2240057,17.082966600481885
287683,278826,17.039041107208934
287683,6100394,17.00172777735683
287683,5908938,16.958586261899264
287683,2118385,16.95022683511273
287683,3302616,16.941308146831254
287683,3364628,16.924763885793066
287683,995974,16.88250244606271
287683,7918079,16.84720055770618
287683,3593930,16.744173920313894
287683,3676377,16.738422125448437
287683,3587960,16.647558302469204
287683,1201145,16.64405467908882
287683,558580,16.626520850743844
287683,7984230,16.612187670337807
287683,7118864,16.599365819837956
287683,6641599,16.543344320256274
287683,6077387,16.477325618082297
287683,8799898,16.455252482650693
287683,3191198,16.45460728081636
287683,7496640,16.447404539253352
287683,6077383,16.4436607441344
287683,5950132,16.433438918342777
287683,4537853,16.40492067210672
287683,5418967,16.388537109791475
287683,7071443,16.351373001799036
287683,4284703,16.33630221592953
287683,7196707,16.314033405879012
490595,1929910,18.860607121377193
490595,1288938,18.075026160093742
490595,4842897,17.907320393186712
490595,3572695,17.89710976059134
490595,7839904,17.701274270507735
490595,3572702,17.699386117101582
490595,7839906,17.66835143041952
490595,2507917,17.507659702544352
490595,4604269,17.44622159935685
490595,2850740,17.093494692731184
490595,1288946,17.07104068992813
490595,1288943,16.961368587681985
490595,3937200,16.83604510279785
490595,4737060,16.754402222138403
490595,1194055,16.722574865324585
490595,8485139,16.650613939228244
490595,5359212,16.581174396532
490595,805046,16.56208657258804
490595,4737067,16.51341594576459
490595,3572698,16.471989723592742
490595,7839907,16.40471094642856
490595,4842894,16.40471094642856
490595,3937197,16.368024380245284
490595,2788470,16.357964354949434
490595,3572701,16.016828680640575
490595,4763070,15.999263329968006
490595,6412650,15.929438875754169
490595,3403268,15.898374595964013
490595,5112294,15.858176827364446
490595,1894652,15.834036948706176
490595,4737065,15.760773098156317
490595,1929911,15.71267133935326
490595,4737064,15.690053971778362
490595,1288940,15.590877742529369
490595,2031793,15.578663572466455
490595,1620438,15.520683408729354
490595,1894653,15.412942300591162
490595,4842891,15.392424323077936
490595,4737063,15.327088902491642
490595,4737059,15.303553198629329
490595,4737068,15.263879825107391
490595,3937204,15.263879825107391
490595,5247999,15.180681975526117
490595,829387,15.180681975526117
490595,7698193,15.154347883608382
490595,4292443,15.135507183877738
490595,6742119,15.077604100693089
490595,526093,14.992626147031634
490595,5247992,14.978256030669533
490595,8485138,14.945166354561001
490595,549465,14.854201649271978
490595,4842889,14.783876081631337
490595,1894656,14.783876081631337
490595,4737066,14.752691526404053
490595,805051,14.729023148805226
490595,805048,14.68428531170986
490595,7385093,14.606163921632412
490595,549466,14.600257966165273
490595,5359213,14.600257966165273
490595,4842896,14.574446455001086
490595,6976960,14.523188444950753
490595,5633631,14.523188444950753
490595,4842890,14.448126461220879
490595,7598980,14.41613704746476
490595,1473259,14.41613704746476
490595,4420107,14.404685534206344
490595,8544459,14.37307624831094
490595,4763065,14.37307624831094
490595,6206562,14.366340396937574
490595,7340532,14.278813515284178
490595,1194060,14.2741134358088
490595,7839903,14.272718411407922
490595,6742115,14.269710258002624
490595,7698194,14.170679736695078
490595,7839908,14.070154597139908
490595,7839905,14.070154597139908
490595,4133272,14.046852283383847
490595,3833409,14.04562109050428
490595,6845345,14.009284984384216
490595,6976956,14.003614473143994
490595,5633627,13.931002909615318
490595,3403265,13.923058893184606
490595,7072536,13.903293394507314
490595,2197786,13.771558526478287
490595,1530274,13.771558526478287
490595,3845163,13.768284391696822
490595,8709994,13.75538216055714
490595,5128293,13.745134380575806
490595,5488538,13.739253777287262
490595,1288945,13.682511109840043
490595,7839911,13.667543862921349
490595,7072535,13.617811001091594
490595,7704024,13.589053996589044
490595,4737061,13.530254904384565
490595,1391477,13.524146705518188
490595,3833413,13.476109521419879
490595,3403266,13.449438680057787
490595,805049,13.401407106380132
490595,6618152,13.366553381070947
490595,2507922,13.316951769057752
291865,5933264,13.537755069068124
291865,683071,12.768595781292948
291865,3357934,12.648306677706236
291865,1617275,12.44864757733207
291865,351013,12.404826035499589
291865,8719980,12.376192554679434
291865,2105835,12.174051306633448
291865,1667720,12.072576239141862
291865,8260118,11.371304712816176
291865,3308318,11.292472706252905
291865,4946823,11.093956567391661
291865,2796586,10.93254369508887
291865,4573519,10.766108247790333
291865,3755574,10.650016079127953
291865,428725,10.630842716814652
291865,2310985,10.49507513286975
291865,4009366,10.284825720781399
291865,3752797,10.242532444026013
291865,1617274,10.187461124532376
291865,7954934,10.070961710203047
291865,7700622,10.055509761227047
291865,8090177,10.052738973186704
291865,7644029,10.018572698401531
291865,7011930,9.983506628380693
291865,4573518,9.930020829937753
291865,6132808,9.816978136377546
291865,4573516,9.816978136377546
291865,5454157,9.78741225832186
291865,3588265,9.77622057740707
291865,745083,9.721694972218604
291865,3588264,9.691054962813666
291865,4664217,9.688456786618978
291865,5326113,9.591202630985485
291865,4219899,9.586665386705286
291865,3665621,9.585489090554585
291865,2493295,9.564302148474257
291865,3603112,9.49301845805059
291865,1212060,9.45915120212961
291865,3939122,9.457604363305867
291865,8204654,9.441301302026941
291865,5289235,9.360875808267338
291865,8330892,9.345941276015164
291865,7432323,9.319990468209056
291865,4573511,9.287889362602423
291865,6341776,9.249352282047314
291865,7702979,9.219900406940168
291865,3308326,9.16307680219605
291865,2664138,9.135174185106957
291865,3878632,9.060782449524464
291865,5204250,9.030939692314373
291865,4452715,9.004595836396053
291865,249423,9.003195689654714
291865,2316665,8.99761969251161
291865,4401071,8.91672427184761
291865,3308321,8.8942877823958
291865,4452714,8.80277308663901
291865,273841,8.772792326194713
291865,5204248,8.75592950323919
291865,351015,8.734981975244025
291865,6856592,8.706059088316053
291865,5418781,8.657640943111991
291865,4219903,8.645105805505693
291865,6037992,8.639341097856565
291865,3309130,8.620793754235399
291865,4452719,8.596346049868393
291865,2088522,8.55522240639153
291865,483682,8.53114834358235
291865,8679765,8.51841044138669
291865,5182830,8.515245025770652
291865,145055,8.487389553223899
291865,3309129,8.460232969013722
291865,716787,8.452860034972193
291865,2819365,8.436853097396543
291865,4009365,8.423678438571418
291865,4452713,8.409928851605448
291865,636827,8.401705292568257
291865,5015985,8.393353576470552
291865,4009368,8.390428287326234
291865,3286303,8.376827595620794
291865,8260120,8.363220226996493
291865,3947061,8.357418319225633
291865,3452035,8.35392273017139
291865,8688483,8.342374470489831
291865,6909989,8.331870056963027
291865,1503795,8.321690733546475
291865,7665993,8.303865051573913
291865,7867029,8.275321596156509
291865,5348717,8.261716038821199
291865,2105837,8.25521472329063
291865,4401064,8.225513534175917
291865,7205236,8.224316696285928
291865,8688480,8.208723598878391
291865,7700627,8.202196464902274
291865,4606764,8.15419975269842
291865,4702314,8.133005519055166
291865,1055956,8.125540296919421
291865,8204656,8.107220026806877
291865,300997,8.08225249472623
291865,3603115,8.081898045466485
291865,6135196,8.065898514954133
794725,8771934,17.013147096717923
794725,8771939,16.053474948031255
794725,8771940,15.311909657411688
794725,8771942,14.469950859336176
794725,8771941,11.251412887559647
794725,5925952,11.17825000875073
1103812,1659850,20.285614701269147
1103812,8220086,19.794846803959043
1103812,3843267,19.192556759223155
1103812,1659852,18.59404079568332
1103812,6289840,17.278564753779687
1103812,8220089,16.851269504453587
1103812,4401695,16.43138309138547
1103812,4706127,15.906618290136901
1103812,3559148,15.682592379922681
1103812,2283,15.59227996375432
1103812,2332189,15.386407075244465
1103812,2360676,14.619026096211897
1103812,3672744,14.271365909038717
1103812,6533344,14.210410481756352
1103812,8419980,13.788450806402675
1103812,3843263,13.600414769711325
1103812,2810198,13.435185355190601
1103812,4549840,13.363837303650026
1103812,8293805,13.23770123748817
1103812,2945096,13.13939480914578
1103812,1583317,13.039448890106575
1103812,6103245,12.927876225873481
1103812,6127923,12.894513799106438
1103812,4355090,12.81413687550587
1103812,4824831,12.65068999578067
1103812,718957,12.561820374108809
1103812,8220080,12.295598323857128
1103812,3427323,12.152193500314999
1103812,8220081,12.136826168661345
1103812,3591094,12.059172725615763
1103812,59539,12.035911020508246
1103812,7507311,12.033668621653447
1103812,4645341,11.988746253434996
1103812,3682762,11.97599872910333
1103812,1059165,11.935103713105889
1103812,2654471,11.883512140249982
1103812,3787165,11.762553606761688
1103812,5190505,11.758834816521212
1103812,3536554,11.734314103462003
1103812,7076088,11.535047713138553
1103812,2746387,11.419647900195649
1103812,1292707,11.209187104865808
1103812,5634110,11.18572791311553
1103812,3889012,11.166895323354595
1103812,8220087,11.16308678592603
1103812,6759675,11.128630624649617
1103812,3940091,11.103333522645041
1103812,8220085,11.052248787201911
1103812,1481235,11.002305803929806
1103812,4680854,10.918144613923392
1103812,5372067,10.902716028707633
1103812,4803301,10.884968196453887
1103812,4780685,10.873671375617462
1103812,8759610,10.840397726598521
1103812,7114938,10.827328244353785
1103812,6927987,10.79265735812839
1103812,2177872,10.75550266796253
1103812,3191301,10.75550266796253
1103812,3298163,10.725776592447176
1103812,1101246,10.644140426688082
1103812,2177875,10.639508744319619
1103812,4831577,10.631858181826983
1103812,5035852,10.630286414741484
1103812,6766006,10.628294891942815
1103812,3879915,10.606183695205663
1103812,1292712,10.595183942093403
1103812,2752967,10.593685717285423
1103812,2563528,10.591115212397607
1103812,2810815,10.525633070645341
1103812,5971389,10.429047579288156
1103812,4586998,10.415555440711021
1103812,4015690,10.290901778876552
1103812,2859496,10.278341205026553
1103812,1527127,10.253982938476621
1103812,3684048,10.241017400150477
1103812,8138912,10.196178316457985
1103812,8138914,10.196178316457985
1103812,3591098,10.17922236423659
1103812,6052153,10.17663074094682
1103812,2972402,10.17663074094682
1103812,531996,10.166081107296257
1103812,741818,10.101988674680271
1103812,7971193,10.09024724406871
1103812,4271423,10.070970000885719
1103812,5118336,10.068782122564258
1103812,3843270,10.064155052500059
1103812,3486832,9.990865947642117
1103812,2360674,9.98802386131852
1103812,1993364,9.986178806599824
1103812,6129977,9.986178806599824
1103812,3672742,9.981795987526727
1103812,4292848,9.96958957001522
1103812,5130625,9.950946351437533
1103812,7285933,9.931790224831904
1103812,7465725,9.92181518112449
1103812,7722696,9.92181518112449
1103812,579669,9.92181518112449
1103812,4661439,9.907325503885856
1103812,8375352,9.895563508342207
1103812,3937267,9.881406398718834
436600,8473863,21.621599561024524
436600,4541820,21.285274038045465
436600,3813285,21.17894347498845
436600,3050888,20.60064306014401
436600,2498264,20.46156532048486
436600,3943290,20.20567128437886
436600,43980,20.20567128437886
436600,2925061,20.170320369661916
436600,8473865,20.163009773954492
436600,2538721,19.706026610478034
436600,2498263,19.515988393286413
436600,1662519,19.295835440881874
436600,2267986,19.272622771352292
436600,5058933,19.206070165621714
436600,7990247,18.773136557187158
436600,2498267,18.742731926158925
436600,3619643,18.529173452366024
436600,2267981,18.46845421088593
436600,6140978,18.438531447956088
436600,174336,18.408457327672075
436600,3050889,18.256819088722448
436600,174342,18.256819088722448
436600,4450189,18.199846591219227
436600,4675582,18.1350487964141
436600,174334,18.011628923606075
436600,3498519,18.005980501675182
436600,174341,17.893219530467835
436600,7990254,17.847278006918792
436600,174337,17.816532184201595
436600,2366559,17.714750950404643
436600,8473869,17.674451400424672
436600,174338,17.674451400424672
436600,2498269,17.366539225970786
436600,253552,17.33380992030132
436600,4435279,17.241120918053326
436600,3450493,17.17678460536152
436600,4450195,17.03379863703377
436600,2267987,16.979857431329204
436600,253554,16.88007003391109
436600,2895676,16.848475651265034
436600,2216106,16.84413827048405
436600,3450494,16.795309529045912
436600,43988,16.782596894633567
436600,3498524,16.76491191359571
436600,2267989,16.727428724079587
436600,7484819,16.72706672108447
436600,3498516,16.720156420187536
436600,4450190,16.69001161080792
436600,6306245,16.599049394996236
436600,3621571,16.598078003628636
436600,2267985,16.564270674047172
436600,7990249,16.533830701707423
436600,7505882,16.421962750055275
436600,174339,16.337762127938788
436600,3874845,16.30093371304394
436600,7484815,16.242621425923623
436600,7267823,16.201509809329373
436600,43983,16.185853543923546
436600,1751703,16.14949138868822
436600,3050891,16.08333445781468
436600,6176825,16.08333445781468
436600,7267818,16.040309119160558
436600,486133,15.923830824698314
436600,486137,15.89920358914207
436600,43984,15.793188265497363
436600,7484817,15.750523098897762
436600,8205931,15.750523098897762
436600,1230273,15.680501055597066
436600,2705664,15.633756478546346
436600,8473867,15.61488361608303
436600,1230270,15.576291278877061
436600,2267984,15.565121497719957
436600,5058930,15.473517754110205
436600,4756281,15.445338518613267
436600,1230269,15.372149790882695
436600,4541826,15.362093154823983
436600,3498525,15.269815080055512
436600,253556,15.226687724889667
436600,7990248,15.193750762677327
436600,6768410,15.178430449980414
436600,3104994,15.136167183991471
436600,2255510,15.078297925018994
436600,4857615,15.0430989644741
436600,8354199,15.02718268477023
436600,5942360,15.012603953935908
436600,8576242,15.010956751649989
436600,4078685,14.86969665369328
436600,1230271,14.791849259697086
436600,2705662,14.789519153055108
436600,7484814,14.737924133880348
436600,2235564,14.737924133880348
436600,5398125,14.736526381997864
436600,253557,14.736526381997864
436600,661059,14.736526381997864
436600,6711875,14.736526381997864
436600,2705658,14.724624006976324
436600,2267988,14.721990317407657
436600,489735,14.718950558612079
436600,2705665,14.655075351170522
436600,2705663,14.655075351170522
1047259,3430141,26.413335094038633
1047259,73658,25.361548414246542
1047259,2753185,24.674828371770698
1047259,900397,24.50773199944033
1047259,900401,24.260385648652772
1047259,2516631,23.675062514451046
1047259,8272102,22.816643588469567
1047259,3430136,22.660537274092732
1047259,8272104,21.4456824083164
1047259,73659,21.381050586313492
1047259,1960977,21.035000197925978
1047259,73663,20.43312734421822
1047259,6936163,19.986880809371392
1047259,8272097,19.841069673945356
1047259,3430142,19.805473502825073
1047259,8475866,19.538430075676164
1047259,3430144,19.313410917076144
1047259,6936162,19.136442750453618
1047259,73665,18.832099702212723
1047259,3087033,18.80204267482965
1047259,6936158,17.579721347149064
1047259,3534449,17.437300209299806
1047259,2516627,17.229557472081623
1047259,1468935,17.063995603556783
1047259,6936160,17.00745600091929
1047259,2516629,16.981665739846267
1047259,8715867,16.77746605138865
1047259,1468936,16.749153598255873
1047259,8272100,16.692553186094717
1047259,4887857,16.68234475594995
1047259,3534454,16.573441404625534
1047259,73662,16.4559496986641
1047259,3430138,16.43094461712134
1047259,8715869,16.37632905248699
1047259,8272101,16.29808784733447
1047259,73657,16.27194911261555
1047259,3534453,16.15308345106635
1047259,6936157,16.010777853889795
1047259,2516630,15.921756655261923
1047259,2648999,15.597981310468708
1047259,8272095,15.58351993673466
1047259,3430140,15.465116288408165
1047259,1960978,15.442291355299151
1047259,5097978,15.441796402802574
1047259,4675273,15.30530359122374
1047259,5128918,15.30530359122374
1047259,2516628,15.276438100717098
1047259,4606170,15.206063035244462
1047259,3136841,15.171178266083782
1047259,1468937,15.079763891411366
1047259,5097976,15.039359745967094
1047259,8563479,14.956133235359808
1047259,8272103,14.945075184713076
1047259,5097973,14.909789397486538
1047259,1468934,14.83335687997527
1047259,900404,14.81114905677578
1047259,900400,14.782410549821297
1047259,1468938,14.71314866526023
1047259,5097979,14.534010003129039
1047259,2614332,14.412884064011266
1047259,3239543,14.143675139095102
1047259,7258838,14.142129654944377
1047259,3434873,14.053795043412567
1047259,3430139,14.030916798472271
1047259,2306187,13.98984790724214
1047259,73656,13.934774403694554
1047259,4180287,13.923315431212005
1047259,4887855,13.682091978676677
1047259,25321,13.610190816151118
1047259,3534456,13.610190816151118
1047259,73660,13.589093582699611
1047259,5097975,13.511413654282624
1047259,73664,13.462162091957646
1047259,8272096,13.406526940644662
1047259,4936037,13.33722429283047
1047259,3640151,13.286211716520242
1047259,8272098,13.213961751569363
1047259,3430137,13.153122544921999
1047259,3157726,13.120341958625511
1047259,3725637,13.085988829509397
1047259,2751714,13.003382924491767
1047259,3545114,12.979867713564605
1047259,1663969,12.967853004781933
1047259,8744272,12.96388740171966
1047259,2505421,12.933091520506085
1047259,4903046,12.933091520506085
1047259,2610520,12.905404564540826
1047259,73661,12.84195434513051
1047259,5108430,12.778213867339884
1047259,224679,12.726823684079681
1047259,5514900,12.698183304270799
1047259,3386850,12.671586187902946
1047259,6112695,12.568634981721406
1047259,8272099,12.552338133845495
1047259,6142498,12.531784005912396
1047259,6113798,12.522872414435362
1047259,399782,12.42219222585793
1047259,2144101,12.41512830876258
1047259,7299143,12.400394649703703
1047259,7744020,12.304456719541289
964223,4368607,22.658795385090443
964223,6103530,22.555897929323475
964223,4835293,21.656344972767602
964223,8484204,21.191475835532618
964223,7257075,21.10773786436842
964223,4569464,20.752055040268935
964223,6466478,20.288876852746355
964223,74637,20.231159786467583
964223,2438493,19.76670867617688
964223,3164040,19.658764285022432
964223,3164036,19.335663655796054
964223,2900159,19.240385749512637
964223,7583485,19.09614031361638
964223,2438492,18.872113899912218
964223,6102706,18.85404197017424
964223,55407,18.674210859695346
964223,74638,18.464596264455416
964223,3811563,18.458155114435122
964223,3164038,18.264357038031427
964223,6947761,18.20028464144636
964223,6947763,18.122519591845176
964223,5198566,17.964703543624484
964223,3038807,17.89081570603989
964223,3425618,17.848601666941875
964223,2372274,17.69166155243294
964223,194195,17.684664481184058
964223,3396700,17.617540711711126
964223,3729093,17.57083797585587
964223,55409,17.52640967705643
964223,7941987,17.471392700986907
964223,7257073,17.33768588602357
964223,5401935,17.14084678076747
964223,5613061,17.055250612863475
964223,3332984,17.029998535351382
964223,1780456,16.928118535492615
964223,4150688,16.784733887450038
964223,6102704,16.73778575100722
964223,8693528,16.532054512933392
964223,3719919,16.46219138084481
964223,2438593,16.33984654912472
964223,74642,16.29487950398667
964223,4569468,16.278080823999318
964223,2494508,16.236818716657343
964223,6701074,16.202747606311092
964223,8693529,16.162031633256202
964223,7908709,16.142350512508607
964223,2874598,16.10787469505023
964223,3171451,15.892132167588262
964223,3719917,15.892132167588262
964223,2245892,15.79636576731914
964223,2589978,15.65068540340071
964223,5163504,15.630578100265431
964223,2372278,15.558175119163792
964223,1186638,15.514488953749614
964223,1423236,15.424973678096297
964223,4012667,15.369911491148905
964223,4545050,15.361703959510951
964223,8484203,15.259938023303832
964223,4895306,15.176859224218173
964223,2514717,15.163344263013778
964223,6905633,15.005164140109066
964223,4507131,14.978842088559416
964223,2345085,14.966202685497592
964223,2319362,14.813116393774411
964223,2319358,14.708446864049879
964223,3250294,14.696229748613526
964223,6103528,14.67862777220942
964223,7859997,14.654388479284467
964223,1926210,14.461392895244927
964223,6614943,14.425903685369212
964223,3479446,14.423758479958455
964223,4507129,14.415112874927303
964223,8485895,14.414932508152038
964223,3525562,14.408078793880733
964223,7768040,14.390373296578186
964223,3298213,14.339102368846985
964223,2942346,14.33797471248223
964223,8484205,14.240315315429424
964223,2945707,14.06756850042561
964223,4521100,14.00782460823237
964223,6947764,13.988393200486072
964223,2289693,13.880076625554526
964223,2345090,13.798810915478207
964223,2809864,13.724383225129593
964223,4368606,13.669707327441925
964223,37565,13.665969561079763
964223,1683754,13.663116390140946
964223,8831627,13.64708472422205
964223,5163506,13.626368210786106
964223,2822990,13.619701310157996
964223,4569462,13.603111274251283
964223,4347776,13.587806742862625
964223,7742833,13.53431438327442
964223,3085741,13.529096411129126
964223,2508219,13.498619888815828
964223,6905732,13.484598338794207
964223,5804183,13.43468835440142
964223,5962924,13.402192312871069
964223,4368611,13.39695737988785
964223,1712327,13.37551452262909
564054,5879989,20.143470277525957
564054,3013336,18.566151442999523
564054,3255505,18.443617493794846
564054,7241396,18.302892567510007
564054,7241395,18.23114518104345
564054,1437413,18.205212802316844
564054,541157,18.204529712201488
564054,5089066,18.145382061127467
564054,4484647,18.145382061127467
564054,2815944,18.02553681306112
564054,7241398,17.88702247439642
564054,541054,17.85254474829138
564054,541053,17.802422469148674
564054,541162,17.750717106331702
564054,3957332,17.648547077855728
564054,8834294,17.383467583638314
564054,3255501,17.237332663242107
564054,3255506,17.210612001233663
564054,1437409,17.185749673723276
564054,1783613,17.185058765376734
564054,4260077,17.151186046334068
564054,541161,16.969445612152445
564054,7525616,16.913628339784488
564054,1455723,16.876110097195582
564054,3255500,16.862233129637815
564054,7469272,16.837915896728347
564054,1131875,16.83208678943853
564054,1437412,16.767316556258915
564054,1131876,16.726577728344598
564054,1437408,16.634035598245934
564054,4766783,16.61138263168827
564054,104503,16.507686609889166
564054,6661849,16.49049089237233
564054,4260080,16.467877826186623
564054,3957331,16.436220255369676
564054,3079075,16.40201470245548
564054,3957330,16.40201470245548
564054,4328231,16.380610965658402
564054,3314036,16.359713873437165
564054,5089068,16.359713873437165
564054,3583935,16.232548156668884
564054,4766785,16.176777166287824
564054,8544645,16.093259511039193
564054,1437416,16.069423262504266
564054,6946085,15.931722289489738
564054,8834295,15.892820125796337
564054,7018690,15.875358630098019
564054,3255502,15.815778930479839
564054,7140224,15.797560745168312
564054,5182259,15.75728499009956
564054,4328233,15.756714713178464
564054,7241394,15.732227214131502
564054,4260081,15.65299654996522
564054,3937226,15.61211732618742
564054,132548,15.607852267296565
564054,3079077,15.580278789531084
564054,362994,15.579163737279826
564054,4766786,15.514651940953293
564054,4657638,15.509824846096638
564054,8670566,15.505548414012736
564054,2703421,15.481443281772764
564054,1455728,15.461459260968203
564054,1437410,15.407533459285734
564054,104507,15.359150283446855
564054,7140220,15.33975009121642
564054,6946083,15.280608898955162
564054,8759161,15.271004404266623
564054,541061,15.241633336609869
564054,8759160,15.207441112047718
564054,4766784,15.149553690285206
564054,3658522,15.073373689471676
564054,3937227,15.037832653471344
564054,7241392,14.978203590378651
564054,1783615,14.970366566891492
564054,541155,14.952469538528943
564054,5182258,14.93419098527825
564054,6661846,14.926021975985037
564054,104504,14.874270236796868
564054,3079078,14.85115146530826
564054,7241399,14.840800744344431
564054,8759164,14.817420646529069
564054,541163,14.80306356361803
564054,3255504,14.77836259118321
564054,3079079,14.755892462981322
564054,541160,14.716075508518323
564054,104501,14.710685696069936
564054,104500,14.658892418464683
564054,1455725,14.630978176272434
564054,2815945,14.630978176272434
564054,8663986,14.565417629890199
564054,5182255,14.491363999996482
564054,1437417,14.475378672260714
564054,3314035,14.459491504355807
564054,132545,14.433899058040163
564054,6661844,14.338417324265777
564054,4766782,14.336692967114432
564054,3314038,14.27421301790623
564054,8120519,14.249411127897673
564054,3957327,14.240614861550782
564054,4304573,14.204844558804632
87181,7666831,33.66934858623474
87181,2986227,28.4456372310976
87181,8082516,26.34541859387795
87181,123547,26.07205415473028
87181,1902826,25.51019133099605
87181,4689525,25.102794523345676
87181,6484575,24.929396237944545
87181,8476330,24.92674749925697
87181,8151921,24.650222472796194
87181,2556144,24.644602996630454
87181,6484578,23.783581171381236
87181,47212,23.73591602550577
87181,8614359,23.73482368003079
87181,8614360,23.571325223438386
87181,6521360,23.335780453946455
87181,5197130,23.32708160399568
87181,5197135,23.138077317430252
87181,47211,22.9343614771065
87181,8683181,22.742096347901565
87181,3914970,22.70928709532324
87181,6928212,22.679417812488808
87181,7112968,22.65803294232659
87181,7112964,22.65803294232659
87181,8332551,22.59725668424161
87181,8165398,22.322728038112288
87181,8183981,22.221023614164963
87181,6969187,22.007781974346766
87181,6521366,21.914804193849882
87181,7139898,21.88926683719282
87181,4786305,21.880672307749688
87181,8332546,21.834135444047142
87181,742425,21.817045761434784
87181,8534135,21.71875048108002
87181,47210,21.49063074574211
87181,6685092,21.385308125863254
87181,8151919,21.303575360466837
87181,8183982,21.296065961300148
87181,7057928,21.290070996570144
87181,6774305,21.246539919029352
87181,1766470,21.219058564967604
87181,8522403,21.146900675931224
87181,4632251,21.135259126832786
87181,4689523,21.087425853884692
87181,8165403,20.93833732225427
87181,8664069,20.901580264216005
87181,8332547,20.819021396135334
87181,6892383,20.72908925878405
87181,7666828,20.717004021005952
87181,47207,20.696730400529745
87181,921633,20.645933079892014
87181,3216315,20.645556836640964
87181,47206,20.63069765380748
87181,47203,20.30591222616296
87181,2307979,20.07065045428783
87181,1519996,20.04297004786346
87181,1961300,20.032857788349723
87181,4689524,20.008196709612765
87181,2530257,19.77812413206892
87181,47208,19.733892125056634
87181,4042165,19.713297497604202
87181,2986231,19.638624626372653
87181,8151922,19.602479727608475
87181,5197133,19.575220696983077
87181,2986234,19.473976519485454
87181,2530252,19.431280911490227
87181,6771011,19.25367246078241
87181,2556150,19.249084112486784
87181,3423884,19.241176976610348
87181,8332548,19.13930912013592
87181,7553401,18.91706155095573
87181,8151926,18.753131560726246
87181,8534136,18.753131560726246
87181,8069553,18.753131560726246
87181,2556149,18.69728861802789
87181,2345225,18.69328089706211
87181,123548,18.66491621406164
87181,8738510,18.6221273649867
87181,2556151,18.59201830479892
87181,803955,18.537886247061916
87181,7535872,18.53398891536888
87181,7535874,18.27819402622812
87181,8542892,18.09022893890942
87181,1294924,18.020642332380206
87181,8332554,18.018454539537764
87181,6429125,17.998631661025602
87181,5197138,17.985795865108265
87181,4042750,17.974328903253518
87181,8246410,17.962375599451825
87181,2530227,17.92081913740406
87181,1700168,17.882600840664235
87181,1992881,17.76240509911881
87181,2922857,17.721562783980666
87181,4423959,17.7101160867509
87181,1902827,17.450513693020888
87181,8165400,17.430885174882015
87181,5497677,17.39210816061364
87181,8183977,17.378795269081284
87181,6262331,17.31817697364201
87181,6407824,17.273402351188167
87181,1692902,17.17090567320746
1116052,8103709,15.327006636346358
1116052,8625663,12.828551126229017
1116052,5118091,12.660669607113283
1116052,6764071,12.563383426986592
1116052,6933118,12.323408178967824
1116052,1483537,12.22970576191219
1116052,1386590,11.694234191695365
1116052,8064893,11.694234191695365
1116052,8625660,11.230592917493151
1116052,2729029,10.75033573670891
1116052,6102126,10.737577832278358
1116052,3528118,10.72259005627458
1116052,8050665,10.721877424380489
1116052,7529987,10.421004822172824
1116052,5123318,10.385890707066142
1116052,2109319,10.359135183579626
1116052,3905012,10.30255546380924
1116052,6102125,10.271710991611704
1116052,5223711,10.239194778470779
1116052,5757748,10.13665475003089
1116052,22814,10.099638843402895
1116052,7581762,10.068554029189913
1116052,1512500,10.018184380812752
1116052,2634121,9.985250749396103
1116052,6894933,9.979878048818524
1116052,2061144,9.952695522869462
1116052,331012,9.94542286446862
1116052,5223712,9.931937765435123
1116052,2744123,9.902619811048762
1116052,3905014,9.84336503804557
1116052,418068,9.799786447019951
1116052,5654082,9.774706143220136
1116052,4041280,9.767882151801041
1116052,7472392,9.766485984791437
1116052,7843939,9.765915317708059
1116052,8647004,9.735670100411573
1116052,5380826,9.712314183628052
1116052,1891128,9.70220517960891
1116052,6185151,9.693004786191974
1116052,331016,9.689554255518953
1116052,331021,9.689268185296495
1116052,8016251,9.685686650390897
1116052,289470,9.672206814679349
1116052,4481524,9.671879185550823
1116052,4423307,9.664342631763365
1116052,8082222,9.657581323969598
1116052,375640,9.640296186797691
1116052,7472391,9.59850199083285
1116052,3243944,9.577744969680106
1116052,7522683,9.577744969680106
1116052,5737474,9.569588292416151
1116052,2301275,9.55930298679527
1116052,182109,9.555783458026772
1116052,6039814,9.484987463621692
1116052,331014,9.484093491458127
1116052,1441117,9.477467926724296
1116052,3024183,9.43707358600345
1116052,5135564,9.435133329544321
1116052,6841049,9.431241798258952
1116052,452857,9.425044661479461
1116052,6737543,9.4248615545907
1116052,4054822,9.385262962280725
1116052,2421329,9.357309172582067
1116052,4924108,9.336743704590013
1116052,2665038,9.283083923331194
1116052,5654083,9.278881833858991
1116052,2662188,9.276782215391398
1116052,4691773,9.27587423531534
1116052,5447448,9.269275233395154
1116052,2784161,9.258294403202102
1116052,2165339,9.250146098054723
1116052,5902741,9.240159105207328
1116052,8103706,9.229599677231649
1116052,7162206,9.216018374666115
1116052,6039819,9.20175822960366
1116052,1404423,9.1785655344897
1116052,2165340,9.174438495546747
1116052,6894932,9.167624309608033
1116052,281060,9.161627400765205
1116052,8625659,9.159571165663912
1116052,2452608,9.140977869847623
1116052,2583108,9.138521283261484
1116052,331019,9.133284016082332
1116052,1398214,9.12590611890884
1116052,6039813,9.117577465098694
1116052,8641800,9.093127362938322
1116052,1035263,9.08844708785464
1116052,6060104,9.08844708785464
1116052,2358089,9.08844708785464
1116052,2963037,9.077120128085424
1116052,5135569,9.065821366822444
1116052,7114870,9.063286987036406
1116052,8641801,9.051294315251248
1116052,2032536,9.051294315251248
1116052,5902739,9.051294315251248
1116052,8099642,9.014444060516979
1116052,4026900,9.01058837711573
1116052,7790114,9.002818852169344
1116052,6356344,9.002134876462788
1116052,8103713,8.986312499097087
554515,8345486,27.85684166446321
554515,2943195,24.16311994607745
554515,2943201,23.877373255416508
554515,8345480,23.344155213316586
554515,8345484,23.249915844078274
554515,8345483,22.050408902146202
554515,2421342,21.94498584864614
554515,8345481,21.8252173192729
554515,8465374,21.454309006699006
554515,6416206,21.18539714060574
554515,3512200,20.29340607199655
554515,2943197,19.99436729753215
554515,4591314,19.843440187238848
554515,1182630,17.89962410606609
554515,7582215,17.290372765588035
554515,8345477,16.571445678685187
554515,2421344,16.55119133404672
554515,1182634,16.419618739299455
554515,4591318,16.219009600101334
554515,7582216,16.14395841372146
554515,1675155,15.303251044472248
554515,6543245,15.066538101429636
554515,4423589,15.031266061547687
554515,7200815,14.653662880583457
554515,8345479,14.571481400690452
554515,7336358,14.481831065952823
554515,2357051,14.399693752622476
554515,4591319,13.93921100647471
554515,388800,13.57616300303306
554515,2049751,13.571224001198182
554515,4410483,13.450025230086252
554515,1711644,13.283180038050972
554515,2943193,13.169674765217096
554515,3172462,13.121207376707169
554515,2943196,12.967630711066601
554515,5649963,12.875782495596754
554515,2943200,12.671357073308677
554515,8101379,12.636837723458093
554515,3872136,12.428248883443171
554515,520574,12.358209296244004
554515,1736622,12.094018913367439
554515,1182635,11.965473716541394
554515,8772162,11.928228839936658
554515,165131,11.920500089726332
554515,190326,11.763294016632747
554515,5540153,11.665499543895253
554515,2047110,11.600562540399306
554515,165128,11.477408732561873
554515,6855546,11.430725078910733
554515,5416478,11.40134490522344
554515,2980259,11.343699667075551
554515,2406624,11.305618309037959
554515,8069144,11.243853159009337
554515,8304130,11.172565486071814
554515,3891672,11.132017135340709
554515,2328962,11.080976532926083
554515,2943198,11.01307543768293
554515,3341881,10.940302430882264
554515,3579512,10.939834424689236
554515,6018915,10.917080724688667
554515,798524,10.914678761533718
554515,1584445,10.819441391166379
554515,4846383,10.801101238247814
554515,5860109,10.731055729495827
554515,7169654,10.703370087653795
554515,7890996,10.372904194857977
554515,7808642,10.366870650104957
554515,7269279,10.23668961078977
554515,322468,10.226625247585236
554515,4597212,10.216460763200072
554515,7890995,10.216460763200072
554515,5381106,10.204384737506134
554515,3975788,10.134119920030281
554515,1273965,10.127286799458144
554515,4007815,10.125652061298297
554515,5861489,10.106617039830024
554515,7169648,10.094354437455948
554515,1253111,10.065063144223542
554515,704547,10.060218513511277
554515,519234,10.056344832281919
554515,4007814,10.054319554622564
554515,8535547,10.023551025390908
554515,5649965,10.000777302498602
554515,4516937,9.963685313193228
554515,2064908,9.960583370238364
554515,718041,9.946485486815952
554515,8534205,9.940405728217456
554515,6125752,9.938134949878577
554515,5665872,9.895478125028733
554515,7557664,9.892203784553864
554515,1761422,9.887325602299647
554515,6755933,9.826777197125857
554515,4719495,9.817603277714076
554515,4719498,9.817603277714076
554515,4901223,9.726454376663975
554515,7787999,9.693428632069576
554515,1664028,9.689360675994399
554515,1598142,9.682798643005482
554515,7133790,9.675648854474895
554515,4408934,9.659838253745178
443396,456708,14.841826246322539
443396,4792650,14.293245777529563
443396,8079040,13.231740646042491
443396,279294,13.106115918240633
443396,7922077,12.971236299115738
443396,7746189,12.567842762449345
443396,8536121,12.125789157741904
443396,3746439,12.121680694122388
443396,4643887,12.027569364629418
443396,769303,12.003161522913633
443396,7256965,11.886712235789327
443396,8079046,11.813389398506029
443396,6701137,11.798803148933324
443396,6827156,11.785966338915635
443396,8718977,11.689154451137668
443396,1289940,11.59887073958215
443396,8204777,11.524640135030506
443396,8022343,11.524640135030506
443396,3501795,11.459788931905969
443396,1577268,11.437463555061251
443396,4336498,11.391450461744027
443396,4057475,11.391450461744027
443396,5538838,11.34551032903391
443396,5212734,11.315844588219612
443396,5635124,11.315844588219612
443396,6858533,11.307740815208025
443396,969252,11.295355626205968
443396,3038048,11.287031460220152
443396,1411617,11.284020543310358
443396,4128740,11.284020543310358
443396,1091609,11.253047297763604
443396,573173,11.24128207301289
443396,6339713,11.24128207301289
443396,171466,11.167740460965321
443396,4336500,11.167740460965321
443396,6973771,11.167740460965321
443396,4057466,11.166636336953841
443396,2977615,11.116658983596135
443396,8058577,11.116658983596135
443396,3577882,11.061625135085094
443396,4792649,11.045985782488255
443396,820395,11.02363343702823
443396,820393,11.02363343702823
443396,5741221,11.021493345912418
443396,5048840,11.018259714707217
443396,8413373,11.015410090508018
443396,345100,10.954042591061242
443396,1172964,10.953026350811609
443396,8174933,10.953026350811609
443396,5905952,10.953026350811609
443396,648202,10.901117375386095
443396,990166,10.883356771603875
443396,4602798,10.883356771603875
443396,8769481,10.866101060724233
443396,8111412,10.798137615509678
443396,975552,10.798137615509678
443396,1091611,10.77833803186831
443396,8813268,10.746753238210731
443396,3577885,10.746753238210731
443396,4582259,10.746753238210731
443396,598786,10.745684784882759
443396,8769489,10.74345517003999
443396,6119622,10.733240449562434
443396,206207,10.705929951855413
443396,7120246,10.692684167370597
443396,7793274,10.692684167370597
443396,7967371,10.68141667431805
443396,302348,10.68141667431805
443396,2902686,10.67978219370407
443396,8204775,10.67978219370407
443396,5310878,10.6394570791429
443396,7081338,10.626234648673815
443396,3648921,10.620232946602389
443396,4085829,10.613674436155492
443396,573169,10.613674436155492
443396,6668536,10.613674436155492
443396,5603622,10.589270493038057
443396,260703,10.578219779248878
443396,6397543,10.553527959193243
443396,453706,10.553527959193243
443396,7961685,10.548412690948837
443396,4209528,10.545888021028542
443396,8079039,10.523353820013748
443396,4526744,10.523353820013748
443396,6742690,10.497208885222708
443396,4582258,10.483980159209091
443396,7986501,10.471668068694195
443396,7081340,10.471668068694195
443396,543792,10.420360500982792
443396,456710,10.40033296575692
443396,5996579,10.396128206234046
443396,1664419,10.38833022730686
443396,1255744,10.357537819146707
443396,1813170,10.357537819146707
443396,1619252,10.35408569358774
443396,4792655,10.337731893624488
443396,4804310,10.324936680313868
443396,7426267,10.321714743022646
443396,4379126,10.321714743022646
443396,7620276,10.303043103810355
1123581,7064021,32.31290366935694
1123581,3232958,31.107838589801872
1123581,7934232,30.76410702712854
1123581,365653,30.65708426941249
1123581,7064018,30.47232683642923
1123581,4536392,30.14140005332974
1123581,6357063,30.080736849670448
1123581,2567935,30.018429698537375
1123581,4176063,29.98536842702201
1123581,2567940,29.981668472396464
1123581,4113208,29.93432863178703
1123581,5153126,29.860022816832885
1123581,8410944,29.735512442338564
1123581,5959124,29.69741708317559
1123581,4646966,29.659284510019663
1123581,5645115,29.55663239711575
1123581,3911881,29.398585737507744
1123581,6952847,29.246635195363375
1123581,1778927,29.194346304062694
1123581,2317848,28.81775510981869
1123581,1466510,28.799623692486303
1123581,3308478,28.794770127932125
1123581,6061706,28.484899055713328
1123581,4645466,28.45129374867203
1123581,8509692,28.432065343774987
1123581,2523907,28.372550152516393
1123581,4291712,28.345407511564005
1123581,3146135,28.309710929028384
1123581,70468,28.307322877298226
1123581,3458679,28.24042950180136
1123581,3914810,28.18849394309462
1123581,5511173,28.144422764017
1123581,4345574,28.076654100622623
1123581,5588094,28.01471447077123
1123581,4170936,28.01471447077123
1123581,8240508,27.95984011963932
1123581,3540919,27.843427055862946
1123581,7512898,27.822393582177796
1123581,922274,27.67075195987645
1123581,1303678,27.649942499867457
1123581,4279660,27.5427227330004
1123581,1476698,27.483583561804057
1123581,3232957,27.30691875617569
1123581,6481368,27.27609026562638
1123581,3803334,27.113385748992282
1123581,8655873,27.09617710342593
1123581,8811903,26.98887425513648
1123581,1221458,26.898323494154678
1123581,659667,26.840413286946646
1123581,4648017,26.75526149693857
1123581,3716397,26.683389732688024
1123581,4279553,26.618202626291986
1123581,6596701,26.586718188088934
1123581,7108739,26.57892251229766
1123581,424614,26.52285633605142
1123581,5153296,26.508572744736387
1123581,3096893,26.30143147520529
1123581,7497837,26.26593563763651
1123581,1911961,26.24725970464832
1123581,5625337,26.231857459994345
1123581,4074934,26.167311898467275
1123581,651039,26.103129849654632
1123581,5303438,25.964522446449163
1123581,1495582,25.880576173425254
1123581,5254026,25.846951994543442
1123581,2732144,25.828974037638055
1123581,4121605,25.808371166559652
1123581,4117178,25.78248905934227
1123581,5027766,25.78248905934227
1123581,8509889,25.66247880060122
1123581,5972967,25.632927973975832
1123581,3884635,25.59973378143064
1123581,5027762,25.568119981497638
1123581,4158635,25.39438561118834
1123581,1342857,25.336318821676677
1123581,6435308,25.295184436878454
1123581,6004860,25.278894398573026
1123581,4291714,25.278894398573026
1123581,922277,25.24591139982588
1123581,5220903,25.23553973207033
1123581,5579250,25.228353123401174
1123581,810664,25.223705206422785
1123581,2247393,25.22148184412773
1123581,6768859,25.20284392915405
1123581,1303673,25.19414839223378
1123581,3884638,25.19414839223378
1123581,5045484,25.147575130435698
1123581,8033028,25.106555800634563
1123581,8559029,25.106555800634563
1123581,1342852,25.091413739554696
1123581,1791636,25.079902598074035
1123581,5588093,25.079902598074035
1123581,5478866,25.073104109660886
1123581,5153302,25.051285976974736
1123581,2051850,25.01174453774063
1123581,5844974,24.97396648838793
1123581,2317845,24.96675657015643
1123581,8327763,24.952581175325072
1123581,7206787,24.878788032294196
1123581,2247389,24.79289299762747
714453,7667978,23.042777653372696
714453,7633198,22.52725277153056
714453,6428126,22.31256028168668
714453,5912909,21.929341331725063
714453,78822,21.913028074970832
714453,3226963,21.87825680206579
714453,6263180,21.49773953652094
714453,8537059,20.895632048119722
714453,2042525,20.788885374930608
714453,2991383,20.703471580331428
714453,1965765,20.60833591928767
714453,6235278,19.949529372754473
714453,8455841,19.815942147572162
714453,8430463,19.72840687304516
714453,6976644,19.674568324469675
714453,3206847,19.669359739152213
714453,8644609,19.593136288601592
714453,7880570,19.435994797103575
714453,2437772,19.42194626966114
714453,8837367,19.390268232019512
714453,569053,19.362228022759215
714453,5087833,19.3319123150207
714453,5737413,19.227751131274438
714453,5737420,18.99797545000268
714453,841711,18.933659506368194
714453,5924526,18.924699473343452
714453,7162695,18.736471889940855
714453,917670,18.710376829729363
714453,7162699,18.68418067977015
714453,6235280,18.642897696013243
714453,6235279,18.576095596702
714453,7581597,18.446360998361715
714453,6433863,18.411149750321812
714453,2771893,18.329681549145338
714453,5659003,18.2469910338776
714453,4791311,18.192368600018803
714453,7638699,18.11091072503023
714453,7981530,18.04658650323927
714453,8430459,18.04179638133391
714453,6499547,18.023258428551642
714453,3277744,18.003443979403826
714453,7667975,17.852062588255144
714453,971844,17.6313431112903
714453,2198040,17.541172708720282
714453,2626736,17.53499537950345
714453,8113808,17.454620070652826
714453,4355678,17.41851561094782
714453,8537063,17.37906660896399
714453,490198,17.315438891404924
714453,369724,17.27372063261104
714453,3226962,17.218845743976562
714453,1451122,17.11441907549769
714453,8292316,17.091041458709995
714453,1965759,17.02058466323711
714453,5764815,17.01065751292892
714453,4345262,17.001377031368154
714453,490200,16.875665928682047
714453,6235275,16.799526619237962
714453,8584761,16.787514875639346
714453,7401088,16.713413635866956
714453,7638695,16.695962642785535
714453,7667972,16.689960684575567
714453,5912910,16.66477395693081
714453,1965760,16.475335635773128
714453,7010266,16.465427096994368
714453,841710,16.46051652214127
714453,3260657,16.366216069792653
714453,7505877,16.355911348244856
714453,1164002,16.340979045749446
714453,7141880,16.316007281496756
714453,5924522,16.290774709865424
714453,2890244,16.263567896214308
714453,2045020,16.227200034608938
714453,4168233,16.225012622935548
714453,3206849,16.218931244779263
714453,6356369,16.196653364435143
714453,280181,16.174014303683965
714453,1354430,16.141168436950622
714453,5756965,16.112126830075578
714453,5912911,16.09688753144435
714453,8379432,16.082861202568427
714453,444836,16.07280419683721
714453,530927,16.057273787711498
714453,490195,16.013259427735385
714453,2045028,16.009703829194134
714453,6283678,15.992556636004402
714453,8430462,15.954781551570886
714453,6523476,15.942911668849561
714453,5296666,15.903003565121654
714453,1871459,15.874753327619993
714453,869014,15.858668407663853
714453,1965756,15.85556922387339
714453,1965762,15.82101271888125
714453,8455835,15.818414333451319
714453,8537066,15.76828004321452
714453,1433949,15.753024199047914
714453,3206844,15.71457095045941
714453,6389159,15.706100404759026
714453,3710223,15.66809659978383
714453,7546128,15.642601236539573
972007,4221450,32.48309698315063
972007,6497816,29.92691608406451
972007,8011988,29.891206407813236
972007,8119173,27.03895950991125
972007,7258397,26.971539705242332
972007,4221455,26.439994350334793
972007,4688412,25.738258970508344
972007,108101,25.68392916522113
972007,8011980,25.52489940903067
972007,7258400,25.500163079521453
972007,5986262,24.995087093892266
972007,4335551,24.8590325422545
972007,8704416,24.817694576106238
972007,4646626,24.797516789940584
972007,5269896,24.56982194435501
972007,1125878,24.548795247442406
972007,6484210,24.390528695361027
972007,2181493,24.284053429644565
972007,5937971,24.19880657885936
972007,3751298,24.135215688286042
972007,2356275,24.057044977429854
972007,98092,24.011183573788912
972007,555,23.75675524901969
972007,7258403,23.28345080487586
972007,4912907,23.24625993622669
972007,1230599,23.134134256961495
972007,5986268,23.093843373311977
972007,4469302,23.013492908505878
972007,4469296,22.88421119589984
972007,4991280,22.86865500823069
972007,7509091,22.82426988095029
972007,3483826,22.816686111910414
972007,7258398,22.78092119368866
972007,8704419,22.71259459596929
972007,4382254,22.638288513817834
972007,7773175,22.604027421516605
972007,2356276,22.54301874650747
972007,2356268,22.504936727595375
972007,7109739,22.28802433005193
972007,8011981,22.258995148697906
972007,4688415,22.1088961441621
972007,8690661,22.044111183950147
972007,5986266,22.00548981426098
972007,1958701,21.98897202451534
972007,1152364,21.961349783461955
972007,2356273,21.93890060544694
972007,6055142,21.90784888283354
972007,3751292,21.738873310252018
972007,6867368,21.707259651499893
972007,6867372,21.707259651499893
972007,4335544,21.697191190761576
972007,2356270,21.64527233401691
972007,554,21.6356685016441
972007,4335548,21.571222778909053
972007,1027578,21.521519093256963
972007,7258399,21.39635321744147
972007,4382255,21.347230256024865
972007,7258401,21.34301805275892
972007,4603402,21.327743011830492
972007,8186625,21.297583442715602
972007,5000052,21.201320319991176
972007,2356274,21.17886928021966
972007,4578581,21.08095126909574
972007,8704421,21.074008289786498
972007,8229313,20.912450744923902
972007,4382256,20.876404115278632
972007,8704422,20.867600168402948
972007,5269899,20.79103652546388
972007,5648250,20.752620197733812
972007,1125880,20.715662003208056
972007,5937973,20.683870164187425
972007,4382260,20.53152117027376
972007,4688416,20.395768168487876
972007,2965960,20.3892240923173
972007,6210250,20.304760616599403
972007,7892692,20.148825471052294
972007,3337713,20.139202881612107
972007,921658,20.08747920155017
972007,550,20.0293460539416
972007,4688418,20.025312706409366
972007,2128541,20.02252026928166
972007,8704417,20.013425175446397
972007,8218296,19.958832750585824
972007,5254841,19.912166809020064
972007,558,19.89868657563192
972007,2520234,19.891307044679063
972007,8704423,19.89125574137247
972007,5631818,19.888965426153838
972007,4519503,19.838040506248152
972007,7258404,19.78181712130291
972007,1958702,19.78181712130291
972007,7109737,19.76871517784589
972007,98095,19.766356231407286
972007,8700535,19.75125736553256
972007,8700536,19.602043465632555
972007,3318399,19.59222919108615
972007,1027580,19.536637076277923
972007,823592,19.533600750487334
972007,8700102,19.526241244699957
972007,556,19.526241244699957
929033,3291619,15.231174706256176
929033,1926259,13.984322217674093
929033,7633901,13.436357234119145
929033,3434193,13.043673423727661
929033,7812256,12.258635336965103
929033,8660590,12.209986100252
929033,6314115,12.119490362386577
929033,5947957,12.071567490456285
929033,5920700,12.063039394530476
929033,26412,12.049014832172123
929033,4548811,12.045491707741391
929033,8201551,11.957897648911528
929033,5521712,11.912623787120257
929033,8194487,11.642652961439232
929033,64138,11.588907697796412
929033,26413,11.501970482806666
929033,5139631,11.28430506986471
929033,4548810,11.257666663703983
929033,1619360,11.233531728929204
929033,7664729,11.209964302156529
929033,1619358,11.208392150109876
929033,3940412,10.920950020809588
929033,5300001,10.899224661469427
929033,7276715,10.822851548760774
929033,2237411,10.81150064158939
929033,688344,10.624340298083021
929033,5947952,10.609074317147773
929033,4304535,10.491199483218237
929033,8660587,10.434608112122259
929033,1484269,10.31009808754713
929033,1400771,10.241404092953177
929033,2465141,10.141295535502996
929033,7276711,10.124291223294414
929033,5300000,10.091048899811065
929033,5207735,9.955783239056437
929033,1484270,9.937922231874182
929033,2946275,9.878167156605395
929033,1400768,9.802775849459387
929033,1926253,9.7238866062261
929033,5300002,9.651430307579691
929033,6787955,9.608425941115891
929033,2946273,9.58519490063396
929033,4838707,9.533997210182338
929033,4160393,9.50848180376886
929033,8187014,9.37492612159899
929033,3434188,9.305992357421882
929033,8199214,9.161368664438903
929033,1484265,9.052679237069242
929033,1484274,9.049966397329019
929033,6787951,9.04892864656119
929033,8660592,8.9979048395199
929033,2583916,8.87518731421148
929033,7276708,8.855043136469225
929033,26414,8.815802728280191
929033,4831476,8.726600538604087
929033,7276713,8.615208362298429
929033,2585991,8.612500112407028
929033,7899132,8.60720188482398
929033,6787952,8.559110152793188
929033,8751546,8.536713575442295
929033,600393,8.483743116402572
929033,7308333,8.448460368430867
929033,5062009,8.428712519158196
929033,1467975,8.42055278432273
929033,1926254,8.41718294479021
929033,1926258,8.374383407770589
929033,8027434,8.344875384154978
929033,2694446,8.336841353597187
929033,3434186,8.269084698644495
929033,3434190,8.250919572432892
929033,1054195,8.237047887255153
929033,64145,8.221788745929935
929033,2465143,8.213250708334527
929033,5076685,8.200403089011312
929033,5353351,8.198060771238723
929033,1484273,8.135393993948218
929033,961794,8.100114741391447
929033,7664734,8.089945322312118
929033,5349130,8.050541195125371
929033,3592036,8.017756480602051
929033,2408555,7.9904405384527895
929033,8683319,7.900802158296653
929033,8618320,7.844126183448321
929033,6787956,7.820561519401069
929033,8199698,7.7310701100099255
929033,4984203,7.721029668868164
929033,26408,7.685532708703025
929033,7812251,7.661034344015374
929033,1484266,7.6338266496948695
929033,4055746,7.606565503543779
929033,3291621,7.573572542492361
929033,982124,7.572572472057727
929033,710528,7.569444940167916
929033,8660594,7.56881555318051
929033,7277387,7.566837838551441
929033,7583328,7.550670086404422
929033,64144,7.515521206367029
929033,2465140,7.500099702752426
929033,8260662,7.484821779173844
929033,5920696,7.467709047008998
433234,5000064,18.796963966093394
433234,2870580,15.747522853297994
433234,1621267,15.695453214232337
433234,5842058,15.688112936334011
433234,7262413,15.465141081910932
433234,2210356,15.19708500611136
433234,3146260,15.06519088156983
433234,6256696,15.06519088156983
433234,3212354,14.954485005870227
433234,6538375,14.935714807270788
433234,2755160,14.79158075971052
433234,7933975,14.752775547191575
433234,7137177,14.61155302573349
433234,3880691,14.571270865312847
433234,3880695,14.490681484867693
433234,8763878,14.487518335391973
433234,2085776,14.306584440362524
433234,7709217,14.28907551243127
433234,80302,14.263429697066094
433234,7838928,14.23830330121411
433234,6397075,14.208361438889899
433234,5937141,14.161975196111523
433234,7309296,14.111862426206882
433234,4922524,14.072769112828695
433234,642623,14.027519392952879
433234,7561301,14.01849320876688
433234,3685014,13.885129576090144
433234,172078,13.86969818681294
433234,6264698,13.850740825577327
433234,7648782,13.847810205036168
433234,7936419,13.834053070183327
433234,1875522,13.767499321645836
433234,247483,13.767499321645836
433234,6256695,13.766932571358538
433234,6372133,13.764848690023932
433234,6397074,13.755783613515776
433234,2966961,13.719681871131577
433234,2210360,13.701913326175797
433234,2210359,13.693201189588862
433234,1264053,13.66591998709017
433234,7561297,13.647761597034087
433234,7821243,13.626146876610754
433234,424219,13.57493591445441
433234,3128485,13.552892129168246
433234,1535814,13.549216667741455
433234,3555301,13.538882393534628
433234,6397079,13.477473681590208
433234,6227628,13.440249336410304
433234,3729110,13.431050364281436
433234,7130293,13.383909812096725
433234,6402441,13.383909812096725
433234,5318724,13.382603774382726
433234,6264691,13.373611818185644
433234,693051,13.3654971233812
433234,6176182,13.3654971233812
433234,7309300,13.361658866113292
433234,6470965,13.351115891427066
433234,25835,13.333759187217066
433234,693050,13.330160810024111
433234,7055366,13.303062269878737
433234,488165,13.302540290462101
433234,6827376,13.299914618617503
433234,6256693,13.285855890866875
433234,5993131,13.285429700055996
433234,3555298,13.276004779654262
433234,1621270,13.226053858544944
433234,6256691,13.223191328578551
433234,3663038,13.210750849128074
433234,1630619,13.20649678349987
433234,6213679,13.204258038552593
433234,250442,13.204258038552593
433234,441237,13.192765401307405
433234,7838922,13.164164568343232
433234,5982313,13.133131701860151
433234,6416250,13.12938725028908
433234,3292671,13.100276750158041
433234,6313749,13.09821332368941
433234,2439174,13.09821332368941
433234,1342329,13.09821332368941
433234,5840669,13.094886712094258
433234,5592359,13.058454738479664
433234,8110167,13.056668174569994
433234,3555299,13.036673305049906
433234,8239396,13.013627385360518
433234,6684547,12.994040017357674
433234,2044144,12.972647800304175
433234,1027477,12.926917778054639
433234,7055369,12.922635608698947
433234,4990530,12.91926985857929
433234,7374047,12.913039548577695
433234,1860250,12.90363696161573
433234,2284497,12.872593285055476
433234,4479926,12.861454825910837
433234,7678851,12.861454825910837
433234,690301,12.855032257272066
433234,498077,12.854976617490598
433234,353152,12.820219035717404
433234,5919383,12.818079352886691
433234,1854263,12.818079352886691
433234,3441620,12.810194233976686
1121709,3423063,13.56148075930043
1121709,8049586,12.406417565751433
1121709,8049585,11.477033590868764
1121709,8049583,11.459845814533885
1121709,8049582,10.545205514583577
1121709,8049584,10.033009135008278
1121709,3423059,9.127288771727871
1121709,8171653,7.771703741965303
1121709,5611203,7.5107265912852545
1121709,7590689,7.310708289981194
1121709,3423067,7.300062887917747
1121709,3897030,7.259529849154858
1121709,3200100,7.10393750729675
1121709,4256104,6.956711708943788
1121709,3897028,6.912451490871548
1121709,1752809,6.876849091661653
1121709,3015619,6.793256882801802
1121709,5961613,6.718309049188882
1121709,3897025,6.540906347656623
1121709,8171656,6.5304527985452925
1121709,6612660,6.39847457254438
1121709,8730991,6.216692754655678
1121709,8357463,6.206742338418309
1121709,2239280,6.160343710847212
1121709,1752813,5.68359969111451
1121709,3145978,5.598111456409679
1121709,7002616,5.459970225787799
1121709,5611202,5.302970405319086
1121709,5611207,5.270861452803478
1121709,5790466,5.0799535439395616
1121709,2940488,4.780721847883807
1121709,3145987,4.726830742608887
1121709,7503527,4.356909789835842
1121709,3145979,4.3250501200457805
1121709,5611206,4.310049987130718
1121709,7686607,3.6929907582332557
1121709,5594593,3.6929907582332557
88073,8720919,14.962813959526928
88073,5912961,14.014956606875966
88073,5553213,13.839205941266965
88073,1170721,13.718322331651882
88073,4646923,13.67166507306952
88073,7112950,13.03154822012732
88073,1728819,13.023349642426519
88073,6760592,12.464558781414647
88073,4975524,12.449736777961874
88073,5501708,12.383224402216177
88073,748612,12.342086405820023
88073,5970673,12.231855364718664
88073,1566922,12.17176696016843
88073,847201,12.03540064273934
88073,5190698,11.958113630490422
88073,3879710,11.791920075647736
88073,4566730,11.723722730241272
88073,290106,11.607976771144056
88073,8302651,11.549309589332651
88073,4447214,11.491788911363036
88073,4669332,11.486925562549436
88073,3761356,11.484316425103758
88073,1390178,11.477227676170637
88073,4883576,11.388519880991778
88073,519564,11.36983097903947
88073,7702887,11.339288653668326
88073,5932559,11.307844091411758
88073,1269980,11.289356334607486
88073,5829116,11.203560309592707
88073,2719293,11.195617044408863
88073,7334306,11.192435948046764
88073,4566726,11.151969573066786
88073,5137415,11.048569305668893
88073,1381529,10.99524522489282
88073,4780225,10.970309405228164
88073,7177886,10.826874205439697
88073,4883571,10.792663682729287
88073,7370706,10.786410759781722
88073,1578367,10.710716063562224
88073,3879712,10.687197083215459
88073,4520250,10.679350721075675
88073,1104669,10.672898404583773
88073,7936445,10.672082285958359
88073,6306616,10.635956860893186
88073,5542149,10.60504318080061
88073,8077293,10.589321709496637
88073,462590,10.554165517928253
88073,6306613,10.548684284372728
88073,6306617,10.518832667026885
88073,358624,10.512042207038887
88073,8114928,10.502507219604897
88073,4905744,10.495226365371202
88073,948711,10.471065702769899
88073,575549,10.471065702769899
88073,8671536,10.460594691049517
88073,2369968,10.384092616111243
88073,2015613,10.3757446861822
88073,1677032,10.371199470401022
88073,8645567,10.319938627436317
88073,5444023,10.311678139862957
88073,5569144,10.289673358531797
88073,8645565,10.264729664226637
88073,2015616,10.264729664226637
88073,4883575,10.21554807286053
88073,380823,10.157516957801958
88073,276707,10.137222238852882
88073,5646038,10.129257491288714
88073,2360077,10.104802852439771
88073,1738235,10.090743220437762
88073,8465722,10.076064609955239
88073,4212190,10.068717867088278
88073,3348121,10.039299540347464
88073,5890602,10.02484166719558
88073,3192637,10.012946131705975
88073,3390398,10.001621572302106
88073,7597583,9.992212636869937
88073,1738234,9.992212636869937
88073,6770367,9.983720898747151
88073,6651384,9.963092221347763
88073,6651385,9.928572901836727
88073,554213,9.927587664284403
88073,8465728,9.927587664284403
88073,3879713,9.909074376790691
88073,7572649,9.8390099498775
88073,6549165,9.82929946692321
88073,41133,9.814948943450032
88073,2373022,9.808468235718909
88073,7678933,9.800813480129785
88073,7028922,9.776345258643671
88073,4714010,9.773356813065428
88073,470068,9.773356813065428
88073,4355187,9.732583260408067
88073,8077298,9.705627409348368
88073,6306620,9.701846063366155
88073,8077296,9.70178066917981
88073,4090007,9.694250980620211
88073,6651381,9.690547402755492
88073,5082565,9.689616989713134
88073,3792697,9.685591765386366
88073,3780597,9.67723625546605
87452,7965004,15.486195148919109
87452,8819113,14.996674831816632
87452,8152222,14.235437096909209
87452,4634899,14.16415345441784
87452,6018163,13.98695275890179
87452,7965007,13.975886017632313
87452,8436578,13.885872994576442
87452,2035306,13.87088786505118
87452,1395625,13.861116775005915
87452,8436576,13.469229336191923
87452,6798421,13.469229336191923
87452,1642159,13.430169400450161
87452,8819114,13.380912983145727
87452,186939,13.380695284257822
87452,8081937,13.366899674762852
87452,7965011,13.301381455857422
87452,2026777,13.20175062878786
87452,7542008,12.977674618735028
87452,3732121,12.842869497000281
87452,7843982,12.788472823832757
87452,6018167,12.755524837713523
87452,3505336,12.719240075183947
87452,6018161,12.616775014454928
87452,8436572,12.590771419293414
87452,6018160,12.520539864377973
87452,4583410,12.427886086869727
87452,6018164,12.400098005238851
87452,4872055,12.371860512287391
87452,5751686,12.359199362056192
87452,3161807,12.312167182549757
87452,6018166,12.242855808010855
87452,8819111,12.02317545287178
87452,7843984,11.969097824894938
87452,4502603,11.950135647497753
87452,3505332,11.799017092196795
87452,8333919,11.79481663514619
87452,6335482,11.783836342027211
87452,2096142,11.783836342027211
87452,8055167,11.737104110702578
87452,4557550,11.730325000452055
87452,3809017,11.705710733911204
87452,7499676,11.697581001026737
87452,8333921,11.660713669083375
87452,88525,11.656603585931569
87452,5836705,11.571254932449046
87452,8333912,11.507857826585845
87452,7542004,11.503978810238202
87452,8152220,11.483156715031178
87452,3809016,11.442251879645704
87452,3808783,11.43357713743572
87452,8776987,11.43143844499237
87452,4866237,11.38974881502589
87452,8436579,11.364062487277476
87452,2065225,11.353903767856043
87452,5180113,11.344903141465895
87452,180903,11.243598546978614
87452,8819116,11.228406849386854
87452,7166746,11.193607624660014
87452,7166751,11.193607624660014
87452,7166743,11.193607624660014
87452,4461393,11.17044113423869
87452,5180105,11.127673229085964
87452,6018169,11.11986135600479
87452,2205470,11.074734407010059
87452,2197295,11.058425621278083
87452,5987443,11.022523562367706
87452,7166749,11.006451115101008
87452,6386830,10.984670260556715
87452,1395633,10.98274942243237
87452,4404198,10.98274942243237
87452,7166752,10.847700096265136
87452,196346,10.840436044205674
87452,6018168,10.837997965014466
87452,1150485,10.820328965313937
87452,5732043,10.80403538651491
87452,5219890,10.758054411672738
87452,3211632,10.742041233726415
87452,3161812,10.7157397270379
87452,8152225,10.7157397270379
87452,8126315,10.709640698746973
87452,6884591,10.687869901297535
87452,1176095,10.62552481806327
87452,4993644,10.58342666276096
87452,5746165,10.572136703271982
87452,8607555,10.570829069016556
87452,5593932,10.54483096842807
87452,8081930,10.419229851458965
87452,6050915,10.379288379913294
87452,7166745,10.332191057826899
87452,7388832,10.322836899376751
87452,3499427,10.321008432064156
87452,5286924,10.303390977865863
87452,5593930,10.298451036602806
87452,5296736,10.268530202092423
87452,8213478,10.232053637372768
87452,5280076,10.16143417087708
87452,3809018,10.142726631576735
87452,7836838,10.140495939567089
87452,8679716,10.130074511348177
87452,5116022,10.079766976491115
1005165,8211327,51.097955732608426
1005165,2095590,41.89476139284091
1005165,6226570,41.15307466798967
1005165,2095586,41.121735455389455
1005165,1168453,40.79503841215169
1005165,3314283,36.95643528639577
1005165,5465086,36.74554959775151
1005165,8722226,36.52603179741701
1005165,5337888,36.417925658349404
1005165,5337887,35.91965534061541
1005165,5465085,35.50455414497492
1005165,2515807,34.74307414466299
1005165,4439056,34.61220818130815
1005165,2515922,34.52816789145412
1005165,8211280,34.204538194786046
1005165,5343908,33.95052866968399
1005165,4174254,33.92837504912177
1005165,3552097,33.53229139444053
1005165,6226567,33.46291584697426
1005165,5465082,33.39818895447164
1005165,8835991,33.37379587102153
1005165,5343916,33.356164502122525
1005165,8565565,33.34098732571516
1005165,7272760,33.23261289361059
1005165,8470102,33.14760536192999
1005165,5980173,33.077720493572656
1005165,4174256,33.058120874190195
1005165,897617,33.03567494213231
1005165,1453874,32.95524239279681
1005165,3552101,32.95524239279681
1005165,4719713,32.6512928265747
1005165,2516023,32.568901304900905
1005165,643663,32.47889773148425
1005165,2424152,31.925772739817763
1005165,8211329,31.693474559111433
1005165,5205784,31.628349313929252
1005165,3451293,31.577711692290556
1005165,2515926,31.432200448539966
1005165,5938849,31.41411069523718
1005165,2657978,31.25618995932548
1005165,2515923,31.12351470434824
1005165,188617,30.951419497231925
1005165,467859,30.94485633928879
1005165,7272761,30.85615838014989
1005165,7272764,30.8156822302968
1005165,2095585,30.7354996339555
1005165,2448103,30.720274076884266
1005165,5337892,30.665158958155622
1005165,8211282,30.595401867613237
1005165,1714067,30.420413625984693
1005165,5503494,30.400382217603557
1005165,8722221,30.38768045197005
1005165,2095588,30.303701158005616
1005165,2363888,30.21625007545778
1005165,860517,30.155540487794884
1005165,2363890,30.047103616282925
1005165,6279036,29.982544417319275
1005165,6279037,29.837083083945366
1005165,4459499,29.836977988480754
1005165,3474953,29.697431433734234
1005165,4949629,29.678692126029098
1005165,7272763,29.65913937770948
1005165,5337891,29.63785333703067
1005165,643666,29.568812415886615
1005165,2657979,29.497961781027055
1005165,5337886,29.40098682024987
1005165,2515803,29.384199242336585
1005165,5285626,29.380237527345233
1005165,2144664,29.31160362015938
1005165,2144657,29.31160362015938
1005165,2657980,29.239180100891318
1005165,1025859,29.222018364008576
1005165,2318980,29.2211781000329
1005165,2448101,29.19007278046164
1005165,8213528,28.985252915279037
1005165,3334946,28.939454617692476
1005165,897619,28.872394091256744
1005165,860512,28.789129913036387
1005165,3474956,28.77245532750685
1005165,7272768,28.692563717633075
1005165,8722220,28.602099745055874
1005165,4650259,28.540202002987076
1005165,5285624,28.447620609532347
1005165,860515,28.429374036564855
1005165,2913846,28.429374036564855
1005165,643661,28.424598835295747
1005165,7080283,28.33770463075682
1005165,5980176,28.309482105209
1005165,8211328,28.247497769571886
1005165,8213529,28.192875251961595
1005165,6330356,28.14352110556693
1005165,6330358,28.061958541718926
1005165,4650258,28.02600093166078
1005165,2095591,27.993052278490392
1005165,5980174,27.993052278490392
1005165,398993,27.986539232293744
1005165,2515801,27.935856930270454
1005165,5343912,27.928039818907607
1005165,5465079,27.760117474413637
1005165,5337894,27.65525479362643
1133249,8346450,20.314420655779138
1133249,3698411,19.696383052304675
1133249,7167894,19.016238918651055
1133249,3019349,18.997061668259335
1133249,7566545,18.850230970606887
1133249,4506468,18.603558802010074
1133249,3433412,18.371652150754855
1133249,8603217,18.312469166929127
1133249,4591414,18.09781131952148
1133249,7462407,17.58938645438838
1133249,1487943,17.546376543850716
1133249,4916606,17.272431617399718
1133249,1854477,17.21965411100394
1133249,8346564,17.180526895055113
1133249,4503308,17.169430346568923
1133249,2898966,17.12791676224146
1133249,3026633,17.096873059692737
1133249,1074202,17.058275066826514
1133249,2706887,17.048014424768297
1133249,712642,16.959506184985614
1133249,4203252,16.892307246087583
1133249,8825905,16.748874197973777
1133249,8807065,16.74843827097098
1133249,5367981,16.698982877972163
1133249,2930257,16.69417445967158
1133249,2655365,16.600984377225835
1133249,3321090,16.51920027429304
1133249,3682213,16.50436041126786
1133249,7462411,16.47553099703301
1133249,7462405,16.288095547900113
1133249,4485700,16.06550171806785
1133249,8573563,16.02860169391052
1133249,8346561,15.962118851344574
1133249,5367980,15.930578361915238
1133249,5705062,15.927154605111099
1133249,891852,15.722022855079718
1133249,8346354,15.68487463309489
1133249,4849933,15.536780207698538
1133249,7226761,15.515132924831832
1133249,7300200,15.475845221876842
1133249,2898961,15.462543522980937
1133249,3706041,15.45274756206339
1133249,5243845,15.442184051237847
1133249,3321094,15.394758469639306
1133249,6437809,15.384553246423133
1133249,3945548,15.383134342982205
1133249,3019343,15.368156219799374
1133249,1993952,15.244562358730878
1133249,360703,15.208653422504533
1133249,2190103,15.180948197534676
1133249,3396444,15.161958538533627
1133249,8051083,15.115892647070572
1133249,16769,15.110963682084662
1133249,6526778,15.051094258164515
1133249,1993958,14.966237506220013
1133249,2204619,14.941713950744797
1133249,7929044,14.844145186511783
1133249,6906454,14.789398050213611
1133249,2611859,14.754566566803375
1133249,6906461,14.708271890504669
1133249,2667385,14.646106731178927
1133249,2190096,14.643912716695919
1133249,8295961,14.638922189399558
1133249,8295964,14.638922189399558
1133249,3396446,14.62829472034789
1133249,4005458,14.613953755835299
1133249,1756769,14.567011074856929
1133249,3614269,14.562118607943182
1133249,2391426,14.536101072752913
1133249,4504381,14.526731719422768
1133249,7392886,14.526731719422768
1133249,5915735,14.521378865310414
1133249,6220923,14.519754446669669
1133249,2930253,14.509526829918382
1133249,4942899,14.487763047758545
1133249,524756,14.480868081052984
1133249,6553572,14.445699694620089
1133249,3321096,14.438060118795011
1133249,7462410,14.438060118795011
1133249,161359,14.397253092856864
1133249,4883125,14.387945197779565
1133249,4883129,14.387945197779565
1133249,3594576,14.33325429663733
1133249,29800,14.317832446451721
1133249,4049449,14.314009843636562
1133249,5174820,14.313045565792988
1133249,2546837,14.297117623457236
1133249,7040041,14.29146785278986
1133249,4507553,14.248892984443714
1133249,1522297,14.140494124294444
1133249,3854017,14.133046926291874
1133249,8726286,14.092770030123773
1133249,5840684,14.078938997919595
1133249,6553568,14.071507482817488
1133249,6605771,14.065807843376337
1133249,4261854,14.049809125599431
1133249,8165786,13.98144082225231
1133249,5922742,13.962217983253929
1133249,4383810,13.96029180365127
1133249,5915733,13.933727006122993
953067,8748785,24.612421316401644
953067,7109632,23.250390504264303
953067,1252243,21.967795600667213
953067,1620992,21.867877669378352
953067,2439542,21.41486357998791
953067,7060025,20.948520126078538
953067,3276503,20.85661468805409
953067,6251817,20.68551834548385
953067,6655995,20.332418594809898
953067,2766309,19.96189378790911
953067,6656001,19.91660336486629
953067,7109633,19.50471616782988
953067,2684908,19.37710293710025
953067,5332276,18.915137973082764
953067,3646159,18.90721096489821
953067,3364845,18.803433791553108
953067,6656000,18.68089131156472
953067,6405694,18.43288589994645
953067,1855855,18.422788663709355
953067,421708,18.240983157763246
953067,6251808,18.202561380530472
953067,3646162,18.19552236149711
953067,6251809,18.107913516747182
953067,7182847,17.9822367986229
953067,6655993,17.919544213981023
953067,5988576,17.7926058318884
953067,2546085,17.783611773344283
953067,183895,17.707231581583624
953067,7109639,17.677838663926504
953067,671236,17.50875431410215
953067,6457238,17.457030366540504
953067,7109636,17.40034823594902
953067,6457237,17.360110011870447
953067,704479,17.069592615830214
953067,3646157,16.985181009373342
953067,3098564,16.87220982876877
953067,4868307,16.74003020728629
953067,7532166,16.666926392497835
953067,2421787,16.64988440515398
953067,2421789,16.64988440515398
953067,8748782,16.55502354768134
953067,8653966,16.45666098855088
953067,8748783,16.32269342714777
953067,7532165,16.31787339736433
953067,8206995,16.244665767153155
953067,4868308,16.169657813958068
953067,7532163,16.151586281527567
953067,7531594,16.04963277143069
953067,3804911,15.950598988655823
953067,7109635,15.87094387748224
953067,4094871,15.8484237155397
953067,8653964,15.708433338679761
953067,5609737,15.667772078486074
953067,2435222,15.461519308252118
953067,6775081,15.426402370844722
953067,4423622,15.105300787529785
953067,8748784,15.098276723905904
953067,4809005,14.988585482983247
953067,77642,14.959612221636743
953067,6393659,14.939079962922014
953067,7165488,14.872513644240096
953067,3261691,14.856569945262724
953067,2593988,14.674531168246055
953067,8332494,14.257181823954243
953067,6655997,14.219392032971767
953067,883160,14.135269786034842
953067,6655994,14.110763928893572
953067,7225094,14.094097503576837
953067,4255738,13.940406037451707
953067,5135408,13.906497250441
953067,6491418,13.874955325854323
953067,6491416,13.819944650463487
953067,1807954,13.813330753597391
953067,8653961,13.809988093016552
953067,8767025,13.733682812414672
953067,6118019,13.660861108886554
953067,3939815,13.505335756589698
953067,8332486,13.442276634748445
953067,5564945,13.4248979237237
953067,6923510,13.407460749858657
953067,6649955,13.376775571030993
953067,311709,13.320394017633463
953067,7109637,13.308663919284072
953067,5332284,13.295834697423935
953067,7030522,13.288236883708926
953067,8551766,13.23360282695953
953067,4195205,13.205293484499888
953067,5744627,13.202666625453643
953067,5332283,13.172084967954962
953067,5332279,13.146458329785839
953067,311704,13.134503691324358
953067,1305592,13.127510693245938
953067,2428998,13.055258942466832
953067,351016,13.055059314614192
953067,8653967,12.954251492637805
953067,2073044,12.904802791704325
953067,41826,12.863333982624422
953067,3717831,12.863269375171587
953067,311705,12.801140884897471
953067,1746251,12.719440576902482
101169,2194351,20.706853532475826
101169,8408327,19.053508599808694
101169,4535875,18.911605428096582
101169,2194348,18.911605428096582
101169,1648334,18.871334723369333
101169,2478981,18.596940862577384
101169,2802877,18.558712337254306
101169,5829188,18.543013113843706
101169,6243304,18.530590864401635
101169,4194383,18.445048805192826
101169,2802879,18.312307516599965
101169,1510217,18.239453974929916
101169,4743118,18.239325193303138
101169,4743111,18.17446457884585
101169,6441333,18.17042884972205
101169,1002426,18.086212496486585
101169,7381743,18.05722707865055
101169,5670264,17.96102031671591
101169,8030623,17.92249418724969
101169,8263692,17.900858926960012
101169,1165446,17.837808029497253
101169,6270049,17.77709729817264
101169,6270046,17.769074418731172
101169,1510210,17.700420136939222
101169,6441329,17.579560775191055
101169,1909118,17.571244049619423
101169,6441336,17.55510239825768
101169,8263693,17.477777094771618
101169,7381742,17.45525239821697
101169,1648335,17.396646488542505
101169,2194347,17.376029793075986
101169,4577683,17.300020260429974
101169,4743116,17.29111755672328
101169,3710990,17.29111755672328
101169,2527316,17.288252723737287
101169,4941249,17.268726198388315
101169,6000938,17.240179267289594
101169,3353296,17.19601377903004
101169,4194379,17.190064155938057
101169,3423265,17.163689576434315
101169,1663153,17.12578970765096
101169,1601976,17.124515646760543
101169,3710991,17.124222479172303
101169,5749077,17.124073264227683
101169,1594132,17.10138859824979
101169,2802880,17.074118671396704
101169,5878883,17.07136594448793
101169,1648339,17.01959352249858
101169,1648336,16.990102820470806
101169,2527313,16.985727845850413
101169,1165442,16.804328654002145
101169,8315840,16.801395959422724
101169,5670262,16.786769820669413
101169,1165440,16.770148722022327
101169,3710992,16.76555480329303
101169,3710998,16.738119507053355
101169,8263698,16.706330435032008
101169,1165441,16.680935585648356
101169,8621279,16.67525568665306
101169,6441330,16.67187120777411
101169,6622672,16.627495347591534
101169,5670261,16.603420958481507
101169,648913,16.603420958481507
101169,2053513,16.593379094525538
101169,6277755,16.580909412179366
101169,2657649,16.56867358932325
101169,6751533,16.50031926187382
101169,3161733,16.49505757414207
101169,803905,16.474429086217768
101169,4626143,16.441037504037674
101169,7324467,16.403668447620014
101169,4194386,16.383991314083794
101169,7951631,16.357956034344756
101169,4050740,16.322764624906405
101169,4544586,16.32074863898697
101169,2802884,16.299021223045564
101169,7340149,16.25991601480245
101169,4743117,16.232727175111616
101169,1165447,16.216597571126393
101169,6677589,16.213849889746243
101169,8024474,16.15936386575582
101169,8263700,16.111143171128866
101169,1505683,16.090424769964258
101169,4074847,16.082818909650168
101169,3710031,16.06966160221079
101169,8710099,16.000750129048043
101169,4050736,15.99294622913204
101169,1035808,15.98528916256089
101169,5019876,15.984355311358488
101169,545834,15.976524792284533
101169,5670265,15.955298818823747
101169,2277816,15.910366059362083
101169,1648331,15.898372593051604
101169,268390,15.881782457394507
101169,4074846,15.833797701442293
101169,2182957,15.815751907664614
101169,8263694,15.808277844311613
101169,4626138,15.769676176565994
101169,6441334,15.74542631750963
101169,4600453,15.728854337324389
855410,8651771,13.342906248497558
855410,8651775,13.062259938789651
855410,8651776,11.592333028065905
855410,8651772,11.55507609969854
855410,8651770,11.070093813310883
1121276,8053899,28.961741760956862
1121276,8053893,22.103694960927022
1121276,3519772,19.29590892026993
1121276,7132269,19.14979301399505
1121276,5594668,18.978741565778208
1121276,5494370,18.580478628978057
1121276,8547889,18.41325707647001
1121276,1660162,18.390223398386766
1121276,1660157,18.390223398386766
1121276,1660161,18.390223398386766
1121276,5494374,18.390223398386766
1121276,5494371,18.374906105303413
1121276,1548310,18.340767387355235
1121276,1548307,18.340767387355235
1121276,1548303,18.340767387355235
1121276,293357,18.29206738079507
1121276,1459366,18.22981380574464
1121276,6602513,18.187932429138932
1121276,7519426,18.172361320672877
1121276,7519427,18.172361320672877
1121276,7519431,18.172361320672877
1121276,5494376,18.172361320672877
1121276,7504280,18.172361320672877
1121276,1660160,18.172361320672877
1121276,1660156,18.172361320672877
1121276,7504275,18.172361320672877
1121276,7519428,18.172361320672877
1121276,6602520,18.132360041474627
1121276,7504277,18.112035503446464
1121276,6711261,18.085999239399193
1121276,1548305,18.070790528038554
1121276,1548308,18.052108881818206
1121276,1660158,17.99257750644405
1121276,4720097,17.882490799966114
1121276,7519422,17.869233373201155
1121276,1660159,17.869233373201155
1121276,8055659,17.8312771232331
1121276,5494369,17.820506560574156
1121276,8053891,17.765071925872885
1121276,442171,17.735639397880988
1121276,7640263,17.671722725587355
1121276,922155,17.657814181004582
1121276,922157,17.616208787149333
1121276,1501659,17.553222117010343
1121276,922152,17.503228417184303
1121276,376918,17.446973929696696
1121276,7011499,17.32412836489207
1121276,6711263,17.321121767786426
1121276,534902,17.280105629039646
1121276,4130946,17.280105629039646
1121276,3229243,17.279107435846413
1121276,534901,17.05827984969025
1121276,1678127,17.04988600659418
1121276,1199395,17.00737684321443
1121276,1678128,16.99328641071255
1121276,8055664,16.9622409205871
1121276,5271643,16.858351002122653
1121276,4130940,16.85444662904702
1121276,248379,16.851458737824423
1121276,1767215,16.84547560672952
1121276,5271640,16.829584949016898
1121276,8622639,16.82631075547895
1121276,1767211,16.801244359487292
1121276,534907,16.792896966226994
1121276,4782540,16.784966735313173
1121276,8053896,16.73816292592286
1121276,6971352,16.72980036148627
1121276,51764,16.695123454366822
1121276,2201349,16.62391521975853
1121276,7318354,16.60737216645341
1121276,3287213,16.606656246423338
1121276,8055660,16.474939921329145
1121276,4720100,16.447294364764673
1121276,962934,16.40269610043148
1121276,1419401,16.381054508808468
1121276,317275,16.37992648861398
1121276,2847519,16.3442677100672
1121276,8560885,16.342279309992342
1121276,7269993,16.338064934969736
1121276,4130944,16.329881891219785
1121276,388969,16.188465855148273
1121276,8273507,16.132590197432815
1121276,6472636,16.120262468426233
1121276,8343138,16.120262468426233
1121276,4782543,16.032452678761263
1121276,8719208,16.013875960645017
1121276,6711266,15.971907053463317
1121276,3786698,15.967510399862954
1121276,4979357,15.967510399862954
1121276,4186969,15.905386579071415
1121276,155255,15.896500506458082
1121276,5865578,15.87087692157751
1121276,248382,15.75409100696918
1121276,5770596,15.739047877300496
1121276,8463867,15.734086060181362
1121276,7640266,15.68151517128873
1121276,8055658,15.674968160804177
1121276,4730361,15.652901907552316
1121276,4861400,15.56640030454919
1121276,1419404,15.560829920798161
1114646,8117094,14.687623715344264
1114646,4453440,13.253414348268612
1114646,8117093,13.248986439301481
1114646,8117087,12.798311152622523
1114646,4270203,12.583408821486227
1114646,6704400,11.720278847927084
1114646,3699874,11.534322909927923
1114646,4776382,11.421093316343292
1114646,2676807,11.370262676926572
1114646,7174016,11.292506103058466
1114646,8117092,11.265676079192493
1114646,5417954,11.241669963525434
1114646,5417953,11.185182119578405
1114646,5417952,11.129259124621484
1114646,2505776,11.117329882301261
1114646,7012106,11.023915805683849
1114646,7196961,10.96990046440176
1114646,4438502,10.95879647951712
1114646,153138,10.860829955503345
1114646,898854,10.754465815806517
1114646,1760178,10.67407775489847
1114646,4656404,10.64069033167288
1114646,4656405,10.64069033167288
1114646,579554,10.560971137785762
1114646,6669229,10.560864077207224
1114646,8825558,10.481736097234586
1114646,2927901,10.407910469677933
1114646,3123685,10.407910469677933
1114646,8074924,10.306295286416763
1114646,6501323,10.22703439325424
1114646,3467664,10.19804243113144
1114646,2383701,10.149332373227614
1114646,509101,10.110565118982661
1114646,4908869,10.002729625914657
1114646,444382,9.991130442343445
1114646,820573,9.977272674968807
1114646,4908870,9.95674340122762
1114646,8714217,9.950372290728623
1114646,2911040,9.87421533787374
1114646,3046417,9.873344857514969
1114646,8117095,9.85922914991849
1114646,3184851,9.841631161102594
1114646,5279567,9.831116330315542
1114646,6704401,9.822436100289494
1114646,7174014,9.813950207152137
1114646,2343617,9.785814745348096
1114646,8181051,9.77901521152734
1114646,7950140,9.7237992377276
1114646,6348309,9.698126946502779
1114646,4655941,9.685704871196489
1114646,2565463,9.684337449954553
1114646,1864741,9.683042674832253
1114646,3184850,9.636655734137175
1114646,4603841,9.583985856820544
1114646,7984234,9.556687520386369
1114646,8221451,9.519417930144655
1114646,2910558,9.518600416577886
1114646,2383709,9.417931972501123
1114646,5602954,9.414941041817947
1114646,4314094,9.40557728948085
1114646,76836,9.402311612270218
1114646,8117088,9.37250282732531
1114646,5907123,9.360199541219147
1114646,3721191,9.350885782924493
1114646,4327099,9.327879959982747
1114646,2505772,9.303561433518992
1114646,4332918,9.302544870227814
1114646,5640856,9.300256756291319
1114646,2201127,9.244267762581266
1114646,7788273,9.20629441560282
1114646,6168449,9.195608628837089
1114646,1092439,9.142359119743075
1114646,771368,9.12551805268512
1114646,6711103,9.048266358323424
1114646,5885153,8.987857622320284
1114646,5041692,8.982257161685274
1114646,1573874,8.966225611323692
1114646,7196956,8.963985621865517
1114646,1647183,8.957027807064684
1114646,8327369,8.947017731019962
1114646,7103112,8.939124218169624
1114646,557298,8.920220546645954
1114646,1607781,8.895798332646557
1114646,4765337,8.837728256393234
1114646,590265,8.815279723056078
1114646,606868,8.779354757557734
1114646,2911039,8.74427506238209
1114646,4275517,8.741953134155041
1114646,5217702,8.736329791244279
1114646,3467665,8.736329791244279
1114646,2647994,8.72262619166797
1114646,6904393,8.69474429670637
1114646,105398,8.694070713889184
1114646,3946741,8.684288329547353
1114646,7302832,8.647317818668562
1114646,1971975,8.647317818668562
1114646,4609422,8.647317818668562
1114646,5640859,8.644060168564788
1114646,3067799,8.628364737743201
1114646,5439738,8.628364737743201
19335,7267248,14.439963103012142
19335,8635981,14.06239902333698
19335,7158441,11.928664076400475
19335,5078867,11.714970837948542
19335,2699656,11.666889667116315
19335,6130626,11.58711081212727
19335,5711213,11.454494807315635
19335,775468,11.43326452549013
19335,8209494,11.379293020788733
19335,851855,11.295301835910392
19335,1565007,11.26555379674764
19335,5078865,11.111706154792746
19335,398457,10.962204578440211
19335,772232,10.913978820102852
19335,1565010,10.853751892842318
19335,5293908,10.810966495853238
19335,2966373,10.745688223691136
19335,3219569,10.745688223691136
19335,2889552,10.729477868659885
19335,56230,10.729477868659885
19335,4164107,10.606244491736412
19335,3383153,10.537930619987703
19335,1119994,10.529427546079793
19335,566655,10.458642568900071
19335,7954313,10.42062625761653
19335,5459549,10.413314083942652
19335,6369174,10.40423433294502
19335,6130628,10.33838841012762
19335,1837110,10.285017438229103
19335,5900576,10.238744911060547
19335,527698,10.233455750348956
19335,3219570,10.223923303894884
19335,4480942,10.192856089241694
19335,354219,10.154723101606361
19335,354218,10.084257496192233
19335,8175521,10.06942299444094
19335,1083329,10.029915806697538
19335,3992849,10.022741526003523
19335,2966377,9.998898018128765
19335,8782570,9.976661775828587
19335,7952189,9.972387076293426
19335,2449497,9.948709831036547
19335,2523493,9.935647198225618
19335,7778619,9.929898591049396
19335,6800660,9.90201930842229
19335,958928,9.870356056297755
19335,7255994,9.862403973025682
19335,900143,9.843134103122248
19335,2610812,9.802166762172996
19335,8121253,9.797716367092502
19335,6818795,9.78427789812262
19335,1720388,9.757880721920726
19335,1544910,9.742153496806118
19335,7013943,9.709249877524146
19335,7267243,9.698473452219007
19335,7868947,9.697894175798384
19335,2071721,9.692483128404039
19335,3260688,9.668365938044444
19335,1509459,9.663977904076923
19335,3368368,9.663181887207806
19335,6542497,9.663181887207806
19335,7926514,9.663181887207806
19335,6784591,9.646585397165495
19335,6238007,9.64157172178363
19335,7042084,9.613008913227155
19335,5696678,9.609772005843451
19335,1902331,9.57565084423962
19335,141506,9.567573820228274
19335,8677296,9.556387741638595
19335,1567674,9.5562354902668
19335,6902383,9.506413770817778
19335,4480948,9.495895177992917
19335,7332885,9.495865685782576
19335,1902329,9.489691313741954
19335,5365657,9.453688386123774
19335,5078863,9.436343130861337
19335,4486321,9.434938527633559
19335,1958102,9.429953530127253
19335,2071720,9.402859015916313
19335,6078654,9.402146768540884
19335,7787893,9.397975424770536
19335,236090,9.391872657015014
19335,3366913,9.38772077152967
19335,1208857,9.37756331466594
19335,5594682,9.37756331466594
19335,2459781,9.361384976096222
19335,429852,9.335895202564714
19335,8031509,9.322320488433185
19335,883586,9.322320488433185
19335,2874503,9.313998585469593
19335,8782571,9.313998585469593
19335,3964110,9.313998585469593
19335,6510257,9.309206959213137
19335,8107929,9.309206959213137
19335,8107928,9.304630063964606
19335,3656967,9.281140615174142
19335,1341307,9.278714608983051
19335,4856832,9.264765867493947
19335,1720387,9.264678153038991
19335,7158440,9.262258478472539
789700,6939903,16.080622704832358
789700,4273580,14.325381725951258
789700,6834593,13.726824141485361
789700,4273589,12.80347191723299
789700,7301424,12.558073126434612
789700,6834590,12.198806349115795
789700,6834596,12.004155341909808
789700,1260652,11.940644796429746
789700,6834599,11.877802746319842
789700,6939898,11.787113701590188
789700,6834597,11.542558559787357
789700,6939899,11.48298549870265
789700,1437501,11.477309239613195
789700,6939905,11.44268748382793
789700,8197220,10.911428434442255
789700,1590507,10.849967497069374
789700,6834595,10.706671606041974
789700,698486,10.221755693595314
789700,4273582,9.924788176028379
789700,8598565,9.778861244458579
789700,1563909,9.69484838669909
789700,6834598,9.574698814189786
789700,6939901,9.574698814189786
789700,6834594,9.408755464179267
789700,4273588,9.372752904655174
789700,1698200,9.170352302158912
789700,1260650,9.144885018225205
789700,1142252,9.144885018225205
789700,4273584,9.093546879159533
789700,8829257,8.927833885168994
789700,1563907,8.927833885168994
789700,8829258,8.85775515486
789700,338319,8.83134177737433
789700,4273583,8.79877367451913
789700,8299302,8.788768017379612
789700,6834592,8.757905107338242
789700,6834591,8.720847164772668
789700,7639308,8.653968065418338
789700,6939904,8.614614327128566
789700,4273587,8.589937391531048
789700,4273585,8.589937391531048
789700,3272322,8.522510968327515
789700,5471744,8.459347004607002
789700,8302630,8.459347004607002
789700,4492312,8.456134823856246
789700,768317,8.32643671761658
789700,1533753,8.32643671761658
789700,6939902,7.90222823414629
789700,1590503,7.402296209628098
789700,302463,6.40869496434511
47923,8348762,30.507947769880303
47923,8418683,29.613816201403832
47923,1868437,27.654928182813094
47923,5417582,27.41759058598515
47923,1681336,26.949606886377083
47923,6241150,26.216889466024462
47923,6643066,26.083208376272804
47923,6241152,25.9356344818769
47923,5032362,25.524654345258895
47923,1868438,25.48619759116923
47923,1681334,25.40761895610735
47923,1960681,25.169134541009704
47923,6919836,24.955834475824503
47923,7914498,24.476008429240277
47923,6241147,24.46613061447824
47923,5586331,24.342151102367644
47923,2135499,24.29213075428686
47923,99926,24.02659870693453
47923,4297620,23.667031576032933
47923,4202490,23.150881107386233
47923,2569321,22.980863155784157
47923,618556,22.456344368255827
47923,3438013,22.146230980593785
47923,5147527,22.02046457366648
47923,727614,21.955991578830485
47923,5147529,21.923813597211957
47923,3348838,21.59033989359483
47923,8619126,21.56092056554418
47923,5032364,21.553405587097046
47923,1681332,21.553405587097046
47923,8418678,21.36281856770769
47923,8418679,21.34159047455257
47923,8619129,21.31954929211319
47923,611271,21.29324068289685
47923,5417584,21.248117378208
47923,8418681,21.18835198255145
47923,5417580,21.151181363747646
47923,3348834,20.951521500107177
47923,3246975,20.705972564188702
47923,4523463,20.576856062002555
47923,284591,20.456772371493038
47923,5147526,20.349363382478238
47923,3883233,20.318594069292566
47923,473809,20.195447223682837
47923,1296110,19.98144905577718
47923,6176198,19.95798755263341
47923,264754,19.95798755263341
47923,6241151,19.902102221202416
47923,611017,19.90167773893871
47923,2838662,19.86478635129481
47923,8659158,19.67271048911614
47923,8641107,19.63587486548588
47923,2831044,19.40641360233129
47923,3883232,19.131570639948606
47923,4321228,18.937991377045194
47923,4257346,18.915514786802735
47923,1023866,18.756262734859014
47923,611018,18.55294923884789
47923,8200714,18.535170822810315
47923,7644552,18.49887022555741
47923,1868442,18.37482527875793
47923,5137402,18.342571239667706
47923,1892040,18.3409903846605
47923,3784249,18.189148506788467
47923,525511,18.065270217885853
47923,5639362,18.059468818655247
47923,7417272,18.005744162784794
47923,291219,17.981145347517614
47923,3719511,17.97287132562738
47923,1354790,17.957075948537703
47923,84017,17.957075948537703
47923,6213242,17.910300833109282
47923,2772864,17.832051551718745
47923,3946163,17.82277665523204
47923,8284608,17.796868527545243
47923,6672697,17.782563895333574
47923,5014461,17.782563895333574
47923,3217351,17.7650234130336
47923,2655670,17.758507329403685
47923,1023864,17.735245455805142
47923,2235638,17.703821139537865
47923,6241153,17.69452522491493
47923,436332,17.69124317676423
47923,2148997,17.621937865635978
47923,1681331,17.613189377254823
47923,1488916,17.612245806082928
47923,6210760,17.586505335728226
47923,1506786,17.50931622116499
47923,1161940,17.464721751036407
47923,8418685,17.45753922607471
47923,1964653,17.417316444089405
47923,8641104,17.415283579305765
47923,473807,17.415283579305765
47923,6244013,17.40032049554985
47923,4991357,17.352945509681238
47923,2772857,17.300915159914542
47923,4046927,17.29500142187668
47923,3772540,17.29500142187668
47923,3853976,17.25989075201271
47923,3196227,17.255176053362536
301524,5585186,27.806596289662593
301524,5585190,23.776172832585715
301524,3664991,22.710907388606966
301524,1825974,20.86082522947494
301524,7499912,20.58579667565384
301524,3115772,20.11068734829752
301524,6391534,20.05106275970227
301524,5585184,19.17961054555078
301524,5794161,17.915078407198788
301524,7499913,17.72020467672328
301524,7499908,17.72020467672328
301524,7499907,17.612059549370635
301524,8745829,17.301964972459817
301524,3185150,17.223204506340824
301524,5660547,17.193847528857077
301524,8458062,16.902509130727015
301524,8731137,16.84699459293731
301524,8731138,16.84699459293731
301524,6391532,16.738913528907254
301524,4322234,16.55497267712908
301524,5794158,16.449030007426195
301524,5633393,16.352547265437842
301524,3664995,16.24627285796163
301524,7499911,16.09449852673647
301524,5498040,15.81277783033012
301524,5119196,15.674126531932744
301524,8745828,15.671908162570901
301524,7524159,15.581158325355743
301524,7524163,15.566332721170603
301524,6169217,15.454961856208449
301524,3664994,15.44245316569789
301524,5703889,14.962312231953831
301524,7825902,14.844153515626516
301524,8731133,14.731351076092986
301524,1633284,14.24268091526718
301524,8312845,14.141869426596328
301524,8745827,14.120893795720711
301524,5794160,13.835961163714906
301524,4713303,13.825196760902145
301524,2743165,13.804057781604921
301524,3067457,13.73498796982412
301524,4322237,13.698073055379737
301524,539346,13.574599618631634
301524,5498039,13.561061236188893
301524,1825969,13.551553495863741
301524,3067456,13.550173956250967
301524,7524156,13.489498307762673
301524,5794159,13.461374282551459
301524,2987535,13.459698419467632
301524,3069472,13.405298371447785
301524,8745825,13.320411277914568
301524,5782216,13.156138053120241
301524,7825901,13.138586860737725
301524,3069475,12.969949043780558
301524,1010736,12.904923903092417
301524,2438538,12.897133115685453
301524,6980221,12.854305107874335
301524,8665817,12.80140365777835
301524,1825972,12.746168559804804
301524,4713298,12.700169347173276
301524,2915792,12.591414383300913
301524,5259058,12.547594856845143
301524,6010944,12.409495607759087
301524,8665818,12.399100539306048
301524,1365087,12.37963204379633
301524,1825966,12.338951777678169
301524,2293168,12.332304907295697
301524,4402123,12.3129678444768
301524,1365086,12.25131615587246
301524,5498037,12.23651745434156
301524,7825896,12.18000658305132
301524,6010943,12.164534051994941
301524,6391535,12.106403321653934
301524,982597,12.064623546844425
301524,6777580,11.999818817129967
301524,289131,11.988746653191322
301524,1825973,11.980401768810722
301524,1875729,11.820018613770007
301524,1758998,11.7765019670708
301524,4594122,11.768611753792687
301524,4713299,11.760210629331297
301524,982590,11.747397238945931
301524,8023625,11.711120289738172
301524,5119200,11.655650767118445
301524,6010946,11.65541394297023
301524,1812641,11.625738792108347
301524,6391533,11.517271654822515
301524,4231267,11.463727425637035
301524,2919508,11.428546419786679
301524,8652475,11.426011390304685
301524,2987532,11.412460020463914
301524,1990524,11.395895059361695
301524,7602588,11.377082548531941
301524,5715270,11.349289064034044
301524,1990522,11.321615568001864
301524,7825898,11.277726564527587
301524,5585185,11.256544001163938
301524,6777579,11.247139968644834
301524,7467707,11.233397276030063
301524,7602592,11.217277332236447
405717,2365660,29.81756923636448
405717,7447941,29.155062260630437
405717,6654655,28.95141526154147
405717,4704978,28.802362313799584
405717,7896212,27.897547769870265
405717,8433858,27.76549466689118
405717,5638740,27.192445889793664
405717,7896211,26.64608931870308
405717,8433854,26.51239628562289
405717,3986305,26.032885656482065
405717,6786304,25.8274258934838
405717,3986308,25.55702813532448
405717,3986307,25.40259823551914
405717,2747484,25.32942365446301
405717,2747492,25.315568419225436
405717,702386,25.194020968910607
405717,3033900,25.18818133999887
405717,5079482,24.866290596978466
405717,4828118,24.86047204831167
405717,2702419,24.74701583846671
405717,2747485,24.66981805072458
405717,1619423,24.540835675668625
405717,2747488,24.353155726129618
405717,6442862,24.245439024666396
405717,4489666,24.098816245482066
405717,758582,23.979209600911773
405717,7447942,23.964426739612186
405717,2702423,23.964426739612186
405717,3986303,23.962823658391233
405717,4577231,23.91671301132959
405717,1849743,23.6973747688689
405717,2365659,23.59012659690682
405717,2747486,23.533193477570098
405717,2642838,23.477774294181025
405717,7589975,23.445620916068233
405717,5690233,23.440952087138314
405717,3986309,23.435011931065425
405717,2747489,23.29219223238955
405717,931517,23.07113233094565
405717,3514259,23.068989675122253
405717,702383,22.98555460680636
405717,846414,22.84923845436024
405717,7170626,22.762384042592632
405717,4704975,22.726707882518298
405717,7288996,22.64143226338287
405717,5690234,22.407705450148104
405717,758586,22.399820802880587
405717,5690237,22.268178705637983
405717,2879960,22.179711719152102
405717,6741362,21.94946368282656
405717,2365661,21.835024990419956
405717,758581,21.765226152574506
405717,4489661,21.67567691476281
405717,7170629,21.47225647773405
405717,2747491,21.393419641404293
405717,2125641,21.059180094761594
405717,234955,20.991357488987518
405717,1589738,20.969693022869347
405717,28368,20.880327883597616
405717,7170630,20.870236800219487
405717,6419725,20.807148008470968
405717,7728831,20.625473803447758
405717,7447943,20.57572379033816
405717,5079486,20.52343003898423
405717,8156519,20.36502559786152
405717,4704973,20.363677784202167
405717,5668741,20.300707575986763
405717,2365663,20.136461146193454
405717,3033904,20.007236118667034
405717,8433856,19.732163767784947
405717,4776926,19.720867068730936
405717,506336,19.600688468985012
405717,4776928,19.565283063014242
405717,576346,19.53101894621985
405717,5690238,19.263456604249544
405717,2365665,19.241202177895104
405717,619037,19.10912575951553
405717,2413458,18.925930220710804
405717,5857562,18.92340367245992
405717,7965240,18.89323539481869
405717,4432155,18.824265837594368
405717,7631901,18.787112796467813
405717,2616168,18.78266099889642
405717,28367,18.779266969150566
405717,2413461,18.77737177116491
405717,4987955,18.727189912905487
405717,5690240,18.593320615168516
405717,273851,18.569782482013437
405717,5428445,18.567929374829397
405717,7201359,18.384521531328108
405717,7170624,18.338971394005227
405717,3033907,18.323344413977658
405717,8610271,18.29597951021336
405717,28372,18.282512236856626
405717,758585,18.18751904764105
405717,5274649,18.166623778077977
405717,7201361,18.16521499418089
405717,5638733,17.98925092305651
405717,8433860,17.954993614836766
405717,2768521,17.876427874000317
165633,8342630,22.19863454592575
165633,6160623,20.34371742053002
165633,5689373,19.608795566821875
165633,5689372,19.367295262998105
165633,6228229,18.83566170150996
165633,4443764,18.065201965164754
165633,1908533,17.857792962906966
165633,6160628,17.53643620922559
165633,3720078,17.513088930348662
165633,6450707,17.1231608111882
165633,6450704,16.6861958611179
165633,4870562,16.57339757054223
165633,8329314,16.37823572690097
165633,2882238,16.29540790053209
165633,675168,16.125384161971844
165633,8342625,16.08320548179939
165633,2006568,15.624308164766633
165633,404254,15.352840923348932
165633,2172292,15.211947879622652
165633,404252,14.634668531875821
165633,6160624,14.579982727008794
165633,8274266,14.558829762505093
165633,4951677,14.518433244146621
165633,8274268,14.492510979551948
165633,6160626,14.190333848521423
165633,2006569,14.027792881137557
165633,5616823,13.788579760796049
165633,2512110,13.73668042711979
165633,675163,13.68563322397988
165633,5929918,13.669467955691427
165633,4626635,13.349650244823348
165633,6740363,13.32537416655325
165633,715096,13.285264521081482
165633,7413339,13.123520741356032
165633,7846340,13.086020916266406
165633,1030511,13.079946607026308
165633,4460733,13.050772480789721
165633,2324443,13.007922082644978
165633,1895108,12.970396744724352
165633,7957303,12.87814750539621
165633,1030509,12.862666689927302
165633,4215354,12.800487881214416
165633,8274265,12.776946911530214
165633,4086110,12.756711471065774
165633,8274267,12.692904859139798
165633,8274271,12.684888330860375
165633,5150065,12.666169298023714
165633,4086111,12.65248758626317
165633,7047020,12.528241908759675
165633,8342626,12.424383723643222
165633,6266751,12.376821918462559
165633,7077632,12.349789732202986
165633,5150061,12.288094305631196
165633,1486171,12.252083533636304
165633,18386,12.252083533636304
165633,1972001,12.252083533636304
165633,2006567,12.155911218075717
165633,440452,12.061236946351165
165633,4198330,12.061236946351165
165633,5659317,11.91184245069961
165633,5689375,11.90992483007063
165633,5789035,11.875082434422154
165633,675164,11.785860367759728
165633,2172293,11.785860367759728
165633,7147096,11.73018412099298
165633,7047019,11.71774550458328
165633,638194,11.696841411617143
165633,4374794,11.522975084313936
165633,1486174,11.522777642725982
165633,3487778,11.472802483261525
165633,2091042,11.457215285891014
165633,78991,11.421941715009114
165633,5929920,11.421941715009114
165633,3334630,11.413415027712546
165633,1929750,11.405273220516078
165633,6719091,11.289544629367596
165633,6719099,11.289544629367596
165633,913391,11.238358888512224
165633,4374792,11.228513838020564
165633,8627336,11.22539926157145
165633,6905300,11.21462761758995
165633,1052687,11.202209956675123
165633,6916150,11.187037039595317
165633,6916147,11.187037039595317
165633,5461115,11.08661227816387
165633,5659313,11.08661227816387
165633,5684442,11.030649478848952
165633,8838916,10.948727081716882
165633,1908530,10.922339586429935
165633,3487779,10.919836627238796
165633,6378161,10.917334814939192
165633,8627335,10.79587231776542
165633,526011,10.782582435646919
165633,2512101,10.782582435646919
165633,638195,10.781118709541825
165633,1052689,10.713368628107933
165633,5150059,10.702318293066451
165633,7047017,10.702318293066451
165633,675160,10.682544528459744
165633,5689381,10.608064928117775
952774,6182826,11.555748421485282
952774,3028150,10.850264162648713
952774,8689431,10.110108358027357
952774,186679,9.914041712117653
952774,2660325,9.716747181799075
952774,5750311,9.47041098946507
952774,5689265,9.377930389977916
952774,8323653,9.363958046338382
952774,278694,9.303822025656721
952774,7884539,9.193175860940748
952774,7239154,9.08322008295897
952774,2280292,9.072385690320178
952774,4169630,9.060241046154987
952774,4157340,9.001982030145363
952774,3596992,8.95493661411872
952774,7687873,8.869767059709037
952774,4916401,8.842388248772034
952774,278697,8.83617398817142
952774,437301,8.83617398817142
952774,6375266,8.782051300622008
952774,278690,8.725034434170137
952774,1416217,8.684690027149324
952774,3792006,8.6538014615213
952774,5677309,8.647097977163666
952774,5210281,8.637684617462103
952774,7728727,8.61280393661832
952774,5273205,8.581004073724493
952774,3554716,8.57730532095749
952774,4153023,8.55799956522156
952774,1416219,8.542098127042424
952774,479317,8.479362453490877
952774,6120733,8.472543766973446
952774,6092207,8.465357401499766
952774,7382873,8.45904419880612
952774,1944566,8.438189626405375
952774,2161480,8.37031040894809
952774,2161484,8.37031040894809
952774,2258938,8.336778689549986
952774,254401,8.307094808577615
952774,8703904,8.25634140426297
952774,6304505,8.23709973602562
952774,2506693,8.174273475348617
952774,5689273,8.160508009077365
952774,7171566,8.160508009077365
952774,7884536,8.13566143583464
952774,7543343,8.055173840928571
952774,3190359,8.05301523433728
952774,5358968,8.046684930048087
952774,7565632,8.046662119448792
952774,3190354,8.040745858724076
952774,4682987,8.01900483841102
952774,7004659,7.993449654039719
952774,6092204,7.968884417885837
952774,372141,7.965949233737259
952774,1989626,7.954392228147237
952774,3023854,7.942418222297373
952774,1997192,7.92736452919972
952774,4198818,7.923907739032893
952774,1107725,7.882325353686576
952774,6323162,7.882325353686576
952774,6182831,7.837795065431537
952774,6426311,7.8184374055641115
952774,5290012,7.7937650881854665
952774,4687603,7.7937650881854665
952774,503823,7.7937650881854665
952774,4573402,7.792015745531682
952774,3296479,7.78903874844386
952774,4198812,7.758103996285882
952774,5750315,7.758103996285882
952774,6059883,7.750227037336084
952774,372144,7.750227037336084
952774,4557559,7.745152858307958
952774,3470171,7.744978540673113
952774,2971886,7.707172714585037
952774,2971887,7.707172714585037
952774,5735054,7.697885368801646
952774,7543346,7.693773441301946
952774,3470170,7.674496225072842
952774,337912,7.6645941028014
952774,337915,7.6645941028014
952774,1173194,7.6645941028014
952774,1028815,7.649541713281758
952774,5023255,7.622483361044833
952774,6929029,7.622483361044833
952774,3470175,7.602337112847084
952774,7091788,7.589792046998664
952774,8095572,7.589792046998664
952774,4616591,7.580832819751901
952774,688431,7.570421765536019
952774,8733708,7.555730413898854
952774,4573400,7.545568317650485
952774,6264461,7.539634976079365
952774,3346275,7.539634976079365
952774,1880296,7.539634976079365
952774,3662685,7.539634976079365
952774,8189282,7.525286966173423
952774,5358971,7.507499056411085
952774,1560842,7.476021825056878
952774,6083190,7.464454015525465
952774,3296473,7.458568176934636
766511,6620365,14.287937886955007
766511,8479075,13.646142512735294
766511,284665,12.929524007243453
766511,3081708,12.779189818705724
766511,1686104,12.691621841218723
766511,3192263,12.632311381431506
766511,5678236,12.310908663458228
766511,2653079,12.04487597158654
766511,5332523,11.935798275963851
766511,6473883,11.705785218935045
766511,2421133,11.601285949216537
766511,7582727,11.600089675674834
766511,4177139,11.508030909037
766511,4455656,11.498951305877231
766511,5365546,11.471257893119356
766511,1235703,11.349914010986724
766511,6368776,11.233351982369562
766511,13024,11.057423874311604
766511,3969589,10.97236557766068
766511,7218655,10.95849051732804
766511,4455660,10.923907150710264
766511,2678052,10.89293289414346
766511,6789135,10.89293289414346
766511,3034263,10.756270590574703
766511,3776596,10.731015325104115
766511,6420337,10.689319435746812
766511,4915703,10.689319435746812
766511,7229730,10.666129937131064
766511,5365545,10.62774204360154
766511,7679021,10.589436759539963
766511,1373960,10.570439959919344
766511,3001671,10.557985405811964
766511,73989,10.527839552151304
766511,73996,10.521885084954679
766511,5720329,10.516780247856154
766511,2010312,10.50364242805771
766511,8515073,10.493568528475196
766511,3787827,10.493568528475196
766511,2119954,10.30512407007754
766511,3271507,10.274291004955618
766511,7310624,10.243859843072412
766511,2802329,10.211874062105888
766511,918073,10.183346203470064
766511,1832443,10.183346203470064
766511,5364049,10.17712416594969
766511,8250150,10.123568910978253
766511,8594381,10.098772762290864
766511,2091348,10.07672219675419
766511,5993278,10.062591664855045
766511,2924904,10.034653722480536
766511,1760115,10.006168251428434
766511,2772733,9.969879883545055
766511,7099413,9.962537400468385
766511,8141041,9.962537400468385
766511,5994152,9.91522955325009
766511,7134879,9.905399708552968
766511,7962919,9.8915511523626
766511,7141876,9.878946494947005
766511,1686102,9.86628900917024
766511,3092043,9.83525456978644
766511,3349996,9.83525456978644
766511,8372289,9.83525456978644
766511,1102432,9.796667816695393
766511,5227327,9.796037563176496
766511,1677427,9.71184216156554
766511,762023,9.687243263714281
766511,6928039,9.67101701376696
766511,5189866,9.670267316386214
766511,7070608,9.608238993790454
766511,8569577,9.56814890432754
766511,1746433,9.544771738457777
766511,4529258,9.544771738457777
766511,4353999,9.504882952185838
766511,4737563,9.499705266483202
766511,4115365,9.499705266483202
766511,3375154,9.494176626754223
766511,73992,9.482893638606244
766511,4760132,9.479390448455181
766511,1755202,9.479390448455181
766511,7561397,9.46649276196995
766511,2981699,9.44908061024266
766511,73991,9.440835948543965
766511,6908976,9.433149356886817
766511,6463267,9.428813484145492
766511,3349992,9.398575286643776
766511,1746432,9.386345393856367
766511,7902898,9.386345393856367
766511,3180940,9.349260959085953
766511,2629950,9.347956138947897
766511,5365543,9.315642704710172
766511,4801077,9.315642704710172
766511,455308,9.274665437003858
766511,7156931,9.259210237570738
766511,8479074,9.240659459907532
766511,5916422,9.236749412891463
766511,5788514,9.233092375914666
766511,4429575,9.231789884354171
766511,8530142,9.230921760783037
766511,6077340,9.21287789432526
766511,7620210,9.20304034505626
1106293,2309385,23.39306490682292
1106293,7260300,22.720822778023635
1106293,2309383,22.373660921245623
1106293,8196725,22.088477496114574
1106293,2332752,21.60287124030973
1106293,8199433,21.113867341454714
1106293,7260335,20.920640894373587
1106293,2332751,20.770083370109436
1106293,2332966,20.637751133800116
1106293,7260308,19.666337419196687
1106293,8199430,19.553970660909243
1106293,2332862,18.60450549050288
1106293,7260298,18.365092055397902
1106293,2332756,18.09418861548464
1106293,6101864,18.048004442187626
1106293,3445111,17.917029665371604
1106293,7260323,17.85911983435292
1106293,8199429,17.709663716200883
1106293,2332509,17.08673749234568
1106293,7260306,16.87460889628889
1106293,7260305,16.849310020132584
1106293,2332510,16.81093014068339
1106293,7861145,16.783560898105698
1106293,2332637,16.780050198326173
1106293,2309382,16.76108304687281
1106293,7260312,16.697782554718444
1106293,7260336,16.684544252284468
1106293,7300563,16.66775032085797
1106293,2332750,16.6383283566995
1106293,5942272,16.57288312522035
1106293,5933431,16.542010398439245
1106293,2332643,16.48007321023757
1106293,2332861,16.391451093753826
1106293,5997644,16.386834723645457
1106293,2332863,16.298647964543054
1106293,8199428,16.296105589407894
1106293,2309384,16.259321581644244
1106293,5933474,16.216619977699974
1106293,4133771,16.160772823194865
1106293,2333201,16.156904852931472
1106293,7260301,16.123805951970283
1106293,4417049,16.097222366080075
1106293,2332860,15.897315085040841
1106293,2332965,15.860696948088723
1106293,2266400,15.834015682312126
1106293,3610589,15.754898017869653
1106293,3445106,15.626240590676268
1106293,2431595,15.538031122104558
1106293,7262834,15.486427799699445
1106293,2332638,15.432820007108514
1106293,4675054,15.402355325076783
1106293,7260299,15.40031652785467
1106293,4698715,15.399056832467586
1106293,7745446,15.378588035855614
1106293,4417051,15.295863234237546
1106293,2332754,15.230913895260246
1106293,2332508,15.169680793940804
1106293,3635556,15.156973279548918
1106293,3117642,15.054373124943881
1106293,2332755,14.929746818816518
1106293,6463982,14.874713154463038
1106293,4582049,14.872198845353264
1106293,8753851,14.850528410647069
1106293,8192781,14.81008415076511
1106293,4692218,14.774450797573579
1106293,4675051,14.754870777728666
1106293,1867605,14.651662520438173
1106293,4979774,14.607243193234545
1106293,2450319,14.606569257591106
1106293,8441356,14.589866986332162
1106293,6128010,14.589866986332162
1106293,5307205,14.578060103214213
1106293,6101861,14.549669649710815
1106293,8790253,14.49221089286032
1106293,3436362,14.470498733749414
1106293,3847463,14.442460115495415
1106293,2321816,14.409648213584749
1106293,2422081,14.395903789884972
1106293,8711998,14.361780680615885
1106293,2343965,14.354918122685032
1106293,2332514,14.353617567942013
1106293,4369204,14.328699946602622
1106293,7349666,14.302761092520047
1106293,3017194,14.281997631974317
1106293,5148340,14.281997631974317
1106293,1646994,14.238484035252752
1106293,3855108,14.218392122437962
1106293,4696930,14.145781982637125
1106293,7260311,14.143509233197019
1106293,8358872,14.124511853736141
1106293,4397535,14.11479361744426
1106293,7260304,14.108852110665886
1106293,7873114,14.03779875709606
1106293,3898219,14.035168672730926
1106293,7890245,14.035168672730926
1106293,8225797,13.971537016491254
1106293,7936885,13.964524847018481
1106293,8199642,13.922384639510133
1106293,8680860,13.896019451253355
1106293,7822564,13.890354483240351
452431,7519416,27.177535207037117
452431,5642853,27.034811946468736
452431,2576518,26.8569004461135
452431,470914,26.652101200608747
452431,8720583,26.245643208161628
452431,3399113,26.2218129729411
452431,1898634,25.944018712233124
452431,489111,25.65102872016659
452431,938092,25.16273461290586
452431,8498479,25.014946726691246
452431,343316,25.002628275764696
452431,1193055,24.969417886877928
452431,3717859,24.953788526288342
452431,7751023,24.915328369374517
452431,996347,24.913969099068517
452431,5621673,24.8625947418747
452431,3461995,24.844581955996013
452431,1948854,24.679860840388283
452431,3698287,24.504333953015674
452431,2004963,24.432134669632607
452431,2220518,24.40116003118644
452431,3627601,24.329404399739857
452431,7520147,24.32638328596234
452431,2765214,24.124916264360365
452431,2004960,24.123210945191268
452431,823822,23.56730582831355
452431,8438344,23.49851195364687
452431,3627593,23.36354662422887
452431,1484503,23.227083404332436
452431,3627598,23.21933648289698
452431,5121285,23.19575152316878
452431,153567,23.152313436964214
452431,6709585,23.061614359216865
452431,1036665,23.042715263880257
452431,2644506,23.01425837861873
452431,5450907,22.96116635796061
452431,4915373,22.942031330855077
452431,6050442,22.922090293888438
452431,7492694,22.90005614097323
452431,4872587,22.796791682771293
452431,7165545,22.739666881453026
452431,3168072,22.693821533026917
452431,1046416,22.690508511515276
452431,154488,22.654298304349823
452431,5306303,22.562691200111757
452431,4643486,22.561948899125905
452431,4872591,22.552750052997514
452431,6936340,22.457598804922597
452431,5655382,22.425005721079273
452431,8802016,22.398837951517734
452431,753416,22.368286832418974
452431,1336033,22.309569126120405
452431,2896153,22.284413879040724
452431,3466597,22.27330325918414
452431,1965730,22.250387309626152
452431,4889896,22.19496056415541
452431,5917624,22.189961621268182
452431,4193277,22.09033174390319
452431,1036667,22.03485368744714
452431,7371848,22.025121517928408
452431,1466203,21.99600610464976
452431,5450900,21.919478705376793
452431,154487,21.91063785378424
452431,958510,21.88718052793355
452431,3046441,21.798735630656484
452431,737469,21.781383015325986
452431,3607922,21.746169142387565
452431,129271,21.7326896054034
452431,6991173,21.732523153564944
452431,2610526,21.705660522774018
452431,8110255,21.70526973559532
452431,1036671,21.643406787700417
452431,1386149,21.599046792635882
452431,8605049,21.554911954139587
452431,2420826,21.548786540794424
452431,6069847,21.50582488554294
452431,6709581,21.485733661183545
452431,8653158,21.44225552782557
452431,3219602,21.431343420792352
452431,5621674,21.431343420792352
452431,2543005,21.427659692015812
452431,4872588,21.383990460147373
452431,4556044,21.381829066499897
452431,6614996,21.345203678914473
452431,6281528,21.343277740983154
452431,1193051,21.33910886280918
452431,1512773,21.334790396880685
452431,6281529,21.320866291030825
452431,5450905,21.298877757935983
452431,1786259,21.272555973484888
452431,3407664,21.25171201877129
452431,4869391,21.250816108104154
452431,8438345,21.24100412736477
452431,1441986,21.172576874069442
452431,3399114,21.17215944168496
452431,5642855,21.17056985470438
452431,2542999,21.17000646255504
452431,5121286,21.17000646255504
452431,973432,21.146715472423352
452431,323701,21.132327371837423
1109818,8164358,14.004111054763168
1109818,8164355,13.664267137862916
1109818,3229195,13.182863988076702
1109818,8164359,13.074736659085037
1109818,7826065,12.815307172693148
1109818,8164328,12.640117523881468
1109818,5081535,12.617526143545218
1109818,7826068,12.487784537363163
1109818,6123256,12.263841211907128
1109818,8164362,11.770428968301488
1109818,2972502,11.743174412079512
1109818,226116,11.662897597823125
1109818,4788453,11.656924895910919
1109818,8164357,11.246992905022687
1109818,7225336,11.220418083373474
1109818,8784126,11.180641684350398
1109818,1175892,11.174296398691776
1109818,521617,11.083666929520653
1109818,2709384,11.081243161314168
1109818,4079162,11.003372998353452
1109818,4550451,10.903208564978648
1109818,1349919,10.871764855674689
1109818,4447043,10.87072172547701
1109818,5895153,10.754681371292103
1109818,7345185,10.750797371561239
1109818,8751842,10.689818027278992
1109818,3836265,10.618883566965785
1109818,7767448,10.573879426204158
1109818,7225312,10.561045995326168
1109818,2709387,10.561045995326168
1109818,6583858,10.551950963487743
1109818,5346954,10.528521076022294
1109818,1732391,10.49699535976636
1109818,195300,10.466801039805647
1109818,6583861,10.466281773976945
1109818,1175890,10.442340660102333
1109818,4158623,10.435964701613237
1109818,3660267,10.387116668600939
1109818,5677224,10.286140443548025
1109818,1413306,10.260630331768171
1109818,8164356,10.214717744114937
1109818,5943597,10.098405185605134
1109818,3274556,10.024960820369216
1109818,1904596,10.01976882880964
1109818,6618884,9.972480929075386
1109818,1957960,9.907209510704963
1109818,8496031,9.889224723966057
1109818,3330882,9.884611611363841
1109818,673709,9.87176327223738
1109818,3285988,9.859385071919156
1109818,3686634,9.859385071919156
1109818,1413313,9.850584919407599
1109818,3886706,9.820444494272639
1109818,3281281,9.814910205992685
1109818,6830034,9.81416371532268
1109818,3954952,9.757036635936782
1109818,5173996,9.74150562538646
1109818,8670826,9.737734154930866
1109818,6424090,9.728779666795946
1109818,7966025,9.655849899112445
1109818,4940877,9.655849899112445
1109818,1575273,9.65121967098202
1109818,707344,9.588945247823807
1109818,8164353,9.582645222950264
1109818,2172336,9.548552815665255
1109818,1058659,9.536224916550662
1109818,2534852,9.46573729422557
1109818,3875441,9.464737471124286
1109818,4559232,9.424187710104608
1109818,2109404,9.395041828720423
1109818,3452551,9.349361381035484
1109818,5993751,9.342391931179035
1109818,4347790,9.294630608140706
1109818,546480,9.28914026638697
1109818,577709,9.257992349694344
1109818,3786960,9.253252621346316
1109818,8164360,9.218967804610001
1109818,6066160,9.189193643315116
1109818,3330883,9.106880646283852
1109818,2895075,9.047287947576606
1109818,5173399,9.01322120876618
1109818,6125027,8.977196677809586
1109818,8213171,8.88188539416976
1109818,7303138,8.770562083756172
1109818,8330211,8.672159747803427
1109818,4439289,8.523336837158924
1109818,4078762,8.46857034041851
1109818,4222005,8.451091957677217
1109818,1637457,8.420077713744224
1109818,4939749,8.420077713744224
1109818,1353376,8.357887951229266
1109818,8454719,8.280783670854955
1109818,2930600,8.256849654338874
1109818,4638568,8.249684781506025
1109818,8516572,8.17507356087588
1109818,2284614,8.170096644985748
1109818,6288252,8.164796698100233
1109818,1324668,8.160026107459265
1109818,7455936,8.14010648862843
1109818,2930601,8.13628891303845
1047902,8829164,28.32021970610391
1047902,8829166,27.019613190338063
1047902,3870188,26.59227572908823
1047902,4458881,26.043915308207467
1047902,5321215,25.876745324718733
1047902,4887380,25.192359827388323
1047902,3969859,25.10944364291931
1047902,4907907,25.075584388233402
1047902,8778402,24.910360854875186
1047902,3578817,24.478071891818832
1047902,4907903,23.80659094039139
1047902,5406763,23.136301761177652
1047902,4209850,23.116140488903667
1047902,6580611,22.74248076257015
1047902,8829163,22.37843601897693
1047902,5931023,22.14588891644337
1047902,5321213,22.04484366298752
1047902,4458874,21.94839077351685
1047902,4956714,21.807433040520884
1047902,4458875,21.61562863717719
1047902,4978061,21.552390075531214
1047902,4214537,21.237801989487934
1047902,3578820,21.20762048968125
1047902,8216248,21.00236384299147
1047902,8216250,20.95569859433228
1047902,4983543,20.950875894688714
1047902,2129923,20.921721009712563
1047902,4793518,20.658451858786748
1047902,8216249,20.609113872129758
1047902,4824537,20.547714734367162
1047902,3578814,20.30997987948211
1047902,7615767,20.074538865832537
1047902,8216256,19.996878887062174
1047902,8216255,19.804129764516293
1047902,7930254,19.774820049708175
1047902,3861721,19.77161573135869
1047902,3559117,19.627862977818676
1047902,2322180,19.619556979958908
1047902,1414760,19.61297224292928
1047902,1414764,19.61297224292928
1047902,3893270,19.56224601304118
1047902,2819938,19.40856566602006
1047902,8216251,19.38243127093081
1047902,8216252,19.372897986574486
1047902,8777662,19.3677883338017
1047902,3520610,19.322967116387236
1047902,2129916,19.132364030700884
1047902,3178336,18.92210463228379
1047902,6274570,18.817792875643338
1047902,5439176,18.754151490077433
1047902,819372,18.70953251722273
1047902,8839900,18.641571007040753
1047902,8218328,18.638280495024134
1047902,6211611,18.633775467158465
1047902,3279340,18.61041550321676
1047902,1577416,18.482007660538468
1047902,3606070,18.46859699094192
1047902,6200615,18.37707929302841
1047902,4956715,18.37707929302841
1047902,5264185,18.271883405690485
1047902,3578813,18.27182744685064
1047902,3679662,18.253944276527513
1047902,4061523,18.247784553366806
1047902,2961144,18.240939226535193
1047902,6200609,18.2271315637178
1047902,8226815,18.224907409320572
1047902,8839901,18.167904603790703
1047902,2937910,18.12764008725597
1047902,7575513,18.096647825047825
1047902,5783126,18.09379522286157
1047902,4434610,18.093109988057257
1047902,4824533,18.082094450769205
1047902,8798420,18.0256783814467
1047902,4434607,17.980919790875184
1047902,4983548,17.965959054286767
1047902,6211610,17.965959054286767
1047902,3937186,17.963512906460487
1047902,3178337,17.96124005759343
1047902,4458876,17.95740302665687
1047902,2819943,17.920336732606277
1047902,3724599,17.8630586108858
1047902,8226810,17.84593600121383
1047902,5931022,17.825070659007203
1047902,8016381,17.742833094639078
1047902,3724603,17.733402146115246
1047902,5386542,17.70326385872358
1047902,6275905,17.65940846655369
1047902,5201393,17.623631741334584
1047902,2961955,17.53695485764277
1047902,3606074,17.518776979056057
1047902,5124259,17.51555276854627
1047902,4887377,17.509688968302097
1047902,7899836,17.47239128559703
1047902,7885728,17.46685147970381
1047902,4173998,17.44311598334025
1047902,1335199,17.427680534188145
1047902,3039788,17.394241964981237
1047902,2837682,17.394241964981237
1047902,4793519,17.386646729450174
1047902,3559116,17.3792323617507
306076,1663914,33.3775477215057
306076,6414937,31.776910660310914
306076,6152152,27.809109074862278
306076,2874001,27.21595428547552
306076,4143927,27.16317944216545
306076,6385398,27.10095215596081
306076,211462,26.821968829925087
306076,6152153,26.750765072160313
306076,6385397,26.52766400524154
306076,4143929,26.488679056453392
306076,4143926,26.4672508225176
306076,6414938,26.36439535347112
306076,211461,25.712501102499694
306076,3169822,25.57907828710687
306076,7043775,25.41810229980381
306076,539515,25.308409093030335
306076,539523,24.55127282518474
306076,8236527,24.445613108689766
306076,6414936,24.323709894816602
306076,3100218,24.13855749934024
306076,6677853,24.083841862453532
306076,1621637,23.17447962870027
306076,8695573,23.173347882294863
306076,4143928,23.01818908353902
306076,4902093,23.01158523874003
306076,3295464,22.96789516598043
306076,2335737,22.90507679817057
306076,4078388,22.823252516526885
306076,875621,22.67331841541343
306076,3256033,22.339563523898555
306076,1662942,22.219920581735344
306076,2193180,22.219920581735344
306076,6163017,22.158906315340875
306076,6414933,21.9618357006742
306076,8361569,21.752099957504413
306076,3169818,21.73004081155254
306076,3169816,21.670514482969402
306076,6347725,21.637266480515315
306076,1453370,21.440116883373623
306076,3256034,21.398418037878987
306076,3432676,21.31453601514728
306076,1663911,21.18672274888555
306076,6254541,21.152030755691808
306076,745763,21.143309212970152
306076,427027,21.143309212970152
306076,3402599,21.118161403117234
306076,439634,21.05195359884277
306076,2939790,20.855025739136725
306076,3295471,20.786776674357288
306076,4264405,20.7427766044624
306076,7815200,20.69239840862981
306076,6414934,20.600385574581992
306076,8566079,20.574894155696075
306076,6424595,20.420047489794804
306076,7307579,20.406282636742716
306076,4727588,20.40497724714731
306076,378698,20.38967060677297
306076,3693321,20.31487513223516
306076,992029,20.31487513223516
306076,5210484,20.214433774696325
306076,800567,20.21086955320429
306076,5728301,20.156913532081884
306076,130843,20.099289514271625
306076,2831094,20.06332379970801
306076,5785845,20.034544112986648
306076,3810020,20.026453241244628
306076,902655,19.902732671389145
306076,3158158,19.877611626124068
306076,5681295,19.85660685964571
306076,3738277,19.84658264409498
306076,7738432,19.834206978458266
306076,902652,19.780605231308396
306076,3432675,19.712918635835763
306076,1473620,19.709533730728413
306076,7396216,19.707647074737245
306076,4032026,19.6995661986401
306076,4032027,19.670436006251915
306076,1370584,19.659223886099568
306076,5530256,19.600483153102
306076,4336084,19.58693081071289
306076,2912503,19.582828662303733
306076,4553138,19.56726281942641
306076,8737119,19.557828415571475
306076,3810019,19.541003808122355
306076,66490,19.504053552711518
306076,1860292,19.49433011419847
306076,2623308,19.484269995683107
306076,5862205,19.47322688316103
306076,1857399,19.461042970937108
306076,2857846,19.419432158557168
306076,6894608,19.416154028553674
306076,2654273,19.412551582567293
306076,755855,19.361640803179995
306076,4308924,19.345444737573036
306076,4009454,19.233256093023996
306076,6019960,19.177687421587677
306076,260037,19.152288771365598
306076,796183,19.14476395622753
306076,1977548,19.139911474887224
306076,4928773,19.025914549700865
551040,8632291,22.648520263386434
551040,5334406,22.275537631143767
551040,8088537,22.209533284095805
551040,5809988,21.760503882630893
551040,5930514,21.596116424239256
551040,5809996,21.35009365479108
551040,1515283,20.941600266944604
551040,5930516,20.767993748765555
551040,7775211,20.578915198310966
551040,331995,20.560773658528554
551040,1515280,20.38325196397023
551040,1515277,20.32896241843443
551040,5146155,20.189563397339256
551040,1247052,19.91212709118369
551040,7775213,19.60784909477719
551040,8486075,19.46284440309026
551040,1731966,19.282850303977273
551040,7775210,19.281297161341705
551040,3149269,19.20349165496109
551040,5930515,18.932622418499406
551040,6617685,18.916505407184673
551040,8486072,18.827586519203187
551040,8147204,18.78338247383794
551040,1247060,18.647749264027226
551040,5334411,18.519597134510533
551040,5334414,18.406886005526392
551040,501417,18.365945154322905
551040,4163541,18.34977529766511
551040,8274769,18.289046707576148
551040,2938498,18.23321038894374
551040,8274768,18.147908327924263
551040,5943299,18.12594490731511
551040,8274767,18.12594490731511
551040,5223443,18.054223753505575
551040,4593398,17.94745976650239
551040,1876526,17.895733472458325
551040,224179,17.83492852237572
551040,3065968,17.796610979334766
551040,5542813,17.625776009378306
551040,3796910,17.46597997910481
551040,8486068,17.42104476414084
551040,7930522,17.41403371176839
551040,6251934,17.22594590454316
551040,224175,17.01856647600276
551040,5542820,17.009113893025834
551040,6251932,17.005267318708846
551040,3042012,16.990313686024457
551040,224177,16.932180403957815
551040,5943303,16.842574448061562
551040,1515274,16.75979024111937
551040,4917934,16.735116535640408
551040,3988211,16.452304984926137
551040,4283635,16.364473520615824
551040,5107712,16.323465773925804
551040,3213815,16.277421017258348
551040,6801363,16.233756932549014
551040,1855446,16.22739291378687
551040,2859408,16.17010194611002
551040,7323527,16.040745915889254
551040,2410364,15.989436503972332
551040,3457268,15.962867927011015
551040,6014054,15.860449480497609
551040,1234253,15.840366082050743
551040,2410356,15.698944797776281
551040,8147207,15.670333258606894
551040,1350287,15.635590068603431
551040,5334408,15.633906231010823
551040,6505427,15.606490789875751
551040,1305385,15.582171101360712
551040,6251928,15.566533052890168
551040,6810004,15.564720406998557
551040,4881239,15.543577693154552
551040,8703387,15.543577693154552
551040,8129738,15.539264380388396
551040,8265043,15.49586790456038
551040,26669,15.47372971124538
551040,3388911,15.472004342843304
551040,1804176,15.397106802811855
551040,4593455,15.386534503357693
551040,6014051,15.375061399986556
551040,5882624,15.368342910428517
551040,3597841,15.32409469369501
551040,5180768,15.314058746635036
551040,6069542,15.30536396604055
551040,7684445,15.279447762329172
551040,970026,15.268894880455075
551040,4593456,15.21436542445708
551040,7437196,15.20702802814297
551040,1515276,15.17226467290958
551040,5887484,15.152770293206558
551040,1340504,15.105261888171277
551040,6487006,15.087470884344423
551040,6429126,15.083577348401857
551040,3042013,15.083139237143076
551040,8486069,14.969570060244216
551040,7038935,14.951966004731242
551040,8274762,14.944081628648341
551040,5887479,14.939336618885388
551040,2146326,14.939289743700687
551040,5758130,14.925296199177811
1059231,5062380,33.08480484619459
1059231,4215155,32.563195707954264
1059231,2625279,28.650198680973418
1059231,8232309,27.874976304490314
1059231,5209990,27.47570382266554
1059231,2924997,26.740351029534
1059231,3264948,26.728046019781605
1059231,8737908,26.652006647347402
1059231,2813725,26.466043836511762
1059231,4754747,26.394541084116554
1059231,6752395,26.23774517563926
1059231,4895448,26.235873383080428
1059231,3865940,26.11111125627717
1059231,3301160,25.87492433162752
1059231,2711018,25.581958520773995
1059231,4306640,25.437579074293478
1059231,8528328,25.427529380728433
1059231,5114206,25.347290662190353
1059231,5378724,25.27665888788799
1059231,5003837,25.21545622770346
1059231,4848114,25.149166739442613
1059231,7952480,25.061759837207713
1059231,4043412,25.009899872786345
1059231,2924992,24.91054031746407
1059231,8232277,24.894099975768974
1059231,8737906,24.866096281826657
1059231,4638367,24.700921004448603
1059231,3854578,24.65443866447793
1059231,4587677,24.462353881494654
1059231,7233453,24.331797261895208
1059231,1817524,24.257562374470062
1059231,4390621,24.07313270611619
1059231,3447188,23.95449259819562
1059231,3862068,23.88416654994215
1059231,2262617,23.86782905586312
1059231,3845921,23.801033366967072
1059231,7877624,23.79295111336012
1059231,13992,23.766930331278196
1059231,8328704,23.744352618170822
1059231,2651813,23.734759845549043
1059231,4479146,23.73063142655668
1059231,7052526,23.603886152392903
1059231,8778628,23.573984830181097
1059231,4013987,23.55706709571285
1059231,3946650,23.517088499354497
1059231,5045089,23.465428645739454
1059231,7488136,23.407576661130403
1059231,3408312,23.390191182737162
1059231,3236685,23.367545155804564
1059231,4895447,23.32873073974724
1059231,2695184,23.315538247792016
1059231,3530330,23.287283091877782
1059231,2704207,23.19922493335839
1059231,4865107,23.192803085952587
1059231,3344202,23.16452620254288
1059231,5291402,23.15882774345291
1059231,4193031,23.09734192358778
1059231,4702423,23.08682686522572
1059231,7105608,23.052425623705275
1059231,4447138,23.03718680016713
1059231,5355610,23.01480056673994
1059231,4115002,22.9948538602412
1059231,646822,22.98984363813586
1059231,7488141,22.932063278403206
1059231,3507644,22.92999311698467
1059231,2644529,22.90149995988935
1059231,4162835,22.88247332652079
1059231,3602584,22.85783610694017
1059231,8669584,22.76491582172915
1059231,3695322,22.749435400878728
1059231,4979270,22.744475383194352
1059231,3707950,22.66789869031679
1059231,2662421,22.66177118894969
1059231,8548234,22.649328556628976
1059231,3865943,22.63482949200858
1059231,8192324,22.612402599956116
1059231,4056722,22.592047363997978
1059231,4171290,22.58609900871458
1059231,5257072,22.515165027962226
1059231,4690061,22.512385605425706
1059231,2274788,22.472602414857597
1059231,4605023,22.411426007168405
1059231,2844212,22.39786023440398
1059231,4287634,22.372303324911552
1059231,7949132,22.35503934778449
1059231,4848115,22.29795215739691
1059231,5020214,22.263697027162422
1059231,3593011,22.22608869519394
1059231,5052031,22.212305280435764
1059231,2770509,22.205613438121446
1059231,8664514,22.194158217580615
1059231,8193215,22.17910995008505
1059231,7840665,22.171501539534113
1059231,7294785,22.15989068348503
1059231,8787483,22.128487430832877
1059231,2814611,22.123702092308157
1059231,4529005,22.078476154373575
1059231,2306791,22.07673760256518
1059231,7897480,22.05281592113364
1059231,4228984,22.04739692965362
182539,57444,23.18349654735193
182539,57447,22.11956373845814
182539,57443,20.955444146331835
182539,8757178,20.831371752103493
182539,8757181,19.73263406263445
182539,3760957,18.11614703982604
182539,57448,17.18976826498964
182539,1638690,16.407286086334288
182539,8299665,15.583415176292096
182539,7371262,15.572593051562219
182539,4730803,15.2938608501194
182539,5567729,14.820409807242779
182539,1307235,14.736811597567904
182539,8757180,14.464520772662723
182539,2909960,13.969651092379069
182539,1638689,13.915797349190285
182539,1307232,13.892858251787978
182539,1638687,13.75804945085287
182539,8757183,13.690906022800032
182539,1638691,13.589080409281141
182539,1307234,13.337050800495017
182539,1638694,13.162458241984478
182539,2909961,13.061402078221265
182539,8299661,12.72957926010651
182539,7583024,12.272276320345165
182539,57450,12.100982881013724
182539,1642204,12.050584002818171
182539,7371255,11.77055120334208
182539,7088554,11.527127419919012
182539,5137641,11.404692419811562
182539,6807900,11.276174742914682
182539,738025,11.236727876541813
182539,1924233,11.231980713638519
182539,1968513,11.223050352213441
182539,6807899,11.196250518387078
182539,3883077,11.186126068162519
182539,7037502,11.114044219593136
182539,7154102,11.11390580126103
182539,7371259,11.10312975048231
182539,7037504,11.072773367789914
182539,8299659,11.072628608586278
182539,169626,11.05562591145561
182539,8526858,11.050554546020098
182539,5781226,11.021618823472693
182539,7303730,10.966780609718537
182539,8161399,10.91354930710056
182539,5137640,10.884064648633
182539,8645854,10.770876577726634
182539,651094,10.724035156296017
182539,7365031,10.677983427843516
182539,7637811,10.650365224336037
182539,6804469,10.603938412238639
182539,5269379,10.600249903340249
182539,2083453,10.582106886798709
182539,7905475,10.578072584486094
182539,4792172,10.568762370260368
182539,6804468,10.556427479247434
182539,1642211,10.518349387884925
182539,8757179,10.468689482683562
182539,2331762,10.468514652105572
182539,3448154,10.412037543768125
182539,7862098,10.412037543768125
182539,6037973,10.410475868876144
182539,8658776,10.376369790160362
182539,1924235,10.346221113880624
182539,1690681,10.308830336332784
182539,6444177,10.283198230951948
182539,4414106,10.274735247351728
182539,2751871,10.257345450043562
182539,1243171,10.224865926852042
182539,1590837,10.219229699866988
182539,7579347,10.19229291771589
182539,4238593,10.173807717115118
182539,7088549,10.170490670031185
182539,6662217,10.15771746568303
182539,2092202,10.130812623178203
182539,3693769,10.114997504264664
182539,1863340,10.108951093777032
182539,8180618,10.082290775598779
182539,771921,10.077838959267968
182539,4835993,10.060728244795742
182539,1042020,10.018431665080243
182539,6282909,10.014041526816936
182539,563693,9.992535382338378
182539,2872894,9.965727268558158
182539,1924238,9.92913800255959
182539,6135907,9.904434731850978
182539,6343415,9.87877519066385
182539,8645860,9.876046792226463
182539,1924234,9.869709360896634
182539,7365030,9.843624947511843
182539,7014322,9.836184922102312
182539,1016580,9.71659679669624
182539,5167181,9.693477644747679
182539,8291042,9.616915591934164
182539,8817820,9.607017702912678
182539,6524924,9.590348773805054
182539,4537906,9.52045546980444
182539,7337266,9.491234160921394
182539,2009629,9.48297841244731
1115569,8108289,21.517783336395524
1115569,1627668,15.599340955345063
1115569,8108283,15.34476858332861
1115569,4042818,14.49154340809243
1115569,1360548,14.159241668432472
1115569,4948545,13.341073586843397
1115569,4948548,11.452701027548173
1115569,1743110,11.374520128482043
1115569,4303203,11.249625496209747
1115569,8108281,10.777194824490167
1115569,8108284,10.573607419170989
1115569,7749627,10.338614646897568
1115569,2787844,10.338614646897568
1115569,2103197,10.33080246615125
1115569,2103194,10.3209595939146
1115569,8192877,10.314308907995379
1115569,8108287,10.221828442589727
1115569,2787846,10.173950440938919
1115569,7306396,10.120716483033014
1115569,2651643,9.934334831454075
1115569,4525206,9.934334831454075
1115569,2926625,9.844254757571978
1115569,2787843,9.836308877075512
1115569,8452684,9.824569499397438
1115569,4299967,9.808665295116107
1115569,3435496,9.78140751804943
1115569,3435498,9.458781348878082
1115569,5208407,9.359220693379388
1115569,5384929,9.310222212910979
1115569,3679404,9.261734105562892
1115569,7482695,9.184800898193089
1115569,8108290,9.072729179015731
1115569,7227092,9.036586196290154
1115569,2443809,9.026677153742641
1115569,8800646,8.945672303621121
1115569,8192885,8.891284055387203
1115569,3813475,8.86303018653396
1115569,5208409,8.796669867843486
1115569,581954,8.753221308355723
1115569,3786083,8.683584888940235
1115569,8056407,8.517228223242924
1115569,2787840,8.515990472911056
1115569,4491572,8.467910598748881
1115569,3024289,8.422106285036328
1115569,1627670,8.35712573223164
1115569,5339108,8.309639607864556
1115569,3469342,8.270991995697136
1115569,8192878,8.194765317587677
1115569,5026479,8.070483179653934
1115569,2462452,8.054323636567128
1115569,7227093,8.054323636567128
1115569,6008632,7.911004696675726
1115569,7807237,7.911004696675726
1115569,7062746,7.84124102674545
1115569,3679398,7.84124102674545
1115569,184373,7.799421913585113
1115569,8192883,7.772697031267203
1115569,3813477,7.772697031267203
1115569,8056399,7.737543618356595
1115569,8229880,7.639142321005722
1115569,1627669,7.639142321005722
1115569,2787845,7.631360073599603
1115569,1627662,7.598625517131285
1115569,152529,7.574071412610491
1115569,2651649,7.574071412610491
1115569,2269687,7.574071412610491
1115569,5208408,7.574071412610491
1115569,3663338,7.574071412610491
1115569,2365836,7.531020401985256
1115569,3718346,7.531020401985256
1115569,5285020,7.51009970097768
1115569,2475094,7.51009970097768
1115569,747259,7.51009970097768
1115569,5951020,7.51009970097768
1115569,5642708,7.51009970097768
1115569,2365838,7.46460764637369
1115569,26008,7.447199567450062
1115569,6648675,7.447199567450062
1115569,4581505,7.447199567450062
1115569,3769800,7.440538637260508
1115569,8108288,7.399355981361131
1115569,8629622,7.38534431095513
1115569,8108286,7.360041640291616
1115569,3596266,7.355938301491361
1115569,1514540,7.335235221883678
1115569,4816381,7.335235221883678
1115569,1360545,7.335235221883678
1115569,3132957,7.328375619030336
1115569,6576741,7.3245081102124185
1115569,3145406,7.3245081102124185
1115569,2965852,7.264665987793486
1115569,5285016,7.264665987793486
1115569,5665856,7.264665987793486
1115569,2651641,7.210270821660845
1115569,3810888,7.210270821660845
1115569,2365845,7.210270821660845
1115569,8056402,7.210270821660845
1115569,3582649,7.210270821660845
1115569,8108282,7.210270821660845
1115569,4671245,7.2057937759293855
351697,8303857,34.4450355712196
351697,7764920,26.094113393877727
351697,5332912,25.06237778812889
351697,6712600,23.445134907936072
351697,1716516,22.922818082995324
351697,7764918,22.307858720246564
351697,2144452,20.18520706974421
351697,8302271,20.016148358773805
351697,5662921,19.809135999376984
351697,8303858,19.693652627254878
351697,686168,19.613172739177855
351697,1779706,19.5672645049037
351697,7097414,19.520095340702703
351697,8217125,19.518882041353763
351697,5332911,19.4558532616146
351697,7513165,19.224478535879896
351697,8033396,19.21242888708709
351697,5519654,18.85457996105733
351697,6522643,18.733458941723235
351697,5669827,18.677395249100122
351697,5519653,18.577481032157486
351697,1919255,18.544937105198805
351697,6433264,18.533002206310503
351697,2915793,18.482798813177915
351697,2156039,18.47848581500444
351697,5876033,18.446316680268886
351697,7334752,18.27408241961699
351697,6715580,18.258691046698896
351697,3627480,18.18693161427187
351697,6283688,18.172413466237963
351697,6402977,18.01783723801443
351697,2175822,17.951718654194345
351697,3464077,17.948768420709193
351697,4592085,17.87532100897402
351697,3399303,17.86557720712748
351697,5519651,17.847481074492503
351697,7052216,17.771512159075783
351697,7764923,17.694927674955277
351697,2538787,17.681738372134
351697,8302272,17.625796988686453
351697,707147,17.586085401491335
351697,6419994,17.578528519570156
351697,7513169,17.482991748719236
351697,5174361,17.46147471476162
351697,2440222,17.367646314586388
351697,362312,17.366766044411822
351697,1659002,17.36573279807922
351697,3977092,17.3419946937038
351697,301540,17.262665595998246
351697,707151,17.228323308424095
351697,5735753,17.166598472489955
351697,1985110,17.137304269090123
351697,1292625,17.13081885844735
351697,8318812,17.124279901931246
351697,4376461,17.109680590846374
351697,3464076,17.10319291018068
351697,8455415,17.079808318199355
351697,3009198,17.00313930233885
351697,1321936,16.976224125088603
351697,6483310,16.964055448966246
351697,3399302,16.952206761507497
351697,6612846,16.950272235396902
351697,7327133,16.93709265511846
351697,6389698,16.921875997403756
351697,8274684,16.89621859324079
351697,3399304,16.882466415853873
351697,3708177,16.86796217160903
351697,5735749,16.85330748694326
351697,4960657,16.83605850413919
351697,470705,16.832250437228037
351697,707153,16.75324540826577
351697,5363329,16.75210395129578
351697,2429298,16.738532664021108
351697,8455418,16.72526733584332
351697,5565150,16.695093871118814
351697,6325825,16.642334970790046
351697,7334753,16.6386019514362
351697,6389694,16.463732533216568
351697,7432677,16.433912255784463
351697,7757464,16.429496718911604
351697,3399301,16.42626482440363
351697,8697560,16.363124935394147
351697,319701,16.36176794596249
351697,794155,16.327228488828993
351697,8421845,16.32630648293454
351697,8725350,16.30562279161661
351697,6325823,16.28017755626373
351697,4381203,16.275543579434824
351697,3399296,16.260043415226864
351697,5269134,16.248456213731536
351697,8303856,16.24505212247759
351697,6607876,16.206969106802628
351697,5153755,16.200319200498154
351697,8318806,16.170373932758274
351697,5519658,16.158019712824654
351697,6558602,16.070920072750784
351697,4478660,16.04453738248445
351697,2857066,16.02038173395647
351697,3399300,15.911645785889124
351697,6887376,15.902223306591122
904965,8731393,21.445565828691624
904965,8731389,19.92060744399687
904965,155518,18.765877011289156
904965,8731390,18.308644771887355
904965,3883765,17.960304145450102
904965,155522,17.888328975464944
904965,8731395,17.828631297768972
904965,4428588,16.022957965143966
904965,7236949,16.006870632655527
904965,3883767,15.422836934713036
904965,3883764,15.3158481026241
904965,3883762,15.256380938042305
904965,7664031,15.165896659526032
904965,3883769,15.152922584937105
904965,1931022,15.057726659760476
904965,3883761,14.914931558020971
904965,3883766,14.526162464221002
904965,8731387,14.298520650679109
904965,155523,14.250360406081548
904965,8731396,14.037019167280508
904965,8731394,14.025306320074211
904965,7844340,13.781294932659137
904965,155520,13.768182429483236
904965,4300610,13.713188549601195
904965,3848424,13.708848827552968
904965,4219959,13.640935994339575
904965,6881794,13.509593811805214
904965,6562485,13.348912300662079
904965,2590190,13.308334432408342
904965,6611794,13.264717018156622
904965,6562492,12.99472396621217
904965,434456,12.985488750557513
904965,2420771,12.92745066515399
904965,4745438,12.923411327154993
904965,8515215,12.829061941842433
904965,1115008,12.812298754101448
904965,355206,12.740883587853823
904965,4447949,12.737962834466046
904965,4447948,12.737962834466046
904965,8124544,12.72377997585332
904965,3698546,12.722078860869612
904965,1605541,12.714697119408635
904965,4693412,12.594051148911824
904965,7990716,12.54906949714212
904965,7973344,12.54230430600501
904965,5634113,12.50331067846649
904965,4447951,12.493912131431895
904965,4428583,12.4529260332123
904965,6618985,12.369466134087926
904965,6506834,12.367780407563078
904965,548845,12.33551782331094
904965,918688,12.283111935058166
904965,8406092,12.22355623396251
904965,4447944,12.21330560181115
904965,4447946,12.21330560181115
904965,855408,12.203770904898466
904965,6971833,12.124461606815515
904965,4894472,12.074858403616293
904965,748717,12.066864925512597
904965,6522994,12.034706527710696
904965,6522992,12.034706527710696
904965,4045504,12.00137434820977
904965,5987852,11.952042602464896
904965,1558763,11.925061319521784
904965,567611,11.870244125844463
904965,4768969,11.857451103670343
904965,6909758,11.845220264357938
904965,404074,11.836661641968206
904965,1207824,11.809156950308058
904965,2215679,11.792565033299413
904965,4428582,11.790814069084604
904965,524722,11.784328216669552
904965,8235133,11.781273471279434
904965,8788750,11.766685497746398
904965,1207827,11.758314561175453
904965,5526717,11.75764276208206
904965,8731388,11.751928768255981
904965,4083541,11.744511614399439
904965,4346699,11.74115409412764
904965,1338511,11.734146064246895
904965,4922361,11.732613156164069
904965,4428587,11.716425040909515
904965,6016265,11.707266923301384
904965,4922362,11.704002343188696
904965,4349168,11.698088540971614
904965,1810481,11.672951458527738
904965,4346695,11.655141517732673
904965,1810482,11.654762908502663
904965,5539003,11.600356543803926
904965,8724111,11.587592134941382
904965,5977070,11.587592134941382
904965,5188836,11.585946560605366
904965,3938239,11.585946560605366
904965,5075016,11.585946560605366
904965,6025594,11.574221781287203
904965,6656539,11.574221781287203
904965,8731391,11.565072925776512
904965,5013350,11.560469331654842
904965,8061627,11.524062944739889
904965,863535,11.524062944739889
292906,8298540,27.55155584776463
292906,3405923,22.81712613585895
292906,4916274,21.52821668334851
292906,4133304,21.1380175952602
292906,3007465,20.382149752023302
292906,7254438,20.36342546829983
292906,3007467,19.59092186200737
292906,3973269,19.207629531278293
292906,2583402,18.84873305519083
292906,4988512,18.82082533868611
292906,5230808,18.66873498320485
292906,8634904,18.412030894852112
292906,6388785,18.36625942705858
292906,8634901,18.328308250061983
292906,391481,18.14410505115982
292906,652444,18.08379925829598
292906,3118845,17.98887613435161
292906,8738071,17.981192255793196
292906,4531432,17.692752501576887
292906,391484,17.637433824043335
292906,2591261,17.59041990808785
292906,3226723,17.540887907725192
292906,8298542,17.513382944536662
292906,5493705,17.439453493069493
292906,8441233,17.412255604791696
292906,8738394,17.231245028154284
292906,5261670,17.207333613191516
292906,603547,17.190800900233874
292906,6105360,17.180522070800144
292906,7530379,17.113700969081965
292906,6706576,17.014662576082447
292906,8738393,16.94180931428503
292906,1520641,16.940804400543474
292906,3865392,16.87358885493489
292906,795693,16.702738888452036
292906,4479880,16.519033298209543
292906,2976279,16.349377502665945
292906,4980896,16.294805728048658
292906,8836670,16.269692970959532
292906,5011020,16.17182183301007
292906,3574205,16.11831561464116
292906,1821332,16.09484570375704
292906,6611682,16.08262960708404
292906,5622636,16.073585620302488
292906,795684,16.052114736677034
292906,713577,16.023232869089647
292906,3582892,15.959784929127018
292906,2756366,15.834841121535444
292906,4817621,15.832472963245063
292906,4450367,15.746712261012215
292906,6975505,15.600199015275605
292906,8812135,15.594271745813254
292906,6706573,15.520873671238059
292906,4686682,15.46332441767866
292906,6434064,15.437627394043126
292906,4021046,15.428095069200143
292906,3226732,15.41591442567203
292906,6447803,15.365476591811188
292906,3874048,15.31119416429659
292906,5011019,15.292138744497667
292906,6259042,15.22519063583178
292906,638748,15.22519063583178
292906,3574203,15.181182432824311
292906,5502795,15.137652139102501
292906,6764461,15.135836384254425
292906,4449282,15.121298570916673
292906,8307530,15.10833886477436
292906,5801706,15.088974133586936
292906,6975502,15.06459108305955
292906,4496329,15.059403747794438
292906,5622635,15.057237316852142
292906,2427099,15.03296282231929
292906,7156289,14.993569880807428
292906,3892275,14.961080098124523
292906,1479140,14.941679322750057
292906,3902143,14.902811461887444
292906,4450366,14.859072050682117
292906,3815876,14.84602968282067
292906,1102682,14.81717654823613
292906,1122230,14.81307613759417
292906,4853734,14.803874491002212
292906,5101800,14.782000750368358
292906,6667426,14.770658158981256
292906,7438436,14.738924428013476
292906,48258,14.727642023971294
292906,5415231,14.712739012326493
292906,8221436,14.680060138216373
292906,5672206,14.677123064854488
292906,4188999,14.647821238862758
292906,132244,14.641352527871412
292906,6535904,14.613504462639208
292906,5004374,14.606826254777523
292906,8307529,14.560414945074918
292906,3678253,14.500013041463934
292906,6678990,14.453906290688781
292906,5431266,14.427442865470926
292906,2226107,14.422042774715427
292906,7764216,14.413352251649187
292906,2737106,14.385441289476283
292906,1686213,14.360975556451049
662372,8610897,28.586347381869963
662372,8322043,27.918650318834548
662372,1418377,26.97705739332748
662372,1140781,25.442687816495937
662372,6870165,23.70248650946221
662372,3102595,22.94561205324702
662372,3939482,22.496715118321514
662372,1140788,22.321205428067245
662372,2082783,21.836276012185586
662372,3557820,21.80481201216878
662372,1418379,21.737478580234406
662372,136052,21.396685168991954
662372,8362044,20.878158077528358
662372,1418374,20.728503581669898
662372,767799,20.711345516013356
662372,8243037,20.699236517090362
662372,6631390,20.686424006589434
662372,6870167,20.669681341257537
662372,4629249,20.66080493595742
662372,2274269,19.82178720020237
662372,7425048,19.799256692514696
662372,3557815,19.671447581679708
662372,1720745,19.433343009565093
662372,346137,19.207270849972723
662372,8220335,19.130799572841816
662372,6631388,19.11078616271717
662372,4178061,19.06330245323546
662372,6348243,19.059189960099964
662372,8632274,19.056524600698214
662372,7298878,18.98237194118542
662372,8632278,18.982027579307857
662372,5996037,18.89713269160012
662372,6870164,18.86480729072886
662372,8610896,18.85974485918817
662372,4629253,18.80710396227185
662372,1875708,18.731551929467845
662372,136053,18.683521424998318
662372,7185657,18.621280211909365
662372,2169749,18.611575779878407
662372,2679725,18.598631738794793
662372,8275908,18.598631738794793
662372,2169750,18.582962645447125
662372,7632349,18.511582376621476
662372,6090518,18.50738803752295
662372,804544,18.481608297138813
662372,4102420,18.370538264125525
662372,767801,18.37003936662427
662372,1418383,18.344957574284138
662372,2274272,18.281560513962333
662372,1935781,18.229057334498833
662372,3557821,18.216560350181815
662372,8275904,18.151166971099716
662372,7976900,18.151166971099716
662372,3557818,18.133448567797927
662372,6870169,18.046977950251602
662372,3416712,18.014429882975982
662372,8049290,18.005627426572595
662372,2169745,17.993376187500232
662372,4629251,17.89573871518084
662372,4564064,17.839374456119845
662372,1734243,17.835658598566898
662372,4446998,17.745715001304568
662372,5601173,17.71557095708029
662372,7425043,17.698574914216913
662372,1418380,17.69269250345616
662372,7973268,17.691628738131886
662372,431091,17.64265004107
662372,8610900,17.54023624725176
662372,6348241,17.50189152370455
662372,2673170,17.48642261763572
662372,4662423,17.441313225099236
662372,346134,17.41306351326658
662372,6470408,17.354891268459287
662372,4016120,17.322640671664075
662372,7963398,17.25275887597014
662372,4053047,17.24973629911007
662372,6412121,17.205056713545066
662372,4102422,17.168824016297897
662372,6554216,17.127331512840584
662372,8575285,17.102252607680185
662372,2169743,17.097027942879645
662372,8634090,17.062827393817983
662372,1159876,17.051986743468497
662372,3025940,16.967121409000622
662372,1140786,16.93579431973218
662372,6235728,16.9085908298398
662372,7483707,16.908119512733162
662372,7808214,16.888003058770455
662372,3557819,16.884441563106826
662372,5428901,16.87912025819778
662372,4328425,16.85475401336849
662372,8795529,16.831726564953243
662372,8610899,16.795862094663768
662372,5475275,16.772353939479707
662372,8248185,16.766289209598586
662372,733167,16.70940199660342
662372,4402165,16.694618399984897
662372,7963393,16.690247187388817
662372,1404483,16.66661713839774
662372,4629252,16.64837740129835
364142,974291,20.392020808882023
364142,1706891,20.091279353901015
364142,8800197,19.526831204078874
364142,7319382,19.51516995395078
364142,8652173,19.33602021828129
364142,7804823,19.258530629802536
364142,2130954,19.247955050346512
364142,2749370,18.56715725849944
364142,3433353,18.11794150343661
364142,2999618,18.090521288716182
364142,4993676,17.899782930944966
364142,8515989,17.714522748889692
364142,8230753,17.541143158071325
364142,2369283,17.525621010017716
364142,2130960,17.45223241648057
364142,1822196,17.39066130852117
364142,6430556,17.302027351590212
364142,5650151,16.94139518332332
364142,1173707,16.768428952165614
364142,8705162,16.64987631996569
364142,425876,16.58788970216329
364142,425874,16.41843993753879
364142,3125836,16.377057612441803
364142,8648050,16.30041791318465
364142,1211758,16.275803371469927
364142,2130957,16.272915744519096
364142,720443,16.22668979263702
364142,1211754,16.19768112189952
364142,7873652,16.1291290485492
364142,3614431,16.09668056184312
364142,4041799,16.03708533534406
364142,8652170,16.019050464630993
364142,1211750,15.977718577373592
364142,6308350,15.873830105013294
364142,6162996,15.86622754971303
364142,42049,15.859353545532578
364142,3485500,15.855867702900103
364142,6914910,15.776790420387279
364142,4206121,15.77282112736674
364142,2361159,15.734979457110034
364142,6599093,15.70564915798454
364142,4789088,15.69915595719744
364142,2918873,15.657606606555916
364142,964606,15.599000150468608
364142,8642786,15.573134425238592
364142,2654727,15.547957134066095
364142,2918879,15.546534818973786
364142,42041,15.495926731949687
364142,720445,15.44148575304542
364142,1211753,15.438759889507244
364142,5316445,15.42416755048374
364142,2118491,15.271707457508414
364142,1897488,15.25924295442248
364142,6565873,15.243516944962728
364142,2921860,15.21716174733274
364142,908161,15.18608950260901
364142,7065944,15.177913224317136
364142,2213871,15.168733161466912
364142,4408765,15.161618909445572
364142,2171777,15.149757962348783
364142,8744300,15.106318661290281
364142,6680321,15.057464033284473
364142,6638734,15.048228059096818
364142,720447,15.048228059096818
364142,6665679,15.035409767003273
364142,2012432,14.985032468101753
364142,3833226,14.98227847187169
364142,7523084,14.974631699735601
364142,8652171,14.945773157986064
364142,602273,14.915312046828674
364142,2654732,14.900856464071703
364142,1940755,14.900856464071703
364142,3728085,14.867662419673064
364142,2654729,14.852633001321223
364142,908163,14.84760168965882
364142,4693615,14.80092063587292
364142,6489636,14.779767496890328
364142,720444,14.779037380004196
364142,8642783,14.758434137724599
364142,3335997,14.74388811321567
364142,908168,14.743558332496434
364142,783238,14.727722073718109
364142,42042,14.723039802399061
364142,4536609,14.721030857549065
364142,8800198,14.712091018635814
364142,5316446,14.700039477318182
364142,5206971,14.698607837823992
364142,7873648,14.68948718679157
364142,3485502,14.667462614685467
364142,1407500,14.652860341274712
364142,734269,14.634583211517299
364142,2654728,14.632212116499968
364142,6358882,14.483533803910962
364142,174485,14.473862852596305
364142,8368755,14.473479329075165
364142,425873,14.469916901298696
364142,908167,14.43144045906787
364142,4290484,14.428308252230288
364142,435405,14.425530273583504
364142,555583,14.40490662034166
20455,1321512,15.180788469429492
20455,4659697,13.070368038780533
20455,6373938,12.45363378518666
20455,5078068,12.308296556958258
20455,3251676,12.068682373899293
20455,603543,11.876195100493888
20455,7332885,11.86280050007213
20455,1529172,11.689751516473564
20455,8325817,11.598707851246935
20455,1795457,11.564572445580279
20455,4555942,11.476591415273361
20455,631102,11.33776624548414
20455,514958,11.222291821283113
20455,2072881,11.17701683336117
20455,4290591,11.164934989503852
20455,8114947,11.153884131924137
20455,5666838,11.14246485191314
20455,5686812,11.14246485191314
20455,7991356,11.135943047150278
20455,7991359,11.135943047150278
20455,6340610,11.098724635979474
20455,6340609,11.071881326204302
20455,631097,11.070313912382538
20455,1660645,11.070313912382538
20455,3680339,10.941430717829874
20455,6071967,10.904234137126915
20455,3655193,10.879801665490742
20455,8333284,10.808583108843115
20455,151258,10.786406818894084
20455,1914317,10.778186617156804
20455,3860801,10.760633958596435
20455,5819137,10.753824870128174
20455,981072,10.71800151443253
20455,6921271,10.717052432221685
20455,1121984,10.61624984177619
20455,7580035,10.608517032613666
20455,8255185,10.607345515421407
20455,160655,10.603808322734215
20455,7310659,10.600671504365353
20455,8296025,10.588089881423324
20455,4504007,10.574211662245453
20455,8194161,10.553317172733422
20455,7207088,10.553121222665176
20455,2857055,10.553121222665176
20455,2857052,10.546120913267814
20455,2036372,10.531600497454932
20455,6353458,10.488434230965114
20455,4449518,10.480622655579703
20455,244054,10.479023100455375
20455,352218,10.467340733840636
20455,4934750,10.455791292821122
20455,6967590,10.437009214837728
20455,4051877,10.381659085585204
20455,7689804,10.368185676444073
20455,7418819,10.344101980642076
20455,8027220,10.322155440068453
20455,821625,10.302845332920867
20455,6774312,10.286763877561533
20455,7267893,10.266216175811842
20455,8596137,10.262637812130682
20455,220952,10.262425308500282
20455,220953,10.262425308500282
20455,7302178,10.253511602687848
20455,6884611,10.253511602687848
20455,1343301,10.246534486901512
20455,427422,10.234773591169455
20455,5263865,10.223692485542687
20455,7605008,10.19884255102455
20455,8167859,10.192449357330998
20455,6437687,10.190851612110409
20455,6157016,10.164900444868577
20455,7382818,10.164900444868577
20455,4652584,10.163162913230744
20455,5874333,10.163162913230744
20455,3518108,10.162463025893986
20455,1607429,10.158841175139626
20455,2878917,10.131156567804881
20455,1541032,10.099797543131013
20455,7231061,10.099658543156227
20455,735426,10.096192684778527
20455,4519131,10.069543114723631
20455,3243762,10.056528305806912
20455,3518103,10.050901215821478
20455,4286448,10.047519536095486
20455,1345126,10.04303386090922
20455,3068286,10.035537436909298
20455,267243,10.03125589463871
20455,6414495,10.01376654997458
20455,5142174,10.01376654997458
20455,365660,10.009369735811267
20455,4503819,10.007879908312542
20455,4124769,9.998392055574657
20455,6726497,9.982880527169367
20455,2878919,9.965742846691207
20455,6949185,9.965742846691207
20455,2951719,9.962228977947973
20455,1794469,9.961137334404565
20455,1605138,9.94599564813057
20455,1241915,9.940867981113351
20455,2672715,9.93330617224214
1119058,8730930,21.34237113259256
1119058,4522897,18.124829230699728
1119058,5085388,18.101497363003574
1119058,7018801,17.99184654086313
1119058,340748,17.812170609932295
1119058,3129109,17.77302241365256
1119058,821331,17.740783849926366
1119058,8027788,17.63949118681981
1119058,1313915,17.53590048092421
1119058,8626225,17.53590048092421
1119058,821325,17.296959130383467
1119058,5159527,17.2960350536785
1119058,4525494,17.252156455794463
1119058,7741427,17.205198204539172
1119058,3274923,17.14523130500175
1119058,6713010,17.12376564299856
1119058,2686139,17.080798935461058
1119058,2807185,17.051771169723892
1119058,7741430,16.907910724108923
1119058,3764709,16.775053121600216
1119058,4522899,16.69773395606491
1119058,2419427,16.64315304570441
1119058,7923863,16.620699483492633
1119058,6843938,16.600082728843518
1119058,6494385,16.559795903574013
1119058,627827,16.481525136703574
1119058,4428080,16.46606754104307
1119058,6494382,16.4190549290178
1119058,2189798,16.40569646861363
1119058,3508155,16.387611702484108
1119058,7210288,16.322014298477075
1119058,3247400,16.263639317776512
1119058,2807179,16.22955874305287
1119058,1973364,16.196089325491474
1119058,3446865,16.14525354055725
1119058,8288054,16.1078878075023
1119058,569780,16.07757495563048
1119058,6820340,16.0332976980645
1119058,1291195,15.994412442528102
1119058,4074617,15.920770769492282
1119058,8626220,15.880970002060876
1119058,778561,15.832601183071137
1119058,821326,15.720272287163557
1119058,4036212,15.719211964521941
1119058,3730808,15.71346392734024
1119058,8351987,15.70058071748728
1119058,4729544,15.648719635069327
1119058,7372491,15.618256913044261
1119058,5138642,15.60078363308763
1119058,424231,15.584250497267874
1119058,5988078,15.553216084393318
1119058,7372489,15.532445007818
1119058,1814314,15.529636479006678
1119058,5988072,15.479290993248224
1119058,3568304,15.479290993248224
1119058,1973361,15.474409445800093
1119058,6660535,15.464114170635764
1119058,4522893,15.452385238078165
1119058,7982820,15.433508692621935
1119058,6228088,15.425324395686498
1119058,620523,15.42331056872668
1119058,6217031,15.414500442966515
1119058,2686142,15.406080653799027
1119058,3727526,15.40091762347673
1119058,4556124,15.40091762347673
1119058,6228089,15.369084107524028
1119058,6713009,15.319479773338777
1119058,252539,15.290480495991542
1119058,4425872,15.290480495991542
1119058,8255355,15.28718140871744
1119058,6816799,15.248227765280868
1119058,7612426,15.22547453580733
1119058,3664893,15.214581880572434
1119058,8332146,15.19063387501457
1119058,6396798,15.149950116776957
1119058,6713017,15.149674456961662
1119058,1048499,15.115116122162739
1119058,7914662,15.055235721030499
1119058,3143850,15.050388865206504
1119058,1979331,15.029862746346264
1119058,825776,15.029862746346264
1119058,6396800,15.015160723643659
1119058,5100025,15.010717643626453
1119058,4122752,14.944953269701095
1119058,5207908,14.922287997686329
1119058,6228087,14.914436733126053
1119058,5195212,14.909054393745457
1119058,3568305,14.860997776234477
1119058,3852729,14.860997776234477
1119058,5504072,14.84975331551562
1119058,3129105,14.807288073866086
1119058,1456791,14.793084845195892
1119058,5988071,14.780486965872328
1119058,1094130,14.777980278332844
1119058,6113013,14.712703565269294
1119058,5237764,14.711071501588293
1119058,6397710,14.695885143642359
1119058,8075207,14.663827070283567
1119058,6434252,14.645072020703186
1119058,4696466,14.645072020703186
203318,8340381,28.27374205619848
203318,8340382,27.77780175812419
203318,8340387,27.030249683362705
203318,8340378,23.172504507169783
203318,8340383,22.871355625656864
203318,8340379,22.649783513125747
203318,8340385,20.755483748207986
203318,3083622,20.720983858794188
203318,3083624,20.370633254998246
203318,6878739,20.175277170869865
203318,8560553,19.688139169060115
203318,6878746,19.36592204085671
203318,1738624,19.21688569962249
203318,5761312,19.119398005004125
203318,253950,19.09319849527609
203318,7108742,18.800036674950974
203318,4152728,18.75159885268377
203318,3650614,18.726191812513537
203318,4135033,18.726191812513537
203318,7915086,18.62673854030392
203318,3609999,18.137450951249818
203318,3351438,18.072466572112823
203318,3351436,18.044564480640005
203318,5761305,17.95660839613338
203318,3083620,17.819253164599083
203318,1488039,17.670100701813098
203318,6646651,17.148482197620375
203318,5296122,17.101014555961473
203318,8290848,17.038506612639974
203318,4142994,16.967148808354597
203318,5245086,16.92423846820026
203318,6947714,16.882831478444597
203318,8307085,16.87376237825265
203318,8340386,16.63621656198724
203318,6185829,16.5460331690323
203318,7173806,16.50495287688311
203318,1349755,16.394739440738956
203318,8290851,16.32380536351407
203318,4187023,16.223829205712846
203318,7841700,16.22075576148056
203318,8307091,16.158957212820845
203318,4850847,16.1501574909541
203318,5746917,16.07679897686721
203318,8240264,16.071275104818437
203318,582409,15.96480071813096
203318,3330105,15.922190463430546
203318,6355260,15.921350652941888
203318,4850848,15.905025364248704
203318,3972562,15.746221382025173
203318,8240260,15.72943642478965
203318,1184092,15.67810483249148
203318,1184093,15.67810483249148
203318,6746282,15.677518888160535
203318,8307087,15.621166742824178
203318,2391943,15.587827248961712
203318,8290846,15.570439247280817
203318,974092,15.539244764086968
203318,5514843,15.408817512790815
203318,4850846,15.390499266855773
203318,5419917,15.37993902555369
203318,7728015,15.378777954503041
203318,4176833,15.375212177775525
203318,7368628,15.327593273359064
203318,689684,15.30146895600348
203318,13579,15.277114267880775
203318,6684719,15.276989360651339
203318,6371875,15.255060288707824
203318,6320521,15.235521714724829
203318,5746911,15.208655196802738
203318,5026271,15.192379390670073
203318,239941,15.181379568611241
203318,6947720,15.161658479919277
203318,346241,15.115175265750752
203318,6376674,15.070159953538797
203318,2853004,15.020676168782861
203318,7767532,15.020676168782861
203318,8496703,15.003828361568187
203318,5245081,14.999535379117603
203318,1573424,14.955758685939543
203318,6684722,14.896994950084796
203318,4876273,14.843509476901591
203318,6355262,14.8361348996979
203318,4427860,14.778007508183684
203318,7878066,14.758215524857764
203318,4997790,14.7411711635845
203318,2537677,14.72442237897744
203318,2825937,14.719509394009258
203318,395235,14.719254548165617
203318,1682148,14.686274752120266
203318,4771253,14.68396927129253
203318,2549599,14.650242207030496
203318,3703866,14.647448086390256
203318,7212469,14.642657911226074
203318,1405977,14.541633493492075
203318,2096440,14.521048166460739
203318,8016081,14.507748521208871
203318,3815239,14.504303485617479
203318,6817437,14.493367777479111
203318,8387087,14.479505064482911
203318,2208801,14.47701534029795
1126813,8783942,19.840086137400966
1126813,8783939,19.014234811671198
1126813,8783936,18.33815638364417
1126813,8783941,15.427265986488187
1126813,8783944,13.840565799316357
1126813,1121119,13.555459730537414
1126813,7622796,12.472320825926381
1126813,1121123,12.085017237754155
1126813,2724424,11.940959471858948
1126813,2711708,11.927968450613111
1126813,5924438,11.80996565719462
1126813,3441835,11.279746030671431
1126813,3447604,11.279746030671431
1126813,3441830,10.923563072026663
1126813,7875300,10.8097821360302
1126813,3337543,10.655290545798323
1126813,3471302,10.655290545798323
1126813,7875301,10.643486687883634
1126813,1591594,10.535436704626582
1126813,3740637,10.482230230371417
1126813,1591587,10.482230230371417
1126813,1121122,10.173945099059003
1126813,3840807,10.1643157772921
1126813,4420639,10.134998450537255
1126813,2724423,10.087970459573786
1126813,1121120,10.026504046503941
1126813,1208582,9.981019572241772
1126813,4274420,9.96509926184448
1126813,7526805,9.940836181077993
1126813,2565925,9.85015183446405
1126813,2750619,9.832984198154092
1126813,2750616,9.804911967734453
1126813,6683448,9.782447510885508
1126813,5072022,9.760085757301344
1126813,5711445,9.75213194851191
1126813,6044981,9.744081138716258
1126813,3380792,9.737826004278306
1126813,7421676,9.715667555508757
1126813,2750618,9.715667555508757
1126813,3253500,9.672598479203986
1126813,2283981,9.67165181704501
1126813,4991805,9.670975743230025
1126813,1208583,9.670468749893411
1126813,6871804,9.641251847809302
1126813,363015,9.632725636528338
1126813,3420740,9.589024966449985
1126813,2750624,9.576379334974238
1126813,1121121,9.57400617592186
1126813,7787404,9.564475370310296
1126813,2386380,9.544269358684527
1126813,7297348,9.544269358684527
1126813,3380799,9.542886859367815
1126813,4305654,9.542886859367815
1126813,5282069,9.542886859367815
1126813,3772172,9.542886859367815
1126813,5626636,9.517360889274723
1126813,8417051,9.517360889274723
1126813,402809,9.514611855520359
1126813,4692790,9.512373994815963
1126813,3581393,9.512373994815963
1126813,2750622,9.49197111212414
1126813,5711444,9.48069109893762
1126813,3840808,9.466716440836908
1126813,3138259,9.44921855509358
1126813,1299272,9.44921855509358
1126813,573827,9.441595799872447
1126813,4726292,9.441595799872447
1126813,4991806,9.41795427533187
1126813,4066413,9.415070138775198
1126813,7253286,9.400559633003807
1126813,1299266,9.397308421685176
1126813,7907213,9.391752363528752
1126813,3563937,9.391752363528752
1126813,3658552,9.367027473399146
1126813,6864420,9.367027473399146
1126813,309306,9.356042293505842
1126813,8801618,9.356042293505842
1126813,2493521,9.356042293505842
1126813,7726697,9.353828318144407
1126813,4020496,9.353828318144407
1126813,2724427,9.349069375987861
1126813,4310142,9.349069375987861
1126813,573828,9.34442310153804
1126813,6452820,9.342432423798105
1126813,2705245,9.325390551446846
1126813,2186775,9.325390551446846
1126813,4372031,9.316171876431165
1126813,6753737,9.316171876431165
1126813,7714624,9.294938992602022
1126813,7855187,9.294938992602022
1126813,1393258,9.293627776478509
1126813,4403688,9.293627776478509
1126813,3420739,9.292129696681414
1126813,8271309,9.257591379459628
1126813,2955686,9.24638724818952
1126813,3337539,9.233285718795631
1126813,167753,9.233285718795631
1126813,8101389,9.212551129754221
1126813,7472486,9.206262648026051
1126813,3623427,9.204765994977151
240053,5492716,30.10817803197274
240053,3857660,28.295641243950627
240053,5617191,27.963718841923868
240053,5853963,25.667388616057387
240053,6963592,25.509917661965538
240053,3692254,24.889590604692415
240053,7032844,24.56261147659449
240053,6963596,24.341711883202066
240053,3162892,23.94568283556078
240053,3658247,23.09876094607838
240053,5853959,22.756193516252225
240053,7160691,22.018479229055917
240053,5657097,21.84749432706259
240053,2967058,21.451130939239402
240053,3375130,21.25459814413986
240053,3162893,21.240109714597043
240053,2960570,21.001113074124675
240053,4790299,20.703103380051154
240053,5617186,20.54277948735531
240053,3857662,20.457416793861324
240053,6665636,20.454115293251576
240053,8315352,20.17349329192284
240053,3517862,20.094164185685084
240053,4318428,20.0805541230092
240053,4328559,19.92545992514473
240053,8315346,19.869211065217016
240053,5124573,19.838149391334944
240053,7844754,19.828028510343138
240053,5617189,19.779384378177607
240053,4318429,19.693581078639983
240053,7844755,19.64675044907822
240053,2139360,19.56303525502936
240053,2919784,19.4744529063821
240053,7135892,19.285357305320154
240053,1938455,19.21244495073792
240053,3418791,19.211839274395174
240053,8806088,19.164741637259887
240053,528638,19.137925265609883
240053,1215440,19.118996156043405
240053,8753839,19.087183765696174
240053,4883085,19.073130662518654
240053,1320735,19.030364899128152
240053,5657095,18.97208133190203
240053,8537866,18.887696952716162
240053,1026388,18.861722034361907
240053,7485480,18.809087018914745
240053,4084170,18.7583994440091
240053,5168785,18.660271015227213
240053,3134604,18.657485748507533
240053,2026447,18.65433872233765
240053,6881185,18.649274577882046
240053,7867148,18.634624685770014
240053,11116,18.629886285478015
240053,5125041,18.613213830444355
240053,6150414,18.545585007912823
240053,3869032,18.501894914211025
240053,706613,18.46847499730663
240053,6532859,18.444275340260802
240053,5408962,18.37385922135938
240053,6720262,18.357400151942162
240053,5572964,18.351749590185566
240053,4305364,18.196604982571095
240053,2960576,18.083348384658084
240053,8244619,18.066978955027412
240053,1784977,18.05274949202792
240053,7318059,18.047409386631177
240053,6067562,17.99941125212002
240053,8713303,17.946119245774494
240053,5235936,17.892814373464773
240053,898545,17.86970113786905
240053,131072,17.86512514204532
240053,635361,17.85808841535257
240053,5427400,17.84383878642078
240053,5235933,17.719097667498062
240053,7160696,17.714094251461685
240053,7160694,17.714094251461685
240053,7404878,17.710587303637375
240053,8100104,17.668995354747988
240053,7474304,17.66202561055393
240053,5103694,17.64038589707627
240053,8100100,17.6153937537194
240053,2652005,17.59261290676303
240053,5553048,17.557455684616283
240053,3165651,17.554985914279758
240053,1979179,17.507893691954138
240053,3165650,17.49877994975942
240053,4328560,17.49877994975942
240053,6653260,17.491805620966346
240053,5427395,17.418350045989143
240053,6963593,17.41312459569214
240053,2179629,17.39971330978313
240053,133540,17.376009949205685
240053,2073167,17.371558255563187
240053,3206759,17.35657780924185
240053,6210869,17.35281689549731
240053,1998954,17.34657363492562
240053,158045,17.344316830229776
240053,4045215,17.34289670046454
240053,8643301,17.327321450324376
240053,1612663,17.321173517526784
1115392,8110046,12.555316794365446
1115392,8110044,11.270401051142986
1115392,344436,11.182878679978053
1115392,1325713,10.689794244427084
1115392,5632415,10.596349698359159
1115392,8110041,10.223008648453087
1115392,8069293,10.077828349927678
1115392,2557675,9.82350275545981
1115392,1679429,9.679220359954474
1115392,8207894,9.515065744133635
1115392,8838196,9.336267266086482
1115392,8110043,9.24767505885182
1115392,2518508,9.185054611075893
1115392,1829917,9.005998802272316
1115392,2653628,8.756796271967207
1115392,7081654,8.75141675759971
1115392,7086975,8.731231657303455
1115392,8713469,8.675325813451604
1115392,3093360,8.506862255895474
1115392,4068049,8.05578779908141
1115392,1829918,7.403886632760222
1115392,3093361,6.75968649065058
1115392,5060782,6.688087550838865
1115392,5212694,6.263536363158035
1115392,3093358,6.055333373268081
1115392,3913375,5.627585852183283
1115392,5212698,4.974082810662496
1113437,3325914,16.37038279176768
1113437,3436902,14.971421142082145
1113437,7618564,14.468171502433872
1113437,6284746,14.40375859031256
1113437,8128798,14.025376467532315
1113437,436902,13.807777626874898
1113437,4186999,13.710598532870756
1113437,3436901,13.616226823775662
1113437,4841345,13.576586952118479
1113437,5050470,13.497961363404215
1113437,8133335,13.441891521622619
1113437,6021898,13.350551244605324
1113437,4691644,13.340584312225218
1113437,5313809,13.282233942463469
1113437,8128790,13.178689106341729
1113437,5132846,13.163188827956478
1113437,1655114,13.036574118772116
1113437,61756,13.035335657872114
1113437,7306673,12.99571611039952
1113437,8299324,12.988688444686929
1113437,436903,12.936998424692575
1113437,3997986,12.858769658182577
1113437,1805017,12.828318247388447
1113437,7424167,12.807340984613571
1113437,8718297,12.807340984613571
1113437,5124535,12.807340984613571
1113437,7147067,12.807340984613571
1113437,8713116,12.795299163704506
1113437,3329254,12.682778025555026
1113437,4545407,12.665617171629641
1113437,7900782,12.629685267037228
1113437,85200,12.605497544872478
1113437,2920385,12.48664914652893
1113437,6166403,12.443579264274133
1113437,6909270,12.401045282577487
1113437,7536939,12.375014318531127
1113437,4898185,12.352240168156893
1113437,1768734,12.346025080766264
1113437,7901000,12.331888546792134
1113437,3436898,12.22718487173638
1113437,2162939,12.21976069287819
1113437,4628484,12.18673794957975
1113437,6758454,12.154198886387407
1113437,8128796,12.143811125009217
1113437,2912120,12.08045933206116
1113437,864474,12.051494760729138
1113437,1396712,12.01045009214686
1113437,7118878,11.969013099612841
1113437,3404360,11.954884596874322
1113437,919328,11.903346290168844
1113437,1655112,11.86394944200891
1113437,5323737,11.859604327619115
1113437,7775858,11.859604327619115
1113437,2735952,11.807581294898048
1113437,1785405,11.752177648901547
1113437,5748055,11.708387092404763
1113437,4860928,11.703104301845146
1113437,4111480,11.601103854101183
1113437,8820310,11.595032617223767
1113437,3436894,11.589210735794325
1113437,4945929,11.575006881792213
1113437,1066532,11.57499856814084
1113437,8173878,11.543058954637868
1113437,2041803,11.518750199242097
1113437,6115723,11.441265796148727
1113437,1433630,11.441265796148727
1113437,4714190,11.441265796148727
1113437,6278837,11.441265796148727
1113437,2922427,11.422565956873376
1113437,8705945,11.421422077877716
1113437,8004278,11.418094551201218
1113437,1850851,11.390618995957666
1113437,3764193,11.390538072060497
1113437,6849692,11.36041946892965
1113437,826113,11.341252281920335
1113437,4981632,11.325436147076175
1113437,657400,11.317704285739584
1113437,8128794,11.300466734764544
1113437,6215772,11.292088632610346
1113437,7011361,11.25448661985929
1113437,4521746,11.251111370913286
1113437,5215408,11.166886440766554
1113437,5215406,11.166886440766554
1113437,4193422,11.162373293111324
1113437,5279666,11.146380713348815
1113437,1954468,11.123919242034733
1113437,2204118,11.12112864343509
1113437,4486954,11.120197955861263
1113437,7707094,11.099903717109827
1113437,2431016,11.073130396703975
1113437,4216338,11.005197141038538
1113437,7618558,10.99969214521392
1113437,2145127,10.967318508012196
1113437,3404362,10.958092799517777
1113437,657405,10.936876210606187
1113437,807274,10.93438736021439
1113437,1287014,10.926955875890883
1113437,6300177,10.902802234531544
1113437,807273,10.870684624523157
1113437,6557144,10.830943824793252
1122461,1311038,18.54299180073737
1122461,5126003,18.02205445102468
1122461,4989566,17.884682384450976
1122461,48062,17.472980617076026
1122461,8238271,16.735112884040664
1122461,553880,16.494379930730215
1122461,3704866,16.38439658385012
1122461,4556347,16.316398152245945
1122461,1746623,16.030288450481844
1122461,3977522,15.939569200119456
1122461,4989567,15.836840203026718
1122461,7927076,15.701512737725375
1122461,7567622,15.462004273732628
1122461,3977514,15.42153974380297
1122461,6719657,15.397288833712077
1122461,7437454,15.295998582223369
1122461,2531935,15.279221096230401
1122461,5820098,15.043292569571559
1122461,4235625,14.975674151304407
1122461,6051487,14.968929476234784
1122461,7437456,14.909156883733708
1122461,5285775,14.786608013347948
1122461,293221,14.717058731338167
1122461,2267207,14.648378517135846
1122461,238484,14.643353696377833
1122461,7689544,14.537223587007253
1122461,6188991,14.468801135107082
1122461,8349878,14.468163221430476
1122461,8042581,14.359993806001677
1122461,4671924,14.240442816541066
1122461,3731418,14.180910930743496
1122461,5126005,14.152912289729338
1122461,6330902,14.098313544859455
1122461,5732349,14.086640103733362
1122461,2452990,13.94389201087883
1122461,777761,13.811654399644311
1122461,6623218,13.795372561133643
1122461,1762070,13.761640685227622
1122461,4727159,13.733596180474066
1122461,2043708,13.725930244956562
1122461,8721077,13.698306719084286
1122461,4452742,13.682390930956599
1122461,3230153,13.535911691994972
1122461,8435978,13.518290169522519
1122461,8042589,13.494727389210468
1122461,7129660,13.445794741405141
1122461,6765639,13.443642459668535
1122461,4954333,13.414636469161175
1122461,1363928,13.396348966061984
1122461,853800,13.392612054536638
1122461,2259127,13.340733473937648
1122461,4452747,13.291876183987469
1122461,4804324,13.256665650163356
1122461,2947053,13.232159149193809
1122461,6176680,12.949810380347088
1122461,3042118,12.938033897152085
1122461,376306,12.825517661513818
1122461,625416,12.76471478919619
1122461,8383849,12.742640105734194
1122461,6619486,12.737104419870267
1122461,6200144,12.676795037960538
1122461,3526090,12.629420434599941
1122461,3357987,12.550215007962555
1122461,6166223,12.537584490253579
1122461,5194751,12.51732913358953
1122461,1363922,12.511599404447342
1122461,7460065,12.498006177410058
1122461,8663452,12.497325895207448
1122461,3704862,12.46125621653611
1122461,3902115,12.46125621653611
1122461,3902119,12.46125621653611
1122461,7155216,12.34622411879505
1122461,4556351,12.23920774495167
1122461,4976284,12.217325722181833
1122461,6225035,12.089458251046887
1122461,1310082,12.067667229469102
1122461,670134,12.067162983873038
1122461,867999,12.020342410982275
1122461,7241508,12.019227040017116
1122461,3064250,12.018145456821966
1122461,8455922,11.991839340795947
1122461,5635217,11.925631185503251
1122461,4954328,11.918291989171069
1122461,4691681,11.885577908327889
1122461,7803166,11.865930789460801
1122461,4954329,11.819484869110687
1122461,1178888,11.698229635530222
1122461,7709043,11.670148156619135
1122461,2518852,11.661855749574055
1122461,5885381,11.630449997146227
1122461,7039915,11.59741439334673
1122461,2864423,11.581059593037766
1122461,1526194,11.535724414344672
1122461,5016931,11.53404487698877
1122461,6138978,11.478730947388456
1122461,4189286,11.471617758091432
1122461,3615069,11.468770070099826
1122461,5885379,11.463351922381198
1122461,4882990,11.45983248227743
1122461,6138979,11.459705248366785
1116341,8100866,21.270104552098736
1116341,6782961,20.761849946464963
1116341,8100865,19.442809616921476
1116341,8100864,19.442809616921476
1116341,4662985,18.841595261351994
1116341,7212226,18.46761427671575
1116341,7212225,18.41181802735218
1116341,2829743,18.163063446202674
1116341,8274411,17.83151928920551
1116341,2197145,17.69780984486676
1116341,6782799,17.226189353133073
1116341,2197149,16.860566818076606
1116341,6782800,16.347348896187537
1116341,5154244,16.082139625984517
1116341,4662987,16.034838831891456
1116341,7223336,16.020418963314878
1116341,8100861,15.933222966062875
1116341,7212219,15.71098518194761
1116341,7885821,15.522823281546142
1116341,6120488,15.459792149237924
1116341,7317480,15.400516037871231
1116341,4701609,15.376880951850701
1116341,6389912,15.35760599210623
1116341,2826691,15.351680276746691
1116341,5756134,15.313678401078958
1116341,4272919,15.312996715492378
1116341,1093330,15.279194328864378
1116341,2299946,15.01703099225147
1116341,4162685,14.972405236731397
1116341,4983067,14.910547991090105
1116341,7966975,14.891002546805726
1116341,7435457,14.860218345911278
1116341,6681496,14.813420275005162
1116341,3011413,14.764767970510258
1116341,4151581,14.763116891819763
1116341,1225628,14.717548738262451
1116341,6249637,14.645933903579628
1116341,1618076,14.551520933661685
1116341,4662993,14.536457389225225
1116341,7429072,14.529626290307135
1116341,5060824,14.529626290307135
1116341,8146383,14.479091125546258
1116341,7212220,14.451956682044917
1116341,7827268,14.436859376412956
1116341,1555133,14.426305958885223
1116341,1433492,14.398731925797206
1116341,2670126,14.382098018489199
1116341,3316328,14.363730520293885
1116341,1191962,14.363730520293885
1116341,2989461,14.353259587269935
1116341,702158,14.346625105384346
1116341,7651841,14.339768749005888
1116341,1786498,14.287590327515879
1116341,3233453,14.116851976997822
1116341,2989460,14.038912338467924
1116341,6978629,14.004935860795822
1116341,469521,13.993127024987926
1116341,3514430,13.92572068480466
1116341,4352974,13.909417552319425
1116341,7773705,13.895806308835862
1116341,4662989,13.805420848709081
1116341,2430179,13.798537775248004
1116341,5140072,13.764295431406248
1116341,1767117,13.743573998832336
1116341,2368700,13.69645661372378
1116341,1558487,13.648286555392136
1116341,8024150,13.628867064423197
1116341,4538256,13.576734211015332
1116341,3328558,13.57388821685363
1116341,3316332,13.539181015456531
1116341,4662992,13.481119255224712
1116341,4538263,13.46264900590365
1116341,5515600,13.460920175089068
1116341,333208,13.460920175089068
1116341,2430183,13.426934054098911
1116341,8225770,13.426934054098911
1116341,945367,13.400993545861237
1116341,2093172,13.381261465769217
1116341,3229713,13.364685774680474
1116341,7862243,13.361226610492613
1116341,7214105,13.355081727626771
1116341,7214111,13.355081727626771
1116341,4903955,13.355081727626771
1116341,7644631,13.355081727626771
1116341,6764614,13.353518294804164
1116341,8550069,13.335583264787841
1116341,1473410,13.3088778816137
1116341,7869915,13.308080487208626
1116341,8709880,13.306999226748097
1116341,8550063,13.280238760699469
1116341,637209,13.272480264869369
1116341,3502693,13.225510433789463
1116341,4737972,13.197383853089661
1116341,2485517,13.197383853089661
1116341,4383779,13.190932211004395
1116341,4701608,13.190932211004395
1116341,4313597,13.190920951466344
1116341,5967738,13.091602320658998
1116341,1036053,13.089559621310181
1116341,6941572,13.015819092800669
1129237,7911557,25.067719494566965
1129237,8588219,24.494534062881588
1129237,8588222,23.511527248374744
1129237,2697752,21.72723625577096
1129237,1721142,21.03893578790462
1129237,302210,20.502597237353363
1129237,2697746,20.32637266038608
1129237,128984,20.23102456131881
1129237,3905806,20.131802754713597
1129237,3153068,20.12644117669787
1129237,305088,19.733288131472406
1129237,262492,19.473428785724963
1129237,2176863,19.04360340842004
1129237,998751,18.911042030270625
1129237,8588227,18.853916514126624
1129237,5906130,18.81471750404429
1129237,7350325,18.274471154357705
1129237,6343521,18.18118323488207
1129237,8712732,18.172975846343267
1129237,1063162,18.15317811884916
1129237,3826659,18.072169115143385
1129237,3905802,17.807320805085244
1129237,3409660,17.738035067272932
1129237,3649330,17.73567465577589
1129237,7004451,17.68056381986817
1129237,7209094,17.63118127238932
1129237,3993743,17.59869703457215
1129237,8633911,17.494159847166152
1129237,4233385,17.480105432638442
1129237,4233383,17.425490070912456
1129237,1770027,17.37517272864888
1129237,6080460,17.276236677258623
1129237,3279719,17.267720898097657
1129237,2955239,17.188243070099734
1129237,4254813,17.148849547603493
1129237,7688471,17.115494138989696
1129237,8513583,17.112135718973143
1129237,6868144,17.104798243816738
1129237,6343520,17.090910993388736
1129237,1959030,17.07437717289587
1129237,3905057,16.99926033529274
1129237,6166230,16.96592708160793
1129237,6386977,16.945864447216213
1129237,1908007,16.94384844886951
1129237,1169301,16.849575493391267
1129237,1357118,16.82073053166875
1129237,240957,16.77609389061413
1129237,4915547,16.712423879301912
1129237,2370954,16.707106700381367
1129237,8357400,16.698773106986728
1129237,5127618,16.693985253783012
1129237,4569650,16.680261984829084
1129237,3683096,16.6598727360819
1129237,4233382,16.600735129706724
1129237,461835,16.59505418068651
1129237,1904265,16.56604757830021
1129237,6194648,16.540242673648958
1129237,3858678,16.53136298783116
1129237,1234330,16.49481684915277
1129237,7337950,16.48649625424293
1129237,4162487,16.464573997458224
1129237,3905803,16.46082862551259
1129237,5094333,16.417957775357387
1129237,1908008,16.396163413818815
1129237,2878256,16.352509939809323
1129237,7688465,16.34731991168472
1129237,3826651,16.319196542661402
1129237,1421371,16.295161940706734
1129237,998747,16.253325313302266
1129237,7874566,16.225352544001787
1129237,1779228,16.212603217497406
1129237,7397082,16.208055984807967
1129237,4182658,16.186408181518036
1129237,5831781,16.18407348596266
1129237,3572523,16.179278150988477
1129237,3631834,16.140104443707607
1129237,8682824,16.12810083577688
1129237,3588803,16.090894092708428
1129237,7567619,16.07685543124267
1129237,4496820,16.065192323290685
1129237,6194643,16.003869213487448
1129237,6585295,16.00059821437
1129237,2837792,15.994435050637733
1129237,4066969,15.97493504777391
1129237,451835,15.971290751500428
1129237,2384636,15.961280634331189
1129237,3737013,15.94436305322023
1129237,1770021,15.878504051969113
1129237,1200867,15.852603778235776
1129237,6718826,15.816886854655223
1129237,1020793,15.791820383687451
1129237,2913079,15.7796260366419
1129237,4926777,15.758268316168756
1129237,2333610,15.755698834304521
1129237,1549775,15.74468597262521
1129237,1793268,15.684500337372384
1129237,4165266,15.668280161505479
1129237,1757011,15.665836391029053
1129237,4486834,15.66228816294084
1129237,8588223,15.64556814889553
912070,5058699,13.852721518108417
912070,4547349,13.167233648769109
912070,777849,13.013234855715229
912070,5162624,12.671601389394365
912070,5162628,12.604280248081045
912070,4698025,12.468629061214326
912070,3996436,12.235851286219413
912070,5328871,12.131749938213645
912070,482769,12.100563494354336
912070,7946150,12.086252477425983
912070,3996433,12.044931584818753
912070,7241523,12.028421434428466
912070,3996430,11.933255041925145
912070,6230240,11.796772341434004
912070,3996438,11.695264732596907
912070,5162626,11.676783229767942
912070,7946149,11.636890595891193
912070,103134,11.616044333387773
912070,8162623,11.549666736428616
912070,2303998,11.518250804374393
912070,5058695,11.504721549790544
912070,5086902,11.504721549790544
912070,7946151,11.396768989319895
912070,8001217,11.38857737001823
912070,2400610,11.376365831872192
912070,5162627,11.335204272257663
912070,6146730,11.292813578189344
912070,6193959,11.145263941789572
912070,3328833,11.11005845072513
912070,4945453,11.043092612925467
912070,2896588,10.914101586119813
912070,8162625,10.901049032721989
912070,6826389,10.892670746950756
912070,3008572,10.781871914022174
912070,1331213,10.778135454024513
912070,4929215,10.694393467089636
912070,4504940,10.615430778988996
912070,2151313,10.56854273827145
912070,1466968,10.529194533170024
912070,5834743,10.515684032555566
912070,3226256,10.40190643119389
912070,4602327,10.371847283462222
912070,8730446,10.354649514345702
912070,3104938,10.34618786448834
912070,7870389,10.307874694653416
912070,2170982,10.231118924146111
912070,1010400,10.19790440882261
912070,494604,10.159635523384754
912070,3306818,10.076852855352772
912070,4513576,10.070916214274451
912070,5887342,10.060002838485902
912070,6730126,10.025914410775297
912070,8185821,10.020825055229686
912070,4183630,10.010010767199185
912070,2303995,10.00490074850428
912070,6826391,9.957850277292726
912070,2303994,9.94737724488801
912070,3774502,9.920171519194884
912070,4615448,9.901017673617956
912070,5887341,9.880845992929432
912070,5096366,9.875060390781806
912070,4513577,9.775450584988693
912070,4213888,9.761547887710275
912070,4929214,9.741735326464925
912070,1237852,9.73456338083045
912070,3555367,9.720219076374208
912070,8648430,9.69855239393252
912070,2516376,9.654586516009346
912070,8365785,9.592032696029925
912070,6860429,9.588089034874198
912070,2005845,9.584976992666242
912070,4513575,9.551677680151728
912070,4545870,9.475563656905834
912070,2005848,9.451195965885622
912070,4535658,9.442209637028917
912070,4287451,9.439994669755485
912070,1657553,9.434761483190112
912070,6228375,9.423679101576942
912070,904930,9.42121205427521
912070,904927,9.37062923605805
912070,6952469,9.328296107844842
912070,2729499,9.302773957176331
912070,7775089,9.28766922000763
912070,6728098,9.277378926709567
912070,2970197,9.25164959514741
912070,3008576,9.234700575134543
912070,2848083,9.21862009136359
912070,5393480,9.194454792553392
912070,6968268,9.165644761829162
912070,1672174,9.15442183706723
912070,5162630,9.150291985952713
912070,7939226,9.145041119849566
912070,5561539,9.130756646574497
912070,1980712,9.125149247282497
912070,5162625,9.092013742011488
912070,3996432,9.091554493626207
912070,6730128,9.085454014652075
912070,5887344,9.079376030767909
912070,3748009,9.072486986043678
912070,4892250,9.057662293654761
278813,7661107,45.36745983168449
278813,7477644,44.34037093144445
278813,4725529,43.33188132092867
278813,3583856,39.62173670214382
278813,4725531,39.042946056443895
278813,3583858,39.01200767938703
278813,7315877,38.96548143805427
278813,4688509,38.78893451960323
278813,3186464,38.52127624185414
278813,4724474,38.06664057844323
278813,4361005,37.49277003621887
278813,6333895,37.43690295731548
278813,4514035,37.02728072086593
278813,200786,36.639039062753916
278813,7414968,36.1846261652729
278813,3768248,36.032657759907586
278813,4555314,35.938386329172964
278813,3390550,35.761445429295506
278813,6867405,35.70349364023976
278813,2914659,35.62169760141744
278813,7598768,35.573534659267025
278813,6392632,35.55316429249358
278813,3177931,35.50367016565118
278813,714845,35.44837762073296
278813,787246,35.37699543342693
278813,6504583,35.246134582076365
278813,8470450,35.23480182404674
278813,2461039,35.11898166234201
278813,6265642,35.11115004142859
278813,8358446,35.09009010372018
278813,1593470,35.03365862279017
278813,2401042,34.741221013467154
278813,7414971,34.71372967365531
278813,6333897,34.63671991422674
278813,6158696,34.56032325234376
278813,3008216,34.5597863977292
278813,5358273,34.44485920046745
278813,2461038,34.41121377034184
278813,8639933,34.396189266937704
278813,5190917,34.30769863477133
278813,2461664,34.03982165779736
278813,107217,33.88740352549358
278813,5588226,33.787875282509056
278813,7354996,33.77375158477111
278813,1415036,33.73364768916722
278813,1415033,33.720408729587284
278813,1831712,33.71845732016004
278813,200782,33.68136280938531
278813,355684,33.631745993153494
278813,677989,33.523198392922815
278813,4030166,33.49116366858129
278813,2837869,33.49029709872454
278813,4987255,33.45230146668094
278813,362447,33.45230146668094
278813,2115109,33.45230146668094
278813,1330739,33.423840000537545
278813,1325564,33.36718135939112
278813,4631486,33.330169506815494
278813,5494999,33.29137855304547
278813,6877688,33.275083519075004
278813,1266468,33.17696603875906
278813,4971501,33.08705224398316
278813,6161321,33.018934862115444
278813,5504499,33.00981648522783
278813,4567281,33.0094117765485
278813,4794659,32.96601923936894
278813,7779005,32.94159637148621
278813,3186463,32.91788930562238
278813,5795741,32.90204513878152
278813,4631489,32.89033298490618
278813,8270761,32.8749005060273
278813,8639934,32.86060999278413
278813,5588225,32.744867914343494
278813,1035926,32.69850878562364
278813,3440844,32.68354264903097
278813,3177932,32.67264357513977
278813,4555317,32.624702135260534
278813,4669858,32.59024509154487
278813,636324,32.503905914940816
278813,5495001,32.441682040910166
278813,3618614,32.423578870860375
278813,8349950,32.27717674848042
278813,7315880,32.274224953891654
278813,573851,32.25024563569013
278813,3195751,32.228077916319535
278813,2750247,32.143673940863884
278813,7414767,32.033436215879696
278813,8412061,32.02012236829682
278813,5450599,31.95761166650644
278813,3368972,31.873918779025857
278813,6851512,31.871425113222553
278813,3650301,31.84593275502167
278813,5151267,31.79275921079378
278813,6504584,31.7788722193708
278813,8421021,31.71920761209131
278813,5676096,31.66865067365767
278813,555226,31.651061960860194
278813,2123347,31.626480825065116
278813,162179,31.54017517264503
278813,615184,31.533148476349538
423273,8547995,21.214855261189605
423273,1752013,19.999882853547767
423273,3321491,19.804139246346303
423273,1752016,19.205921886615698
423273,1831918,18.950374555992553
423273,6773967,18.85914224045364
423273,3321495,18.699734912063125
423273,4261306,18.33497074392483
423273,6668015,18.263696197818923
423273,4224124,18.040400049819333
423273,3076833,17.83909527262977
423273,8686805,17.799488153895766
423273,1831921,17.74599823973241
423273,6669168,17.70955843469614
423273,3638686,17.471694392568306
423273,1669258,17.434638186915656
423273,5022578,17.373363460148987
423273,8153329,17.28348519331113
423273,8686800,17.235820019502768
423273,6668014,17.187569506051915
423273,7919741,17.112238657916123
423273,4859657,17.064434982900593
423273,6608581,16.914420728535237
423273,6135608,16.908679765278713
423273,6171869,16.863386739353125
423273,1767950,16.784597899894006
423273,8237692,16.782508752995163
423273,5113154,16.770374755188392
423273,1797267,16.766933555927928
423273,3550653,16.75440390510112
423273,6668023,16.715867760166947
423273,4023105,16.710241806484166
423273,6171873,16.706009036310505
423273,6552586,16.691147933237684
423273,3182366,16.68605530685135
423273,8209330,16.608577126945292
423273,8405380,16.49231661663395
423273,5172597,16.40876411174719
423273,8237693,16.3643356810707
423273,6864847,16.35320597745431
423273,6561695,16.337814876380527
423273,6998653,16.325260590784566
423273,3860561,16.31172449098482
423273,8237690,16.31172449098482
423273,6080319,16.125643173318387
423273,8237691,16.10572357296659
423273,7780322,16.065665711615424
423273,3012012,16.03403755427521
423273,2879041,16.032189929216678
423273,3860562,16.028098888205236
423273,1885011,16.024784157584058
423273,856289,15.917175340105878
423273,2742806,15.913327941937176
423273,6171870,15.881362450188533
423273,2617608,15.86130342927991
423273,8189212,15.811356102818028
423273,8237688,15.810466110256689
423273,963751,15.766539374084733
423273,6555388,15.766539374084733
423273,881089,15.744800392712381
423273,7409897,15.735303964931834
423273,8237687,15.696870006796349
423273,5986017,15.67582847623515
423273,6669166,15.65513809032175
423273,245842,15.651124328363231
423273,6048606,15.650329646554255
423273,8370566,15.6216406655155
423273,963745,15.594726430455584
423273,6552581,15.594726430455584
423273,963746,15.59074181961423
423273,245469,15.564659009441066
423273,8351401,15.551453679954268
423273,6171867,15.535129332136744
423273,6864843,15.500654867352564
423273,845420,15.479143804423744
423273,7919740,15.467159043442583
423273,1797263,15.425428122545783
423273,856291,15.40425674352919
423273,4508401,15.392798386786318
423273,5034182,15.391405208551244
423273,6669165,15.388421883666382
423273,2164393,15.36120699909117
423273,183018,15.354045267589324
423273,3638684,15.309747906421464
423273,1168065,15.29947496569796
423273,6864848,15.292675395384052
423273,3860559,15.289122436987844
423273,8370561,15.27675318440732
423273,1574943,15.259343358722823
423273,7202017,15.228144808959396
423273,2312923,15.228144808959396
423273,7526393,15.228144808959396
423273,2294592,15.228144808959396
423273,5053695,15.228144808959396
423273,4093261,15.228144808959396
423273,4204394,15.228144808959396
423273,6998660,15.205557668442053
423273,5179611,15.200226515708884
423273,6308149,15.151193546201352
423273,3392000,15.146277652227575
507445,7239635,17.166539395145584
507445,7239639,17.166539395145584
507445,5163460,16.85137530473747
507445,92322,16.799248763930873
507445,4593698,16.556159446604312
507445,7916112,16.359181035630975
507445,7476087,16.275831845260523
507445,6638740,16.149876089851325
507445,5026308,16.086444935770118
507445,1325763,16.038038435040228
507445,8572129,15.841710178160694
507445,4156462,15.833622493151175
507445,5428402,15.810389193992105
507445,8651728,15.69379052415184
507445,8572128,15.662849113537725
507445,8572123,15.662849113537725
507445,138394,15.658510153341094
507445,2186408,15.584533924419473
507445,8572124,15.525538856977622
507445,8572125,15.525538856977622
507445,6159660,15.491438185937472
507445,5552354,15.408666882807989
507445,4288774,15.394972227528193
507445,5507550,15.349468450071281
507445,5552350,15.324855287408534
507445,2115947,15.297027958519507
507445,3791249,15.19606842299601
507445,570034,15.186216615504737
507445,406479,15.156451379747876
507445,2115951,15.091030198315694
507445,7976518,15.087981682197189
507445,5039371,15.055941597204628
507445,2115946,15.032063554603884
507445,2146150,15.022563403173606
507445,6385844,15.022360726767326
507445,4054296,15.006030892740792
507445,4054295,14.982493888376137
507445,2115949,14.969776264602753
507445,4054303,14.96892896778953
507445,1489507,14.94489159364617
507445,3775262,14.915281077287071
507445,6100611,14.901533704651893
507445,406471,14.873580735753073
507445,406474,14.873580735753073
507445,5889638,14.7671745230519
507445,5026305,14.760605711089589
507445,2795571,14.686174443309906
507445,1401079,14.659658068265566
507445,7976517,14.603672166098512
507445,6792878,14.559876934936334
507445,8490669,14.52076553781099
507445,3740361,14.489974812711424
507445,4218289,14.426057355272452
507445,1906026,14.370256561422972
507445,8407107,14.363023885098453
507445,8722482,14.340676207571262
507445,1906019,14.322742464127446
507445,5695937,14.282312084700722
507445,5716524,14.279406292355691
507445,1742018,14.249602683456208
507445,1485181,14.229187078597572
507445,5279202,14.222938958442517
507445,1485183,14.172783536984161
507445,3990765,14.148086486960228
507445,6692438,14.12302086520248
507445,7534190,14.109435534957168
507445,3964201,14.103634587630925
507445,1906022,14.074983609651074
507445,5181430,13.953675372278358
507445,1906023,13.91996557979703
507445,483963,13.917306160256745
507445,658295,13.886314952186087
507445,5738300,13.886314952186087
507445,6375674,13.869350573630562
507445,7752846,13.815309664260795
507445,7678708,13.798676311454116
507445,6692439,13.793957097583368
507445,8249903,13.792483507163787
507445,5239708,13.747578255225317
507445,2773003,13.730433361725527
507445,361584,13.68818037640139
507445,483959,13.680359391292313
507445,2317726,13.673440327275312
507445,2067792,13.670108989664259
507445,6559562,13.640717462394829
507445,6212747,13.62235076552805
507445,7916111,13.58492233909986
507445,8179645,13.551052900672003
507445,7071761,13.532087657519916
507445,6471134,13.523658530433353
507445,493308,13.523099523296082
507445,8590352,13.403599597786386
507445,2102078,13.401211565225333
507445,2102395,13.39804416015047
507445,1125832,13.387270955110154
507445,3526029,13.376467083139701
507445,7653709,13.37591990191454
507445,8344770,13.372407514350755
507445,7053873,13.3600146414844
507445,3337955,13.34436213689447
25129,113906,29.099231495713507
25129,7447696,27.53697312557022
25129,7447690,26.74422395995653
25129,113912,26.402683418327324
25129,113908,26.26106819049132
25129,7447694,25.851112376553132
25129,5031195,25.56463786248269
25129,7447687,24.494353138843923
25129,113905,24.295951922798736
25129,6463030,24.151525662819825
25129,7447689,24.006341178946556
25129,6535691,24.000711542518033
25129,7263713,23.882565449482165
25129,1353263,23.872590541396807
25129,113911,23.84467601561567
25129,7750508,23.780572798899087
25129,113910,23.731067317166595
25129,1844560,23.681015572960405
25129,2408165,23.65897618856576
25129,4882896,23.536747130066992
25129,4629941,23.43703037532158
25129,7718878,23.212763727956492
25129,3229351,22.945826981311946
25129,4629950,22.814487547623738
25129,6368230,22.648242042480263
25129,2258265,22.342392293137408
25129,4629946,22.08673643675168
25129,6842658,22.02044049149098
25129,99735,21.97499122094157
25129,6394274,21.9548944782764
25129,2607749,21.7109343629899
25129,5885963,21.44179392073802
25129,1312503,21.372797596894156
25129,1597097,21.33340856088779
25129,113909,21.305904039249967
25129,6440972,20.98194396530726
25129,3516517,20.899186164351217
25129,244155,20.81051893027884
25129,1376706,20.719171424602674
25129,8758206,20.706405830245288
25129,538771,20.704944777370937
25129,5807758,20.64187232195248
25129,6802138,20.519198412233553
25129,4028080,20.51903364701528
25129,5180770,20.51292133307426
25129,113904,20.393433258449647
25129,8816558,20.390438225165532
25129,1137105,20.38119593726202
25129,2113123,20.296041137984634
25129,3622254,20.282731882210143
25129,3622256,20.282731882210143
25129,4882893,20.206583636059403
25129,4675558,20.206583636059403
25129,6463025,20.11632170770566
25129,8589436,20.01851989982047
25129,1572233,20.017056849395754
25129,4473623,19.9937616056786
25129,7804354,19.9937616056786
25129,8758207,19.955702440435438
25129,4507276,19.90315732266952
25129,2864832,19.85216789669497
25129,5747217,19.83123041160114
25129,5801963,19.738066021798446
25129,5640832,19.6847323236695
25129,8645074,19.6847323236695
25129,6557697,19.58504845293436
25129,3253190,19.53377254373482
25129,8319355,19.53377254373482
25129,6343571,19.530407464394376
25129,8139942,19.530407464394376
25129,2782366,19.447389609746004
25129,1376707,19.426510164686796
25129,2457947,19.334316217137825
25129,1376701,19.272761347861213
25129,8149030,19.26512175061971
25129,5446855,19.264759064104403
25129,113913,19.257142925871918
25129,6595936,19.066859036967674
25129,4168348,19.066859036967674
25129,3683470,19.01665521656757
25129,4033963,18.91590857712635
25129,4918661,18.899549949761614
25129,7543403,18.81242185024909
25129,4006369,18.793130030408847
25129,2365027,18.769860982109318
25129,2298504,18.769860982109318
25129,3683467,18.72497307386437
25129,3123010,18.717984002412418
25129,6973936,18.686173259011863
25129,4294767,18.562005992253564
25129,5605793,18.5211485635173
25129,1200403,18.481973492792868
25129,1742083,18.476540324732532
25129,1915718,18.45948588717485
25129,6877645,18.45948588717485
25129,1915716,18.45948588717485
25129,7611459,18.451014589645432
25129,2621794,18.434392746679265
25129,7327998,18.419938101812253
25129,4227849,18.412688013642317
146187,8434623,33.49024961540913
146187,8434622,28.561997917767485
146187,8434626,26.88063708816673
146187,8434619,25.832578982938728
146187,744165,25.040092320200266
146187,8434624,22.18276911158931
146187,8434618,20.576792741888386
146187,1028971,20.317507188465463
146187,5548651,20.24319671727278
146187,3860555,20.21349986057718
146187,7956019,19.774145675953065
146187,3963185,19.709908565061802
146187,8042971,19.124504922666652
146187,8042967,18.80658929971892
146187,8434620,18.797305983974972
146187,2226093,18.302394303162153
146187,2087678,18.169363970780452
146187,4921741,18.12217086057379
146187,8042974,18.063983021464757
146187,7405002,17.89352173774716
146187,1056540,17.749111996247183
146187,7095976,17.58724647987412
146187,6430260,17.475632459028837
146187,315525,17.451572518072233
146187,4777144,17.162577591294287
146187,6417741,16.84913538058753
146187,8481818,16.398622561463206
146187,7471713,16.333986583434925
146187,7096817,16.325568237798187
146187,2831960,16.32290490015736
146187,7307399,15.961413168251557
146187,6241267,15.753543808681822
146187,4216902,15.708316929507191
146187,8795488,15.694992755182518
146187,8434625,15.660045621218307
146187,8795495,15.460708470317934
146187,7471714,15.429194125771406
146187,4216895,15.33188777218277
146187,6430258,15.28969535604589
146187,7471719,15.259355410092938
146187,1028969,15.175847924834159
146187,4921740,15.10690999909507
146187,76348,14.936257118235789
146187,770124,14.911977358403021
146187,8795491,14.79985184375657
146187,8795489,14.79985184375657
146187,3743430,14.76603643377657
146187,3963189,14.761769393203561
146187,3671003,14.704725523559073
146187,4631167,14.592495110477707
146187,8457606,14.51393424636185
146187,8361899,14.394046235130865
146187,3363791,14.331771268898496
146187,8042972,14.076135853056968
146187,7093332,14.03511617574648
146187,3671001,13.923979659937054
146187,2553547,13.914208410669751
146187,744167,13.887915417982539
146187,7088847,13.884906823825702
146187,6778646,13.859213156189119
146187,7088852,13.8543880246552
146187,1329681,13.847561222211874
146187,8361905,13.788623371229683
146187,7836297,13.663723250455078
146187,7374093,13.659159057893424
146187,251613,13.621901012663507
146187,782051,13.619225853388636
146187,8042969,13.54106555808885
146187,5050456,13.486180743991845
146187,1138801,13.401699398516016
146187,5050464,13.375411906511195
146187,1329682,13.3680543715322
146187,1190641,13.302240158706729
146187,5624347,13.302240158706729
146187,8563172,13.301938563075534
146187,7200732,13.289860928856768
146187,5590506,13.225348235844269
146187,6983068,13.174791300419557
146187,1230566,13.134725824410406
146187,7836296,13.134725824410406
146187,8430067,13.069093981740323
146187,1779428,13.046904064696388
146187,19429,13.042783127283656
146187,6601035,13.02466277463423
146187,8140179,13.013031014154238
146187,8816980,13.010556253667499
146187,4797639,13.010556253667499
146187,7146547,12.994725013773756
146187,7096823,12.9896426305219
146187,1637532,12.964922555155088
146187,5929430,12.948014624859166
146187,8074813,12.933916795908262
146187,8808601,12.882279311142238
146187,3860550,12.85554180589676
146187,6464518,12.795483753141832
146187,5855952,12.786428972600373
146187,4822604,12.786264146521495
146187,8140605,12.786264146521495
146187,7088849,12.771740640150252
146187,5890310,12.765414876843817
634428,7137907,21.814395291075655
634428,5230973,21.199325549239934
634428,3234659,21.199325549239934
634428,894965,20.649841618856474
634428,1149020,20.494022317241896
634428,5230967,20.294104580787277
634428,331492,20.232027132748588
634428,8083790,20.02641331966937
634428,495895,20.01747146485829
634428,7139848,19.941779291078827
634428,3112254,19.730749206001867
634428,8356959,19.711204137386545
634428,576162,19.549294685518085
634428,1149015,19.523117779985654
634428,4744351,19.48784989701824
634428,7129232,19.396367550883127
634428,8682524,19.276206900327608
634428,331496,19.214383259294813
634428,8573800,19.054158834346048
634428,573203,18.953896183566318
634428,462226,18.949398986308108
634428,8075227,18.889906273920694
634428,576161,18.851549258681725
634428,77084,18.744946528179064
634428,8075229,18.65850071888753
634428,6608485,18.633695797845526
634428,336055,18.61932888439053
634428,1190438,18.613039876086518
634428,540779,18.480204121894896
634428,1951087,18.395356777279183
634428,8080870,18.3742426428499
634428,7490680,18.16768226752529
634428,7194576,18.121723061732283
634428,8085790,18.121723061732283
634428,7708601,18.121723061732283
634428,493013,18.121723061732283
634428,364726,18.121723061732283
634428,1829421,18.121723061732283
634428,8548487,18.121723061732283
634428,907863,18.121723061732283
634428,576160,18.02813843712462
634428,7045908,18.001998796530195
634428,7144917,17.930608183256084
634428,2164843,17.80443632199961
634428,7490607,17.7809278629924
634428,5734073,17.757508310279086
634428,8083674,17.665331820110556
634428,1743446,17.631837166273982
634428,562598,17.573265816415308
634428,550039,17.570237810248102
634428,7553367,17.56849799109266
634428,8077547,17.3256955083209
634428,926920,17.30452947747792
634428,8071487,17.283613194754324
634428,7840391,17.189172602238486
634428,6039405,17.03945593583415
634428,7137652,17.016885179482657
634428,7126195,16.901915883717365
634428,2055810,16.843328282188644
634428,868421,16.832920674472923
634428,7136582,16.82151026711524
634428,1162152,16.82151026711524
634428,7130565,16.82151026711524
634428,1316682,16.809512813122584
634428,2590184,16.722276728751247
634428,1365473,16.697797611483857
634428,7136586,16.643514687678998
634428,7130566,16.643514687678998
634428,1162154,16.643514687678998
634428,8592253,16.580341758403435
634428,7146552,16.53312774072799
634428,628972,16.47259378188793
634428,7139388,16.469246560862242
634428,7133025,16.469246560862242
634428,1639659,16.451065107449
634428,1569405,16.441831706091286
634428,3611439,16.322386857993788
634428,7130775,16.298590013569278
634428,1746451,16.29690447252292
634428,1235736,16.13652593986384
634428,6991503,16.131433926218257
634428,7605009,16.00893424962426
634428,7586039,16.00120567288936
634428,1488276,15.981926143768018
634428,5734070,15.967671691458822
634428,7045169,15.912124638877554
634428,1827262,15.887031131737796
634428,2004681,15.824378779778696
634428,363297,15.772901807958254
634428,388487,15.584515148628574
634428,5185668,15.56705415382426
634428,479526,15.453298817148523
634428,5815191,15.212719365440448
634428,5169247,15.066485892162623
634428,383577,15.058769694856421
634428,391611,15.040076761144597
634428,2307775,14.933666235339912
634428,6470178,14.819032824843903
634428,6524896,14.70090747808982
634428,71652,14.646788897042875
1121986,7274963,27.006867775466738
1121986,4259326,26.150071109837164
1121986,5300627,25.7155933881573
1121986,604846,25.226428260856913
1121986,8258784,25.166556557817316
1121986,7050574,24.21055183173899
1121986,8258792,24.202267448953066
1121986,2899538,24.202267448953066
1121986,5384054,24.185314437634588
1121986,2135501,24.01987847514761
1121986,2899536,23.758714998801487
1121986,7080576,23.747590484048388
1121986,2933338,23.31870025153696
1121986,975361,23.31870025153696
1121986,8280559,23.30512314018788
1121986,8622616,23.19625447516787
1121986,844484,23.189044729611624
1121986,7577740,23.179919303143194
1121986,919117,23.05704782738725
1121986,3247900,22.89803750707101
1121986,7603435,22.756326227788314
1121986,8258793,22.62944934789476
1121986,1537291,22.440484290066113
1121986,7112301,22.29121359234162
1121986,1276975,21.989773590304353
1121986,5572061,21.989134823633282
1121986,2368404,21.943237717790296
1121986,3401184,21.866729220383622
1121986,6105592,21.770596275473647
1121986,5291100,21.66761475061939
1121986,329210,21.63868249865754
1121986,6731836,21.620875397954634
1121986,6735012,21.560135553503365
1121986,6396586,21.50354592142279
1121986,6735015,21.46006109535025
1121986,6735011,21.4385752827533
1121986,5067249,21.420934023091384
1121986,2978982,21.376128058626847
1121986,7238056,21.311509038919404
1121986,1341067,21.13902284656522
1121986,5002326,21.09055651809917
1121986,6105589,21.02295746435872
1121986,7577743,20.99402922984619
1121986,644926,20.968624696086067
1121986,8046992,20.90324477451731
1121986,496432,20.896092244144924
1121986,8511610,20.862220835581553
1121986,6735010,20.781046444236512
1121986,5219027,20.733446210338364
1121986,7676500,20.612123464740385
1121986,440221,20.58603708791746
1121986,661823,20.575087655655878
1121986,1373204,20.392608655110543
1121986,78270,20.379602945375613
1121986,5186612,20.33000149303892
1121986,5083677,20.21611782572913
1121986,759440,20.21485256160579
1121986,4235087,20.202690323939876
1121986,4771483,20.18624826761846
1121986,7155139,20.174442512902274
1121986,5183862,20.076834615351004
1121986,6028409,20.052734437107894
1121986,5816552,20.051977695477596
1121986,7863170,20.03232170867577
1121986,5682872,20.019902294276278
1121986,5186609,19.986419581060986
1121986,6054,19.931271790758576
1121986,3247905,19.883244326648157
1121986,8177655,19.83296574887136
1121986,1832500,19.80047318133358
1121986,5764583,19.78319622973617
1121986,1112072,19.745815104775595
1121986,4295922,19.735803497429696
1121986,2249663,19.72364754607138
1121986,5398677,19.697014949022734
1121986,919113,19.679673510858283
1121986,7812692,19.635336693093585
1121986,334968,19.622746322767856
1121986,675711,19.55089315050332
1121986,7008043,19.535158984176345
1121986,4239742,19.45923577588872
1121986,919118,19.455370506132503
1121986,5286042,19.425824233485322
1121986,6401580,19.412877812845608
1121986,8763865,19.404358616451233
1121986,6028213,19.37487795609086
1121986,8168284,19.37266582380431
1121986,7592330,19.336374528093188
1121986,439886,19.322789751760553
1121986,455713,19.316446966876807
1121986,6903889,19.303325787729158
1121986,577919,19.27908339688535
1121986,5300623,19.259590127182967
1121986,7132482,19.255690003862284
1121986,8003847,19.192870070842552
1121986,5273634,19.16359811235251
1121986,5186607,19.15097967534595
1121986,903880,19.148751415565364
1121986,1404839,19.115840149877837
1121986,4471041,19.11548508729844
321441,5493499,31.474754300674775
321441,4527586,27.698289580270576
321441,8652411,25.045017682405966
321441,2224959,24.535351825615887
321441,4527588,24.43313628858295
321441,512872,24.3829862175137
321441,3090956,22.722325270866893
321441,3456698,21.561129923419074
321441,696452,21.51968782471718
321441,1812033,21.44926803408494
321441,5993010,21.041751329560615
321441,5531006,20.91198098349517
321441,5531007,20.542104723268867
321441,7780747,20.517144150511825
321441,2034685,20.35948522179502
321441,5274487,20.225950652532063
321441,7532608,20.151003401564754
321441,1955079,19.820052431254886
321441,1343173,19.792295270241212
321441,7397907,19.78923549314582
321441,5113698,19.769461081000895
321441,6441722,19.74197837049265
321441,159775,19.585044827929977
321441,491332,19.1639564965271
321441,5682948,19.043431718993794
321441,3778202,18.968996571797135
321441,6109903,18.7204058836421
321441,7532610,18.608595068818715
321441,7766897,18.59253492094514
321441,2164043,18.36333352579835
321441,771376,18.188327316742143
321441,1290438,18.100054062118534
321441,2979998,18.05994822851754
321441,6609741,18.0346371356584
321441,7918792,18.01184848199442
321441,6795320,18.004673860181228
321441,799954,17.9966802185205
321441,4500961,17.864664062986407
321441,3866559,17.830320852287926
321441,4370533,17.814285390919785
321441,649250,17.61642614261341
321441,3857921,17.600107222723366
321441,1129677,17.530744222772555
321441,5682947,17.514620994221985
321441,799957,17.327063598591028
321441,1129676,17.316105729511143
321441,3515498,17.245229904465038
321441,4798143,17.231099759438578
321441,1657889,17.14383831291182
321441,7551652,17.114970538253807
321441,7594076,17.099409349052827
321441,3252460,17.037126521503644
321441,4500962,16.927524761349154
321441,6877053,16.879217770061477
321441,5280597,16.878557203749786
321441,5569106,16.878557203749786
321441,1325889,16.78799680761588
321441,4950468,16.680085066430465
321441,7780744,16.67144580950256
321441,1434499,16.61859465920699
321441,1634605,16.593437061424105
321441,8652415,16.555769645208123
321441,7067165,16.537328631748032
321441,3677555,16.501948868555893
321441,5910794,16.483934923127208
321441,159772,16.37782848406189
321441,7312852,16.363181208927994
321441,1129674,16.325681040875512
321441,527571,16.27223070053534
321441,649248,16.141628604023943
321441,1325890,16.137013269108447
321441,6122757,16.076892326203655
321441,1657887,16.069795433194802
321441,7477564,16.04634565065205
321441,7766899,15.978780676042975
321441,3262373,15.89074260181832
321441,491338,15.835381583167512
321441,8618950,15.812620585437932
321441,398239,15.811878136770634
321441,6802111,15.795116016160268
321441,7477567,15.764470812399127
321441,6147699,15.745432152741014
321441,1434502,15.60373758469454
321441,5920250,15.59545572629292
321441,6651317,15.595020929819198
321441,2034687,15.594761227762195
321441,8596268,15.567447449188275
321441,294032,15.563380043451119
321441,7594073,15.435949657951053
321441,337554,15.40477474898231
321441,2224961,15.325178336680366
321441,6888161,15.2390501124946
321441,8367594,15.136905358435207
321441,7088169,15.124235104542883
321441,47176,15.117932847218091
321441,1290439,15.11409233234263
321441,6495443,15.079702600865357
321441,6614492,15.05086074334736
321441,7999362,15.035285402823611
321441,3271274,14.991139015990214
532603,8522774,24.483665152565937
532603,8522777,23.858657891343324
532603,8522780,17.502306296786113
532603,4866634,15.943976231623619
532603,1745529,15.45620270358161
532603,7117928,15.45620270358161
532603,202800,15.45620270358161
532603,4269572,15.45620270358161
532603,9277,15.45620270358161
532603,1634377,15.392498269649524
532603,3265679,15.392498269649524
532603,7634967,15.392498269649524
532603,5225941,15.392498269649524
532603,3023112,15.392498269649524
532603,6229682,15.392498269649524
532603,815907,15.392498269649524
532603,8522781,15.37866111871255
532603,6045622,15.371346451671457
532603,3229491,15.32931680983921
532603,7844483,15.32931680983921
532603,1741361,15.32931680983921
532603,5394797,15.32931680983921
532603,3337021,15.32931680983921
532603,6912333,15.32931680983921
532603,914328,15.32931680983921
532603,4006977,15.32931680983921
532603,4086978,15.32931680983921
532603,8384140,15.26665191053398
532603,4137109,15.26665191053398
532603,6038187,15.221619898709843
532603,143351,15.204497262563397
532603,6766615,15.176692075727376
532603,4735488,15.14284665908572
532603,3459265,15.102838448296298
532603,5983206,15.102838448296298
532603,5384676,15.076183869589178
532603,8416388,15.074850078920885
532603,3349296,14.93094829117867
532603,6077147,14.86004617608593
532603,3629379,14.789829421224603
532603,5075016,14.789829421224603
532603,811133,14.789829421224603
532603,4157685,14.789829421224603
532603,591159,14.789829421224603
532603,6003984,14.720287917764658
532603,154784,14.720287917764658
532603,6500884,14.720287917764658
532603,191084,14.720287917764658
532603,7872366,14.720287917764658
532603,1635333,14.720287917764658
532603,5148505,14.720287917764658
532603,5325583,14.720287917764658
532603,4126831,14.720287917764658
532603,1007772,14.720287917764658
532603,4141704,14.720287917764658
532603,5298705,14.720287917764658
532603,7857011,14.720287917764658
532603,6095481,14.720287917764658
532603,8752768,14.720287917764658
532603,6785084,14.720287917764658
532603,8369377,14.65141175882109
532603,3413484,14.65141175882109
532603,2475483,14.65141175882109
532603,1650704,14.65141175882109
532603,6045744,14.65141175882109
532603,122386,14.65141175882109
532603,4786217,14.65141175882109
532603,6632797,14.65141175882109
532603,5922176,14.65141175882109
532603,3650959,14.65141175882109
532603,4902487,14.65141175882109
532603,5647994,14.65141175882109
532603,5712043,14.65141175882109
532603,5892880,14.65141175882109
532603,6799452,14.65141175882109
532603,896681,14.65141175882109
532603,142127,14.58319123434216
532603,3052721,14.58319123434216
532603,3429954,14.58319123434216
532603,2394492,14.58319123434216
532603,3649134,14.58319123434216
532603,2479984,14.58319123434216
532603,1889438,14.58319123434216
532603,7739079,14.58319123434216
532603,4426038,14.58319123434216
532603,8587764,14.58319123434216
532603,7118704,14.58319123434216
532603,1241174,14.58319123434216
532603,2431953,14.58319123434216
532603,5129255,14.58319123434216
532603,5918450,14.58319123434216
532603,8209856,14.58319123434216
532603,3708338,14.58319123434216
532603,986239,14.58319123434216
532603,7116749,14.58319123434216
532603,942463,14.58319123434216
532603,7650369,14.58319123434216
532603,2851065,14.558894732378228
532603,1407608,14.558894732378228
532603,1255780,14.558894732378228
