1108939,7577156,-28.787048772674677
1108939,6669588,-29.341832798884628
1108939,7724054,-29.975981627149253
1108939,2846462,-30.14857443612939
1108939,6273537,-30.5349673812903
1108939,2044726,-30.67544855902221
1108939,3259017,-30.712710484987106
1108939,4104109,-30.74391517394872
1108939,8027461,-30.803892529699585
1108939,1835131,-30.840377482901477
1108939,7889053,-30.877735132060682
1108939,6707713,-30.907144112711887
1108939,4036414,-30.921954694636828
1108939,119359,-31.249836587481795
1108939,1448805,-31.301724336702424
1108939,5553585,-31.448408317498533
1108939,5794106,-31.50264051775962
1108939,4568144,-31.57700445604349
1108939,6327128,-31.656845833881395
1108939,6707716,-31.711504270960877
1108939,7152561,-31.713419281369205
1108939,3445023,-31.84374203657966
1108939,3923907,-31.914094387554172
1108939,6529622,-31.952366728417772
1108939,7491705,-31.9728891214817
1108939,6707715,-32.048190488408025
1108939,3466273,-32.12100600324497
1108939,160716,-32.26433573634919
1108939,2405827,-32.497905072536625
1108939,7698352,-32.67997418283944
1108939,5614793,-32.69274721696559
1108939,8476367,-32.949797890915825
1108939,7423808,-32.97726182554891
1108939,841371,-32.98513697047678
1108939,1887084,-33.053955234410964
1108939,1053672,-33.35320422407223
1108939,6559817,-33.37705949150247
1108939,5698642,-33.398794054316184
1108939,5291621,-33.51728463039597
1108939,4374720,-33.51935728244349
1108939,8620089,-33.52752891420117
1108939,6388082,-33.58034844671123
1108939,7651010,-33.6093553388321
1108939,2735037,-33.612163580255476
1108939,4631244,-33.61609233166652
1108939,8065642,-33.65224302149029
1108939,3004816,-33.65458575531637
1108939,5163856,-33.674445115526666
1108939,3398735,-33.67479544028344
1108939,6849948,-33.69557846227419
1108939,1742847,-33.72089516622526
1108939,1231448,-33.764197943773304
1108939,3549439,-33.76500687817149
1108939,3832666,-33.773726997830614
1108939,7000936,-33.784251592004985
1108939,3367394,-33.844348098423
1108939,6871640,-33.86608431051876
1108939,7564444,-33.9067826307862
1108939,5970931,-33.95875188821125
1108939,1667520,-33.96068654524201
1108939,8754942,-34.040219002717784
1108939,1224789,-34.04396635041769
1108939,4404545,-34.05985364492074
1108939,4799672,-34.088835514563996
1108939,5460121,-34.18926249620561
1108939,7634011,-34.196989351147465
1108939,5300406,-34.21136103844252
1108939,3351100,-34.21501540881961
1108939,4537644,-34.258591480909196
1108939,2764268,-34.26660710372441
1108939,8532675,-34.270745532380715
1108939,4036410,-34.278533135307626
1108939,6822520,-34.36302056299267
1108939,6551140,-34.3826301028437
1108939,2464262,-34.39189405378122
1108939,2152036,-34.393814371268626
1108939,2194177,-34.405228985614556
1108939,8181777,-34.41236751952226
1108939,5696659,-34.439834864717746
1108939,6679352,-34.440573581261205
1108939,3759808,-34.44078162682239
1108939,7352917,-34.44647552403911
1108939,1231450,-34.44647552403911
1108939,3130232,-34.45021970764461
1108939,6788178,-34.45830651557321
1108939,7274049,-34.46499651926864
1108939,3283059,-34.47267172710273
1108939,7575369,-34.51070621075999
1108939,226281,-34.532432762341884
1108939,5203394,-34.5546093254597
1108939,6299786,-34.586253985390854
1108939,7880690,-34.586382623489506
1108939,6238857,-34.5988993522858
1108939,698449,-34.62895716213048
1108939,7102724,-34.64954432330897
1108939,8077365,-34.65391357662645
1108939,7865321,-34.678622668162035
1108939,1460267,-34.690544619605134
1108939,140444,-34.71324697821775
1108939,652415,-34.71783754792652
1112389,4931198,-32.72703886611725
1112389,8138768,-34.21270600380161
1112389,4337251,-34.45396539061428
1112389,8138766,-35.239517499288155
1112389,7817890,-35.326960130334236
1112389,7119576,-35.73798614603646
1112389,8138765,-35.955449244932346
1112389,5892677,-36.20270513345801
1112389,8138769,-36.22059931340011
1112389,7181880,-36.81811122648621
1112389,5892680,-36.87327160427954
1112389,4337253,-37.050484179014234
1112389,6064417,-37.32851761144277
1112389,6064419,-37.64175855838501
1112389,6064420,-37.64175855838501
1112389,6064418,-37.64175855838501
1112389,4931197,-37.68695265718469
1112389,5892681,-37.914471817334416
1112389,2639248,-37.9404533487026
1112389,8138763,-38.17494672489326
1112389,1250266,-38.51657494963204
1112389,5892684,-38.538206862605804
1112389,6780774,-38.57892469771404
1112389,952750,-38.66462159977733
1112389,6780773,-38.6893774753222
1112389,8138762,-38.68953376711572
1112389,8138767,-38.75353890037008
1112389,1357130,-38.86683077437731
1112389,5892682,-39.01363004447585
1112389,5139660,-39.023999323757636
1112389,4284832,-39.05273295447026
1112389,5139657,-39.09038974627519
1112389,7558109,-39.13233306817358
1112389,5139658,-39.156233739367316
1112389,5139659,-39.156233739367316
1112389,5139661,-39.156233739367316
1112389,4931195,-39.226642704720064
1112389,1250258,-39.23763943184627
1112389,8060375,-39.385941036095744
1112389,4790816,-39.408713658180275
1112389,4337245,-39.452954925812456
1112389,2472193,-39.4745576512724
1112389,6746142,-39.534441362953125
1112389,6780771,-39.55295066555377
1112389,2086171,-39.6459999795219
1112389,8060368,-39.688164236593494
1112389,2086170,-39.699885661562675
1112389,6780768,-39.76116899943435
1112389,6667097,-39.78270525519082
1112389,3904149,-39.794386856744424
1112389,3394196,-39.825195775227385
1112389,6766797,-39.86545183917575
1112389,7651152,-39.95698953795703
1112389,4790809,-39.977346492753455
1112389,5974814,-40.01475090034217
1112389,3616675,-40.03515030816158
1112389,7523035,-40.08665163581793
1112389,4615686,-40.086921972954485
1112389,1904447,-40.101189665977564
1112389,7759969,-40.14622623770637
1112389,7524966,-40.17463586130689
1112389,7651153,-40.20581485964186
1112389,3835495,-40.29653768776824
1112389,6082984,-40.30410202702717
1112389,8634010,-40.315944971347385
1112389,5984721,-40.345332409650396
1112389,6064415,-40.36558748319721
1112389,4076,-40.36842525707924
1112389,5054161,-40.412371479088975
1112389,4855805,-40.47273023059386
1112389,8060371,-40.481795340924194
1112389,1015766,-40.512630028219995
1112389,2436039,-40.52726160310976
1112389,8837646,-40.60597766576465
1112389,190722,-40.62339175102003
1112389,2639251,-40.704980025223975
1112389,7523033,-40.72699329720623
1112389,7558106,-40.74633214297192
1112389,190730,-40.76165112441119
1112389,2107820,-40.77810503035797
1112389,3176358,-40.79067128361918
1112389,4430364,-40.79866594485133
1112389,3724573,-40.83352134697236
1112389,6592812,-40.919597024737435
1112389,5356573,-40.94909230198862
1112389,2286248,-40.96322608864886
1112389,2324516,-40.96578096337346
1112389,8097877,-40.9916412125356
1112389,6832274,-41.017268196488295
1112389,3394193,-41.04909025662232
1112389,4321815,-41.066559543694076
1112389,200493,-41.150591547672974
1112389,176219,-41.152021555434
1112389,6832269,-41.177623291484764
1112389,6021852,-41.18099259697463
1112389,2472196,-41.20665689675804
1112389,3394197,-41.2193094442006
1112389,196853,-41.22153125375574
1112389,4337249,-41.275722656622214
1112389,6064416,-41.28459416220334
792752,8666254,-12.866479673143598
792752,8803596,-13.708877910756858
792752,8803604,-14.46786404370877
792752,8803595,-14.575968772065096
792752,8803599,-14.780859276465085
792752,8803603,-14.83295825908109
792752,6571521,-15.310842673165311
792752,8803598,-15.678371361929987
792752,8803602,-15.756435523249442
792752,5080327,-16.936466765976903
792752,6348951,-17.00875942071408
792752,5080330,-17.102517051226396
1119729,623144,-62.78612842732787
1119729,2787567,-63.47815583421787
1119729,2787566,-63.553957798258175
1119729,528940,-64.62857853628168
1119729,7653915,-65.77978148234963
1119729,7737913,-66.0815821283258
1119729,7653921,-66.16534566998698
1119729,6840053,-66.88517303551204
1119729,4809530,-67.04546076385408
1119729,6125120,-67.83628015847135
1119729,4594471,-67.84893340931417
1119729,4979931,-67.84893340931417
1119729,3580797,-68.28420332264704
1119729,4620393,-68.3325453239319
1119729,2159311,-69.11145323643845
1119729,7808115,-69.28008769110292
1119729,5876399,-69.2919167033878
1119729,8537209,-69.30463986057758
1119729,2190622,-69.33071460813619
1119729,3825482,-69.64987208110904
1119729,3121645,-69.74849571813292
1119729,5918486,-69.78936878287911
1119729,8721941,-69.90772990669946
1119729,2318417,-70.03466267460892
1119729,2492709,-70.15334195601321
1119729,4598095,-70.18313970955708
1119729,528946,-70.22455001424485
1119729,5142151,-70.23425347947921
1119729,8250359,-70.31081651882309
1119729,7131005,-70.3483518757639
1119729,4594468,-70.40135838057455
1119729,6840056,-70.4325308780338
1119729,5876400,-70.44527676917673
1119729,5875858,-70.49028990068153
1119729,4979934,-70.55287880193283
1119729,3178016,-70.6251692029904
1119729,1557029,-70.7939899043402
1119729,5648725,-70.83183126338989
1119729,2159307,-71.10961603038365
1119729,385220,-71.17235384785279
1119729,5928533,-71.35733659879041
1119729,6651979,-71.6179259664737
1119729,818542,-71.73756796319896
1119729,5490307,-71.90788310524741
1119729,4813168,-72.07206754673099
1119729,5875857,-72.08265835064924
1119729,4723192,-72.16688640996779
1119729,6284325,-72.2684125201845
1119729,1656747,-72.48415120783287
1119729,1088975,-72.69776958321647
1119729,4882027,-72.70463430574468
1119729,1725180,-72.76958918313512
1119729,6284326,-72.78975240933548
1119729,6840051,-72.7936240451765
1119729,1305582,-72.8745367773492
1119729,6895029,-72.89535822759785
1119729,1303638,-72.89869761025793
1119729,6212715,-72.91364253110883
1119729,1753806,-72.92686924643694
1119729,2218824,-73.01406073550022
1119729,1295604,-73.04339367917868
1119729,623150,-73.05926795255807
1119729,4346712,-73.11282292480084
1119729,5823068,-73.20832098694751
1119729,1293569,-73.23946425036192
1119729,1753808,-73.28633915373356
1119729,8557133,-73.37937694512046
1119729,8557131,-73.3885630062996
1119729,7237985,-73.42361953410055
1119729,8557132,-73.43246990006011
1119729,5809617,-73.45189280610981
1119729,4594472,-73.54515187916054
1119729,7653917,-73.57272769579872
1119729,6122013,-73.58172383443807
1119729,990539,-73.65168969077162
1119729,4594474,-73.67284466106626
1119729,7331717,-73.69187652995844
1119729,6288096,-73.71757886950826
1119729,6178091,-73.71903462334619
1119729,4499241,-73.74880249269012
1119729,2941211,-73.91965894618409
1119729,1842112,-74.01602505380865
1119729,4346716,-74.04086613516395
1119729,5888139,-74.10916689265987
1119729,2140466,-74.12471852134584
1119729,6083377,-74.13951937150924
1119729,8557137,-74.17610803871716
1119729,6344041,-74.18317340939701
1119729,3135262,-74.2132032860051
1119729,4598089,-74.21953036956494
1119729,2981145,-74.29128104516752
1119729,2079704,-74.31423269307015
1119729,1315448,-74.3285632481808
1119729,6620761,-74.33596446690754
1119729,7480740,-74.34097212653666
1119729,7372019,-74.34888699071755
1119729,3451056,-74.35465343013945
1119729,3451057,-74.38398984870553
1119729,990538,-74.38707063491591
1119729,6188699,-74.41154508995098
1105095,8208165,-28.237365445046606
1105095,3598029,-28.2426216612471
1105095,8208159,-28.261962967276173
1105095,1234935,-30.553710391553032
1105095,7576784,-30.720999388386502
1105095,6847368,-30.991827796867017
1105095,7576781,-31.35284544158751
1105095,7576785,-31.36876053188471
1105095,2938192,-31.508316535844763
1105095,8208163,-31.563539330545133
1105095,8208160,-31.63464810616116
1105095,4285557,-31.689328545176245
1105095,4806819,-31.789490397535932
1105095,3598032,-31.834921031551335
1105095,8013005,-31.843313399142993
1105095,5647522,-31.898342577372155
1105095,520921,-31.972659073631167
1105095,7465882,-32.0287475160979
1105095,1267260,-32.07101592320187
1105095,8208161,-32.09175475578611
1105095,1253552,-32.14821267038556
1105095,4404524,-32.18403022080587
1105095,2470961,-32.19546274606303
1105095,8454268,-32.340498062486745
1105095,6620151,-32.35220633508414
1105095,2475407,-32.40203706348988
1105095,6920718,-32.41143966303132
1105095,6497976,-32.42435097447766
1105095,4702616,-32.51026743833446
1105095,4885304,-32.51026743833446
1105095,6990777,-32.512648386986754
1105095,7962997,-32.52657964257852
1105095,3356378,-32.53568127480493
1105095,3563994,-32.57724411438946
1105095,3266631,-32.58151092111176
1105095,6391424,-32.68986436091314
1105095,4922234,-32.69005626799633
1105095,43779,-32.695895737895114
1105095,4505613,-32.696117960083555
1105095,5977790,-32.69818734001174
1105095,5382334,-32.75857758631468
1105095,3563995,-32.76511987784725
1105095,5432154,-32.817111981800224
1105095,7488419,-32.86797491381976
1105095,4302854,-32.87097449702045
1105095,4285554,-32.87286675613884
1105095,3085404,-32.915148675267375
1105095,8178605,-32.97857896134712
1105095,8208162,-32.99484117458792
1105095,7336486,-33.02507930025168
1105095,4817694,-33.030918770150464
1105095,5927230,-33.03860419469935
1105095,3787902,-33.104013496918036
1105095,4922239,-33.104013496918036
1105095,7670064,-33.14336599170624
1105095,5179488,-33.213674015058714
1105095,3853483,-33.25414383114661
1105095,5977793,-33.25487205556282
1105095,7327532,-33.25578967895381
1105095,1585143,-33.28304833811802
1105095,8133813,-33.309018591535505
1105095,4789493,-33.35876917220168
1105095,6420582,-33.38047697566005
1105095,4540743,-33.38572258227298
1105095,160997,-33.39796559918935
1105095,3598870,-33.42167382943399
1105095,7473373,-33.4413046673507
1105095,8208164,-33.46233948237505
1105095,6916673,-33.49124462374346
1105095,4540745,-33.503180202368696
1105095,1395150,-33.50348601130485
1105095,8520703,-33.51796366168732
1105095,5382330,-33.5607926769595
1105095,5446356,-33.564285112429666
1105095,2189169,-33.607937594550435
1105095,7670063,-33.62362223774746
1105095,4285556,-33.66022180286959
1105095,4491995,-33.68248689574722
1105095,8208167,-33.68659486654699
1105095,4922715,-33.7155000079154
1105095,5692067,-33.7155000079154
1105095,5077534,-33.71635845986598
1105095,2277903,-33.74142456674734
1105095,5141781,-33.74937087321206
1105095,2536852,-33.75312997711525
1105095,4183651,-33.79443420458176
1105095,5977788,-33.81589370915327
1105095,2062100,-33.83202224792161
1105095,5981942,-33.85925298332213
1105095,5785989,-33.89825525282366
1105095,3697352,-33.95020982831294
1105095,584018,-33.954994669553344
1105095,1405844,-33.95795723794266
1105095,3637499,-33.98514066160243
1105095,3159703,-33.99355419739045
1105095,5284467,-34.06486948764278
1105095,1023619,-34.07963388935104
1105095,3085409,-34.09382063924821
1105095,8693787,-34.133579531743344
1105095,160995,-34.247868701567505
1105103,8208072,-40.51714800408431
1105103,6160855,-42.14781645480839
1105103,8208070,-43.92541159503557
1105103,7370466,-44.38093923112909
1105103,3687596,-44.598015526431276
1105103,8208073,-45.041405753532274
1105103,2655085,-45.362727704456766
1105103,3145750,-45.76593060065677
1105103,2418846,-45.81382418088397
1105103,3352338,-45.90144657502543
1105103,4184557,-45.988747027495954
1105103,6998798,-46.01776611698811
1105103,8308638,-46.34865307772929
1105103,1889605,-46.38621687231078
1105103,8503480,-46.4602706859604
1105103,337431,-46.4602706859604
1105103,3420593,-46.4602706859604
1105103,2018881,-46.4602706859604
1105103,169049,-46.591967483348235
1105103,1843973,-46.62916685151495
1105103,1626630,-46.63976770025377
1105103,5319426,-46.63976770025377
1105103,4775400,-46.63976770025377
1105103,7696045,-46.63976770025377
1105103,337424,-46.63976770025377
1105103,8412875,-46.63976770025377
1105103,7119919,-46.64290273557416
1105103,1737589,-46.65138729898315
1105103,1737591,-46.65138729898315
1105103,858151,-46.678114320900875
1105103,4847459,-46.69795196970645
1105103,1626638,-46.727819175701796
1105103,3388201,-46.727819175701796
1105103,7696038,-46.727819175701796
1105103,1391427,-46.727819175701796
1105103,8457419,-46.727819175701796
1105103,8524919,-46.727819175701796
1105103,8617415,-46.727819175701796
1105103,7644334,-46.727819175701796
1105103,7832417,-46.727819175701796
1105103,5900016,-46.727819175701796
1105103,4088727,-46.727819175701796
1105103,4262300,-46.727819175701796
1105103,1850076,-46.727819175701796
1105103,3927536,-46.727819175701796
1105103,651142,-46.727819175701796
1105103,2795694,-46.76844789874771
1105103,427850,-46.87505283348638
1105103,2542397,-46.896560080593396
1105103,8570826,-46.896560080593396
1105103,1912847,-46.900667463834395
1105103,4861913,-46.90517972002897
1105103,4861906,-46.916488566580604
1105103,7868573,-46.94373949210799
1105103,1889607,-46.97188704693302
1105103,2397728,-46.99299086520701
1105103,3089693,-47.010383726695856
1105103,3089690,-47.010383726695856
1105103,6979101,-47.01143975765707
1105103,7621476,-47.05633444685582
1105103,6350989,-47.06942194189451
1105103,1912851,-47.11852084277033
1105103,5715084,-47.13799951642803
1105103,2917500,-47.1533504666454
1105103,8020700,-47.15844326424584
1105103,5271257,-47.162570028884396
1105103,3145748,-47.173820610038184
1105103,8573635,-47.189578130230046
1105103,8061668,-47.274558443110884
1105103,4467188,-47.280302717427844
1105103,1355795,-47.280474114113844
1105103,2526861,-47.296735692376004
1105103,2397729,-47.304153203202844
1105103,7005116,-47.304153203202844
1105103,1539595,-47.31829118743659
1105103,6717786,-47.31829118743659
1105103,34603,-47.31953036674914
1105103,4184559,-47.322830485169746
1105103,2917502,-47.32546634499266
1105103,5864892,-47.36114586980641
1105103,7228998,-47.37798335890761
1105103,2144493,-47.410795156369126
1105103,6526458,-47.4236512622596
1105103,6057316,-47.42516349235211
1105103,2469314,-47.42516349235211
1105103,8656733,-47.42516349235211
1105103,8037206,-47.42516349235211
1105103,5316602,-47.43935897399328
1105103,1021887,-47.44958672997301
1105103,5545114,-47.452192657939065
1105103,8573636,-47.48519539352863
1105103,2655093,-47.5112611377481
1105103,10513,-47.5112611377481
1105103,7471361,-47.5112611377481
1105103,103519,-47.5112611377481
1105103,7832416,-47.5112611377481
1105103,1355791,-47.53050069232841
1105103,8433823,-47.53181798312623
1105103,4486260,-47.559132062142886
1105103,4411051,-47.56124532204325
1128373,8656493,-6.702180691711851
1128373,5814751,-10.990894418147562
1128373,7630511,-11.24923529549772
1128373,6702197,-11.565624957060392
1128373,8656497,-11.751805803192417
1128373,8656499,-11.773905475565586
1128373,5281148,-11.773905475565586
1128373,7175865,-12.060107162846933
1128373,3980915,-12.242050719258387
1128373,1782963,-12.606693832846295
1128373,8519713,-15.813863432823625
1128373,4254836,-15.859207214802478
1128373,3884881,-15.96583524677947
1128373,1941266,-16.061567925645214
1128373,97739,-16.094734519971638
1128373,5125375,-16.278241440867628
1128373,3884882,-16.278241440867628
1128373,7208948,-16.367992732341214
1128373,8146334,-16.406475261385207
1128373,4682759,-16.415053727161602
1128373,3960620,-16.420144912812198
1128373,570010,-16.420144912812198
1128373,6017705,-16.447356216923755
1128373,8530759,-16.461032763610998
1128373,2034187,-16.474202257588036
1128373,606492,-16.498240946719044
1128373,1899029,-16.500692711088078
1128373,7175159,-16.526836874222784
1128373,7678189,-16.56497400469349
1128373,6820615,-16.56497400469349
1128373,491120,-16.56497400469349
1128373,542347,-16.56497400469349
1128373,6782345,-16.56497400469349
1128373,8074471,-16.592948699194594
1128373,617668,-16.592948699194594
1128373,3152904,-16.592948699194594
1128373,3219547,-16.592948699194594
1128373,3363729,-16.592948699194594
1128373,1114080,-16.592948699194594
1128373,1331326,-16.592948699194594
1128373,2213812,-16.592948699194594
1128373,2476773,-16.592948699194594
1128373,2942442,-16.592948699194594
1128373,1857666,-16.592948699194594
1128373,7792356,-16.592948699194594
1128373,2178330,-16.592948699194594
1128373,1618969,-16.592948699194594
1128373,1725357,-16.592948699194594
1128373,6767150,-16.592948699194594
1128373,3983276,-16.592948699194594
1128373,7272856,-16.592948699194594
1128373,8609679,-16.592948699194594
1128373,7370319,-16.592948699194594
1128373,7466871,-16.592948699194594
1128373,5227680,-16.592948699194594
1128373,5371380,-16.592948699194594
1128373,5430008,-16.592948699194594
1128373,6546266,-16.592948699194594
1128373,37595,-16.592948699194594
1128373,385859,-16.592948699194594
1128373,4659772,-16.592948699194594
1128373,4335375,-16.592948699194594
1128373,526577,-16.592948699194594
1128373,5484838,-16.592948699194594
1128373,4840263,-16.592948699194594
1128373,4843649,-16.592948699194594
1128373,499216,-16.592948699194594
1128373,6694981,-16.592948699194594
1128373,1935431,-16.592948699194594
1128373,317313,-16.592948699194594
1128373,332773,-16.592948699194594
1128373,5630800,-16.592948699194594
1128373,8146836,-16.592948699194594
1128373,8386260,-16.592948699194594
1128373,8050441,-16.592948699194594
1128373,8339485,-16.592948699194594
1128373,836259,-16.592948699194594
1128373,1721919,-16.592948699194594
1128373,1762465,-16.592948699194594
1128373,6087979,-16.592948699194594
1128373,2135122,-16.592948699194594
1128373,55905,-16.592948699194594
1128373,5680352,-16.592948699194594
1128373,996938,-16.592948699194594
1128373,6958665,-16.592948699194594
1128373,4262451,-16.592948699194594
1128373,6349699,-16.592948699194594
1128373,947067,-16.592948699194594
1128373,186957,-16.592948699194594
1128373,20073,-16.592948699194594
1128373,2009826,-16.592948699194594
1128373,4165838,-16.592948699194594
1128373,418065,-16.592948699194594
1128373,8072547,-16.592948699194594
1128373,949720,-16.592948699194594
1128373,8083366,-16.592948699194594
1128373,452117,-16.592948699194594
1128373,7781503,-16.592948699194594
1128373,7700680,-16.60327929986318
1128373,733380,-16.60327929986318
1127622,955245,-14.906450492106217
1127622,244617,-15.217450588212339
1127622,5680798,-15.268632599843901
1127622,2953604,-15.492457258276623
1127622,1345491,-15.707392699025384
1127622,1345490,-15.74672103555527
1127622,910236,-15.817320080784635
1127622,955244,-15.935880059803543
1127622,717667,-15.992321874824588
1127622,4039127,-16.034674175430695
1127622,4537354,-16.07001785284766
1127622,5899880,-16.111358367528588
1127622,6696954,-16.15341503214101
1127622,1419316,-16.241460654236448
1127622,955246,-16.271909294913858
1127622,8089368,-16.271909294913858
1127622,5899878,-16.334213003382057
1127622,8719474,-16.37894122502412
1127622,7489808,-16.381148773842614
1127622,2684201,-16.386795490339555
1127622,1682047,-16.415791271438227
1127622,8719473,-16.42040382865835
1127622,3627605,-16.461894088847085
1127622,5899881,-16.476526001558632
1127622,1220769,-16.521716243814303
1127622,2382778,-16.5385211593535
1127622,1682054,-16.548749889633267
1127622,6174606,-16.647741801341297
1127622,4082033,-16.68170547023243
1127622,5268207,-16.71091168320099
1127622,2528602,-16.713015050427444
1127622,8623601,-16.750223238106972
1127622,3761273,-16.7540410510962
1127622,8623605,-16.761852853336357
1127622,8623606,-16.772120840492732
1127622,6438649,-16.77362874685988
1127622,2205371,-16.795133830552803
1127622,4657093,-16.80115023739562
1127622,3382811,-16.80273780228827
1127622,1379447,-16.850841674456223
1127622,7216120,-16.87641977741292
1127622,8189477,-16.89153835617187
1127622,6419041,-16.895571014825162
1127622,5899886,-16.90438179678665
1127622,4107694,-16.9153612687686
1127622,6438651,-16.91995340671341
1127622,7208023,-16.92313747489106
1127622,2953606,-16.928262355123614
1127622,8623597,-16.928262355123614
1127622,3631836,-16.929732595546593
1127622,3768871,-16.932330793461798
1127622,7950371,-16.93386048294562
1127622,8189471,-16.939876075518733
1127622,1345499,-16.939876075518733
1127622,8623600,-16.95090106873662
1127622,2711475,-16.96618995093024
1127622,1050134,-16.97116687872899
1127622,3768873,-16.97380601029199
1127622,6438647,-16.98377480840334
1127622,4835527,-16.98949919674918
1127622,2463910,-16.994237320938907
1127622,4082032,-16.99873603218921
1127622,1220767,-16.998784133856834
1127622,3464027,-17.00187984647566
1127622,955250,-17.015222590686502
1127622,1379440,-17.016123885015382
1127622,3768868,-17.039624401062515
1127622,2283270,-17.045596128604416
1127622,2382782,-17.053541387279473
1127622,2711483,-17.06700458707518
1127622,8623603,-17.07659969255881
1127622,8481804,-17.082939274296038
1127622,1345497,-17.08725222812863
1127622,6735154,-17.088590200364326
1127622,3768872,-17.095139969282787
1127622,2795161,-17.10532864317141
1127622,6735155,-17.12500696613244
1127622,1674306,-17.131620949488273
1127622,6696951,-17.13903366049582
1127622,8719476,-17.139155244938898
1127622,6696956,-17.14544054590836
1127622,4107688,-17.14761184339779
1127622,3768864,-17.154992219833385
1127622,6735157,-17.166283003668784
1127622,3768867,-17.173161163333003
1127622,3768865,-17.1796076821309
1127622,6438653,-17.179782468747273
1127622,7208022,-17.179931414044017
1127622,7208026,-17.199729059794834
1127622,788553,-17.207819639717812
1127622,8623604,-17.215537056095133
1127622,4657092,-17.25728573442179
1127622,7420002,-17.272319875063967
1127622,8534913,-17.289065171273744
1127622,7890861,-17.29523334271026
1127622,3790073,-17.29523334271026
1127622,3631833,-17.29716197168427
1127622,3092166,-17.298311735090547
1127622,8164936,-17.31701307745647
1127622,5899884,-17.33051631941593
1124979,1612110,-10.29336244737226
1124979,8011232,-10.529586345827912
1124979,4778057,-11.99718854720772
1124979,1661393,-12.546858411417755
1124979,8815859,-12.559263537386364
1124979,7744314,-12.612795131574082
1124979,6442770,-12.697497212357138
1124979,3077630,-12.712472343773253
1124979,2174891,-12.712472343773253
1124979,8187569,-12.983427751770115
1124979,8001800,-13.017326417531915
1124979,8222403,-13.05084631932629
1124979,3390977,-13.149215787795264
1124979,3511647,-13.149215787795264
1124979,1002713,-13.202926014312245
1124979,5927094,-13.244461882739003
1124979,5927093,-13.275550243845643
1124979,959990,-13.275550243845643
1124979,6483487,-13.306319744347212
1124979,6547158,-13.349495454804964
1124979,5149912,-13.446523587207167
1124979,3383246,-13.45949253462673
1124979,8738982,-13.483982466544214
1124979,4431292,-13.497584446220102
1124979,2754849,-13.508274097242072
1124979,6019977,-13.538158177914735
1124979,2370472,-13.562103061882992
1124979,662056,-13.626866613511979
1124979,8738978,-13.740948800279696
1124979,8129510,-13.872356668254874
1124979,1564609,-13.873047053548797
1124979,8491014,-13.913892536681633
1124979,7878582,-13.944478999629952
1124979,2112101,-13.944478999629952
1124979,8015184,-13.979567118919526
1124979,4310279,-14.048535673593623
1124979,800181,-14.082434339355423
1124979,5918558,-14.083978567711268
1124979,1129104,-14.181890961306124
1124979,367261,-14.214323709618771
1124979,1628653,-14.30956980456251
1124979,726556,-14.418898481139276
1124979,953791,-14.461886780682779
1124979,3528060,-14.491443670011813
1124979,1430040,-14.491443670011813
1124979,6142292,-14.575862782387969
1124979,6764071,-14.621732877883908
1124979,7167119,-14.805725720447624
1124979,706506,-14.825537847423442
1124979,4597308,-14.95389570949359
1124979,7857537,-15.003896866949226
1124979,7857536,-15.028588364358772
1124979,4691773,-15.034876533502771
1124979,4384027,-15.053078296276254
1124979,6356344,-15.064048938520695
1124979,2114159,-15.072351059152641
1124979,1567399,-15.138933207466442
1124979,7161870,-15.162413462786912
1124979,1567392,-15.177233437559128
1124979,8706384,-15.187508593447987
1124979,2237804,-15.188905908431721
1124979,2237805,-15.188905908431721
1124979,7251882,-15.20620986105037
1124979,7514455,-15.20620986105037
1124979,7127958,-15.264930997918114
1124979,5447205,-15.269548413559388
1124979,511947,-15.290279391697556
1124979,5447202,-15.302947587148948
1124979,6208425,-15.310044630011735
1124979,1692121,-15.333888704306757
1124979,5422776,-15.354489887367158
1124979,7073309,-15.375268670703765
1124979,3323028,-15.376468007643375
1124979,1891128,-15.378661363816894
1124979,2239597,-15.391646814415672
1124979,6901054,-15.451284225620476
1124979,8108491,-15.468495576494766
1124979,8108496,-15.468495576494766
1124979,1692005,-15.468495576494766
1124979,7145334,-15.468495576494766
1124979,7161866,-15.468495576494766
1124979,419283,-15.468495576494766
1124979,7498226,-15.468495576494766
1124979,1567400,-15.492282314435592
1124979,6953464,-15.495259948937925
1124979,1005497,-15.499050733943195
1124979,8418724,-15.516496600534088
1124979,5447207,-15.538864441411306
1124979,681565,-15.541604638919063
1124979,7589633,-15.562724583791013
1124979,7846600,-15.593567742311663
1124979,7161848,-15.610254231046401
1124979,7167278,-15.610254231046401
1124979,8103604,-15.610254231046401
1124979,8112940,-15.610254231046401
1124979,7308237,-15.610254231046401
1124979,8594635,-15.610254231046401
1124979,8610240,-15.610254231046401
1124979,8221300,-15.610254231046401
1124979,5400856,-15.610254231046401
885490,5383142,-25.57749846453715
885490,4407503,-26.41753572213077
885490,3401433,-27.552626963704093
885490,2157777,-27.802648410881353
885490,3878625,-27.808335523840302
885490,8821100,-27.900802694874756
885490,7884561,-27.925714360652883
885490,5491912,-27.956702396417384
885490,3913497,-28.025009839350908
885490,773341,-28.03130905040513
885490,1242699,-28.079989550876203
885490,7281792,-28.093098232475217
885490,6728726,-28.22814522641843
885490,2610098,-28.37013500862639
885490,4662043,-28.54492842871311
885490,1296972,-28.924783732059115
885490,3825895,-29.014310833544346
885490,5216286,-29.070329951468615
885490,7732091,-29.11109109243615
885490,3116348,-29.17391889163993
885490,4147584,-29.48815422629439
885490,2610096,-29.567324867916035
885490,2610097,-29.65823569803965
885490,7414070,-29.829327742162647
885490,7307418,-29.880617105578228
885490,2724688,-29.91790966470111
885490,8145144,-29.93591703620777
885490,6715491,-29.999101076336228
885490,1888451,-30.058931539980474
885490,5468685,-30.624168808643848
885490,881500,-30.625827021947146
885490,1888456,-30.626778818739993
885490,4195412,-30.63291918666889
885490,1769090,-30.71205744190257
885490,6803201,-30.72170161975158
885490,449633,-30.771481029417266
885490,2585384,-30.780990345266076
885490,4485265,-30.87873998572821
885490,418656,-30.914404952501087
885490,2927840,-30.9280854881673
885490,4618605,-31.0323917010557
885490,7884261,-31.089294471552886
885490,1769092,-31.114236994729453
885490,1769089,-31.114236994729453
885490,6581370,-31.114236994729453
885490,2551936,-31.12143252583703
885490,4485270,-31.12176140485984
885490,8148615,-31.18649975205352
885490,2551933,-31.20990715924568
885490,7449720,-31.269538180843067
885490,3913494,-31.3053155158306
885490,4865700,-31.317629710421357
885490,1127030,-31.338110355784803
885490,5091444,-31.375721267699642
885490,5099519,-31.385105587493094
885490,996213,-31.405907687308403
885490,8604619,-31.412235949260488
885490,2927843,-31.43211449390391
885490,2265631,-31.438416141737324
885490,3283564,-31.47313440033011
885490,942453,-31.489129482035402
885490,4296943,-31.489129482035402
885490,4962156,-31.50133901568325
885490,2894006,-31.535224219797303
885490,7449718,-31.539246508016667
885490,8821101,-31.551822300252695
885490,2894005,-31.6030215513209
885490,3003040,-31.60803002284649
885490,5091442,-31.63107895421242
885490,3955886,-31.65095939485153
885490,6779398,-31.691905070346472
885490,4713675,-31.692232542185508
885490,5945581,-31.73385816253559
885490,7846661,-31.735218293308016
885490,7252658,-31.74231449014018
885490,4788187,-31.75199986822945
885490,562095,-31.777280626245872
885490,489620,-31.79671246316858
885490,5925566,-31.809162644915457
885490,1934423,-31.860178617722582
885490,2551937,-31.88715011665584
885490,3963549,-31.899651828059707
885490,262599,-31.9095619080951
885490,2363951,-31.921865935720238
885490,3140312,-31.99322543772988
885490,881498,-32.010067775216626
885490,2642410,-32.021987251768195
885490,2205266,-32.04373724781772
885490,562096,-32.0630489201814
885490,7281796,-32.06340167630903
885490,2968213,-32.10161689138998
885490,5239081,-32.11561523443611
885490,4706921,-32.11639971776734
885490,2927849,-32.117188857597185
885490,1741132,-32.1342947545461
885490,64678,-32.13694991970973
885490,1259625,-32.137669430485445
885490,8750534,-32.14116429742263
885490,4458705,-32.14857390135363
885490,2642406,-32.15386069208085
1119827,8067974,-35.34184220657011
1119827,8067976,-35.35764813388708
1119827,5604317,-36.56863235218156
1119827,5604318,-36.94574340751114
1119827,5604315,-37.22944819383175
1119827,5604324,-37.84024591569771
1119827,8067975,-38.20706481009019
1119827,8067978,-38.54954788285159
1119827,5604323,-38.57059004380836
1119827,5604320,-38.83402348450937
1119827,5604321,-38.985389502062574
1119827,5604322,-38.99575029018042
1119827,8067981,-39.20673823467671
1119827,8067980,-39.23089477830011
1119827,5604316,-39.45414072947798
1119827,3586227,-40.18727912303382
1119827,5604319,-40.37425814373535
1119827,4690115,-45.15807458646489
1119827,6796901,-45.35271465399291
1119827,4339831,-45.6612253182733
1119827,3736216,-45.88282817426051
1119827,556275,-45.92882527535136
1119827,1526425,-46.08108148058908
1119827,8723724,-46.12490302118117
1119827,8723726,-46.31785621582286
1119827,7289867,-46.55071033959708
1119827,2428489,-46.78636017394562
1119827,3736214,-46.788845903186235
1119827,5101640,-46.84463437958193
1119827,3374238,-46.963649450847434
1119827,8735882,-47.145684628190544
1119827,5101637,-47.167312472534185
1119827,6097218,-47.217188417058686
1119827,2671075,-47.22789359514329
1119827,7844299,-47.25543023779928
1119827,365378,-47.416689754786866
1119827,345720,-47.444945423705576
1119827,4016964,-47.53512229799891
1119827,430158,-47.55573076175496
1119827,7935259,-47.589908506585715
1119827,7789752,-47.59656980698653
1119827,8735883,-47.916002349990826
1119827,2527807,-47.93188713783657
1119827,7289868,-47.96030530445616
1119827,7090048,-47.982591441043255
1119827,8840465,-48.00046531345655
1119827,1099228,-48.02170120094698
1119827,7028204,-48.02509096075032
1119827,7956323,-48.04833064284134
1119827,7289871,-48.090128970892124
1119827,3736210,-48.09741288255205
1119827,8458037,-48.11405284311797
1119827,3053758,-48.11616401864948
1119827,4680496,-48.11765950075055
1119827,2907879,-48.11995685906207
1119827,6097216,-48.133845462246235
1119827,4394813,-48.14574039238255
1119827,6340568,-48.150851563611745
1119827,4788398,-48.15572707341903
1119827,8723723,-48.167720152737
1119827,7028202,-48.18087192474345
1119827,2322784,-48.18114777417745
1119827,2701577,-48.18342366652781
1119827,5759071,-48.200222983556905
1119827,7284694,-48.210104933092836
1119827,7994574,-48.21566132840797
1119827,1716113,-48.23351879483121
1119827,3696247,-48.23445333433936
1119827,2428494,-48.275081106725175
1119827,2711180,-48.29474967086851
1119827,7073118,-48.30198471527477
1119827,5963759,-48.309451733494434
1119827,8735884,-48.32189508771391
1119827,8249599,-48.33697315752891
1119827,380895,-48.35040214803791
1119827,6851183,-48.35933354951781
1119827,7344870,-48.363670021300265
1119827,8723722,-48.36553031320597
1119827,6219642,-48.36599779168547
1119827,8417343,-48.36640214159175
1119827,7090049,-48.375766139424314
1119827,8232269,-48.380997475113865
1119827,6130668,-48.386561957207846
1119827,997834,-48.40008244790804
1119827,5226644,-48.42008326174988
1119827,8249591,-48.432116855262095
1119827,3415971,-48.447152728572085
1119827,1099227,-48.46514064200801
1119827,5830201,-48.47714610129152
1119827,820192,-48.49484426355268
1119827,2973388,-48.50679466466798
1119827,7800990,-48.51046363040069
1119827,6995002,-48.52686417053374
1119827,6702442,-48.52843085522542
1119827,3696245,-48.54052747622943
1119827,8800941,-48.55954151739683
1119827,139964,-48.563215606647546
1119827,5748283,-48.56567612580301
1119827,7051868,-48.58316520376959
1119827,6963870,-48.627811623767684
190044,411230,-19.584653942722834
190044,7575350,-19.987529673929853
190044,2600274,-20.559432080008747
190044,7354421,-20.94120482319256
190044,2600279,-21.142101161288505
190044,2313132,-21.142101161288505
190044,7354422,-21.473622225204814
190044,683122,-22.35225636242722
190044,683121,-22.42028462270611
190044,6779598,-23.60569374396202
190044,1353074,-24.018061269768147
190044,4060155,-24.321594311374298
190044,2074834,-24.37151630844647
190044,2417581,-24.376897564124107
190044,2417583,-24.500597703896272
190044,411238,-24.508538130183542
190044,2234954,-24.70951258571032
190044,6481728,-25.02513270706656
190044,1449018,-25.098488824289916
190044,1970763,-25.327356752557755
190044,3334965,-25.38396341050507
190044,2084943,-25.386629984532192
190044,6362865,-25.43258516909042
190044,211933,-25.493902040266246
190044,3002616,-25.518360501174513
190044,1970765,-25.533571545228003
190044,7148455,-25.533983249607346
190044,3628967,-25.535337833512028
190044,1197426,-25.588422245069534
190044,4214517,-25.658097482084422
190044,2074830,-25.705210273576235
190044,1353072,-25.730937434985954
190044,411235,-25.7624818808387
190044,2990986,-25.773520769632263
190044,8318753,-25.783556124034195
190044,6007251,-25.7904497215451
190044,671302,-25.804449393584992
190044,670944,-25.805246859547495
190044,6898047,-25.805246859547495
190044,2073150,-25.853680225637536
190044,5609566,-25.923715188965403
190044,8305788,-25.929819543850172
190044,5470479,-25.935045078448272
190044,737316,-25.942055920318925
190044,4776322,-25.96884833003643
190044,671308,-26.00734913681154
190044,1279585,-26.049398101437554
190044,1689451,-26.057600816079045
190044,737319,-26.071126549405435
190044,6676475,-26.113501287712086
190044,2216218,-26.16607507693063
190044,8339434,-26.205083463035265
190044,3736743,-26.244137425530866
190044,3093331,-26.245511821712014
190044,6354331,-26.246723798934507
190044,1505614,-26.27926232429659
190044,5605333,-26.289036708391038
190044,2393446,-26.300632049189282
190044,4981751,-26.300632049189282
190044,8829629,-26.3174379480898
190044,6782283,-26.326053554034825
190044,737318,-26.333843641190022
190044,1170659,-26.370440579056492
190044,5815835,-26.377392017660497
190044,4712784,-26.381181989341414
190044,4049059,-26.40700509627547
190044,4412767,-26.426870544550567
190044,3374447,-26.474482446946006
190044,4076388,-26.474482446946006
190044,8339439,-26.50645230390744
190044,165817,-26.54974626340163
190044,7724160,-26.560383776957764
190044,5445966,-26.5708427866896
190044,3039552,-26.577314408795534
190044,1921722,-26.590372078399785
190044,4281058,-26.608580824002765
190044,8497114,-26.620375672190647
190044,3428532,-26.644694901517497
190044,774301,-26.649820893117745
190044,165820,-26.65613325563806
190044,5445965,-26.687127097510942
190044,6387832,-26.697656524279935
190044,8305789,-26.70273143977043
190044,2692432,-26.721687670179737
190044,6724683,-26.76922390704597
190044,165818,-26.77406835434772
190044,3166428,-26.777177075596892
190044,4782425,-26.778106709546122
190044,265156,-26.78855439071566
190044,351534,-26.78855439071566
190044,8298571,-26.79786449840831
190044,6926113,-26.803430330171082
190044,758836,-26.806901874284645
190044,4281059,-26.831165103964043
190044,6543210,-26.84352691622467
190044,1151900,-26.85030642201196
190044,1061596,-26.856674911727303
190044,1914105,-26.870225163987154
190044,670023,-26.925280867791507
190044,8445351,-26.94232095528136
500575,8322763,-11.700026035308959
500575,3798754,-13.18482375897726
500575,813770,-13.322188780571883
500575,5680505,-14.170542817783577
500575,513001,-14.444845435662472
500575,6016728,-14.73190979919179
500575,4961654,-14.73190979919179
500575,7104046,-15.441076133384481
500575,7870173,-16.045631826541037
500575,309180,-16.077141504455227
500575,3310362,-16.13621070573465
500575,8558051,-16.17898711425354
500575,708899,-16.19363964856482
500575,5139618,-16.211526738058033
500575,1256621,-16.27525205790804
500575,3125618,-16.28852768185492
500575,1256620,-16.389671313622223
500575,1108086,-16.391510271948363
500575,3310365,-16.391510271948363
500575,8553400,-16.40011611054404
500575,5188688,-16.44008092565808
500575,7473683,-16.448113544804013
500575,3021817,-16.451234470421305
500575,3310359,-16.489559812703803
500575,1108081,-16.532712804522323
500575,7194498,-16.551222999308578
500575,1702112,-16.63441745954937
500575,2228849,-16.676225234772964
500575,1643168,-16.67796251642089
500575,6898376,-16.692946251741656
500575,1108082,-16.70035417970569
500575,5555457,-16.73278692801834
500575,2908673,-16.733919320556623
500575,5188685,-16.755220004728137
500575,2304230,-16.764872795368582
500575,7194499,-16.771249423804814
500575,4328201,-16.8040040301618
500575,2908674,-16.818431951456716
500575,1702110,-16.856546701007105
500575,8451802,-16.92034799896234
500575,4412154,-16.922831444446935
500575,20839,-16.93062453877822
500575,7814111,-16.93390657311277
500575,2737662,-16.951817177182146
500575,7884967,-16.966988620375247
500575,3726873,-16.98034999908235
500575,4615959,-17.003518692114955
500575,2791232,-17.00896176209423
500575,5188692,-17.031035817981635
500575,6843315,-17.037130983143747
500575,8294013,-17.03842056645641
500575,6898380,-17.04317774572095
500575,1312335,-17.1075700150147
500575,1268096,-17.10819115294921
500575,6110291,-17.142477240420074
500575,6243761,-17.142477240420074
500575,7792943,-17.142477240420074
500575,8474929,-17.142477240420074
500575,1232134,-17.155504637787306
500575,4892495,-17.176375906181875
500575,6377761,-17.184777910931146
500575,4328200,-17.20080793589505
500575,2866513,-17.22001537677351
500575,2453663,-17.226956435302434
500575,1256625,-17.269121700701056
500575,6191043,-17.279415053077123
500575,2338794,-17.28397135026961
500575,6444819,-17.292555168496083
500575,8651764,-17.300176753414537
500575,2133449,-17.308265276445223
500575,2925997,-17.311547310779776
500575,5003419,-17.311547310779776
500575,8553395,-17.311675605676925
500575,6661948,-17.320643445307944
500575,8007007,-17.33691198126044
500575,8740614,-17.33691198126044
500575,5250431,-17.340351143795466
500575,715537,-17.340351143795466
500575,4840638,-17.344612095284056
500575,1702111,-17.352534427869912
500575,1932118,-17.36978483364832
500575,6191047,-17.373367358592866
500575,2466029,-17.375379506121632
500575,4057954,-17.393500554427675
500575,4050842,-17.396787323419666
500575,5796822,-17.397581990944502
500575,7496360,-17.403511371388966
500575,1256627,-17.41622518659471
500575,138326,-17.42468238419214
500575,6740716,-17.44656664737232
500575,6456467,-17.447546884389627
500575,3331008,-17.46536923299717
500575,8489479,-17.46536923299717
500575,1943874,-17.46536923299717
500575,4697981,-17.48381090147211
500575,2791237,-17.492782559266384
500575,8382927,-17.495826347389226
500575,2791235,-17.495826347389226
500575,3965949,-17.495826347389226
500575,7496357,-17.495826347389226
883785,4644,-32.237102999765945
883785,4645,-32.426457690514724
883785,4650,-33.624724134930304
883785,4643,-34.36926110729668
883785,4648,-34.536889514724564
883785,2394158,-35.04408447080375
883785,5156463,-36.11955103065608
883785,901342,-36.4620593298213
883785,1956291,-36.51252156061385
883785,8697809,-36.71789026499773
883785,2641835,-36.96715476642653
883785,8640910,-37.0911745013453
883785,8203025,-37.19368905069918
883785,6995391,-37.24004293532117
883785,8084743,-37.28455484110253
883785,4642,-37.31607598638407
883785,2648505,-37.35368818255512
883785,6111025,-37.41280249583296
883785,8696214,-37.41280249583296
883785,3906321,-37.41280249583296
883785,8615915,-37.41280249583296
883785,7079556,-37.41280249583296
883785,4012025,-37.41280249583296
883785,8640913,-37.42587464731061
883785,2421654,-37.427137081006045
883785,6821155,-37.50706891498268
883785,1765844,-37.50844536217092
883785,1765851,-37.52351809215244
883785,6133843,-37.553693418369434
883785,6105389,-37.55794825083816
883785,2117561,-37.572865069164294
883785,709868,-37.581363406760644
883785,1765852,-37.780324195384765
883785,1120105,-37.81022022637886
883785,2421649,-37.863871832301044
883785,5091825,-37.934036621622965
883785,8734130,-37.961961579328815
883785,1032567,-38.04787545123951
883785,3378721,-38.04964316772367
883785,6083764,-38.10365572455017
883785,7996627,-38.16118383859265
883785,7881501,-38.1751582914928
883785,558092,-38.243996114632516
883785,1956297,-38.25814957721073
883785,1655283,-38.25931039248583
883785,6901982,-38.27454178026791
883785,2294140,-38.280003802814235
883785,3852180,-38.29290013219002
883785,4175276,-38.29290013219002
883785,4175278,-38.29290013219002
883785,5251278,-38.29290013219002
883785,3554476,-38.29290013219002
883785,3554469,-38.29290013219002
883785,4538965,-38.29290013219002
883785,4538967,-38.29290013219002
883785,4538968,-38.29290013219002
883785,3852182,-38.29290013219002
883785,3554471,-38.29290013219002
883785,3554472,-38.29290013219002
883785,4131573,-38.29290013219002
883785,4131574,-38.29290013219002
883785,4175274,-38.29290013219002
883785,4175275,-38.29290013219002
883785,4175277,-38.29290013219002
883785,4538966,-38.29290013219002
883785,2399766,-38.34262413554541
883785,1286844,-38.36392197727015
883785,6901981,-38.36664837231049
883785,5413024,-38.39882739381168
883785,5018419,-38.48010015294514
883785,5573323,-38.48157180548481
883785,2385476,-38.493140947758604
883785,52859,-38.5353858931077
883785,2641832,-38.547936275478996
883785,8521316,-38.55989051289174
883785,2385475,-38.57147628597497
883785,2825055,-38.610979697953624
883785,653071,-38.64983558662438
883785,3195327,-38.67691845244693
883785,8752741,-38.678061669676886
883785,424080,-38.678061669676886
883785,3477233,-38.70868945994515
883785,3554553,-38.70958901571181
883785,7245177,-38.71504670986979
883785,2701889,-38.71504670986979
883785,8629650,-38.71504670986979
883785,624095,-38.71504670986979
883785,7493113,-38.71504670986979
883785,3960663,-38.71504670986979
883785,593866,-38.71504670986979
883785,5193305,-38.71504670986979
883785,4464215,-38.71504670986979
883785,510030,-38.71504670986979
883785,55709,-38.71504670986979
883785,7264485,-38.71504670986979
883785,5951536,-38.71504670986979
883785,3471588,-38.71504670986979
883785,1458720,-38.71504670986979
883785,8771870,-38.71504670986979
883785,4459298,-38.71504670986979
264403,6073642,-43.821940957563825
264403,3706620,-43.99517288421335
264403,1908222,-45.29977367823008
264403,6073638,-45.73667012374729
264403,3706613,-45.871641142257246
264403,3706614,-47.34634091040385
264403,8121445,-50.76245963803454
264403,3251694,-51.081383420578035
264403,6499956,-51.84762791886934
264403,8654296,-52.67827061478918
264403,7071191,-53.657374409226186
264403,7135867,-54.10018270990463
264403,4845723,-54.1250175456096
264403,6021493,-54.1437481516191
264403,3837446,-54.21880541486863
264403,3738083,-54.41207960796973
264403,4612109,-54.439790154658034
264403,3300080,-54.54903266669491
264403,1168347,-54.62339654847087
264403,3738086,-54.63323077724589
264403,8313908,-54.728272522517436
264403,7071190,-55.64631265282224
264403,1718251,-55.7486045144609
264403,3147479,-55.87584086329343
264403,7630835,-55.90028621114164
264403,7322054,-55.96795699817718
264403,7841787,-55.98499466135224
264403,8654297,-56.027315329363205
264403,7071184,-56.074381772744914
264403,733014,-56.11704570159267
264403,5818638,-56.170923595638456
264403,8313915,-56.195909377871
264403,7587608,-56.34798675970155
264403,8285346,-56.503193485122324
264403,1317554,-56.506959820322386
264403,667552,-56.56960888520096
264403,6154306,-56.63241605410555
264403,3959394,-56.75958510051737
264403,1168342,-56.90565302443131
264403,1168345,-56.945624711695785
264403,733016,-57.01116481433776
264403,1815121,-57.031743986327314
264403,1815123,-57.05311739403502
264403,3038496,-57.08398274962608
264403,7841786,-57.16661739618144
264403,6073644,-57.207594769194195
264403,8313913,-57.23882060484677
264403,832200,-57.261207489715446
264403,5846796,-57.29820395266571
264403,832198,-57.31937407934352
264403,5771737,-57.35449550938762
264403,1908228,-57.38976423261918
264403,1079451,-57.50927147073972
264403,7747556,-57.525432935489306
264403,490401,-57.60116060304508
264403,3706615,-57.60356376644979
264403,382006,-57.61993167527403
264403,8632311,-57.707286429731276
264403,6831886,-57.767013686898906
264403,2858746,-57.80378844697752
264403,6300135,-57.80798512825976
264403,4790420,-57.90107388193612
264403,3706619,-57.92295487877988
264403,5150772,-57.95814034197505
264403,1019502,-58.020746354564004
264403,1322478,-58.05108672671611
264403,6831888,-58.1277017379518
264403,8325219,-58.226675098850954
264403,733017,-58.24967817702518
264403,1815128,-58.2690780124331
264403,7364047,-58.338733341086424
264403,2970557,-58.34338752160123
264403,8325220,-58.47113540522993
264403,6073643,-58.4964651576759
264403,1859694,-58.632197591204765
264403,4987257,-58.64503747343926
264403,3681175,-58.655135158220816
264403,7747554,-58.69699967279701
264403,1495004,-58.718848413576225
264403,6374254,-58.77069171642742
264403,1079454,-58.79430162862479
264403,4790424,-58.805584300063025
264403,8590525,-58.81279212730326
264403,8121441,-58.88168472416618
264403,1317553,-58.893219028786866
264403,6955349,-58.894349001597334
264403,3300075,-58.97748640827671
264403,6799211,-59.01064587330647
264403,3370942,-59.02199430906774
264403,8590531,-59.03728971524654
264403,2354318,-59.04948961109677
264403,8654294,-59.11053426560735
264403,1168343,-59.116066173451046
264403,5718276,-59.11823456850376
264403,6831893,-59.137093107458824
264403,8654299,-59.13821957306906
264403,8378464,-59.17952538226911
264403,6094211,-59.23596640526145
264403,4790425,-59.26152313580513
264403,5492480,-59.261568997560914
1108100,2055732,-34.697378791195774
1108100,3652404,-36.07736024163023
1108100,395937,-37.62554644952142
1108100,8831416,-38.288295214992914
1108100,395940,-38.450027699116106
1108100,8825444,-38.65138327281896
1108100,1646424,-38.88244447406134
1108100,8366906,-39.228176375398256
1108100,1555815,-39.4738010369623
1108100,2950390,-39.52778188675227
1108100,7252840,-39.55609519146552
1108100,4957315,-39.98519846988847
1108100,8726006,-40.0070216998366
1108100,5991969,-40.11828493849741
1108100,2541278,-40.12422524534081
1108100,527814,-40.131378242877986
1108100,1833313,-40.16805617724579
1108100,45100,-40.24212643357957
1108100,7157378,-40.34308807545722
1108100,787081,-40.36659420608119
1108100,2302315,-40.481706466530476
1108100,1202900,-40.59142103769534
1108100,2055939,-40.71889386382493
1108100,8180320,-40.749770379383904
1108100,624917,-40.85462724856795
1108100,7790104,-40.867501010394406
1108100,8716414,-40.87332684407009
1108100,2140920,-40.93529962231596
1108100,5719681,-40.96983807976855
1108100,2950383,-40.998234644777504
1108100,4407761,-41.021896250306426
1108100,1493400,-41.03510016288212
1108100,781258,-41.1121908555779
1108100,6773055,-41.11350189919756
1108100,600005,-41.182412387493855
1108100,4296624,-41.22398438677592
1108100,4407526,-41.296226316626246
1108100,3352032,-41.39687139435432
1108100,6151427,-41.41983458132084
1108100,4584069,-41.42658472864901
1108100,7642137,-41.52959749813748
1108100,8726005,-41.54962916627406
1108100,3352031,-41.55301169695441
1108100,3596879,-41.628128811501014
1108100,6081394,-41.700136727735625
1108100,3803682,-41.709636206782946
1108100,3373472,-41.72492612997554
1108100,2264321,-41.74003441921528
1108100,83926,-41.744830435245824
1108100,7276880,-41.747550332966824
1108100,3817326,-41.74859862364644
1108100,1840140,-41.83071919372331
1108100,3081971,-41.87407204968173
1108100,1938057,-41.90401829279438
1108100,8078967,-41.93260461793221
1108100,6202764,-41.949864296885764
1108100,4159025,-41.98029569129333
1108100,7859312,-42.00267892825622
1108100,1656201,-42.005307002518514
1108100,5019609,-42.022843430907116
1108100,2382565,-42.04656539353451
1108100,7251681,-42.059017642689184
1108100,951470,-42.06898065225731
1108100,4159022,-42.07360765689578
1108100,2467900,-42.075463412889846
1108100,3136610,-42.079351131581056
1108100,8023320,-42.09258227493219
1108100,1991791,-42.10014668295831
1108100,6202765,-42.11587998320697
1108100,4757243,-42.116466785499824
1108100,8148109,-42.12559611426418
1108100,1342361,-42.126242013880734
1108100,5639435,-42.16374945183101
1108100,6616810,-42.16534785547614
1108100,1938059,-42.189772254436164
1108100,5028527,-42.2039076768432
1108100,6775923,-42.20606296990388
1108100,168373,-42.251309544020906
1108100,5569578,-42.27595089516632
1108100,6775925,-42.28427607409076
1108100,8180319,-42.306911924773864
1108100,970905,-42.32012983010861
1108100,430601,-42.32839064550942
1108100,4470165,-42.361591373260964
1108100,5057241,-42.36546161390664
1108100,4994124,-42.403882719809864
1108100,781254,-42.41769839459278
1108100,1480553,-42.42306532557857
1108100,3652399,-42.44623497301529
1108100,799979,-42.44830281743567
1108100,4700150,-42.455886780184954
1108100,2140090,-42.46584436253577
1108100,8744774,-42.495230291977805
1108100,692137,-42.52533804845455
1108100,1604724,-42.53130340362219
1108100,1599884,-42.53477550631664
1108100,283567,-42.58876379319638
1108100,5096583,-42.59780195325381
1108100,8299381,-42.63513761618925
1108100,8024199,-42.700619248455865
421756,5792667,-31.022433932521878
421756,5792671,-31.093500532770005
421756,6361845,-31.69360277297577
421756,8521640,-31.967407528771716
421756,8521639,-32.011571713124575
421756,7333485,-32.43216030439872
421756,6329795,-32.57068057385189
421756,994811,-33.14538176588316
421756,994810,-33.192204682938744
421756,5854401,-33.46541953887088
421756,8492513,-33.75940592093578
421756,6361846,-34.041044454872576
421756,2232046,-34.38714257943467
421756,6361848,-34.61764570443951
421756,5469202,-34.8173904570198
421756,7947760,-34.95972779729654
421756,8492519,-35.016753276681506
421756,5088124,-35.489397008416844
421756,1853123,-35.551869290719814
421756,6111439,-35.56076802592152
421756,6111438,-35.5940606651534
421756,5088125,-35.646796219069415
421756,5309889,-35.689489796923226
421756,6436365,-35.831906633015706
421756,6361847,-35.881769314394475
421756,2097305,-35.89790305170365
421756,5531787,-35.99986474809113
421756,7735545,-35.99986474809113
421756,7762257,-36.17340901008271
421756,7098799,-36.18399068888348
421756,6661567,-36.24897647709682
421756,5088128,-36.3365288921954
421756,2817092,-36.482428866429906
421756,7802908,-36.57701708986667
421756,5117248,-36.60159247488339
421756,8133970,-36.65729954856626
421756,6712872,-36.878478188100495
421756,2963690,-36.99754100198667
421756,6441151,-37.03888228200096
421756,2981596,-37.05485259868232
421756,3370985,-37.05706457587504
421756,8157860,-37.115505944166614
421756,5886413,-37.17555145094021
421756,75204,-37.213717809075476
421756,5707966,-37.25055968313503
421756,5869237,-37.28583749992689
421756,2896262,-37.30267068372022
421756,6331738,-37.31283603470989
421756,6436363,-37.32483010273248
421756,1396981,-37.384467136423424
421756,5860754,-37.38530100304272
421756,5311314,-37.42053493865388
421756,6202822,-37.43332314757425
421756,8543350,-37.47024687730652
421756,5442342,-37.47282379950397
421756,6854219,-37.48150574191041
421756,4212659,-37.49920674760795
421756,4085544,-37.51623394823038
421756,1292676,-37.517612765615404
421756,2863597,-37.57570399684565
421756,2273492,-37.58067452177975
421756,5556416,-37.61413425924944
421756,4150297,-37.64800984732946
421756,3496198,-37.65223755955825
421756,5746603,-37.695407461987344
421756,5854405,-37.70205175786295
421756,7221009,-37.74653174723411
421756,6026247,-37.79177076079174
421756,1696188,-37.838219850129335
421756,703458,-37.844690144429684
421756,2863598,-37.86315935781262
421756,4681782,-37.87510197005396
421756,7307556,-37.89447354767341
421756,6031435,-37.90021352588864
421756,3255938,-37.90410755270279
421756,5556420,-37.90677518102337
421756,5064445,-37.91336700748766
421756,4264412,-37.94093961687796
421756,1058573,-37.96412667424137
421756,3301400,-37.9950171120782
421756,408072,-38.02061088605805
421756,1396975,-38.07627965600825
421756,6193807,-38.07707134990535
421756,8481346,-38.07779567670994
421756,6032090,-38.10939485000377
421756,907231,-38.12856345830805
421756,6177634,-38.130601680099645
421756,8425928,-38.15525670255615
421756,5854410,-38.17527226851145
421756,8454100,-38.17591382103876
421756,497078,-38.195113453150576
421756,6361843,-38.21811421419554
421756,3036363,-38.305428263302694
421756,5869240,-38.3399173498433
421756,7180453,-38.35095375490144
421756,4399576,-38.3814396273427
421756,3516714,-38.383721137008806
421756,4939299,-38.40648165456137
421756,818425,-38.42211515909318
421756,1722681,-38.443367310090075
1108307,8178550,-49.4080922354687
1108307,3950422,-58.67319246848523
1108307,5323570,-58.90679293525101
1108307,2855256,-59.20566254240057
1108307,5061117,-59.27158302426662
1108307,8178548,-59.44952783325099
1108307,5170918,-60.18295761915049
1108307,5830943,-60.2757566409256
1108307,2469721,-60.33972950847218
1108307,3430077,-61.224782040690506
1108307,1024312,-61.36649873168972
1108307,8178546,-61.380364029661905
1108307,5582448,-61.422007233639405
1108307,5402885,-61.93253118202333
1108307,7298401,-62.07415558070088
1108307,3484415,-62.08382672647093
1108307,8837854,-62.976411227580016
1108307,7393052,-63.031439954788524
1108307,2290456,-63.08610439718538
1108307,6184540,-63.14566433856915
1108307,7856201,-63.23179286463718
1108307,6184537,-63.32170961983676
1108307,3629751,-63.454729807596216
1108307,4559689,-63.56143283085555
1108307,3647650,-63.569023864835444
1108307,8178554,-63.588702105943106
1108307,7393057,-63.607487795479
1108307,676432,-63.68379633474965
1108307,8837860,-63.76820193360991
1108307,2895836,-63.806502485346705
1108307,4467946,-63.82130611721132
1108307,6710409,-63.94779006439676
1108307,536601,-63.95388047933132
1108307,6494897,-63.98415123335695
1108307,315199,-64.11300477063858
1108307,6655456,-64.12263384368705
1108307,7034461,-64.16100887057516
1108307,2855255,-64.21621838961467
1108307,2766066,-64.3011280591777
1108307,6494895,-64.4023305439576
1108307,6397409,-64.41729440478018
1108307,8609706,-64.52541575407643
1108307,5824358,-64.58998027519361
1108307,7998387,-64.74022062966763
1108307,2333447,-64.78342345677362
1108307,175203,-64.80896007296059
1108307,4467942,-64.89143037721718
1108307,3007299,-64.89314782580642
1108307,600667,-64.9599527345634
1108307,4405562,-64.98955232487599
1108307,1681472,-65.00421938700843
1108307,676436,-65.02652849612758
1108307,1701830,-65.0336166861401
1108307,8837039,-65.08643377748675
1108307,8837858,-65.177661364323
1108307,81374,-65.23242801579718
1108307,3873830,-65.28727961581805
1108307,4105441,-65.28727961581805
1108307,7970848,-65.31548048280673
1108307,1820264,-65.32230567190716
1108307,6215676,-65.34300170960523
1108307,3416124,-65.34745266149616
1108307,4343150,-65.35061821716529
1108307,81375,-65.39691373519958
1108307,2264517,-65.46607332191375
1108307,3376163,-65.48502593904196
1108307,6494893,-65.52105667485488
1108307,1650948,-65.54341017384792
1108307,8118751,-65.55091361840029
1108307,5170917,-65.66611959084855
1108307,4105442,-65.66611959084855
1108307,536597,-65.68604479776964
1108307,536604,-65.6959710978981
1108307,81378,-65.6986483036474
1108307,2501275,-65.72160662721006
1108307,3856658,-65.7941549228413
1108307,8178552,-65.91080187743275
1108307,8652780,-65.98833732650854
1108307,5402887,-66.00924934354732
1108307,4467937,-66.02705065837064
1108307,2501277,-66.04986479728483
1108307,3931241,-66.08393536586864
1108307,3442203,-66.1047530728939
1108307,5402884,-66.11870298293218
1108307,4626056,-66.1751991514717
1108307,3307480,-66.17934065518989
1108307,990986,-66.22110612407711
1108307,7551273,-66.2290506911843
1108307,4124472,-66.27099212169355
1108307,7915190,-66.3482241222528
1108307,6215678,-66.39448180668796
1108307,7576206,-66.39836216365643
1108307,3337661,-66.41336135890934
1108307,7256330,-66.51507498751543
1108307,8655841,-66.52367549345905
1108307,4549826,-66.56651458217856
1108307,536603,-66.58513397385995
1108307,1827960,-66.59802982376505
1108307,7742033,-66.63183807248156
1108307,5977820,-66.64956999789158
966413,1107924,-40.09686423438522
966413,1990466,-41.272899360626944
966413,2950605,-41.492434847947095
966413,4616786,-42.146112078048034
966413,8837418,-42.16207629188877
966413,6811240,-42.698149900148444
966413,414566,-42.808377613778056
966413,757122,-42.90491010481178
966413,1216350,-42.96082129389936
966413,3404676,-43.01027674140671
966413,868473,-43.14645157687239
966413,526694,-43.22816941667972
966413,2963158,-43.253799260192196
966413,2624549,-43.284240285890576
966413,414567,-43.284679226867134
966413,3293720,-43.39284536249919
966413,3446198,-43.41337334328471
966413,5275723,-43.428374453655316
966413,5030633,-43.45375294114988
966413,2406509,-43.53419371972842
966413,1358857,-43.57288715141626
966413,1778093,-43.573114341802054
966413,8456796,-43.61986373354427
966413,110055,-43.69034825968039
966413,4651451,-43.696149928399024
966413,297451,-43.69991619611649
966413,7387907,-43.702426924527856
966413,2011595,-43.7238429484718
966413,3907255,-43.73560880957083
966413,4859238,-43.795752090214656
966413,6177997,-43.80481472105846
966413,1613642,-43.813178028117086
966413,757115,-43.85169136673582
966413,8096229,-43.85266768380882
966413,5528534,-43.88651366391039
966413,3541511,-43.92740226251452
966413,4613981,-43.966408667692896
966413,5041592,-43.96773681548826
966413,3320173,-43.97745174962263
966413,3769610,-43.98056767308382
966413,1774770,-43.98535289701678
966413,3521149,-44.019853863815285
966413,4696436,-44.03461330589239
966413,7681665,-44.05536600456613
966413,3640828,-44.06319439371408
966413,8124791,-44.09359918678907
966413,2008226,-44.09595421362332
966413,3819176,-44.12232554826825
966413,632089,-44.1278279009303
966413,7957391,-44.1351860217013
966413,5308287,-44.13637355595388
966413,3215211,-44.142769629657145
966413,1879445,-44.15305851688806
966413,8396147,-44.159020100122085
966413,8396152,-44.159020100122085
966413,320513,-44.18709038186876
966413,7051671,-44.18765721060295
966413,1294701,-44.20375235690045
966413,6313175,-44.205373903330845
966413,3153327,-44.21511944760802
966413,8009772,-44.22710472260303
966413,183495,-44.27939070464969
966413,3501553,-44.28042538049102
966413,1022482,-44.297291816620344
966413,6811235,-44.3192237073858
966413,6239882,-44.32145779954627
966413,1812385,-44.32799349312444
966413,7525352,-44.3280298120572
966413,2518496,-44.32946408685127
966413,6391900,-44.33924433586833
966413,6882403,-44.34027777470467
966413,2638304,-44.35732000906389
966413,1660950,-44.37910755066257
966413,363245,-44.39200432424792
966413,8090157,-44.41741125424764
966413,2588722,-44.47193394583495
966413,1818912,-44.476069266862304
966413,5527708,-44.48622556756264
966413,5112185,-44.49215948151231
966413,757116,-44.49671279413534
966413,6470348,-44.500109493390426
966413,7851655,-44.5068362316574
966413,5501021,-44.50985940221295
966413,236449,-44.516369952696415
966413,6811234,-44.52300599813365
966413,3379675,-44.5241455755996
966413,1001954,-44.52876970757705
966413,3762032,-44.54466202062808
966413,5622903,-44.573082071778074
966413,2650328,-44.58339099228871
966413,1099904,-44.58880061735044
966413,8165439,-44.60403243037317
966413,4859236,-44.61101407485419
966413,2406512,-44.623264118952974
966413,6376622,-44.627484797788966
966413,8122747,-44.651583799851245
966413,1085417,-44.66196767588339
966413,6377518,-44.66589780428379
966413,6181819,-44.68208482124308
966413,6650392,-44.69019252209877
1111546,8147312,-31.39081645544575
1111546,8147310,-32.07280420462065
1111546,3883815,-32.780856019458405
1111546,8147315,-32.845509211921275
1111546,629277,-32.8835288773288
1111546,8147311,-33.07238867619955
1111546,7091503,-33.30153289149068
1111546,8147316,-33.550234975855965
1111546,1141031,-33.875407533864625
1111546,4118433,-33.88315984787782
1111546,5512786,-33.922788485868985
1111546,340739,-33.96530659620483
1111546,6918537,-33.989734330478434
1111546,7137562,-34.13392557454906
1111546,4722262,-34.142799452117345
1111546,8779205,-34.166523816116275
1111546,6688704,-34.18983361253627
1111546,6294425,-34.19008258798434
1111546,5052456,-34.222545006013796
1111546,152844,-34.30962723659433
1111546,1141032,-34.32738213348541
1111546,5485775,-34.37984744190555
1111546,2668797,-34.42930035017381
1111546,8165491,-34.440565376931346
1111546,3371102,-34.46151149108762
1111546,3108718,-34.52827766582671
1111546,3533240,-34.544902146319295
1111546,6038686,-34.64392524266927
1111546,8147584,-34.68838104775554
1111546,3573961,-34.81206093435533
1111546,2482841,-34.89314379411088
1111546,7003166,-34.94327744431393
1111546,7491447,-34.96670051368353
1111546,7003165,-34.97362541764981
1111546,850453,-35.00081140848834
1111546,4812232,-35.06456020495632
1111546,2959572,-35.06505931725691
1111546,2062496,-35.07130543133684
1111546,7137570,-35.16172850914656
1111546,481305,-35.178254779952915
1111546,8636954,-35.18862096899326
1111546,8382538,-35.2076181440798
1111546,5052453,-35.21782977464024
1111546,5117494,-35.22645557227186
1111546,4161536,-35.24662373305564
1111546,7003168,-35.25011080671178
1111546,5845167,-35.270902181502905
1111546,5080159,-35.27620229299109
1111546,7003167,-35.295878296775435
1111546,1199606,-35.318874927080074
1111546,2789539,-35.33195118025689
1111546,5485779,-35.35503186033837
1111546,2789543,-35.36951551215843
1111546,7982476,-35.40214472264653
1111546,1622611,-35.41620277438432
1111546,2050460,-35.42566189308727
1111546,4613889,-35.429635481127335
1111546,1959422,-35.452851080776675
1111546,7491448,-35.48063653816585
1111546,3486106,-35.48752532541285
1111546,4116018,-35.4888135787516
1111546,744329,-35.490850945910196
1111546,4185285,-35.5397092783509
1111546,455753,-35.57042328884841
1111546,5656520,-35.57575610329475
1111546,8060597,-35.581392238395395
1111546,5772440,-35.64228528459946
1111546,6538059,-35.65851063217239
1111546,3610722,-35.66616084193265
1111546,4596610,-35.66698614371943
1111546,1697051,-35.67767112479648
1111546,6860542,-35.70605637906762
1111546,3124893,-35.7296394878966
1111546,3150407,-35.73336559715723
1111546,5123696,-35.733399587209185
1111546,2991020,-35.73733637934698
1111546,4185293,-35.76507727156108
1111546,5870066,-35.76526898560797
1111546,8709382,-35.78169533461021
1111546,1141026,-35.788649155049676
1111546,152363,-35.794547063489865
1111546,851146,-35.84280950155749
1111546,1544035,-35.89095984278984
1111546,201689,-35.906679132177494
1111546,3180910,-35.91310983934367
1111546,604825,-35.93453216399739
1111546,152367,-35.94408902976781
1111546,856544,-35.94483021323134
1111546,7811235,-35.94638941508509
1111546,5809959,-35.98153620798615
1111546,3639262,-35.9885016245673
1111546,1204721,-35.988585249541366
1111546,6961066,-35.99018336594232
1111546,1101024,-36.00072427281378
1111546,7148312,-36.00072427281378
1111546,8557611,-36.001976371607576
1111546,7616537,-36.05295165468318
1111546,7356100,-36.105403971732606
1111546,8100424,-36.1193700499697
1111546,5704783,-36.12179357043914
156493,8182166,-11.333491550189196
156493,3288596,-11.905406053371788
156493,1960255,-11.931747128672807
156493,3288600,-11.93305601868656
156493,2612492,-12.406495385923026
156493,1960260,-12.449250682005054
156493,3288598,-12.48242617045001
156493,2259180,-12.681046797379624
156493,8393766,-12.739872211544753
156493,6139382,-12.797566297328414
156493,95519,-13.08457545780158
156493,2259182,-13.151576157617788
156493,2612490,-13.201094957750373
156493,5122747,-13.37658389910014
156493,6524746,-13.392483251804997
156493,750111,-13.394710521163086
156493,8182159,-13.447809252461289
156493,6343406,-13.482839851589405
156493,4369922,-13.801492582461387
156493,2317802,-14.085493578412308
156493,2411918,-14.200282575591757
156493,5346658,-14.291053417722575
156493,5549994,-14.31085546981663
156493,6139386,-14.35415577575257
156493,2949801,-14.409037264100514
156493,1277725,-14.428035308486253
156493,2317807,-14.46077856138376
156493,2949802,-14.531774467091724
156493,662448,-14.575177272347432
156493,8182161,-14.62451446781428
156493,3288597,-14.654071357143314
156493,8273017,-14.662791899185496
156493,95514,-14.663663837355074
156493,885944,-14.686712255524817
156493,8182165,-14.741033967763071
156493,6652467,-14.75150141043649
156493,2259183,-14.769470199626703
156493,7371077,-14.789998293405453
156493,8029433,-15.065437317549286
156493,2598786,-15.06719249777703
156493,3288601,-15.099278365127274
156493,1277722,-15.111818793178102
156493,1277727,-15.139909004582735
156493,4940228,-15.145542001308671
156493,1277720,-15.153550148110966
156493,4131138,-15.187836235581836
156493,349638,-15.220490033611012
156493,8273019,-15.220490033611012
156493,95515,-15.224296454328979
156493,1960261,-15.254753568721032
156493,1277723,-15.288404311697764
156493,2928704,-15.353624271606986
156493,5530082,-15.417456466948838
156493,3288599,-15.417456466948838
156493,1277724,-15.430994402014981
156493,4940229,-15.448870366550725
156493,2928700,-15.479958727657365
156493,1960259,-15.484708023118984
156493,8273018,-15.48759985492813
156493,5022725,-15.507322604265857
156493,1277726,-15.510728228158932
156493,1277721,-15.510728228158932
156493,349637,-15.510728228158932
156493,7371079,-15.515507032915071
156493,8182160,-15.543437665004692
156493,349639,-15.557078808532925
156493,2259179,-15.630744232000028
156493,1347266,-15.651557474454284
156493,349643,-15.658783463559967
156493,2317800,-15.658783463559967
156493,6139383,-15.724720183716293
156493,8266017,-15.724720183716293
156493,5406908,-15.749141787612954
156493,6357270,-15.749141787612954
156493,8245444,-15.75045067762671
156493,1101607,-15.774312295532933
156493,2928702,-15.789238799379184
156493,1960257,-15.820985127370795
156493,4583221,-15.826397301743931
156493,7371078,-15.84915538231351
156493,911794,-15.85239902697268
156493,8803136,-15.9113224060325
156493,349644,-15.944714002972942
156493,4542584,-15.974865010533447
156493,3288595,-16.004716003092952
156493,2598787,-16.004716003092952
156493,95518,-16.060941218336943
156493,2612493,-16.089926951072155
156493,8273011,-16.089926951072155
156493,4527706,-16.093196271481805
156493,7663269,-16.103236511289737
156493,2123395,-16.139165084429887
156493,8182162,-16.147071535984235
156493,2928705,-16.149671734905375
156493,2928707,-16.149671734905375
156493,349641,-16.174668457370895
156493,5346660,-16.176723165136195
156493,6775071,-16.177840955954892
156493,8266015,-16.260795549946423
156493,3603922,-16.287945056506175
1124145,6816623,-8.908921705942385
1124145,2802373,-10.797183941089818
1124145,606138,-11.046092290036631
1124145,8027395,-11.088199108432296
1124145,4647826,-11.18974375917914
1124145,2802374,-11.209448352065165
1124145,1092135,-11.500871974427952
1124145,483412,-11.561210802724723
1124145,2365010,-11.584332447526876
1124145,5613239,-11.584332447526876
1124145,5290523,-11.629788949681988
1124145,554538,-11.629788949681988
1124145,554540,-11.652135550878238
1124145,4644798,-11.663563253335857
1124145,8698769,-11.674235223251408
1124145,8589237,-11.674235223251408
1124145,8207763,-11.739105774757716
1124145,2802380,-11.739105774757716
1124145,4644797,-11.74020098194013
1124145,496135,-11.78121259315338
1124145,2924861,-11.799464577152872
1124145,2991988,-11.801938167224474
1124145,1461174,-11.801938167224474
1124145,5626302,-11.822451167558853
1124145,8462502,-11.842755910486888
1124145,1362252,-11.842755910486888
1124145,5865767,-11.842755910486888
1124145,4240669,-11.86285658219389
1124145,7980832,-11.882757243900226
1124145,3518339,-11.902461836786252
1124145,2802381,-11.902461836786252
1124145,7165262,-11.941298008500453
1124145,8601501,-11.941298008500453
1124145,5290527,-11.941298008500453
1124145,122794,-11.941298008500453
1124145,7980833,-11.960436910532755
1124145,3541485,-11.99817387914152
1124145,4029024,-12.035211974675995
1124145,828107,-12.176864079813221
1124145,7571421,-12.210763196440766
1124145,7296960,-12.325080024120664
1124145,606134,-12.325080024120664
1124145,2924860,-12.41812005539045
1124145,7947542,-12.56417032542023
1124145,2924855,-12.646940757745938
1124145,1750128,-12.700277251910261
1124145,8255879,-14.215545264347282
1124145,8666691,-14.222300794714485
1124145,963808,-14.420199473805239
1124145,7702580,-14.513478602319626
1124145,7997599,-14.624112853908567
1124145,7997603,-14.624112853908567
1124145,8730388,-14.624112853908567
1124145,8730384,-14.628307361689231
1124145,187285,-14.630407236148985
1124145,2553344,-14.655885287703844
1124145,8489496,-14.655885287703844
1124145,6759154,-14.90618675509096
1124145,6759157,-14.90618675509096
1124145,6759156,-14.90618675509096
1124145,6759159,-14.90618675509096
1124145,8062888,-14.909396446436178
1124145,8694942,-14.91481999324393
1124145,7225307,-14.92607443834012
1124145,525953,-14.92607443834012
1124145,1102965,-14.92607443834012
1124145,3494977,-14.92607443834012
1124145,6472720,-14.92607443834012
1124145,1530862,-14.965214022670331
1124145,4992241,-15.02368812724051
1124145,7353722,-15.043292058944083
1124145,4789612,-15.047080206766893
1124145,276612,-15.057201860107252
1124145,1906564,-15.057201860107252
1124145,1731607,-15.066411539776567
1124145,5393943,-15.084109140015192
1124145,7051451,-15.10624044716364
1124145,8438838,-15.108162610450389
1124145,7782104,-15.172832480661128
1124145,1901699,-15.184083814909267
1124145,521003,-15.186578076877542
1124145,3728357,-15.186578076877542
1124145,3938573,-15.187215192215913
1124145,1519397,-15.191508003251524
1124145,1418468,-15.211812746179561
1124145,1906567,-15.224910283084848
1124145,188432,-15.232225950443906
1124145,1092489,-15.2518140795929
1124145,6160178,-15.2518140795929
1124145,7727165,-15.2518140795929
1124145,5784235,-15.270289986147215
1124145,7211429,-15.271518672478923
1124145,7211425,-15.271518672478923
1124145,8698609,-15.281252037018241
1124145,3659794,-15.287807571266642
1124145,8019957,-15.292389658520387
1124145,5784234,-15.314247799584766
1124145,7139910,-15.317950314354635
1124145,3253649,-15.329493746225427
1124145,8077956,-15.329496004841833
1110199,2218462,-23.418842524726188
1110199,8160520,-23.746737230665712
1110199,167604,-26.18564424073165
1110199,3934419,-26.921761584905965
1110199,6161016,-27.05321236878865
1110199,7821191,-27.137726925581074
1110199,398442,-27.40946963243655
1110199,2796830,-27.452754779626535
1110199,1197690,-27.475404599331352
1110199,1957395,-27.601023381346284
1110199,4511137,-27.674771510024982
1110199,2777133,-27.775494647962617
1110199,558317,-27.775494647962617
1110199,3838645,-27.848710019000443
1110199,3684454,-27.877696480513077
1110199,7369955,-27.877696480513077
1110199,4949578,-27.942931438212764
1110199,2777132,-28.104251535776516
1110199,879021,-28.125202743459873
1110199,4489656,-28.13243062649258
1110199,2796825,-28.294604525208328
1110199,554521,-28.31681955458072
1110199,5846443,-28.40727135312803
1110199,5218014,-28.51737700054647
1110199,5857921,-28.583844089704563
1110199,8160519,-28.590553058340657
1110199,4411531,-28.715851713419035
1110199,6392463,-28.765481299733494
1110199,167601,-28.767618738914255
1110199,879019,-28.771153538199066
1110199,557605,-28.85082401650655
1110199,3270581,-28.883856099758454
1110199,4511144,-28.961584865499905
1110199,5279606,-29.00337850162844
1110199,507875,-29.07220860303282
1110199,5049366,-29.120970304761293
1110199,507878,-29.173222139620414
1110199,5719120,-29.19969328055746
1110199,1411495,-29.202256293240865
1110199,425993,-29.202256293240865
1110199,554522,-29.21031379353869
1110199,554529,-29.21031379353869
1110199,8160523,-29.309837344199707
1110199,2594143,-29.319632311386002
1110199,2279578,-29.3621977690596
1110199,5355385,-29.413696529249542
1110199,735472,-29.44239137186538
1110199,4750530,-29.46609375727125
1110199,3524269,-29.47906091278326
1110199,557603,-29.479097181441396
1110199,2925378,-29.484354976013663
1110199,4360551,-29.512715404444087
1110199,7628031,-29.55119596355432
1110199,3107787,-29.559551113151592
1110199,7680811,-29.59293181419725
1110199,2080928,-29.61953582714474
1110199,357932,-29.63859423201361
1110199,1051978,-29.65518944395936
1110199,5355388,-29.758285879973045
1110199,7490610,-29.850367610699486
1110199,758806,-29.85994750155307
1110199,4952913,-29.86452874902873
1110199,3785824,-29.867443323943633
1110199,1152760,-29.87219955521117
1110199,7174098,-29.873834597158165
1110199,5302364,-29.89300798564495
1110199,4792087,-29.92834592830237
1110199,6503962,-29.94648443122869
1110199,7637132,-29.94648443122869
1110199,5719116,-29.95813425216258
1110199,4952908,-29.95813425216258
1110199,4655421,-29.977126803029194
1110199,7507233,-29.991117447315098
1110199,4438812,-29.99731790079025
1110199,6392469,-30.032578088731068
1110199,4438807,-30.039512244019573
1110199,1783054,-30.051751477217852
1110199,1201839,-30.103565412395586
1110199,4081427,-30.116413973490822
1110199,4061289,-30.16865088959965
1110199,5172684,-30.186436382064837
1110199,6162452,-30.203523557892996
1110199,892213,-30.205609770551618
1110199,2541138,-30.214137997502114
1110199,6509857,-30.22645500160503
1110199,5486,-30.25586144981913
1110199,5198208,-30.264207984698544
1110199,2811563,-30.282963284380152
1110199,735467,-30.30561310408497
1110199,3588619,-30.30561310408497
1110199,2406692,-30.321862113833994
1110199,1426936,-30.325926288112406
1110199,655527,-30.340096256992812
1110199,1806061,-30.395962759983437
1110199,5716613,-30.43525442485989
1110199,6509853,-30.451211940916362
1110199,5172688,-30.4806388821795
1110199,1454027,-30.49591806230527
1110199,1318044,-30.50585729357731
1110199,1318045,-30.50585729357731
1056204,8722741,-34.42803222702368
1056204,8676395,-34.45423567571314
1056204,1996042,-34.89146714011562
1056204,6486837,-35.281894744961335
1056204,6046710,-35.52896811340086
1056204,3954898,-35.607071200279044
1056204,4048342,-35.950710293171326
1056204,5234797,-36.208582913819036
1056204,5234795,-36.35659033816576
1056204,8722738,-36.54231295329599
1056204,2352830,-36.630698598513966
1056204,8722740,-36.774378404514295
1056204,7777875,-36.93845937840827
1056204,2192219,-36.9518795974455
1056204,3971137,-37.27666749073004
1056204,4876540,-37.587958193041025
1056204,8722739,-37.799194633182765
1056204,7890474,-37.80205331832764
1056204,4835191,-38.20648885568543
1056204,5057819,-38.20837038316493
1056204,3756800,-38.23684503571944
1056204,5001813,-38.27755545593356
1056204,4373634,-38.34698429469912
1056204,8400850,-38.59844817336375
1056204,5001816,-38.62245279898103
1056204,6340537,-38.81211616647654
1056204,6693226,-38.96768568031557
1056204,6099188,-39.05169153229867
1056204,5444384,-39.052486536789985
1056204,2022829,-39.10291853138633
1056204,5444383,-39.19919600296642
1056204,7160094,-39.38763265366185
1056204,6942866,-39.53961031701084
1056204,2664097,-39.598230381695274
1056204,2686337,-39.80071374040676
1056204,3754166,-39.818550104920604
1056204,3493267,-39.8359744730395
1056204,3493269,-39.8359744730395
1056204,2352831,-39.855151276574034
1056204,8198476,-39.99505401555541
1056204,5338516,-40.07788769045903
1056204,3343479,-40.09406684868066
1056204,3639910,-40.09439466747514
1056204,4877223,-40.1612075614694
1056204,2430020,-40.20752045485149
1056204,945937,-40.20947125833685
1056204,4801591,-40.22326277454529
1056204,7863816,-40.25101471876952
1056204,7005143,-40.25925361945002
1056204,3497265,-40.275216273265045
1056204,7758874,-40.33894409405668
1056204,2361321,-40.384461102207624
1056204,5865312,-40.40812353572135
1056204,2005473,-40.43057386881752
1056204,5156981,-40.47581177047572
1056204,5234791,-40.5604893203014
1056204,3144979,-40.62487401103889
1056204,5136201,-40.65870916303025
1056204,3973390,-40.660762751987875
1056204,2005476,-40.69475616469746
1056204,3843254,-40.884739703366165
1056204,8701652,-40.91152001090095
1056204,4254519,-40.94340288484462
1056204,4504069,-40.99786879230837
1056204,4620530,-41.011371198243545
1056204,4518249,-41.02204014157808
1056204,3973387,-41.06087164886752
1056204,2761434,-41.08845170078952
1056204,3560854,-41.09491917527747
1056204,2660662,-41.101555115586606
1056204,2053688,-41.17246860610399
1056204,3768319,-41.18652049506698
1056204,743814,-41.2237094941752
1056204,3768321,-41.26517403650513
1056204,4298401,-41.29430414505021
1056204,1047387,-41.29902844062958
1056204,7942251,-41.31597821434636
1056204,431628,-41.31722784986927
1056204,4473500,-41.329809869418526
1056204,5816788,-41.34676360350838
1056204,362781,-41.35783591711101
1056204,7141042,-41.43476404209845
1056204,7005147,-41.43527182215985
1056204,6046705,-41.46681326857937
1056204,5716937,-41.48646901422006
1056204,2660667,-41.599226567372725
1056204,6693220,-41.653467859337006
1056204,7658501,-41.684829035782045
1056204,869591,-41.69064139192179
1056204,2699549,-41.72324151074662
1056204,2724573,-41.776486003381336
1056204,7795940,-41.79589180697066
1056204,462077,-41.815638683107856
1056204,2406948,-41.82208833550068
1056204,3971141,-41.83783690077409
1056204,7990876,-41.84795775057654
1056204,1453985,-41.87521153116846
1056204,3044373,-41.87521153116846
1056204,3560851,-41.87659172218707
1056204,6552312,-41.877532412813984
199143,5056755,-57.15817964394676
199143,8311590,-62.12991941681291
199143,8311587,-62.549363031331005
199143,8311584,-64.03759831614356
199143,5056759,-67.1036249394502
199143,6046857,-67.20360292361268
199143,8311586,-67.33248882900956
199143,7592619,-69.50410780932705
199143,7122645,-69.51793921280579
199143,5656308,-70.49886634329549
199143,8311588,-70.84492538442821
199143,4778220,-71.25466047317192
199143,7557853,-71.26882604576902
199143,8311589,-71.4244140875929
199143,1130927,-71.92868326522701
199143,5157543,-72.06558126101378
199143,8557032,-72.32733331591758
199143,8057029,-72.68803885653794
199143,7044826,-73.01806302038761
199143,3447653,-73.0376463215975
199143,8557031,-73.16349236357347
199143,2467999,-73.22328287818388
199143,8311583,-73.23373555423886
199143,303796,-73.66921149024671
199143,5219922,-73.83582631249585
199143,3199172,-73.86319997541509
199143,751006,-73.95376920811425
199143,939843,-74.15588128921442
199143,5521181,-74.2446898386736
199143,524470,-74.25913280932826
199143,5056753,-74.29796354408893
199143,1247002,-74.33410994335435
199143,6332561,-74.3390509853995
199143,2293539,-74.39051137769543
199143,3357393,-74.44331797694635
199143,7233908,-74.44331797694635
199143,8311585,-74.54021266909972
199143,4137980,-74.57939185016411
199143,3691474,-74.58207220904653
199143,361659,-74.61037448843423
199143,7996117,-74.76338513705626
199143,2639428,-74.78055121395226
199143,1401032,-74.83341617372889
199143,2642826,-74.84559067979042
199143,6641905,-74.86309779862403
199143,6922470,-74.8666065397867
199143,1693939,-74.90453711613374
199143,7233903,-74.91545057672845
199143,4960723,-75.1099169304088
199143,8296447,-75.26670741721195
199143,7978506,-75.35017305587682
199143,2293544,-75.4555021613341
199143,7996118,-75.59103633360182
199143,5056758,-75.62350983737355
199143,6890038,-75.74644058298665
199143,5240359,-75.77581063156376
199143,7209796,-75.81929377948438
199143,8152294,-75.92100432428387
199143,1089598,-75.95162771938058
199143,4143763,-76.02379057293675
199143,5624763,-76.13240678261724
199143,5157542,-76.27018061092855
199143,4892011,-76.34441302586262
199143,1571698,-76.41495175223037
199143,84749,-76.43095063953886
199143,5468197,-76.4495764382022
199143,1856116,-76.51878236559568
199143,5839575,-76.53069666316843
199143,5088597,-76.55652284827065
199143,5110870,-76.59228596465894
199143,5624761,-76.69258624127107
199143,3888113,-76.74637567561794
199143,8444918,-76.81427008043029
199143,3018625,-76.83504792730642
199143,4130990,-76.90135420003155
199143,35232,-76.906205620828
199143,4439656,-76.95198982976532
199143,1236963,-76.95208902085062
199143,8330291,-76.95663357560643
199143,5402600,-76.97595452055994
199143,61211,-77.01077963108206
199143,5108053,-77.01995054828251
199143,2709483,-77.04400312073015
199143,5402598,-77.10483600981686
199143,2430649,-77.12230177738508
199143,8586908,-77.12317020996144
199143,5578454,-77.13239120549444
199143,3682506,-77.14878415642849
199143,3488259,-77.14972011032583
199143,2687763,-77.16714481936856
199143,6475872,-77.17760016569396
199143,661188,-77.18190050355618
199143,1366403,-77.23332660129603
199143,658338,-77.26273335558378
199143,3198283,-77.27594447760355
199143,4285515,-77.28327482628518
199143,5624760,-77.39848268442177
199143,2353228,-77.416484529368
199143,2430650,-77.44184324238324
199143,4990578,-77.4755507041313
835929,555654,-18.0187995012016
835929,8793581,-18.02842712278619
835929,7062132,-18.54092333309679
835929,5551319,-18.84471308671896
835929,1908269,-19.024526945552314
835929,4711715,-19.02749988335691
835929,8135403,-19.077016893608036
835929,7062129,-19.090415569213082
835929,3559694,-19.160977141959854
835929,1731957,-19.426749779290503
835929,4842835,-19.541697370414
835929,2935352,-19.579729233996293
835929,3387550,-19.758717576354947
835929,1894628,-19.768074532401993
835929,4572256,-19.831559426064654
835929,1957173,-19.84523339543979
835929,4868662,-19.86990859577198
835929,8216436,-19.89436528502247
835929,6581769,-19.906227436709575
835929,4572261,-19.939558149024133
835929,4572254,-19.965453280364386
835929,1752408,-20.04405048796942
835929,7062128,-20.06571848207
835929,2676901,-20.102296674433873
835929,7226494,-20.145136431446094
835929,4791056,-20.180864227963422
835929,7211861,-20.191848126790667
835929,8291792,-20.24441513663757
835929,7293680,-20.27708235957647
835929,7313892,-20.306391315736054
835929,6362753,-20.326611539286134
835929,4216180,-20.33492854249161
835929,8815044,-20.346919604006175
835929,4692083,-20.38690570294131
835929,4572260,-20.411637290237845
835929,5551325,-20.43173550218648
835929,773345,-20.45567910109248
835929,7936139,-20.459026470633656
835929,7294733,-20.463304893757442
835929,7829364,-20.487267890439025
835929,5212611,-20.490215701002434
835929,8069790,-20.490215701002434
835929,1157288,-20.49473707791612
835929,4317208,-20.4952023275399
835929,8815042,-20.546722953538165
835929,82561,-20.602332625182992
835929,5324455,-20.603479479997056
835929,7210707,-20.628688974381475
835929,3205505,-20.642327067424507
835929,8815038,-20.680008632518053
835929,4565960,-20.69762782012907
835929,4706162,-20.701474911014422
835929,4569640,-20.732260467377177
835929,7841138,-20.753246381801567
835929,5131821,-20.766473989536525
835929,7795110,-20.77968987555808
835929,2835136,-20.78385814320091
835929,2440066,-20.814739381096153
835929,7211864,-20.8206421851358
835929,1908268,-20.842535202243333
835929,1297689,-20.84333868704466
835929,8604605,-20.84563103741172
835929,1157290,-20.891863216351158
835929,4623764,-20.894891701579816
835929,7294736,-20.89518737923476
835929,1869965,-20.900248061856196
835929,14747,-20.910425892223053
835929,8522000,-20.927220551473297
835929,5152835,-20.931560478955085
835929,2851057,-20.98578630911648
835929,4633097,-21.005691186404533
835929,6147505,-21.01002529312935
835929,1459391,-21.01613692833523
835929,5603022,-21.01613692833523
835929,4317210,-21.03107006215615
835929,5146729,-21.046517452526675
835929,1459392,-21.047086097978806
835929,4633102,-21.047086097978806
835929,4692086,-21.06223838263333
835929,5102513,-21.06733787634123
835929,1459393,-21.072634704604898
835929,3205501,-21.084346461459873
835929,1459390,-21.097847955298896
835929,8794037,-21.106061426253863
835929,265343,-21.12113976208738
835929,446116,-21.12877108358311
835929,4923996,-21.133714229958404
835929,1582618,-21.153271807483414
835929,4569639,-21.158049509078708
835929,3018495,-21.165091682232056
835929,3661145,-21.17979718998389
835929,6479285,-21.19917405042962
835929,1713462,-21.205001741179384
835929,1959638,-21.206024957668028
835929,8319701,-21.226791759679855
835929,4692085,-21.239102984345394
835929,5301437,-21.260851303275953
835929,3908322,-21.266502190556572
835929,6196266,-21.272050767950347
835929,6868822,-21.28177270299555
1063750,7778351,-57.6344103912056
1063750,2868845,-63.321649788623
1063750,6436703,-66.37253341842307
1063750,7412324,-68.10039820512229
1063750,2197526,-68.10410133824142
1063750,4844353,-68.65990192550385
1063750,7494554,-69.8673258307211
1063750,4164404,-70.5336296867984
1063750,4788299,-70.56620449700054
1063750,8378776,-71.0246883741714
1063750,8689799,-71.72101121752799
1063750,8093228,-71.81483882427433
1063750,292720,-71.83939060928734
1063750,8689678,-71.88945126933486
1063750,8093226,-71.92634824927724
1063750,2737817,-71.95753302661866
1063750,7466281,-72.0200638510939
1063750,7493867,-72.05913527426151
1063750,6796352,-72.16492015318391
1063750,292715,-72.32584678075682
1063750,7614194,-72.43348036326967
1063750,1599437,-72.43939693816233
1063750,5511493,-72.45884541022377
1063750,4318010,-72.48400749934021
1063750,7244922,-72.53721897769763
1063750,6666451,-72.62031708145938
1063750,5307035,-72.75218761663464
1063750,4571935,-72.8848563466445
1063750,4619815,-72.92019842767196
1063750,4619817,-72.92308281341164
1063750,5061526,-72.93492641968422
1063750,4035182,-73.02608762837797
1063750,4571931,-73.03069495496439
1063750,6992949,-73.03658778540947
1063750,4995802,-73.06377603376413
1063750,5216534,-73.09440504607564
1063750,7412330,-73.17355705638283
1063750,5123011,-73.22578082780447
1063750,6312813,-73.27416342845896
1063750,1126299,-73.31631933353898
1063750,7466280,-73.35929877239927
1063750,319068,-73.36363717175519
1063750,3140339,-73.52689096936376
1063750,5659951,-73.53016147034722
1063750,2997653,-73.58098950828446
1063750,2197527,-73.60019006843483
1063750,6796349,-73.62856273819385
1063750,4096516,-73.63502012077068
1063750,2877339,-73.67862840603756
1063750,5435715,-73.77680634085314
1063750,7245668,-73.87610376719518
1063750,5435721,-73.89445616906781
1063750,4513925,-74.02776430959271
1063750,8255728,-74.16894501512469
1063750,8255729,-74.16894501512469
1063750,3057055,-74.17374531444408
1063750,7783007,-74.28057944904238
1063750,3051624,-74.3311807166548
1063750,7409961,-74.3543566506477
1063750,5351267,-74.43002567722695
1063750,2250780,-74.45348027753431
1063750,4788296,-74.48148108364185
1063750,1449750,-74.49056900844107
1063750,8048329,-74.50532172356696
1063750,5489025,-74.51314552868493
1063750,7681486,-74.51314552868493
1063750,7560580,-74.61504489922909
1063750,7681483,-74.64522491881561
1063750,3422510,-74.6681655113507
1063750,3045442,-74.68300903729525
1063750,2516,-74.6852826600332
1063750,3458466,-74.69892776727457
1063750,7952971,-74.7486091543852
1063750,7571426,-74.82773193764606
1063750,5236487,-74.88426299403123
1063750,5539843,-74.90475570216158
1063750,2910001,-74.9062227074655
1063750,3458470,-74.91432937794184
1063750,5287970,-75.00610998542598
1063750,7494559,-75.08192363856296
1063750,393492,-75.09504446510265
1063750,4164408,-75.10778065469341
1063750,4025363,-75.12772420452445
1063750,3051625,-75.21051524570746
1063750,2918634,-75.21245181308119
1063750,6407369,-75.2165547282827
1063750,4329899,-75.26525039487908
1063750,2992036,-75.26536087995841
1063750,4624283,-75.29925534637862
1063750,2918632,-75.32269031185815
1063750,3462045,-75.33076391501243
1063750,4624284,-75.39925704711096
1063750,1599444,-75.40305837818401
1063750,7218365,-75.40470648956845
1063750,6093904,-75.40854192468018
1063750,45598,-75.50798857090246
1063750,5746663,-75.50919798326406
1063750,4762567,-75.51282888955899
1063750,7937217,-75.53873053138608
1063750,5854012,-75.57000261652378
1104031,298431,-37.02080105587529
1104031,618181,-37.266974325209326
1104031,6281227,-37.33522576263293
1104031,5914995,-37.92061051822617
1104031,3669990,-38.33597089792758
1104031,4542010,-39.312406863157754
1104031,2072997,-39.49250846489254
1104031,5704149,-39.49543559620918
1104031,4137848,-39.56843090482357
1104031,6243959,-39.585973413273855
1104031,2073003,-39.5899798433866
1104031,2759527,-40.154634166383616
1104031,8217771,-40.185925782877284
1104031,6243964,-40.26980604069344
1104031,5067618,-40.30061502749394
1104031,3747645,-40.41853057953532
1104031,8117753,-40.44815593877594
1104031,361219,-40.60688319553443
1104031,4793445,-40.607227442705906
1104031,4299357,-40.813541064723545
1104031,6441091,-40.88045923189759
1104031,1850513,-40.92425834177548
1104031,7671495,-40.97369795076865
1104031,3934678,-41.013048559989066
1104031,3654678,-41.12614751491945
1104031,4473010,-41.1425738928345
1104031,7248416,-41.25655144514076
1104031,4418249,-41.26609349990572
1104031,6367776,-41.3900862576362
1104031,3225393,-41.3900862576362
1104031,8442529,-41.528685939589465
1104031,3875610,-41.57138526281311
1104031,6686825,-41.62283896192122
1104031,4083084,-41.62529898236019
1104031,6317703,-41.625466715987685
1104031,630818,-41.64307328298883
1104031,1120263,-41.70252048777438
1104031,630823,-41.71804544637982
1104031,5182641,-41.81182173805862
1104031,1340388,-41.936640209456016
1104031,4718120,-42.072504411212776
1104031,6531310,-42.157563950200334
1104031,758384,-42.22164318787136
1104031,1665280,-42.25094366030928
1104031,2722170,-42.259994451698574
1104031,5662894,-42.264230003280176
1104031,6454883,-42.279329351547375
1104031,3739366,-42.286959420945884
1104031,7579783,-42.37784650338918
1104031,702118,-42.38980859959248
1104031,2304492,-42.39221550972546
1104031,1893871,-42.41596482301126
1104031,1660830,-42.42040647983645
1104031,5885356,-42.43025754795408
1104031,8631011,-42.475748003964206
1104031,6941360,-42.48713324277347
1104031,7108118,-42.500666078018455
1104031,3509362,-42.50942458126092
1104031,7563100,-42.5966050224976
1104031,1805106,-42.60301835414293
1104031,6549925,-42.716198210799405
1104031,5270039,-42.75964900594642
1104031,8181569,-42.76983952597608
1104031,6576368,-42.77611585517016
1104031,3624385,-42.82453391385331
1104031,4542008,-42.82615700561607
1104031,7184804,-42.846077894236
1104031,8131896,-42.94173695509499
1104031,2884876,-43.09314916888602
1104031,7986564,-43.11297288793583
1104031,8382214,-43.139606947247884
1104031,4135740,-43.13970283785272
1104031,2688912,-43.15866394123623
1104031,8130863,-43.16882058961188
1104031,2369676,-43.24920100725125
1104031,4419509,-43.25441586723501
1104031,8479329,-43.28356597442468
1104031,3089563,-43.289330367906636
1104031,1100358,-43.375053529613865
1104031,6651466,-43.37673262325404
1104031,3501058,-43.423390774481696
1104031,4997514,-43.44754298044004
1104031,1328543,-43.44871555575767
1104031,8147023,-43.4974386606717
1104031,5580363,-43.50574543710205
1104031,3416274,-43.52912445141916
1104031,8031859,-43.539991902851206
1104031,3122643,-43.542553587113844
1104031,4592470,-43.542553587113844
1104031,3122649,-43.542553587113844
1104031,6532890,-43.55926868101712
1104031,8553724,-43.594224639449976
1104031,6243957,-43.60426764075861
1104031,2072999,-43.64802998871013
1104031,818611,-43.648031409616905
1104031,2304484,-43.67336663772047
1104031,8132781,-43.711469909825574
1104031,6861530,-43.725891132754505
1104031,4752956,-43.726200019660794
1104031,2835686,-43.73063016002005
398483,440729,-16.623649746780988
398483,487271,-19.215675468956817
398483,144324,-20.664572451364464
398483,1708541,-20.859191711478054
398483,1999513,-20.90094977626872
398483,6993450,-20.98428612388009
398483,3895937,-21.04132131160327
398483,8006894,-21.132449031061853
398483,85970,-21.262190134074466
398483,7432724,-21.41774301017564
398483,7151973,-21.420881515949002
398483,8432102,-21.467255233213066
398483,8314661,-21.47471149406045
398483,3806032,-21.509691748946818
398483,7326593,-21.588902258131537
398483,7942830,-21.627926957912994
398483,1645469,-21.775729408953616
398483,1649488,-21.790766876421387
398483,7151978,-21.817245126525926
398483,6156344,-21.831684116411626
398483,8416582,-21.918874860493666
398483,3616281,-21.991998294034715
398483,8599353,-22.11636064231484
398483,1102644,-22.19717147158492
398483,1689178,-22.402265954203656
398483,256645,-22.45348235473992
398483,8416583,-22.63167127387438
398483,7432717,-22.707874946428426
398483,6245616,-22.79085149205801
398483,7432718,-22.824671565197477
398483,8151260,-22.84970552756031
398483,1075462,-22.8580621525639
398483,7705909,-22.872503490706475
398483,3772149,-22.915828216403554
398483,1427500,-23.04021772351733
398483,2376089,-23.112912412430685
398483,8151255,-23.238822952988485
398483,4061845,-23.239987065737328
398483,4915984,-23.2662665645707
398483,5214726,-23.30998284669946
398483,4123594,-23.335035106715118
398483,287005,-23.396007667583312
398483,8747940,-23.441855935102367
398483,7957026,-23.514386460155322
398483,3148725,-23.553403382146854
398483,7432719,-23.627869248672184
398483,15854,-24.011033219041302
398483,7217176,-24.12687606856209
398483,1126181,-24.193756609411025
398483,1354596,-24.200899367997
398483,4662729,-24.27152427769432
398483,5747185,-24.437000351282286
398483,7751969,-24.52791335559251
398483,487269,-24.741133041699765
398483,7771244,-24.748576750145048
398483,5832644,-24.841604198802116
398483,7673789,-24.889346488139115
398483,763420,-24.93251720311234
398483,1259721,-24.990083072443774
398483,2312866,-24.996310949573335
398483,2454539,-25.015160219407292
398483,1306065,-25.02286605929487
398483,2172138,-25.02286605929487
398483,257012,-25.03332602932373
398483,735350,-25.056902950498067
398483,3678885,-25.152412024881293
398483,7673790,-25.152412024881293
398483,5631974,-25.152412024881293
398483,3145412,-25.192866227350883
398483,1075457,-25.233946124395022
398483,5208161,-25.24150975325078
398483,2577674,-25.268125622619927
398483,1373717,-25.27375471561511
398483,257010,-25.28045358065615
398483,7673792,-25.291154256832854
398483,4204445,-25.29958854627755
398483,8257728,-25.31784163886607
398483,2997678,-25.336352477848585
398483,755515,-25.34390199585996
398483,1983559,-25.34390199585996
398483,2102533,-25.35783806148708
398483,1472132,-25.38255449627787
398483,7771241,-25.38290990472499
398483,3543367,-25.386980329934282
398483,54845,-25.39180676004682
398483,7029125,-25.425245024987426
398483,635618,-25.43159753152819
398483,8030174,-25.435021420391216
398483,764366,-25.437774367295034
398483,42181,-25.4435171248074
398483,1929770,-25.458077498690066
398483,8343045,-25.46896130711619
398483,580325,-25.477862977320864
398483,2718139,-25.478849198233842
398483,7751968,-25.48582547346161
398483,994686,-25.485928749687595
398483,1509223,-25.5032197256741
398483,1126175,-25.521483992573607
398483,8620735,-25.528617973159538
398483,3145411,-25.531292496448486
432930,8410596,-34.58597632975089
432930,8410598,-37.48675312851288
432930,8410594,-39.982835787712375
432930,8410597,-41.00704909496638
432930,1490007,-43.34774574108908
432930,8410593,-43.5472717671723
432930,8410602,-43.8590049046426
432930,4831142,-43.96557126920516
432930,6453553,-44.244719295738534
432930,4397480,-44.51785712663178
432930,6324322,-44.62961541345644
432930,6931449,-44.87794496519782
432930,513224,-45.09563560095785
432930,1313926,-45.121013149122945
432930,1010715,-45.32780779354683
432930,6931446,-45.41501363339114
432930,3888377,-45.440112131841204
432930,2628169,-45.46183747348502
432930,565816,-45.47013882103457
432930,3994940,-45.57325016647619
432930,7427095,-45.614261405647405
432930,5584201,-45.6781856760012
432930,7427093,-45.68104606612336
432930,838840,-45.75532371046312
432930,1490014,-45.76481244120354
432930,7858685,-45.827391966462685
432930,7600381,-45.877926713489515
432930,2155962,-45.89419869151101
432930,2662960,-45.94228769024052
432930,5784992,-45.95696377185348
432930,5632599,-45.98699610675052
432930,6931444,-46.060655201258285
432930,5063425,-46.13387043503423
432930,7546502,-46.215570989747135
432930,6512240,-46.21917913062513
432930,8373891,-46.21917913062513
432930,4397479,-46.39346855282485
432930,6931442,-46.552166162983525
432930,5784993,-46.57789961523605
432930,6579648,-46.59500582764276
432930,5784989,-46.89881941681671
432930,3978566,-46.89881941681671
432930,904490,-47.02634748914216
432930,6641740,-47.15026219666893
432930,5116899,-47.17884412995087
432930,2863760,-47.20043829376
432930,1313927,-47.30593866767697
432930,7142943,-47.388975006179095
432930,2745678,-47.38901909543003
432930,8567622,-47.63466914754318
432930,3058399,-47.63466914754318
432930,3789040,-47.65502419204986
432930,297733,-47.697304675134625
432930,965239,-47.71626021822679
432930,3889512,-47.83523085541543
432930,7937846,-47.85055131007971
432930,1266271,-47.87600586926749
432930,6385778,-47.89739765761409
432930,4738342,-47.944717610141616
432930,1313925,-47.980050441235036
432930,4759862,-48.01192535484621
432930,6400008,-48.036767918104765
432930,3978563,-48.1006019504374
432930,8499842,-48.116424287530094
432930,829383,-48.13088743010914
432930,829389,-48.13088743010914
432930,5304659,-48.135377751683414
432930,7600379,-48.17810865386268
432930,3946503,-48.17920346131036
432930,3889515,-48.248066227095656
432930,1304488,-48.27000422325171
432930,2628168,-48.28950654488108
432930,1952842,-48.30555115532719
432930,665835,-48.33473685402907
432930,6931451,-48.37244354813424
432930,4003916,-48.3767935286055
432930,8525698,-48.44431237435592
432930,3963111,-48.44636258301402
432930,419950,-48.49174644754784
432930,3558,-48.56137686390292
432930,8303204,-48.57158201702964
432930,7646202,-48.61700331341466
432930,5527022,-48.622597781335536
432930,4760429,-48.62681458899294
432930,4760430,-48.62681458899294
432930,3308877,-48.63388474841746
432930,5751182,-48.64886663405392
432930,8005642,-48.65577142626953
432930,1023434,-48.6610129256241
432930,919556,-48.6763424444332
432930,5589303,-48.7131935689301
432930,7087105,-48.78236888417807
432930,294516,-48.844172355918104
432930,5632595,-48.87236367382262
432930,6741395,-48.88664821734725
432930,971115,-48.89398433967307
432930,388231,-48.9087870500519
432930,4738344,-48.917262129609746
432930,4197964,-48.923596530835766
432930,5808592,-48.95557696817567
478605,1258970,-18.038537040473432
478605,8404583,-18.073632853993228
478605,3736269,-18.154443683263306
478605,8755204,-18.21864480228704
478605,6934178,-18.410399344260544
478605,8404578,-18.52319425227585
478605,8404582,-18.60653059988722
478605,8755202,-18.66001078431608
478605,1258973,-18.726466421939506
478605,908951,-18.775735313554424
478605,799698,-18.864311998040197
478605,8623486,-18.908880735579437
478605,8700959,-18.911581538204704
478605,8700952,-18.950990723976748
478605,8755198,-18.985073515462215
478605,8700954,-18.99001542375821
478605,8623491,-19.02119485065332
478605,8623492,-19.176827492377384
478605,3338618,-19.190976028140135
478605,1088842,-19.29237965724108
478605,190356,-19.448195836833072
478605,7831816,-19.496681278962452
478605,597741,-19.510120602736393
478605,8623489,-19.512040036092266
478605,8623488,-19.51386886684834
478605,3807168,-19.576221422234394
478605,3338619,-19.67047658847245
478605,597739,-19.680359060411575
478605,4352333,-19.724757516507978
478605,6010351,-19.731839875187188
478605,2570861,-19.747402036184
478605,5046904,-19.794228976167584
478605,6437185,-19.810200922862236
478605,3736270,-19.949039500122627
478605,4582171,-19.961882247458774
478605,8404577,-20.060533148447337
478605,936023,-20.060891907603505
478605,1963257,-20.061061502206776
478605,7417384,-20.120162761789594
478605,1881301,-20.163463315787144
478605,1922480,-20.21669414393084
478605,815826,-20.28152760668209
478605,2542272,-20.303559989472518
478605,2738002,-20.310816133571617
478605,3461665,-20.342584689253975
478605,395813,-20.342584689253975
478605,4932295,-20.345324810387815
478605,2504071,-20.360234800694606
478605,2542273,-20.38123233290092
478605,2349342,-20.46217389320677
478605,2542279,-20.56538293965757
478605,7417381,-20.666606077637603
478605,3523530,-20.666606077637603
478605,2146431,-20.70267460347061
478605,6010360,-20.70409255696038
478605,7959720,-20.79227086257112
478605,1920073,-20.79227086257112
478605,7959719,-20.821837742004007
478605,637559,-20.833296863239873
478605,2346775,-20.833296863239873
478605,1920076,-20.873906349095947
478605,1589743,-20.91410769250995
478605,1616075,-21.03880279473621
478605,1269301,-21.10926834918768
478605,3807171,-21.116144916207332
478605,7755679,-21.14609068018153
478605,6765,-21.16177666184032
478605,7913868,-21.174391652886616
478605,4352330,-21.18474228640521
478605,1358470,-21.237848832972468
478605,6755914,-21.25881847747416
478605,718326,-21.275831783194146
478605,613988,-21.323864486637838
478605,936024,-21.36958022977793
478605,936030,-21.36958022977793
478605,1843618,-21.410352465262786
478605,2146428,-21.440959709582486
478605,7959716,-21.473155462010585
478605,8059753,-21.489220746561884
478605,2504068,-21.54212268774861
478605,5527592,-21.55203470076307
478605,146764,-21.564156276230772
478605,8317217,-21.64339391968577
478605,2146432,-21.669688587064332
478605,1109280,-21.673255884983586
478605,2743667,-21.67658913094455
478605,3736272,-21.67788201300776
478605,3736274,-21.721302206407962
478605,146763,-21.745127514508766
478605,8404575,-21.756842791195027
478605,2146424,-21.780323090567524
478605,3807169,-21.78525814466746
478605,8699648,-21.840875122032248
478605,5378645,-21.85654784226744
478605,4932298,-21.872263518339352
478605,4406662,-21.87773634377637
478605,4636548,-21.912201784189293
478605,8700958,-21.944649718258365
478605,8557801,-22.08010919609446
478605,2146430,-22.11185608466363
1044797,3385499,-12.588581460751897
1044797,2118256,-12.900148405515317
1044797,8145811,-12.935179004643434
1044797,1784714,-13.038915203110497
1044797,4727401,-13.06544951114477
1044797,2488910,-13.171690428137813
1044797,7652338,-13.581000281924748
1044797,1795106,-14.122262537678822
1044797,8679694,-14.278223773228813
1044797,1795108,-14.383147467769772
1044797,5148739,-14.431815246384513
1044797,1795101,-14.471839336641526
1044797,7357592,-14.681820085691978
1044797,4111252,-14.69428863042553
1044797,8679690,-14.827451908053279
1044797,8253958,-14.977483169777264
1044797,8243231,-15.069514386066771
1044797,8679696,-15.070853555617576
1044797,8679692,-15.120367316745028
1044797,2488906,-15.155049783948254
1044797,7493441,-15.155049783948254
1044797,6479724,-15.223234537180922
1044797,1795105,-15.228784756073843
1044797,4643997,-15.228784756073843
1044797,6340625,-15.510588524219779
1044797,5658896,-15.516759419446174
1044797,4001869,-15.556382631968816
1044797,3235003,-15.57859945148013
1044797,7244334,-15.624567385201484
1044797,931500,-15.65808728699586
1044797,8457794,-15.66151239267341
1044797,8145812,-15.691236795555614
1044797,8797344,-15.724024007152186
1044797,4001875,-15.724024007152186
1044797,5507366,-15.751705432027006
1044797,8425090,-15.756456755464834
1044797,8457797,-15.756456755464834
1044797,473632,-15.756456755464834
1044797,5446916,-15.78854262281508
1044797,8318264,-15.791974493023428
1044797,1936981,-16.096031975804287
1044797,8679693,-16.167463921885446
1044797,1546577,-16.237234508378247
1044797,6834926,-16.237234508378247
1044797,5507363,-16.237234508378247
1044797,4666654,-16.25347696207862
1044797,4977786,-16.27315268400856
1044797,6834921,-16.305419261610915
1044797,4886156,-16.324145413114273
1044797,8778788,-16.33893916340529
1044797,2525714,-16.33893916340529
1044797,4749216,-16.33893916340529
1044797,4841899,-16.33893916340529
1044797,1506697,-16.372088671965045
1044797,1112823,-16.372088671965045
1044797,3408873,-16.38291739758796
1044797,3331652,-16.38291739758796
1044797,8683724,-16.393454661094818
1044797,3235002,-16.404875883561616
1044797,835748,-16.404875883561616
1044797,2022478,-16.404875883561616
1044797,1565593,-16.405731195743613
1044797,6760610,-16.450844827837237
1044797,1546573,-16.469394499224506
1044797,7492013,-16.469394499224506
1044797,7163808,-16.532554726818002
1044797,5754707,-16.532554726818002
1044797,748542,-16.543357469145832
1044797,7357589,-16.563643087924643
1044797,569649,-16.563643087924643
1044797,7578414,-16.64359948791197
1044797,3235004,-16.65502071037877
1044797,3213595,-16.71442859226731
1044797,5671358,-16.71442859226731
1044797,4165711,-16.73809548909008
1044797,1784713,-16.801391202887068
1044797,6668843,-16.81044924169585
1044797,5671355,-17.535088610277377
1044797,701563,-18.66324991289923
1044797,6778259,-19.28058725122844
1044797,410048,-19.29881741854273
1044797,798246,-19.47694961228825
1044797,1669810,-19.61639852000185
1044797,481283,-19.71926574043775
1044797,1669805,-19.724503249938518
1044797,5544856,-19.734389654897157
1044797,7984684,-19.759123894411587
1044797,8748727,-19.83401972412891
1044797,7984682,-19.91498730604295
1044797,380427,-19.977489566751476
1044797,380430,-19.977489566751476
1044797,1170460,-19.98305263431446
1044797,3895621,-20.03839516360962
1044797,7035090,-20.071544672169377
1044797,1970180,-20.072688314961333
1044797,7652339,-20.14884067033961
1044797,4737599,-20.160873275494577
1044797,847206,-20.200596827420448
1044797,1861102,-20.384327703142603
1044797,1740042,-20.384327703142603
1124464,3796062,-10.790205842779095
1124464,8024101,-10.798728167672474
1124464,3796061,-10.891825947555503
1124464,8024103,-10.93741300069644
1124464,8024110,-11.100975141334022
1124464,8024106,-11.118178608879823
1124464,8024105,-11.720116544987206
1124464,8024102,-12.050119230630191
1124464,4751320,-13.886146564485863
1124464,8024104,-13.936246787406558
1124464,5093164,-14.197495058501476
1124464,855587,-14.215286009924707
1124464,1553683,-14.249046639229284
1124464,6583298,-14.256075992581334
1124464,6442352,-14.261771064132553
1124464,4135217,-14.431744160148604
1124464,6442351,-14.475373842685379
1124464,6442360,-14.475373842685379
1124464,5591681,-14.487211444218655
1124464,3166715,-14.489148782655015
1124464,4141773,-14.500712714822699
1124464,1773679,-14.50784063410514
1124464,5093165,-14.50914845334738
1124464,5157556,-14.520106592172013
1124464,2637864,-14.523302530145791
1124464,308401,-14.5671044834971
1124464,5213992,-14.573950467280305
1124464,7699123,-14.582223167974142
1124464,538633,-14.623370899410077
1124464,6442355,-14.633952467400315
1124464,3796066,-14.653346505130799
1124464,918912,-14.677738049406482
1124464,5093160,-14.696959411146771
1124464,5093163,-14.722461429164426
1124464,76480,-14.724484415222989
1124464,7747246,-14.725154133662317
1124464,7253287,-14.733812818778226
1124464,5128378,-14.73746790760883
1124464,3181407,-14.73928016152325
1124464,10983,-14.73928016152325
1124464,441959,-14.752047933857483
1124464,5591678,-14.758186026040391
1124464,5093156,-14.766181829538548
1124464,2047914,-14.768197163918545
1124464,7445933,-14.76949004167287
1124464,6442356,-14.780484165721113
1124464,2371705,-14.78162900013507
1124464,7747240,-14.793338886894986
1124464,5292067,-14.797754053247578
1124464,2164054,-14.797754053247578
1124464,5157555,-14.797754053247578
1124464,4060954,-14.808385166581957
1124464,6229047,-14.80865338677063
1124464,2854957,-14.815831047372427
1124464,7253292,-14.8240950287714
1124464,5157554,-14.82685878868936
1124464,5591684,-14.82685878868936
1124464,8024108,-14.82685878868936
1124464,5198720,-14.832551922733344
1124464,8829851,-14.837705399171528
1124464,7253288,-14.844493948289122
1124464,7374874,-14.85475411572609
1124464,487707,-14.856008310818885
1124464,7293963,-14.863009037125398
1124464,5093157,-14.871455788972357
1124464,5093158,-14.871455788972357
1124464,7445931,-14.881304226064564
1124464,7374875,-14.881304226064564
1124464,2638595,-14.887805622092221
1124464,5406620,-14.892795508845687
1124464,8445442,-14.899970899149672
1124464,8559062,-14.905999173060742
1124464,7084158,-14.90930143882305
1124464,1593567,-14.918893983198862
1124464,8762949,-14.923011037245407
1124464,8762955,-14.923011037245407
1124464,5093159,-14.926662957274964
1124464,1593566,-14.941322116780483
1124464,6357298,-14.946340506307429
1124464,8715580,-14.949596894371513
1124464,1193663,-14.955426418934879
1124464,8074814,-14.957314124508578
1124464,5397650,-14.961259723889842
1124464,1502536,-14.965246219572172
1124464,6357294,-14.979860408101803
1124464,10981,-14.980120598092483
1124464,1302392,-14.980120598092483
1124464,538639,-14.980685255478154
1124464,7156537,-14.985264607924119
1124464,8024109,-14.989060452500189
1124464,7084162,-15.002261976765578
1124464,4350559,-15.010168689734948
1124464,5591906,-15.010822184145747
1124464,1664811,-15.01145475597972
1124464,6580118,-15.01145475597972
1124464,7013692,-15.01145475597972
1124464,8829852,-15.01145475597972
1124464,5093162,-15.017499572329072
1124464,7510751,-15.020474352102074
1124464,855584,-15.020474352102074
1107988,1694164,-29.579397292408594
1107988,5734199,-30.253146787892852
1107988,1849447,-30.43292339130121
1107988,1649894,-30.479355195085468
1107988,1594479,-30.50205459351661
1107988,480838,-30.503182966296265
1107988,1069963,-30.629481003305592
1107988,2290470,-30.634418232015364
1107988,7483091,-30.65968924778543
1107988,5805019,-30.69241660846341
1107988,689436,-30.71237654176181
1107988,7223484,-30.729307973066188
1107988,678973,-30.80902136096962
1107988,7659117,-30.86247483599888
1107988,398509,-30.924342658014623
1107988,3912131,-30.927484358563373
1107988,3145533,-30.961669417696033
1107988,2094021,-30.97668115392008
1107988,1448149,-31.044168611148876
1107988,8181274,-31.11916636876304
1107988,8181272,-31.139800156549963
1107988,1648095,-31.165940954914667
1107988,797601,-31.167237893688423
1107988,5161604,-31.20618684230904
1107988,480837,-31.208035742329876
1107988,398510,-31.208035742329876
1107988,5445091,-31.213855586826806
1107988,1964655,-31.244074955239483
1107988,7821730,-31.252080726056363
1107988,1132178,-31.28960005669108
1107988,5990645,-31.345711085939136
1107988,462166,-31.358310100791634
1107988,1861630,-31.401808133533997
1107988,8448983,-31.481457210728514
1107988,1477351,-31.49599073365991
1107988,6888290,-31.51951119450967
1107988,1590606,-31.577691993344327
1107988,994302,-31.589259538970108
1107988,4161477,-31.64253730556856
1107988,5570914,-31.666898080276255
1107988,6437903,-31.676075295732467
1107988,6572174,-31.72315516949736
1107988,6978231,-31.72315587185475
1107988,3835024,-31.744797989416888
1107988,5734202,-31.74869411711879
1107988,6883482,-31.76131139888714
1107988,4462373,-31.76315561632242
1107988,3706099,-31.775697958021787
1107988,6978226,-31.776673433067565
1107988,1241580,-31.78652017942438
1107988,747104,-31.807871293227507
1107988,5734196,-31.81023311812193
1107988,8446555,-31.883159616562438
1107988,7131248,-31.887445485722672
1107988,2822074,-31.906564734298005
1107988,3164936,-31.942273395220504
1107988,7131249,-31.945982535394858
1107988,6433016,-31.98953587778938
1107988,3355408,-31.996457236590096
1107988,3722602,-32.0336856533235
1107988,2248220,-32.03535497859156
1107988,1978994,-32.04578479741397
1107988,6358343,-32.05203526728618
1107988,6228255,-32.05721768183052
1107988,5831355,-32.059479470951395
1107988,6300870,-32.08616166713047
1107988,3941830,-32.08946271128376
1107988,6678610,-32.095355572552194
1107988,4171850,-32.103951358717374
1107988,1593370,-32.11482953950308
1107988,8795289,-32.14313570754447
1107988,1809915,-32.16944607139059
1107988,8313078,-32.183881717856835
1107988,5288305,-32.196635001584795
1107988,6651489,-32.20627959243178
1107988,1549236,-32.2118640876948
1107988,3525805,-32.23485551265826
1107988,2656192,-32.238261270931204
1107988,585735,-32.30312676755649
1107988,431931,-32.30621533578592
1107988,7131251,-32.30621533578592
1107988,5282478,-32.32750079783764
1107988,4237779,-32.33264496401378
1107988,2262968,-32.35912907116747
1107988,3911991,-32.35912907116747
1107988,3087184,-32.37393339251124
1107988,4458553,-32.40232532023878
1107988,3875608,-32.40464836360666
1107988,986930,-32.4263240037259
1107988,5562936,-32.43763819998708
1107988,2844677,-32.44729184967579
1107988,1688320,-32.4810484349523
1107988,1963595,-32.49793837142228
1107988,2296369,-32.516884033020006
1107988,735264,-32.53465998517109
1107988,4123322,-32.53465998517109
1107988,2955268,-32.560564997414545
1107988,5443790,-32.563015669282734
1107988,2819051,-32.571820709968264
1107988,4648918,-32.577694756994546
130510,8612903,-13.421250434791544
130510,7125239,-14.075957394497458
130510,1494936,-14.273697519288028
130510,7501563,-14.42448302363069
130510,1494935,-14.485057109775067
130510,996732,-14.797840140748294
130510,996740,-14.85719611133072
130510,8612906,-14.987651447149936
130510,799647,-15.050811674743434
130510,1110766,-15.261954065028833
130510,1494938,-15.378338443436586
130510,1494932,-15.459208197717173
130510,8612909,-15.523956998477917
130510,1494930,-15.608665524875383
130510,3995677,-15.71201534876726
130510,7501557,-15.80528710997735
130510,6763277,-15.835744224369407
130510,6486232,-15.895746224489413
130510,6183638,-15.895746224489413
130510,8612910,-15.919264831371287
130510,6035035,-15.984841146853585
130510,7203252,-15.992439190743765
130510,8612902,-16.063871136824922
130510,2862522,-16.20182647655039
130510,6815300,-16.20182647655039
130510,2079377,-16.26849588690452
130510,8612904,-16.301283098501095
130510,4189500,-16.38543532472715
130510,4022904,-16.389672982628692
130510,1159414,-16.397548042155595
130510,1494939,-16.397548042155595
130510,1494933,-16.42896194175748
130510,8514425,-16.42896194175748
130510,2079375,-16.49081980336569
130510,2862515,-16.521276917757742
130510,6621100,-16.58127891787775
130510,1494931,-16.64590314509501
130510,4022909,-16.65736638381252
130510,7479905,-16.69779841782654
130510,3163980,-16.864507971290973
130510,2862518,-16.891413981239253
130510,7501558,-17.047971240750964
130510,4022902,-17.686737232478983
130510,5685711,-17.746491799876722
130510,4022905,-17.74775628519035
130510,8095118,-17.942629974014665
130510,4089773,-17.960453429777722
130510,440983,-18.752026413015138
130510,1047769,-18.759351775849453
130510,7777480,-18.829947699292052
130510,7777478,-18.829947699292052
130510,425596,-18.904025537063166
130510,566525,-18.962829449499406
130510,5791683,-18.998977081329556
130510,7001679,-19.053956990354198
130510,2881563,-19.059094393153906
130510,7298861,-19.115878238705026
130510,7001677,-19.117117217947694
130510,7696346,-19.12186884507757
130510,5415276,-19.137970560495162
130510,7207412,-19.153717650240655
130510,6294918,-19.232861705738692
130510,7298862,-19.24282526887606
130510,7708723,-19.265238557840167
130510,1063368,-19.27012926573436
130510,5736989,-19.29547630479229
130510,7769643,-19.29547630479229
130510,1959381,-19.38639235327828
130510,464597,-19.38639235327828
130510,1262134,-19.408000730780557
130510,6985844,-19.408000730780557
130510,870494,-19.414735571187997
130510,3913778,-19.415007544327775
130510,3491084,-19.47463400889716
130510,7603931,-19.48818190370025
130510,1766823,-19.51780022125346
130510,8335524,-19.518792245151666
130510,4957920,-19.518792245151666
130510,8335526,-19.518792245151666
130510,1993575,-19.552690910913466
130510,4089767,-19.552690910913466
130510,2961568,-19.560354126229328
130510,2961569,-19.560354126229328
130510,2490152,-19.58280076946449
130510,6881821,-19.585171489808754
130510,1382445,-19.602312852153545
130510,6172269,-19.63016836644031
130510,6447652,-19.643692818550555
130510,2407055,-19.66002896097147
130510,783665,-19.669763380084248
130510,8094068,-19.669763380084248
130510,7716745,-19.684509774717892
130510,4668907,-19.684509774717892
130510,1993576,-19.684509774717892
130510,1063364,-19.70235429865613
130510,5691354,-19.70740381639229
130510,5424630,-19.716666148527057
130510,3963896,-19.72477883571431
130510,2490150,-19.731089091301254
130510,6996952,-19.748412476518666
1127893,8698940,-17.701399846756356
1127893,8698945,-18.310076494749737
1127893,8698941,-26.32385994167874
1127893,8698946,-26.369238132932317
1127893,8698938,-26.463984914726097
1127893,6497775,-28.255812957449432
1127893,8698942,-29.009287114805392
1127893,8698944,-31.31213718368888
1127893,8698939,-31.875602427195457
1127893,1816373,-32.403141891651714
1127893,5357945,-32.699221923026954
1127893,3003195,-32.699221923026954
1127893,8518448,-32.862355351629425
1127893,76632,-32.939555176777084
1127893,6788279,-33.19993807267113
1127893,2773885,-33.56076614432378
1127893,3711749,-33.56389183986954
1127893,1073903,-33.72682118460989
1127893,7691065,-33.740764322339295
1127893,8039150,-33.745676643899465
1127893,6497777,-33.79607140625547
1127893,6366578,-33.80794019632117
1127893,7691064,-33.82848587059384
1127893,6788282,-33.85779523831669
1127893,787350,-33.894385216844654
1127893,5244189,-33.916894783552166
1127893,7373725,-34.12040850404948
1127893,5244192,-34.129170132283505
1127893,916744,-34.12930474692933
1127893,628367,-34.15983826425302
1127893,783365,-34.23066330139636
1127893,8698943,-34.24870952740312
1127893,6497780,-34.32488215111831
1127893,787357,-34.36143057452156
1127893,787354,-34.39622133399734
1127893,8068740,-34.41461426489152
1127893,1073899,-34.422385196923486
1127893,8222143,-34.443101109737334
1127893,8068735,-34.77178531173531
1127893,181997,-34.790107436943664
1127893,7035417,-34.820094866293985
1127893,8456326,-35.007532996642354
1127893,8008456,-35.007532996642354
1127893,4695787,-35.100982898680925
1127893,7738728,-35.100982898680925
1127893,628365,-35.14653993631576
1127893,8456303,-35.16901115895982
1127893,787351,-35.18894279560193
1127893,4398925,-35.21589647864519
1127893,6497774,-35.23872823890419
1127893,8692841,-35.24305474978949
1127893,5842882,-35.280074484282196
1127893,6167825,-35.280357726769196
1127893,2116165,-35.30235239437062
1127893,5994107,-35.30258405098971
1127893,1073900,-35.31230097290027
1127893,787359,-35.332210646726345
1127893,575531,-35.36666166949863
1127893,7379917,-35.36771280220739
1127893,5994105,-35.413699734913266
1127893,1073898,-35.42298707866177
1127893,575533,-35.43222982638693
1127893,8456302,-35.45031692572887
1127893,7497291,-35.46470402644052
1127893,1073904,-35.4717679533886
1127893,6366572,-35.47274254565777
1127893,5994102,-35.484707738205195
1127893,1742583,-35.52239966809529
1127893,628363,-35.52509904499424
1127893,4366367,-35.560860836079954
1127893,2908384,-35.577093098570835
1127893,3358579,-35.642184279398194
1127893,1867094,-35.681143159668196
1127893,3560027,-35.77690519205584
1127893,7209380,-35.784313969489936
1127893,7633985,-35.80276968715554
1127893,7633986,-35.80276968715554
1127893,7877828,-35.809833614103624
1127893,289430,-35.86194197539055
1127893,2116163,-35.86194197539055
1127893,3358576,-35.874784357572665
1127893,7633987,-35.913611078142395
1127893,1869158,-35.92748610115459
1127893,3478392,-35.953737454132984
1127893,3702552,-35.978226286211886
1127893,5994109,-35.98426626875037
1127893,3358574,-35.987148636832956
1127893,3702555,-36.03536976533
1127893,783373,-36.08465649497823
1127893,3358583,-36.09704317042683
1127893,4998859,-36.17772147394062
1127893,2896028,-36.19271279124663
1127893,5244196,-36.194556948481065
1127893,8173494,-36.196401888509996
1127893,5308938,-36.223546374638545
1127893,5103326,-36.24075889586918
1127893,5626214,-36.275976086493046
1127893,7877836,-36.29301997698107
1127893,1135986,-36.31208850496793
1127893,8109831,-36.31874708565333
1135377,8053974,-11.903708665545214
1135377,8053973,-13.768318049347151
1135377,8053978,-16.299544920937986
1135377,8053977,-16.299544920937986
1135377,5674597,-18.878741802502596
1135377,6081149,-19.916471580048924
1135377,4451167,-20.22263188853826
1135377,8053972,-20.349283451304007
1135377,6081151,-20.411000108382453
1135377,24581,-20.490557005172565
1135377,6888417,-20.64824938390261
1135377,5674594,-20.99696014102596
1135377,762503,-21.037986141694713
1135377,7267011,-21.136660171106207
1135377,7445171,-21.31646572255527
1135377,5674598,-21.353005324819463
1135377,7402172,-21.443668473166056
1135377,6874787,-21.564280625848806
1135377,5674600,-21.60766750186179
1135377,5674601,-21.612897611170162
1135377,8352435,-21.64731244418083
1135377,8352437,-21.773154918678344
1135377,296056,-21.806320066047476
1135377,8053970,-21.853657896635486
1135377,6993085,-21.962626370162262
1135377,3939539,-21.992400128587047
1135377,2623431,-22.08229155199528
1135377,1029633,-22.11815932290923
1135377,8599513,-22.126490896741622
1135377,296055,-22.126490896741622
1135377,24584,-22.126490896741622
1135377,545635,-22.14702318166825
1135377,6740607,-22.14702318166825
1135377,8352440,-22.168185068927222
1135377,6608648,-22.213450843287244
1135377,2647414,-22.217973001564125
1135377,3931116,-22.252731989235365
1135377,6888421,-22.256231999754235
1135377,4603346,-22.256231999754235
1135377,8599509,-22.287388460913334
1135377,296060,-22.298560437076386
1135377,1903872,-22.328670646995164
1135377,8427967,-22.340445636545567
1135377,22844,-22.401817568424292
1135377,31783,-22.403060591319047
1135377,254353,-22.42292278535651
1135377,5395223,-22.42292278535651
1135377,2852804,-22.463532271212582
1135377,3560649,-22.463532271212582
1135377,8599511,-22.463532271212582
1135377,3754469,-22.498207774740536
1135377,6302867,-22.503733614626587
1135377,5674603,-22.503733614626587
1135377,6740604,-22.503733614626587
1135377,6993078,-22.519674639496294
1135377,568815,-22.530489783626866
1135377,7267017,-22.543534938039258
1135377,6740605,-22.543534938039258
1135377,8053975,-22.57329904899423
1135377,24583,-22.621968823592763
1135377,8770071,-22.66880425059587
1135377,6864974,-22.736587027075252
1135377,8599508,-22.73680924712249
1135377,1242660,-22.773464750581354
1135377,5983334,-22.774368208521846
1135377,3020618,-22.839251287867043
1135377,5714861,-22.879064497378913
1135377,6864973,-22.884974333843886
1135377,7941944,-22.913885367359576
1135377,3070606,-22.944425982798094
1135377,8197552,-22.944425982798094
1135377,7497325,-22.947259228739945
1135377,1074624,-22.98262506973969
1135377,8176814,-22.98580173721243
1135377,4860720,-22.994741111625537
1135377,3776299,-22.998545048255494
1135377,7282656,-23.044431191619765
1135377,583399,-23.044431191619765
1135377,6864977,-23.044431191619765
1135377,7497320,-23.056855125492397
1135377,7497323,-23.056855125492397
1135377,3261593,-23.058248017025814
1135377,7293216,-23.061275674429965
1135377,8599512,-23.06278138412722
1135377,7445178,-23.09351156198702
1135377,4957076,-23.09351156198702
1135377,762506,-23.09351156198702
1135377,254350,-23.09351156198702
1135377,3776307,-23.09688154940653
1135377,8599510,-23.09741363509968
1135377,4463033,-23.1419970041164
1135377,6740608,-23.1419970041164
1135377,2793832,-23.155419979905638
1135377,6821723,-23.189901768303265
1135377,6864978,-23.189901768303265
1135377,4030318,-23.195427608189316
1135377,6962942,-23.195621323319642
1135377,5674595,-23.199546843120338
1135377,653448,-23.215816440090457
1135377,8510916,-23.235422646732317
1126206,2382878,-39.16306496429853
1126206,2100767,-39.16452690214748
1126206,2382881,-39.91089279619187
1126206,1242144,-40.782904490767024
1126206,5948394,-40.79476878018923
1126206,7617219,-41.62390152900045
1126206,148449,-41.94114870176755
1126206,1242148,-42.13428112873544
1126206,7657597,-42.22448213325709
1126206,8131521,-42.2533412833986
1126206,8131527,-42.288417360701125
1126206,5939655,-42.28998388373929
1126206,2382887,-42.294627430757735
1126206,2263540,-42.309888908579225
1126206,8131522,-42.40257419518374
1126206,8131525,-42.40257419518374
1126206,6265029,-42.40291283520236
1126206,148450,-42.41464006935652
1126206,3825036,-42.451005697545135
1126206,1242141,-42.48640743103848
1126206,1242146,-42.543243847312205
1126206,4040775,-42.71920121626913
1126206,3825042,-42.73388906767591
1126206,7617222,-42.84311283672234
1126206,1236793,-42.99777353277935
1126206,4495989,-43.04400580873481
1126206,1242147,-43.06980191586234
1126206,4875806,-43.0974778231936
1126206,8131524,-43.20486147911983
1126206,96677,-43.28541600789384
1126206,5537945,-43.32541602759531
1126206,7467497,-43.339530516424546
1126206,7214854,-43.44877601036141
1126206,5537952,-43.54898075006405
1126206,4063179,-43.585278700225075
1126206,4050787,-43.601914614555355
1126206,2129823,-43.61328925954316
1126206,4050791,-43.61512527254945
1126206,2382884,-43.63130080690736
1126206,4591259,-43.63130080690736
1126206,3543549,-43.67249143873822
1126206,3635873,-43.675681531140654
1126206,4530691,-43.675681531140654
1126206,138268,-43.87083287969613
1126206,4290828,-43.878638933942774
1126206,3635870,-43.878754590613354
1126206,6283290,-44.081249409310196
1126206,7133882,-44.08487860216276
1126206,1242140,-44.08501013909784
1126206,7945753,-44.08753663031255
1126206,8049273,-44.13766472784522
1126206,4835938,-44.16074607315649
1126206,4050786,-44.171992053525635
1126206,148453,-44.22748111866911
1126206,2100770,-44.31537734561387
1126206,3825041,-44.347393511113694
1126206,782929,-44.354356100420055
1126206,5948393,-44.398765610045935
1126206,5939653,-44.40669980341351
1126206,7644241,-44.437228288799794
1126206,7979003,-44.45232339634816
1126206,3543550,-44.458189359196524
1126206,8143158,-44.468102435553135
1126206,4813078,-44.48978017213409
1126206,3825035,-44.49783098535944
1126206,369961,-44.5466830778476
1126206,438694,-44.548923019099774
1126206,4199526,-44.57470394100855
1126206,4435443,-44.614185702985495
1126206,3635875,-44.640453588305725
1126206,8131526,-44.64491268575653
1126206,3825039,-44.73201491925628
1126206,7588150,-44.768199523937255
1126206,7105401,-44.79517566847942
1126206,369962,-44.79573122866409
1126206,1200863,-44.79573122866409
1126206,369963,-44.79573122866409
1126206,4040780,-44.844469062274655
1126206,7270708,-44.87853882063091
1126206,7255059,-44.93298116670261
1126206,4959177,-44.956723420609414
1126206,2547468,-44.97619823525949
1126206,5948392,-44.97619823525949
1126206,1242142,-44.99870355990249
1126206,8143166,-45.00550133380911
1126206,5305361,-45.01431513727403
1126206,1161970,-45.01723998665644
1126206,4493071,-45.01990086859927
1126206,8150919,-45.02574913743219
1126206,4493070,-45.10496821411628
1126206,1236794,-45.1267943261069
1126206,148452,-45.1313217333518
1126206,5322075,-45.13496773445285
1126206,7978999,-45.13807741714058
1126206,4530688,-45.14554517848306
1126206,3073977,-45.17761458235583
1126206,4561412,-45.18008953544717
1126206,4561414,-45.18008953544717
1126206,6806073,-45.1845175271221
1126206,2361058,-45.226639944408774
645693,3112254,-39.00029137361016
645693,3834194,-40.197656521761054
645693,8078496,-41.41466870390953
645693,6902944,-43.61476436664195
645693,8516620,-43.92195604626844
645693,8516621,-43.92195604626844
645693,529208,-44.59231087565363
645693,7139356,-44.782557786947514
645693,8516616,-45.66068377935774
645693,529206,-46.2946726618943
645693,8516618,-46.71409840822769
645693,3443425,-49.904127452926275
645693,7523809,-50.013199258297256
645693,7172725,-50.1431520840695
645693,5929214,-50.40532876351541
645693,6987625,-50.54108725127572
645693,7503964,-50.78687573132996
645693,1415319,-50.80182785054345
645693,1704990,-50.892082201553016
645693,1704986,-50.992458692807084
645693,1704987,-51.0860270109126
645693,1415323,-51.216428393460134
645693,8535236,-51.40076608599027
645693,5610271,-51.45307682017133
645693,8516615,-51.56404134232473
645693,1535372,-51.69430112553684
645693,1501558,-51.7575602626831
645693,6984498,-51.78652934234289
645693,5567496,-52.07087417389344
645693,8652947,-52.19464693897006
645693,4248509,-52.278328297274655
645693,3312207,-52.3396470438561
645693,3104234,-52.4522800855517
645693,851790,-52.55263535812373
645693,529204,-52.56800098400745
645693,902078,-52.599403713706984
645693,3919221,-52.676872109870715
645693,6984494,-52.699871568469504
645693,7023523,-52.77298433853084
645693,3104238,-52.84930268640988
645693,4923901,-52.89197749145076
645693,3934396,-52.993572105761245
645693,4283764,-52.997082740079236
645693,571240,-53.012513548116836
645693,1013830,-53.03847914803211
645693,1325057,-53.0761306280223
645693,5904214,-53.111811294471565
645693,601896,-53.17277584977561
645693,8207115,-53.18556823772592
645693,1049609,-53.19120046991132
645693,3138123,-53.24423210513013
645693,8171617,-53.30517051017284
645693,2489895,-53.30517051017284
645693,7124055,-53.30517051017284
645693,6340029,-53.30517051017284
645693,8207159,-53.30517051017284
645693,6340027,-53.30517051017284
645693,6340030,-53.30517051017284
645693,6340033,-53.30517051017284
645693,8171615,-53.30517051017284
645693,678018,-53.33337794963135
645693,2954562,-53.433461969145924
645693,8037389,-53.454510691293365
645693,5954186,-53.45495418956582
645693,1916462,-53.49748756362113
645693,8772957,-53.53104850632952
645693,320367,-53.56325740791861
645693,571242,-53.564456520012456
645693,1458248,-53.57418931384305
645693,3097003,-53.64455726261751
645693,928264,-53.698132295392355
645693,7720312,-53.70467507170134
645693,7902796,-53.70467507170134
645693,7091334,-53.726180131322785
645693,345145,-53.728615966519314
645693,1549261,-53.763934130458765
645693,5317112,-53.768290912461616
645693,5750570,-53.80692042526559
645693,596563,-53.819664210247
645693,2134396,-53.84791070180023
645693,1953993,-53.86155448572318
645693,439606,-53.8684806534108
645693,439611,-53.8684806534108
645693,2326960,-53.87316925006453
645693,7047287,-53.957921052540584
645693,3482447,-53.99964114473224
645693,2360114,-54.01029117124852
645693,6883377,-54.01029117124852
645693,8414264,-54.04078084273727
645693,2219405,-54.05572055191409
645693,6668012,-54.05722003477803
645693,8056847,-54.065949662697015
645693,7267162,-54.065949662697015
645693,5013667,-54.074557208896444
645693,5487428,-54.077099849870216
645693,1744942,-54.10352416756949
645693,3090292,-54.12100140755173
645693,352020,-54.13313480782095
645693,2200176,-54.140072396091476
645693,80359,-54.145866963989306
1133328,2680670,-47.03850460327124
1133328,5213266,-47.92401186221234
1133328,3464418,-48.76807913904185
1133328,4223449,-50.472530064328765
1133328,7793495,-50.474198338647724
1133328,2680673,-51.11272497028712
1133328,8241735,-51.22083413132926
1133328,2680668,-51.22083413132926
1133328,7906344,-51.94706164087862
1133328,8825526,-52.390983077273006
1133328,1817969,-52.918165233651166
1133328,933779,-53.10754949588463
1133328,1478998,-53.41029110825557
1133328,74709,-53.46726534612296
1133328,7944635,-54.39259467354055
1133328,8405726,-54.49532065774629
1133328,5654659,-54.714491687197494
1133328,2574751,-54.784394816682
1133328,2680672,-54.820533509062095
1133328,8445541,-54.82852427462794
1133328,1407789,-54.98752434728416
1133328,5607247,-55.138396513790276
1133328,6548352,-55.264545624765816
1133328,6776606,-56.097218112463324
1133328,3464417,-56.28968578325423
1133328,3717260,-56.34491149652456
1133328,4205030,-56.380436319985236
1133328,2764415,-56.56399276777419
1133328,3835263,-56.62061897428304
1133328,3587984,-56.66234633163921
1133328,7793498,-56.69720603479574
1133328,7793497,-56.826447477007406
1133328,2372179,-56.83122382659748
1133328,3476613,-56.96605091123208
1133328,2699043,-57.062670020349444
1133328,3087996,-57.23382581872256
1133328,4741212,-57.46095643428593
1133328,3088000,-57.512495944949734
1133328,2318026,-57.55936537996749
1133328,4342531,-57.607283384495176
1133328,4342532,-57.851274277522485
1133328,194782,-57.879698771670455
1133328,2849401,-57.88530436513437
1133328,5135637,-57.94109050522267
1133328,7773044,-58.00856357259303
1133328,5607245,-58.257076414770665
1133328,2680674,-58.36291533075603
1133328,2764419,-58.4107813218849
1133328,5393194,-58.41182230429078
1133328,7066225,-58.4520431485928
1133328,7775739,-58.64457223124886
1133328,5127954,-58.67770468349963
1133328,5607244,-58.7012294562976
1133328,2268104,-58.74407553978053
1133328,3028406,-58.75839958020384
1133328,6395115,-58.774174170920936
1133328,2693400,-58.806813413665125
1133328,5135644,-58.82424712524832
1133328,6455436,-58.83263655677885
1133328,2699044,-58.881821549664984
1133328,3476616,-58.95786754351717
1133328,5792854,-59.05548261529564
1133328,2744428,-59.23072054769052
1133328,2276565,-59.233923127011174
1133328,1479000,-59.25502087707127
1133328,4366726,-59.27679251872982
1133328,8241738,-59.308013874890456
1133328,1817973,-59.32751263137564
1133328,3028409,-59.398517200433986
1133328,3156090,-59.398517200433986
1133328,74706,-59.42016632512059
1133328,2276562,-59.421861597875136
1133328,8236824,-59.44324342345962
1133328,7387470,-59.509479253159675
1133328,7906348,-59.58616532469497
1133328,8838392,-59.7447518822122
1133328,2656474,-59.804119688722736
1133328,8313676,-59.81080311008883
1133328,2744426,-59.83268862138989
1133328,8838389,-59.83268862138989
1133328,5518211,-59.890467852473414
1133328,3395239,-59.91858620478486
1133328,1817976,-59.95081155877888
1133328,4710917,-59.972258693016805
1133328,8557041,-59.99866931215445
1133328,2276557,-60.012115862858636
1133328,1925200,-60.0513747351457
1133328,2693402,-60.075959843049084
1133328,4899456,-60.15259638912382
1133328,5135639,-60.20661958766073
1133328,8405728,-60.25524257998066
1133328,639464,-60.34704784885627
1133328,6395112,-60.42118505390354
1133328,5440597,-60.43341499835138
1133328,4710920,-60.435386358982925
1133328,819556,-60.44602429698846
1133328,192339,-60.466310322545766
1133328,6004627,-60.49633678496972
1133328,7316468,-60.52501686085685
1133328,6395110,-60.52704865982004
646207,7636630,-25.452416340918532
646207,7636635,-26.002420816990178
646207,1787422,-26.521273319708925
646207,1787420,-27.686847310184227
646207,3418496,-29.48872377583511
646207,6766717,-29.62353167871918
646207,112667,-30.080115082327282
646207,7636632,-30.149892443504235
646207,4231941,-30.640895859028994
646207,3537818,-30.690029054159336
646207,7191065,-30.735017423368348
646207,8357743,-30.89593658271033
646207,1254905,-30.94205787935058
646207,7436720,-30.96231746895842
646207,6908895,-30.96624240646062
646207,6192449,-30.975991658124308
646207,1716244,-30.99105140538854
646207,4509520,-30.99105140538854
646207,463252,-30.992094893535672
646207,5961574,-31.12201119541323
646207,4112385,-31.135745258897874
646207,288236,-31.152919534089676
646207,8680504,-31.183603505717613
646207,7436717,-31.303358719091086
646207,7982921,-31.393041896283744
646207,7041130,-31.430475182274684
646207,5107889,-31.46078245329563
646207,3148313,-31.50629611140547
646207,5568923,-31.569482386477652
646207,3418493,-31.61526988041568
646207,8631129,-31.675869378714083
646207,4317550,-31.730495870300828
646207,3860622,-31.784429521334587
646207,1650588,-31.833592306314507
646207,3476204,-31.98208750491767
646207,4579878,-31.982847010427093
646207,2542837,-32.06465333189428
646207,7013998,-32.095211289687384
646207,8297147,-32.11320535881637
646207,4473687,-32.20959101626054
646207,3151105,-32.25916040380234
646207,1150176,-32.31263684938608
646207,8222912,-32.31973110808135
646207,7166603,-32.34155554298231
646207,1471831,-32.343013699872415
646207,3756771,-32.46971783055298
646207,6820087,-32.50661694354082
646207,8659336,-32.5167543326942
646207,5499691,-32.52100033138892
646207,4916689,-32.52100033138892
646207,2749862,-32.54189421522957
646207,7200030,-32.546408083402895
646207,7451527,-32.586095807728015
646207,10930,-32.62201386797651
646207,2093155,-32.62201386797651
646207,6347084,-32.62201386797651
646207,7200032,-32.6536641703495
646207,7555134,-32.659539329568254
646207,7711735,-32.714419948099604
646207,735115,-32.72081158037403
646207,1981883,-32.76445293682198
646207,827724,-32.77971199577128
646207,7973579,-32.81811743374293
646207,322980,-32.857935373171856
646207,4128100,-32.865964688823674
646207,7616007,-32.88789406352436
646207,1291085,-32.974092919702926
646207,5700557,-32.98953299126644
646207,7231577,-33.006819073657155
646207,1716243,-33.010482800485434
646207,539933,-33.04350418606189
646207,1331360,-33.06660439169804
646207,156015,-33.09626010057848
646207,7744344,-33.100745862256325
646207,3656580,-33.124356293707436
646207,3629317,-33.17259746123242
646207,8393357,-33.17259746123242
646207,1906390,-33.18283199385161
646207,7610760,-33.19090248695614
646207,3497386,-33.23310203159776
646207,4725280,-33.24778684805513
646207,5404000,-33.26802400445585
646207,8116324,-33.28735517294048
646207,394743,-33.289081486716405
646207,3052604,-33.32045985947384
646207,1981877,-33.32077991897245
646207,6776445,-33.32077991897245
646207,1677244,-33.32077991897245
646207,7279088,-33.34107219542391
646207,7278422,-33.346180387737604
646207,5420892,-33.346180387737604
646207,6482895,-33.348876112101394
646207,7761583,-33.37112044046953
646207,1973817,-33.371227970264506
646207,910569,-33.384475047859596
646207,1155752,-33.39485627408659
646207,8160824,-33.39485627408659
646207,3686490,-33.40412529303432
646207,655423,-33.40412529303432
646207,8081552,-33.40412529303432
1012021,5379898,-46.42840672044463
1012021,2434427,-46.927394243598826
1012021,3704757,-47.10129629079843
1012021,8682468,-47.36827230064727
1012021,3713223,-47.39682655195282
1012021,8682472,-47.63192615331139
1012021,1436124,-47.715909749724666
1012021,2454609,-48.16345196544389
1012021,1544130,-48.214673792903874
1012021,677551,-48.537972205980296
1012021,214598,-48.721442730115605
1012021,2881496,-48.80077994417467
1012021,3795087,-48.87232970909977
1012021,5360262,-48.901615938247865
1012021,606009,-48.91243110646752
1012021,6090597,-48.93613918629076
1012021,6947672,-48.987037077278146
1012021,4737561,-49.05078898700877
1012021,1909785,-49.062149757164526
1012021,1696673,-49.12089461185263
1012021,5987983,-49.26800029902096
1012021,6090595,-49.348394406913265
1012021,802254,-49.38236382474663
1012021,2670865,-49.49461728562122
1012021,688827,-49.54291426160847
1012021,1941268,-49.616944475207035
1012021,6301482,-49.61820527581645
1012021,3915440,-49.72789629490594
1012021,6455837,-49.7331564835145
1012021,5686362,-49.857646123677654
1012021,1389224,-49.896824020371554
1012021,1941265,-50.01800422372799
1012021,8324555,-50.042664640940274
1012021,8792785,-50.0448717618357
1012021,3436229,-50.125823118434774
1012021,7349470,-50.161819348739876
1012021,1500732,-50.17935319884734
1012021,1181129,-50.30981602925952
1012021,6308108,-50.3121282623975
1012021,1173088,-50.348151259261314
1012021,8000877,-50.38662259686878
1012021,337166,-50.43459851774449
1012021,6308112,-50.4346928947375
1012021,1083336,-50.48230920783242
1012021,942684,-50.50923092002358
1012021,7318516,-50.55391029809351
1012021,708126,-50.566306773505474
1012021,8000874,-50.57250565146221
1012021,8000876,-50.57250565146221
1012021,7186343,-50.60856196298601
1012021,708124,-50.630792442219814
1012021,6565126,-50.63761632371743
1012021,7398152,-50.6630634226024
1012021,865125,-50.698913780569406
1012021,6762072,-50.72867591143235
1012021,7615293,-50.761377754012166
1012021,5379899,-50.79368734363706
1012021,1083338,-50.83909847850487
1012021,2827409,-50.90523197070137
1012021,889646,-50.92858648862756
1012021,8196692,-50.94002607392525
1012021,6022467,-50.943952441800505
1012021,1086679,-50.95735728177989
1012021,4505308,-50.978287605389745
1012021,1941270,-51.04158850911489
1012021,1941271,-51.04158850911489
1012021,8117256,-51.059792414342
1012021,1504427,-51.079787710914545
1012021,4534810,-51.091318090743854
1012021,1939337,-51.10512057533339
1012021,4373561,-51.14185202498278
1012021,7080809,-51.166110192083394
1012021,1037469,-51.19387202151951
1012021,373518,-51.194672769652996
1012021,544077,-51.1958671881424
1012021,1088713,-51.20797910699843
1012021,1088714,-51.20797910699843
1012021,7625589,-51.241669068775536
1012021,7051848,-51.24742833429392
1012021,3885031,-51.2801177690703
1012021,3296865,-51.28845645852608
1012021,6308110,-51.30473625034191
1012021,1037467,-51.32647005575853
1012021,3053431,-51.32937664507097
1012021,1502562,-51.38471099807376
1012021,2842368,-51.38931020215261
1012021,2494914,-51.45060979950729
1012021,584502,-51.45892785261547
1012021,1088710,-51.4809722583285
1012021,1500731,-51.486869629363284
1012021,4922809,-51.49333899437631
1012021,4146638,-51.52531572003466
1012021,3370598,-51.52978284406661
1012021,7621406,-51.53947430173617
1012021,2495554,-51.582040064762595
1012021,5549936,-51.62586653487012
1012021,4859704,-51.69586926262133
1012021,8158645,-51.69750328797023
1012021,4516264,-51.70018726802236
1012021,309070,-51.70561643892306
489204,1479542,-15.187790972258389
489204,1051498,-15.710056094509746
489204,1778458,-16.333231882589615
489204,1950269,-16.33665694599681
489204,1310106,-16.428166693562112
489204,1310108,-16.474409983166417
489204,1310107,-16.474409983166417
489204,2268657,-16.511193213445573
489204,1310101,-16.713176841949085
489204,5583224,-16.85033060126479
489204,3049941,-16.92702365886955
489204,1538587,-16.97199198172926
489204,5629373,-17.23940053688002
489204,7116533,-17.23940053688002
489204,420282,-17.387725668425894
489204,420290,-17.40297212439272
489204,528349,-17.663773335772323
489204,528348,-17.687388771245303
489204,973923,-18.25257980766935
489204,114148,-18.28414331481849
489204,7660249,-18.367028965770263
489204,678245,-18.6277151466594
489204,7138879,-18.642028023332696
489204,6661536,-18.65092553337383
489204,1418931,-18.733332337038696
489204,8238825,-18.78125634873915
489204,4917998,-18.811368498019892
489204,753265,-18.813100523253745
489204,5705357,-18.824669809017053
489204,3778489,-18.867101503432785
489204,5895917,-18.935862475354426
489204,2525903,-18.99483373215905
489204,855969,-19.056854243077677
489204,8083618,-19.083327642375238
489204,6345480,-19.09412740505104
489204,8737051,-19.09958188213446
489204,7718090,-19.101793373251073
489204,8737053,-19.109786149706267
489204,1950273,-19.11024135626683
489204,3728444,-19.166491370712162
489204,5008186,-19.227504489661797
489204,7564977,-19.243200767438093
489204,4279451,-19.2893379633177
489204,7734612,-19.31500832762796
489204,4918001,-19.355406935560428
489204,5815958,-19.407818477091126
489204,3980122,-19.407818477091126
489204,3744940,-19.489708581638606
489204,6672435,-19.49995328731726
489204,535375,-19.501722433476385
489204,8737052,-19.512058877204005
489204,1373674,-19.537532107633528
489204,1759354,-19.546334694901617
489204,8420374,-19.604021893909607
489204,7564980,-19.70637314157476
489204,6332633,-19.714209658329793
489204,3012141,-19.7336929331793
489204,3155853,-19.748987150648603
489204,216490,-19.76878280462966
489204,3380602,-19.809220848737148
489204,5842848,-19.815472127764522
489204,2268654,-19.8538923984188
489204,8594274,-19.8538923984188
489204,1310103,-19.891195159148
489204,6327176,-19.905577515313897
489204,615105,-19.94143561160895
489204,1040449,-19.953267801094086
489204,7910557,-19.978254746698923
489204,2012607,-19.988913229101446
489204,5711936,-19.993392706071965
489204,8463821,-19.995764991589937
489204,1736553,-20.020993662828932
489204,7016858,-20.021474626338982
489204,4155443,-20.029522714957515
489204,883657,-20.038085908464467
489204,4751339,-20.038085908464467
489204,2203762,-20.038085908464467
489204,4751341,-20.04965800741033
489204,4565203,-20.0685590219436
489204,2097512,-20.082285253210806
489204,152948,-20.09235638869531
489204,1378162,-20.12694151185882
489204,2268655,-20.13827608515372
489204,8209108,-20.159844204158517
489204,8398353,-20.19002328665541
489204,855963,-20.21202635622342
489204,6029722,-20.213605316222623
489204,3751356,-20.251313629568035
489204,4929953,-20.25422623264673
489204,2959687,-20.283746012176593
489204,2268652,-20.292141208464905
489204,7840815,-20.29623999301475
489204,6921252,-20.29623999301475
489204,1378170,-20.297179969534003
489204,6101884,-20.317085653883957
489204,4525080,-20.31947670982317
489204,8492050,-20.325629493358136
489204,1688164,-20.353730196220855
489204,430274,-20.36947820259851
489204,4142348,-20.369828838104475
1119075,7133137,-33.12443458824598
1119075,7133141,-34.18281103607345
1119075,7133142,-37.30631591622335
1119075,7133140,-38.43059206778835
1119075,7133144,-39.87255260739144
1119075,2067684,-40.44225850697092
1119075,7105865,-40.68645117668033
1119075,2067687,-41.00941591503442
1119075,4353429,-41.90722860805575
1119075,3346258,-42.34767851080104
1119075,8075059,-42.719968531943906
1119075,8075061,-43.116434471649704
1119075,8165856,-43.135937656738136
1119075,7133139,-43.18694802172933
1119075,7134112,-43.56208725292446
1119075,1379739,-43.62421532203224
1119075,5890177,-43.62421532203224
1119075,6670854,-43.729825272007915
1119075,6982582,-44.02476136459135
1119075,2988032,-44.05164215485492
1119075,6982585,-44.1771469243569
1119075,8075063,-44.453966619561484
1119075,6982584,-44.49410905709479
1119075,7133143,-44.53641138476062
1119075,1379744,-44.694107717605945
1119075,6670853,-44.8285230136572
1119075,5890184,-45.094850113527635
1119075,8075058,-45.09695961357094
1119075,653852,-45.15226182853088
1119075,16174,-45.23731409077821
1119075,7215263,-45.36626255615923
1119075,7215257,-45.3951314342061
1119075,653844,-45.398584060087465
1119075,5890183,-45.51010658318525
1119075,7356070,-45.53284779084838
1119075,16175,-45.64418142864614
1119075,3540676,-45.801229038130444
1119075,8075062,-45.92981800379194
1119075,16177,-45.939653023409534
1119075,1379738,-45.953940274570165
1119075,5833085,-46.103151661993216
1119075,653853,-46.1065912861945
1119075,1379737,-46.1668427640815
1119075,2067690,-46.18474434313789
1119075,7105867,-46.18474434313789
1119075,7105866,-46.18474434313789
1119075,754873,-46.20547369337021
1119075,7215260,-46.2571792090493
1119075,6670852,-46.27641473540906
1119075,1955506,-46.28422988191508
1119075,1379736,-46.3056452619391
1119075,7105864,-46.34316536150733
1119075,1379745,-46.39120757487309
1119075,2870496,-46.58116756833803
1119075,7215258,-46.61214650120218
1119075,1379742,-46.64253714474012
1119075,5890179,-46.80580811778977
1119075,6670851,-46.83087933669849
1119075,6670855,-46.83087933669849
1119075,1379741,-47.04463182298722
1119075,8165857,-47.04885557144557
1119075,2492801,-47.077815663168884
1119075,6670856,-47.11229108431937
1119075,653845,-47.137254260938256
1119075,7215259,-47.3391709319771
1119075,5890182,-47.3391709319771
1119075,1379740,-47.481393341607784
1119075,6670860,-47.64514089117803
1119075,16178,-47.648066036830514
1119075,2067685,-47.660935628140464
1119075,7105868,-47.75032203292546
1119075,2564262,-47.79728250952259
1119075,16176,-47.81133700988018
1119075,16173,-47.847635401586764
1119075,4503603,-47.899130477694676
1119075,922011,-48.02460091788525
1119075,922010,-48.20614133882411
1119075,6670858,-48.24667540615542
1119075,16171,-48.249891207277656
1119075,8165860,-48.330117881008285
1119075,3987175,-48.34245947778062
1119075,4503604,-48.47566922506971
1119075,5890181,-48.56243839091091
1119075,6196345,-48.6016123432976
1119075,653849,-48.689407575402115
1119075,6196347,-48.71850631922519
1119075,8165855,-48.75068237019247
1119075,7933111,-48.76498124809074
1119075,653846,-48.934598515990054
1119075,7083493,-48.934598515990054
1119075,5890185,-49.00983523570946
1119075,8165862,-49.00983523570946
1119075,3544531,-49.02499495802152
1119075,5890180,-49.02499495802152
1119075,2067689,-49.13869624055687
1119075,4803227,-49.16809532401708
1119075,6196344,-49.18022574720613
1119075,6982583,-49.202780052299204
1119075,8165859,-49.202780052299204
1119075,3160238,-49.25998447783544
573724,5339620,-24.890691393717113
573724,7609927,-26.55783015336634
573724,394139,-26.597005959987523
573724,3365638,-26.696044524442602
573724,7199669,-26.7737107101062
573724,394136,-26.992246986831486
573724,7199672,-27.232148905653453
573724,7199675,-27.33017315388732
573724,3146238,-27.376872913356973
573724,5047796,-27.377910639620982
573724,2417985,-27.385062851118548
573724,3365631,-27.619650046820812
573724,8833192,-27.623295119888688
573724,1509942,-27.638980715057084
573724,5310530,-27.689557688926918
573724,3617636,-27.762163556465705
573724,7609930,-27.781982750202253
573724,8441642,-27.831878034968
573724,3365633,-27.95112051381087
573724,87405,-27.981074096120096
573724,1816038,-28.068121517292823
573724,87409,-28.10455579569468
573724,4017883,-28.1515515169487
573724,7104826,-28.16368455590343
573724,7609928,-28.171438186425405
573724,7384325,-28.202367733840255
573724,7609926,-28.220417696379144
573724,7275118,-28.322306439977503
573724,3365636,-28.34363256651116
573724,1165129,-28.367302600911266
573724,2186124,-28.522025806921576
573724,394138,-28.63092556349586
573724,7199673,-28.639960629708572
573724,7384332,-28.67838444835733
573724,3546092,-28.75933666865134
573724,5384308,-28.792206269194022
573724,2133806,-28.820267060598606
573724,394142,-28.845807460551857
573724,7674858,-28.895475109490338
573724,5962419,-28.901746960035148
573724,1165128,-29.029640497568238
573724,7104825,-29.060508188129905
573724,7674859,-29.19227885497804
573724,162151,-29.22862307948475
573724,3492364,-29.277340825679406
573724,5962423,-29.30397476278416
573724,3365632,-29.330332858115085
573724,6496777,-29.34149845951348
573724,5721831,-29.35555392986628
573724,8833194,-29.43230236932846
573724,4360246,-29.43262238471226
573724,7609929,-29.434814891364603
573724,8404002,-29.444256441108386
573724,6776717,-29.447371862906415
573724,5721829,-29.49433011662627
573724,2002448,-29.577556799882288
573724,8444730,-29.582849110771516
573724,1509940,-29.60817857572716
573724,5185671,-29.61229682907254
573724,5185664,-29.61229682907254
573724,1509939,-29.65796941430706
573724,1293333,-29.670207129084147
573724,7498096,-29.67635620813663
573724,8047166,-29.67697881567215
573724,7199667,-29.686460290363065
573724,8444728,-29.719527694413895
573724,3365640,-29.721424835433837
573724,3412325,-29.725435814517247
573724,2635262,-29.887675135387347
573724,7199674,-29.921299708041545
573724,7530702,-30.010595512879355
573724,8573962,-30.052956492663743
573724,41433,-30.08490437780067
573724,5306910,-30.092068159273285
573724,5962426,-30.11956824463704
573724,7134411,-30.143335007518203
573724,3059590,-30.14440986367403
573724,5962420,-30.160463514958305
573724,5721833,-30.205952198732565
573724,87404,-30.223077751277092
573724,7964601,-30.233176236432154
573724,7104827,-30.243579251392127
573724,1005335,-30.25453256271916
573724,5962424,-30.299314093985082
573724,3059593,-30.329647822811342
573724,2910045,-30.33502646923619
573724,7589690,-30.336321974572307
573724,1113579,-30.377574114910242
573724,7384331,-30.380314203746792
573724,4041520,-30.419430817834062
573724,162145,-30.42400126452722
573724,394141,-30.46563078222275
573724,104856,-30.575907199751178
573724,3146236,-30.663245884280315
573724,7384327,-30.67231459854539
573724,8833199,-30.778221591503357
573724,2002445,-30.781206574889268
573724,1648007,-30.79937541998786
573724,305009,-30.835477140796765
573724,5785713,-30.95315236143631
600573,6197299,-50.65014959588858
600573,1048866,-51.64289033034118
600573,8516012,-52.73259021830117
600573,2196128,-53.004212073586984
600573,4140572,-53.401505302182485
600573,2718565,-53.58055558490194
600573,7053094,-54.39523004031451
600573,1050102,-55.0678767964895
600573,5623755,-58.149460432090166
600573,3172848,-58.48847594884698
600573,304953,-58.923327068244376
600573,1374242,-60.10599530239928
600573,1883936,-60.495581004205526
600573,6455045,-61.310835551855945
600573,8548609,-61.62594991370356
600573,956656,-61.644033633841524
600573,4015557,-61.9675233095371
600573,6124545,-62.30928825400844
600573,5871726,-62.36603369995363
600573,2081549,-62.38137002235619
600573,4212653,-62.55753373283886
600573,3661136,-62.65319012630741
600573,2573979,-62.67188385000414
600573,423563,-62.776970213199576
600573,3071857,-62.87215173164826
600573,6677583,-62.97515348379915
600573,3561319,-63.02297060186605
600573,3674379,-63.089166408266436
600573,5040429,-63.259398712438156
600573,5560549,-63.352074932607565
600573,6990305,-63.40412923095745
600573,6124544,-63.432887040482534
600573,8392579,-63.88584352345214
600573,6990308,-63.93943315950977
600573,8286403,-63.98373821500004
600573,569268,-64.10072189576107
600573,171859,-64.15465123619543
600573,4268991,-64.19726537263466
600573,8434756,-64.30437701574625
600573,3071848,-64.32414681933317
600573,8451453,-64.35193765909884
600573,4237,-64.38794829485353
600573,4628838,-64.53160265365177
600573,3513512,-64.57676392707484
600573,3410811,-64.63855554481925
600573,2525079,-64.70559120674686
600573,4808425,-64.75187396092812
600573,5361884,-64.75656909028825
600573,7890139,-64.78483909371295
600573,8616309,-64.84129644519791
600573,458186,-64.85455956814559
600573,726373,-64.88917284025347
600573,1434830,-64.95971947565945
600573,4862692,-64.98992372819448
600573,1397607,-64.99124405556806
600573,8773592,-65.04707301611226
600573,3424373,-65.06119013043842
600573,7487162,-65.09708689556703
600573,1397606,-65.11691957572829
600573,3046842,-65.13627261868993
600573,6716608,-65.18474173857877
600573,983201,-65.20864732094257
600573,4813466,-65.24215698861259
600573,5440709,-65.26991564095552
600573,7376086,-65.35890065345924
600573,1763994,-65.38618768076815
600573,8665969,-65.43360937569742
600573,1031079,-65.45399883078053
600573,171860,-65.4776425086258
600573,5560542,-65.6444436813319
600573,8353338,-65.68140112741224
600573,2065519,-65.70838891666243
600573,6937495,-65.71160829024934
600573,2204268,-65.75418751661684
600573,5376020,-65.762304787104
600573,446530,-65.77645399634032
600573,7340547,-65.90525193967214
600573,1324529,-65.95257243584457
600573,917137,-65.98130287721972
600573,4358052,-66.01715762930422
600573,4898246,-66.11033506474871
600573,763864,-66.1249417088575
600573,7703895,-66.16772818896368
600573,4383363,-66.1826369169587
600573,3745783,-66.18849072908655
600573,593246,-66.19399234863037
600573,983196,-66.19955634738488
600573,3046846,-66.21257926061358
600573,3044272,-66.23206352102056
600573,7016914,-66.26322446863114
600573,1686205,-66.26704205390664
600573,1863151,-66.3066046972256
600573,1191102,-66.31410297525376
600573,5769502,-66.32519947810643
600573,6875792,-66.36958031096658
600573,3699953,-66.38605858777352
600573,7857877,-66.41104778432377
600573,1312374,-66.42023336761818
600573,1792743,-66.5040717109469
600573,720381,-66.52430456100976
1120447,815123,-24.89337630805008
1120447,8062202,-24.89337630805008
1120447,8062204,-25.41106927275041
1120447,5664635,-26.04197087932318
1120447,5664641,-26.135731980247257
1120447,8744940,-27.071749772576936
1120447,1022132,-28.53217071347966
1120447,4447438,-28.80087291579678
1120447,5664639,-28.810475088839002
1120447,4036642,-28.845673942347812
1120447,5236509,-28.887092084154816
1120447,2452710,-28.895995534057633
1120447,8062206,-28.9894422716713
1120447,8701712,-29.218293581059374
1120447,580107,-29.218293581059374
1120447,210548,-29.218293581059374
1120447,815126,-29.298796085344684
1120447,1012317,-29.334202814052812
1120447,5664637,-29.475700966599117
1120447,815122,-29.51588487902643
1120447,6666766,-29.56487973135517
1120447,815118,-29.58367690444191
1120447,815119,-29.82950895344181
1120447,6138608,-30.07720198470916
1120447,815124,-30.174372260177233
1120447,1757973,-30.270225137411604
1120447,2458312,-30.350170252429646
1120447,6931239,-30.41588302659895
1120447,767501,-30.41844294193686
1120447,649440,-30.41844294193686
1120447,4416185,-30.43492068173423
1120447,5662956,-30.436089026548373
1120447,7904380,-30.452700454859027
1120447,416113,-30.463192783927155
1120447,8692777,-30.475667869588225
1120447,2161422,-30.535382512325562
1120447,8419464,-30.537812824941675
1120447,5003729,-30.55178176264512
1120447,862123,-30.55928244517925
1120447,7762617,-30.60676332176157
1120447,4233907,-30.61735618583826
1120447,3897131,-30.641712798654055
1120447,2697614,-30.67198702787264
1120447,613634,-30.679836493365165
1120447,1302208,-30.68418498015035
1120447,5879329,-30.68418498015035
1120447,4866353,-30.690968877717523
1120447,2104082,-30.698189023589862
1120447,6981002,-30.71205823198256
1120447,8708881,-30.738108631276667
1120447,3897134,-30.7600864919676
1120447,6134356,-30.77265345184048
1120447,416108,-30.774143191114675
1120447,1593139,-30.794793275667946
1120447,2270914,-30.80019667173854
1120447,5128250,-30.80019667173854
1120447,8552341,-30.802426947691078
1120447,7036820,-30.815544851104676
1120447,6754304,-30.826680206976324
1120447,1670846,-30.843640480083298
1120447,826796,-30.843640480083298
1120447,4427184,-30.86668229293783
1120447,2786429,-30.86918530215446
1120447,2458314,-30.872701216547725
1120447,2161429,-30.883154307480158
1120447,7634102,-30.89195261634848
1120447,808699,-30.92670364781747
1120447,1351877,-30.930091338374783
1120447,507173,-30.930091338374783
1120447,3843387,-30.942948951210173
1120447,8017676,-30.958553647288973
1120447,473717,-30.975949805820377
1120447,8744939,-30.977362779061394
1120447,6849033,-30.980030345247897
1120447,1731138,-30.989003708983457
1120447,1731140,-30.989003708983457
1120447,8664452,-30.9905816757052
1120447,223009,-31.013910903164984
1120447,2223314,-31.013910903164984
1120447,7638867,-31.014434697907355
1120447,808693,-31.0175616593293
1120447,3020628,-31.02003955940199
1120447,1562229,-31.02221536523307
1120447,1731137,-31.040067846990908
1120447,1731139,-31.040067846990908
1120447,1731141,-31.040067846990908
1120447,8753503,-31.042841036624452
1120447,121083,-31.062412122894195
1120447,8529919,-31.062412122894195
1120447,2270915,-31.067608750655317
1120447,928894,-31.08524424123436
1120447,1670844,-31.097185036001466
1120447,7534308,-31.099876111119183
1120447,2006951,-31.102283353626298
1120447,8062207,-31.10297065500299
1120447,6484794,-31.10414650370335
1120447,473726,-31.10414650370335
1120447,1670842,-31.1087567452877
1120447,3768464,-31.11029850794628
1120447,7466900,-31.110786940932726
574575,1222553,-35.44780658979465
574575,1222554,-35.764680178560084
574575,2032642,-35.865278319565626
574575,8430162,-36.2594981616824
574575,2032646,-36.2594981616824
574575,4639585,-37.96924268445323
574575,5306231,-38.15562985029061
574575,4326407,-38.15562985029061
574575,7935743,-38.21004070872421
574575,7217847,-38.325080073471696
574575,2759592,-38.71785904066707
574575,590546,-38.728144760286895
574575,2571056,-39.00085043225192
574575,6021167,-39.10613580723282
574575,3176203,-39.422998297132885
574575,6183647,-39.52293877586739
574575,6100546,-39.5308745066806
574575,1416540,-39.53306550833781
574575,3176210,-39.535584554156635
574575,5106777,-39.547642295876166
574575,7740131,-39.58683280586212
574575,3241862,-39.631723946173935
574575,2828791,-39.71382816628654
574575,1319046,-39.78606683489895
574575,6161786,-39.81938979754748
574575,1615722,-39.85207491050139
574575,6100541,-39.905962705295714
574575,6417490,-40.0543607927617
574575,4808955,-40.2099107093231
574575,8232202,-40.29202921979597
574575,1416538,-40.29202921979597
574575,345093,-40.29398029253933
574575,1924817,-40.34255565025205
574575,819597,-40.43297720088128
574575,6827226,-40.44210698910791
574575,8558076,-40.53528090013087
574575,1222557,-40.69418883175866
574575,7883300,-40.71411770513723
574575,1007725,-40.81982800877691
574575,6883339,-40.84347306006725
574575,4937880,-40.86419677505977
574575,4955600,-40.87676249230651
574575,1615724,-40.9146787317545
574575,766621,-40.93236497705501
574575,3561164,-40.971867037311185
574575,711956,-40.971867037311185
574575,6907676,-40.989568186584954
574575,6161780,-41.047210630421
574575,187121,-41.06493787282731
574575,3951133,-41.08106610429844
574575,6598888,-41.08888004883623
574575,384910,-41.10198332383564
574575,5241409,-41.12592335161227
574575,2565336,-41.14966346797884
574575,4466908,-41.172107475292734
574575,5089846,-41.21253627606888
574575,2828794,-41.216899416777395
574575,5342448,-41.24003868732256
574575,1838162,-41.271739940445215
574575,2571059,-41.27861271660176
574575,3070864,-41.3350392083364
574575,7918142,-41.39328979515493
574575,3691823,-41.40442094143252
574575,6628594,-41.417040993966644
574575,6560930,-41.42061361267569
574575,3296334,-41.50463006774147
574575,3450888,-41.52096002062856
574575,2823438,-41.53375285920227
574575,8584695,-41.56235169677233
574575,4879068,-41.6023804836626
574575,1319049,-41.612284587236694
574575,3337364,-41.62719250381114
574575,711954,-41.63622430199369
574575,6230620,-41.64981808375868
574575,7418891,-41.654643089157354
574575,5844756,-41.701874799741724
574575,863336,-41.70248260186092
574575,2605452,-41.71807125192713
574575,2264497,-41.740440421304186
574575,6544623,-41.741518078482976
574575,3855555,-41.76362885672786
574575,3010908,-41.828023314944346
574575,5833478,-41.8433280695767
574575,7133181,-41.88018684767736
574575,3863084,-41.91272561539776
574575,5952205,-41.915881412396104
574575,7247703,-41.9258085777675
574575,5833476,-41.92758516312378
574575,8078784,-41.94167383334013
574575,8046758,-41.955799426161995
574575,8031783,-42.02315761038633
574575,1925812,-42.023242778003
574575,5944078,-42.02391491205544
574575,113624,-42.04110178486527
574575,3118411,-42.075118638311686
574575,7111276,-42.07822434098704
574575,3165855,-42.0856596264288
574575,2264492,-42.11170145709076
574575,749672,-42.1170019737232
574575,3219300,-42.165348900141225
1055865,3753625,-35.73778387877467
1055865,8654372,-37.226306332023015
1055865,8654373,-37.69331959879521
1055865,8654371,-37.8744834886402
1055865,3318413,-38.232859784673714
1055865,3319396,-38.624316757673796
1055865,8654367,-38.98729304521179
1055865,8654368,-39.85920614900055
1055865,4463868,-40.574106631492356
1055865,689853,-40.69883081617456
1055865,5569488,-40.73645494630029
1055865,4507869,-40.87661502155099
1055865,5217897,-41.209140799165226
1055865,8837068,-41.397234539989796
1055865,6140348,-41.602231064387404
1055865,3318407,-41.686641444837626
1055865,3318414,-41.823672790668645
1055865,4219211,-42.361524712678644
1055865,689850,-42.71391447296723
1055865,5722716,-42.79893195448699
1055865,6917575,-42.84756629333933
1055865,4773182,-42.901596807430955
1055865,6332669,-43.10546075482698
1055865,7847456,-43.36142670908281
1055865,5405925,-43.62821768859792
1055865,2670528,-43.71369379178389
1055865,5374873,-43.714879196543045
1055865,4773183,-43.73940045663962
1055865,4219213,-43.886752008896025
1055865,4122755,-43.91201097885747
1055865,3174632,-44.00338232203363
1055865,4219214,-44.063228251391415
1055865,4122761,-44.093835344715146
1055865,8654374,-44.13685441970232
1055865,7452944,-44.272058990380756
1055865,499077,-44.31946855779912
1055865,3753628,-44.559076247112614
1055865,7427200,-44.58857442732088
1055865,7293601,-44.6023898387019
1055865,7427204,-44.64766316260477
1055865,5073197,-44.78081767284549
1055865,4365993,-44.79180369133043
1055865,3773941,-44.846515449724464
1055865,4773179,-44.87218901602165
1055865,6998420,-44.87519112919445
1055865,4219216,-44.99004661769979
1055865,8542391,-45.00441975639285
1055865,3421935,-45.06604669607945
1055865,4052829,-45.07577831900516
1055865,3753630,-45.10245686760927
1055865,5130588,-45.10854855295827
1055865,6998417,-45.13862456989547
1055865,5301425,-45.17642697882309
1055865,2102882,-45.303456249490466
1055865,6523114,-45.32405369259557
1055865,2398831,-45.50156818108335
1055865,7243027,-45.56163414806521
1055865,4052823,-45.630396886570445
1055865,3298495,-45.64140644902133
1055865,6838494,-45.64922064848013
1055865,5315247,-45.68218867039251
1055865,3588294,-45.70950122683322
1055865,6838497,-45.75965148180646
1055865,6332663,-45.78832223674095
1055865,6838493,-45.79229539657596
1055865,3657377,-45.822614397298985
1055865,6838496,-45.883666739752115
1055865,499076,-45.964560128297975
1055865,2578357,-46.020420126934354
1055865,3657378,-46.02499649803212
1055865,499079,-46.058483329156594
1055865,2398834,-46.05956676369158
1055865,7292577,-46.06657176742728
1055865,8189708,-46.09872517153676
1055865,7090968,-46.149574831609996
1055865,2836569,-46.161027591747555
1055865,2685498,-46.16563798635526
1055865,6130444,-46.199007001164226
1055865,7090966,-46.23846493282004
1055865,4657910,-46.24220796731961
1055865,8387535,-46.2683298393885
1055865,8066227,-46.29037834434038
1055865,7847459,-46.29792413843599
1055865,2982732,-46.30814523400855
1055865,6130441,-46.310780089161945
1055865,4052831,-46.360839654493006
1055865,3753626,-46.3808313670219
1055865,2351177,-46.47230846086392
1055865,5621401,-46.50161669644805
1055865,1799171,-46.50885438543765
1055865,4126447,-46.51367282644211
1055865,6140353,-46.55284423530397
1055865,4587730,-46.55712786891651
1055865,8203975,-46.60949490528739
1055865,8231151,-46.60950824910879
1055865,8654369,-46.61380441055378
1055865,7293614,-46.680253395654354
1055865,6541019,-46.72228788160508
1055865,1454872,-46.73379215860823
1055865,8654370,-46.738497591092994
494835,1621582,-8.624666236437967
494835,7119411,-8.93667473339113
494835,8375399,-9.244976093045647
494835,7687119,-9.545097482197113
494835,2246325,-9.561424103475435
494835,6660619,-10.781977243241233
494835,6660622,-10.903226486874102
494835,2284101,-11.248141820382541
494835,4479437,-11.332070218580606
494835,8479968,-11.347342261928311
494835,511513,-11.43876217999119
494835,8198790,-11.490047041217867
494835,8321820,-11.490047041217867
494835,962017,-11.490047041217867
494835,6962231,-11.495558206235755
494835,5705289,-11.5400496456287
494835,2460469,-11.5400496456287
494835,2099196,-11.5400496456287
494835,3677872,-11.588832551877019
494835,1621581,-11.588832551877019
494835,8479964,-11.588832551877019
494835,5161103,-11.61278493397045
494835,817995,-11.61278493397045
494835,8753477,-11.61278493397045
494835,3080661,-11.636453849264456
494835,8124056,-11.636453849264456
494835,8790512,-11.636453849264456
494835,7616454,-11.636453849264456
494835,8479967,-11.650141554839049
494835,8183988,-11.659845928790839
494835,1511116,-11.659845928790839
494835,719933,-11.659845928790839
494835,7838830,-11.659845928790839
494835,5790432,-11.659845928790839
494835,1793943,-11.659845928790839
494835,2726248,-11.68296757359299
494835,7516504,-11.68296757359299
494835,3257190,-11.705824965240236
494835,3262059,-11.705824965240236
494835,2674348,-11.705824965240236
494835,2000701,-11.705824965240236
494835,4043791,-11.705824965240236
494835,6660618,-11.705824965240236
494835,3039917,-11.750770676944354
494835,4043787,-11.750770676944354
494835,4164851,-11.750770676944354
494835,4833440,-11.750770676944354
494835,5408609,-11.772870349317524
494835,7468408,-11.772870349317524
494835,2279956,-11.772870349317524
494835,4589832,-11.772870349317524
494835,5321066,-11.772870349317524
494835,5758247,-11.772870349317524
494835,8206688,-11.772870349317524
494835,8782947,-11.772870349317524
494835,6027063,-11.794728490381903
494835,3313187,-11.794728490381903
494835,4686443,-11.794728490381903
494835,5331684,-11.794728490381903
494835,5943142,-11.794728490381903
494835,444588,-11.794728490381903
494835,1621578,-11.816350322590335
494835,1399074,-11.816350322590335
494835,5666964,-11.816350322590335
494835,6375523,-11.816350322590335
494835,2927963,-11.824164308818307
494835,5298846,-11.837740900823832
494835,55622,-11.837740900823832
494835,4039065,-11.837740900823832
494835,8011619,-11.837740900823832
494835,7468404,-11.858905119484906
494835,3080669,-11.858905119484906
494835,7154654,-11.858905119484906
494835,7173158,-11.858905119484906
494835,6145377,-11.879847719219494
494835,3725816,-11.879847719219494
494835,6477396,-11.879847719219494
494835,7957774,-11.879847719219494
494835,3301626,-11.900573293290588
494835,6599688,-11.900573293290588
494835,556234,-11.900573293290588
494835,4709791,-11.900573293290588
494835,7516506,-11.921086293624967
494835,3333374,-11.921086293624967
494835,7919843,-11.921086293624967
494835,8764976,-11.921086293624967
494835,7344517,-11.921086293624967
494835,3417345,-11.921086293624967
494835,4626172,-11.921086293624967
494835,3744489,-11.921086293624967
494835,5459946,-11.921086293624967
494835,2419379,-11.921086293624967
494835,6911641,-11.921086293624967
494835,7025967,-11.921086293624967
494835,6660616,-11.921086293624967
494835,4479434,-11.921086293624967
494835,8217072,-11.921086293624967
494835,667608,-11.941391036553004
494835,1355755,-11.941391036553004
494835,1382157,-11.941391036553004
1126814,8783832,-7.029708983164137
1126814,8783828,-7.297612250651998
1126814,8783826,-7.888406363784817
1126814,8783825,-7.906847769266024
1126814,2065085,-7.928705910330405
1126814,8783830,-8.120704075499619
1126814,8783831,-8.212006944456459
1126814,8783833,-8.366824261014074
1126814,8783834,-8.472847244548538
1126814,8783829,-8.883987703783543
1126814,8783827,-8.973890479508075
1126814,371140,-12.287468927914723
1126814,1718914,-16.08646647563649
1126814,7491253,-16.08646647563649
1126814,3839699,-16.097744423633564
1126814,155337,-16.17226679536847
1126814,7215870,-16.173436699515968
1126814,5695569,-16.173436699515968
1126814,1454394,-16.175561928928666
1126814,6585233,-16.183212564544252
1126814,1802937,-16.18831524510163
1126814,978100,-16.19236746707547
1126814,310119,-16.198252552089635
1126814,7448481,-16.223652715670266
1126814,1805234,-16.228509942159267
1126814,5040548,-16.25123935993494
1126814,8154500,-16.290381056812464
1126814,3352752,-16.290544550972474
1126814,362119,-16.291292583359418
1126814,7934284,-16.291292583359418
1126814,697722,-16.305296704710777
1126814,8606378,-16.312367382697467
1126814,2061966,-16.313891693867287
1126814,4083329,-16.329785690401355
1126814,7052140,-16.351247834911852
1126814,8553988,-16.356305111435233
1126814,4374352,-16.356305111435233
1126814,8156404,-16.356305111435233
1126814,6338342,-16.356305111435233
1126814,1396457,-16.358337967436707
1126814,6292274,-16.358337967436707
1126814,1360278,-16.37388994377361
1126814,6977530,-16.37388994377361
1126814,1771172,-16.37491675020586
1126814,985331,-16.37702359685695
1126814,8545787,-16.37702359685695
1126814,912760,-16.38019610850109
1126814,8425673,-16.382987826684122
1126814,3418511,-16.38803642030573
1126814,8692545,-16.38803642030573
1126814,6745233,-16.38803642030573
1126814,1724967,-16.38803642030573
1126814,6401928,-16.38803642030573
1126814,5190036,-16.394194686701645
1126814,517175,-16.401817940709517
1126814,2541783,-16.409216182572198
1126814,8021256,-16.414295358408648
1126814,5190038,-16.414295358408648
1126814,5190043,-16.414295358408648
1126814,3080373,-16.421430474534393
1126814,8359691,-16.43437374698592
1126814,8590260,-16.43437374698592
1126814,583273,-16.43437374698592
1126814,2110587,-16.444372737604088
1126814,2913157,-16.4511095892244
1126814,1896188,-16.453900613001007
1126814,8762220,-16.459218786983033
1126814,1566538,-16.471964818503796
1126814,6616533,-16.489233577885756
1126814,108985,-16.489233577885756
1126814,4691132,-16.489233577885756
1126814,7587206,-16.49247696930926
1126814,8217754,-16.499176122615353
1126814,8434832,-16.499176122615353
1126814,3839698,-16.499176122615353
1126814,8596023,-16.506374964694803
1126814,1896187,-16.50655391174415
1126814,646224,-16.50800169323135
1126814,4418188,-16.511333250258925
1126814,3944273,-16.511333250258925
1126814,108989,-16.511333250258925
1126814,4377989,-16.526022163279634
1126814,2343178,-16.526858654672186
1126814,6651472,-16.531954075324784
1126814,4910471,-16.531954075324784
1126814,1983999,-16.552512616779676
1126814,151980,-16.552512616779676
1126814,7092228,-16.554020286642768
1126814,7301075,-16.55481322353174
1126814,4385505,-16.55481322353174
1126814,8046476,-16.55481322353174
1126814,835952,-16.55562299061879
1126814,1771170,-16.566859988085525
1126814,2946184,-16.57620380176523
1126814,1432673,-16.57620380176523
1126814,4690253,-16.57671139170246
1126814,5660093,-16.57671139170246
1126814,8134594,-16.578656779914382
1126814,108981,-16.578656779914382
1126814,8811936,-16.578656779914382
168216,1381477,-22.09450107688196
168216,3174840,-22.182821961302864
168216,3830857,-22.19551461346956
168216,13499,-22.627108134112678
168216,2265769,-23.559518278275487
168216,1735358,-23.904165858125072
168216,290826,-23.95927629967575
168216,2265772,-24.009431995104443
168216,8639627,-24.010988486918194
168216,8639630,-24.17889783463488
168216,1924800,-24.17889783463488
168216,1735360,-24.259878008336155
168216,4792582,-24.346108188337894
168216,4119829,-24.460873238607213
168216,3033359,-24.58138341032054
168216,8723467,-24.58138341032054
168216,8731623,-24.70390438448267
168216,1924796,-24.754107181519323
168216,8639633,-24.944625137909497
168216,2069995,-25.265744151901167
168216,5293614,-25.39988263719509
168216,6264733,-25.456072119922318
168216,6282562,-25.498575460604545
168216,6061721,-25.84997650918789
168216,1183706,-25.8877125373648
168216,6061722,-26.228940261914868
168216,3399712,-26.28991662738396
168216,7745780,-27.115645286756163
168216,3344828,-27.191213044064177
168216,2069992,-27.410807513915582
168216,8141128,-27.441378201065685
168216,6061726,-27.53888359427154
168216,4498419,-27.540359873398213
168216,6329932,-27.55003302205204
168216,3198680,-27.589135273539043
168216,1301472,-27.715766064738794
168216,8731621,-27.879715178853743
168216,1301469,-27.879715178853743
168216,8252763,-27.97895916981752
168216,6282561,-28.065356601270377
168216,661750,-28.08083183705685
168216,3908773,-28.131371541409138
168216,1301466,-28.1446007720325
168216,7337519,-28.174006454479738
168216,6061718,-28.20829613560653
168216,1301468,-28.211715873693205
168216,3908777,-28.221189670124993
168216,1090088,-28.23181056648512
168216,6213325,-28.246319132532626
168216,6426638,-28.249488224057732
168216,3908776,-28.2927785377733
168216,7337513,-28.313187213326607
168216,3908774,-28.340448591543172
168216,5935477,-28.344646691321504
168216,2790904,-28.39918146521601
168216,7492755,-28.45656750579645
168216,1301467,-28.511212858457405
168216,6213322,-28.52869057040808
168216,3198689,-28.540521632647298
168216,8185137,-28.56640587742038
168216,6282567,-28.611377244588134
168216,3198687,-28.61144480760708
168216,3399715,-28.61144480760708
168216,1301465,-28.617938754010822
168216,4792583,-28.625886885834873
168216,6249512,-28.625886885834873
168216,4324491,-28.627756340379452
168216,2036279,-28.671654431214904
168216,1301474,-28.68836314304118
168216,5935476,-28.72401093055138
168216,2659074,-28.731153931824032
168216,6426634,-28.745940213291114
168216,8731625,-28.80741638650977
168216,8185131,-28.80741638650977
168216,3681095,-28.826302236013667
168216,8185135,-28.83425036783771
168216,3344834,-28.86589658532573
168216,5690224,-29.03734195271889
168216,8048968,-29.14845763664244
168216,8185129,-29.219465443772535
168216,6282560,-29.231424278893197
168216,8252762,-29.39365976401436
168216,4324492,-29.51899749741105
168216,3908779,-29.5392090667739
168216,5935474,-29.669762688264484
168216,6426632,-29.71815966536348
168216,7492753,-29.79788743876985
168216,6548726,-29.814032739630843
168216,3004214,-29.870462969441895
168216,5024307,-29.888365702468555
168216,4324487,-29.900221807842463
168216,3399713,-29.92407847409643
168216,731200,-30.003677801237387
168216,3198682,-30.097128862211154
168216,4191395,-30.141811110619862
168216,6061723,-30.324484283642434
168216,4938900,-30.330874587760256
168216,8731617,-30.49956575135453
168216,3463556,-30.568953210766114
168216,1274194,-30.614265327724468
100983,4681480,-9.534410386288844
100983,7198157,-9.892643866122983
100983,3081421,-9.960112740130146
100983,1815153,-10.053575653522639
100983,1183965,-10.179557738910859
100983,3426608,-10.180801248727104
100983,3112012,-10.193183602437323
100983,7485586,-10.227257588779347
100983,5281609,-10.239545015919882
100983,6013124,-10.25420476752236
100983,3081423,-10.2776695697491
100983,4902699,-10.292411962646977
100983,3081422,-10.318486525916438
100983,7642427,-10.33844378048259
100983,4486504,-10.34091979410594
100983,5281612,-10.360705051170035
100983,7613813,-10.370876164070767
100983,3318273,-10.405195487820912
100983,3081418,-10.430770225995428
100983,7613811,-10.47092085229841
100983,5644251,-10.476740242180064
100983,5574827,-10.551257050893318
100983,6990295,-10.552827680473879
100983,7704804,-10.554786419726199
100983,117386,-10.557790483867441
100983,2820897,-10.59215538310899
100983,2242608,-10.601681913781817
100983,4036597,-10.603612345873733
100983,6578844,-10.606830161324405
100983,5484054,-10.62697974867605
100983,928683,-10.655199838903792
100983,7666902,-10.679286645141646
100983,4486503,-10.689479164267413
100983,7666898,-10.690698629174657
100983,7192781,-10.720200820442017
100983,5331075,-10.734322481548126
100983,2853391,-10.739408397699554
100983,641989,-10.764473489108632
100983,3214534,-10.789376865309633
100983,5521704,-10.808216739460564
100983,2834099,-10.811283990586674
100983,3900829,-10.832098434647023
100983,2820896,-10.833530261450306
100983,5089965,-10.83936145340431
100983,7693750,-10.840781549829202
100983,4681487,-10.867638756618742
100983,3542846,-10.876206090899077
100983,5281606,-10.880590667868173
100983,1971812,-10.910843981616926
100983,2242614,-10.916905668350715
100983,7397524,-10.949006358644288
100983,6648237,-10.961350925706137
100983,4681482,-10.970530262364843
100983,6782187,-10.97620560231535
100983,2834104,-11.006427990737881
100983,3081425,-11.025551118406229
100983,3081420,-11.0787200126281
100983,3808045,-11.088260184048199
100983,5804026,-11.089474941438128
100983,486189,-11.089506280221464
100983,6374301,-11.08979964536095
100983,5594650,-11.094543492196749
100983,593083,-11.100934910716084
100983,1690137,-11.1039835524332
100983,866744,-11.108791371093357
100983,7613815,-11.12038785667875
100983,5817067,-11.120794998315585
100983,2224904,-11.12104739564477
100983,3081424,-11.122580695939181
100983,6990294,-11.129727954883352
100983,6603553,-11.145953748765425
100983,2774325,-11.14980164548096
100983,1465037,-11.164910291306668
100983,5480789,-11.16733340416295
100983,613145,-11.168275512157393
100983,1183963,-11.175353771982243
100983,2370760,-11.185447541616174
100983,1465041,-11.206737413992382
100983,4918878,-11.210643175342932
100983,1478800,-11.212530445011428
100983,6415948,-11.221370829633248
100983,5574823,-11.223195343018723
100983,3731048,-11.230584615904329
100983,5058879,-11.254663505461954
100983,6254706,-11.260329456940205
100983,7192779,-11.267638039557465
100983,1478808,-11.267644464180517
100983,4203220,-11.277066093662365
100983,3483285,-11.280373584446757
100983,4036596,-11.284827525795217
100983,8637224,-11.318915540881687
100983,2820892,-11.338287880748984
100983,3319668,-11.365728739331997
100983,5480783,-11.38366451072491
100983,4287080,-11.386671108559039
100983,1478806,-11.391162184286463
100983,3318276,-11.39235888871469
100983,2852429,-11.393649064000847
100983,6254707,-11.393649064000847
100983,6415947,-11.417425684333129
194013,73080,-17.263024701636965
194013,8108372,-17.79954112719769
194013,73074,-18.061720681876558
194013,73078,-19.12566527141334
194013,1179976,-19.69732388007769
194013,1179977,-19.69732388007769
194013,2529058,-19.73954972613716
194013,73075,-19.753662839604647
194013,73076,-21.498001757424774
194013,73077,-23.81734376553355
194013,2557801,-24.220542153161936
194013,73079,-24.52838631770645
194013,1044672,-25.136356911023427
194013,199036,-25.20448417771461
194013,1186986,-25.225249458162267
194013,6980109,-25.31220940470789
194013,3440446,-25.35499056117488
194013,6980110,-25.480655346108396
194013,1186979,-25.562290832633224
194013,3083241,-25.759375028660358
194013,577031,-26.080125551182384
194013,2529061,-26.161539945547865
194013,1587597,-28.574397531238116
194013,3895666,-28.781595789011043
194013,3048671,-28.91875208292557
194013,2973322,-29.07205014437576
194013,7762107,-29.218544370841645
194013,718646,-29.263050518010544
194013,8760380,-29.384887347949377
194013,3961060,-29.51041908378395
194013,6240647,-29.55105232418733
194013,5147749,-29.55105232418733
194013,6240648,-29.59839015477535
194013,2223328,-29.626980482819928
194013,7249455,-29.69141760343242
194013,169540,-29.693128645603426
194013,8023951,-29.75126585556152
194013,8306838,-29.76369249961339
194013,5339504,-29.805917298891117
194013,252024,-29.83820208917739
194013,1654485,-29.84660914692442
194013,199041,-29.862796105472274
194013,3902508,-29.891659803001247
194013,740079,-29.92900393355813
194013,779084,-29.92900393355813
194013,6395550,-29.92900393355813
194013,8442395,-29.988021341122845
194013,8302625,-29.994229525454593
194013,8356475,-30.0009642578941
194013,169542,-30.013299476297576
194013,5257299,-30.013299476297576
194013,8150710,-30.030694612654614
194013,1386326,-30.033736124417334
194013,6588123,-30.033736124417334
194013,2898038,-30.043292695216245
194013,4317935,-30.043292695216245
194013,770373,-30.077008116118083
194013,6818193,-30.077008116118083
194013,506055,-30.07893434543307
194013,6770533,-30.085745748699622
194013,1049143,-30.09927309852575
194013,5339513,-30.106810983841463
194013,3677594,-30.123627547825567
194013,6909300,-30.123627547825567
194013,1186982,-30.126627976639462
194013,7109104,-30.145711086639906
194013,185629,-30.16765504349637
194013,199040,-30.16895641396161
194013,1185196,-30.18921411384768
194013,5722363,-30.197217483173635
194013,590037,-30.21963113994076
194013,6234852,-30.22396222786869
194013,6240650,-30.24846587276645
194013,2898039,-30.252337004641262
194013,2122742,-30.252337004641262
194013,7769363,-30.254786839117532
194013,3944033,-30.287043141547777
194013,4269273,-30.287043141547777
194013,5702618,-30.303964894695365
194013,1581551,-30.327676381951168
194013,6240646,-30.33222273004599
194013,7335148,-30.345364453298338
194013,6058545,-30.36566342457414
194013,1186983,-30.37412959151181
194013,601585,-30.376613348810555
194013,7411441,-30.376613348810555
194013,7186558,-30.380070590204845
194013,4409734,-30.38178163237586
194013,4229426,-30.391079236592827
194013,4979589,-30.391079236592827
194013,4504562,-30.400343047922057
194013,1011355,-30.418018904498247
194013,506052,-30.42323278051804
194013,5937308,-30.425785373499334
194013,8286591,-30.43627745760856
194013,6287108,-30.453858133624916
194013,3440243,-30.47098359451507
194013,7005976,-30.471022953295794
194013,555126,-30.48097066000106
194013,6170865,-30.48097066000106
1119092,8074960,-17.132737906905973
1119092,8074957,-17.136567792629947
1119092,8097019,-18.211166604545713
1119092,277150,-18.665838529380213
1119092,7395112,-18.884662674233713
1119092,770119,-19.335411819860205
1119092,5092392,-19.40295852610368
1119092,277153,-19.657464278480923
1119092,2321959,-20.06527868867118
1119092,381284,-20.148593068060123
1119092,6083785,-20.23483074099118
1119092,7101379,-20.650247771523162
1119092,4267737,-20.69455970702533
1119092,8245262,-20.75351694695582
1119092,5185838,-20.942353366458196
1119092,1356796,-21.115394487018452
1119092,7101384,-21.27409869106794
1119092,247809,-21.284797589957545
1119092,4464880,-21.35729036190593
1119092,1680384,-21.384873697853813
1119092,7395105,-21.427966289695625
1119092,5402701,-21.460234751611214
1119092,7395109,-21.472839192042315
1119092,8074961,-21.525250025423922
1119092,5807699,-21.558419791174558
1119092,2686679,-21.564590633364276
1119092,3779603,-21.564590633364276
1119092,2302961,-21.568849326232613
1119092,8388930,-21.575292843815056
1119092,7395106,-21.576131376417024
1119092,8353481,-21.69792780223076
1119092,6499136,-21.837867609274184
1119092,8439267,-21.850788629866873
1119092,5900528,-21.885526269669835
1119092,8074966,-21.89703191947118
1119092,53145,-21.912636141322796
1119092,277149,-21.928446445012156
1119092,5890673,-21.942352415232648
1119092,8353486,-21.987944923781402
1119092,176484,-21.996703451619318
1119092,7177551,-22.000859087764518
1119092,3891643,-22.010081931536984
1119092,1406132,-22.01468058513183
1119092,277152,-22.02017255289672
1119092,3910051,-22.107628310237367
1119092,277155,-22.107628310237367
1119092,7152313,-22.127188539164976
1119092,8748431,-22.127188539164976
1119092,1272639,-22.20626618166787
1119092,1272634,-22.20626618166787
1119092,277148,-22.20748899240334
1119092,4174055,-22.216362976319008
1119092,2649357,-22.231974257625367
1119092,5402707,-22.248907011255007
1119092,1406127,-22.254273151456104
1119092,1406136,-22.254273151456104
1119092,7082126,-22.30051644106041
1119092,277156,-22.346231224354902
1119092,1198691,-22.346231224354902
1119092,4414573,-22.362550539256706
1119092,7703044,-22.391429445370633
1119092,8353484,-22.406948786042708
1119092,5402699,-22.436122647763135
1119092,3057461,-22.447804379328836
1119092,5402706,-22.45408018880521
1119092,2105112,-22.493881512217886
1119092,8388934,-22.5672819390551
1119092,5788327,-22.574396324576607
1119092,8074963,-22.602834606628857
1119092,622830,-22.631042523454017
1119092,8595112,-22.631042523454017
1119092,5307104,-22.650375935347473
1119092,7925150,-22.652391532844238
1119092,892423,-22.652391532844238
1119092,1593293,-22.687155821301115
1119092,2083309,-22.693550266587124
1119092,5340452,-22.69427673231342
1119092,7082130,-22.69427673231342
1119092,1911858,-22.702839815450524
1119092,3910050,-22.720797356492596
1119092,3910052,-22.720797356492596
1119092,8146445,-22.722020137662582
1119092,2302957,-22.72471478270047
1119092,5340446,-22.735727880455606
1119092,5340444,-22.776753881124364
1119092,8097021,-22.776753881124364
1119092,5687467,-22.800405627947157
1119092,3046573,-22.84831039213402
1119092,5092397,-22.871520250102183
1119092,2559982,-22.893951038496418
1119092,2302959,-22.895350436310345
1119092,2083987,-22.897366033807113
1119092,892420,-22.897366033807113
1119092,494402,-22.93677521957916
1119092,102063,-22.98774529018979
1119092,8074965,-22.988675671379106
1119092,224654,-23.020402589185068
1119092,3910049,-23.020402589185068
1119092,352612,-23.028532418706828
1119092,7789188,-23.028532418706828
1133167,4443375,-23.039944493891472
1133167,8255705,-23.129724739806484
1133167,434126,-23.171299720521215
1133167,8160241,-23.224411175048687
1133167,190809,-23.24840609310068
1133167,1883281,-23.2674026808798
1133167,6299575,-23.354050069082103
1133167,2276678,-23.36649773637688
1133167,3953805,-23.374060497930095
1133167,8839920,-23.452343111091583
1133167,7793414,-23.716318807225676
1133167,5674622,-23.747851066047428
1133167,4443370,-23.77306493627257
1133167,7093509,-23.810709241904497
1133167,2613290,-23.86556344559982
1133167,5674623,-23.901959812035283
1133167,2613293,-24.046192250696645
1133167,823275,-24.064166551311768
1133167,1883280,-24.095164646773558
1133167,3944276,-24.115440292748215
1133167,190806,-24.15009361724764
1133167,8250498,-24.151093739028223
1133167,7218016,-24.179251862146945
1133167,8160230,-24.24878418840143
1133167,7486597,-24.26119927444086
1133167,6467522,-24.313828908191574
1133167,8160224,-24.343377981450775
1133167,6467517,-24.343377981450775
1133167,3421900,-24.35640526781407
1133167,8033647,-24.377327495125748
1133167,2623303,-24.403323204020424
1133167,7091940,-24.433251121697914
1133167,6103289,-24.442085679483164
1133167,4494097,-24.44782970321192
1133167,8033645,-24.449360214680734
1133167,1790120,-24.46021810546782
1133167,8484845,-24.488686154904567
1133167,4498479,-24.564541475729683
1133167,7486594,-24.73035684421457
1133167,1883277,-24.81215611269474
1133167,5674626,-24.826960187497328
1133167,5664803,-24.87791554545003
1133167,8160243,-24.878612710564216
1133167,6112586,-24.88128958391192
1133167,6257037,-24.8828646825241
1133167,8250501,-24.88353344089338
1133167,7218019,-24.892758206883556
1133167,8255704,-24.926358920302793
1133167,8415744,-24.936713486190335
1133167,3421898,-24.976697743658086
1133167,3355083,-24.989358306529954
1133167,7093512,-25.005255058143653
1133167,8160225,-25.01097200846939
1133167,1379370,-25.013188844408297
1133167,6467518,-25.025996024213303
1133167,1824488,-25.04072834670392
1133167,7486601,-25.05558216678995
1133167,3560313,-25.09287467742746
1133167,4625145,-25.098043627227046
1133167,1883274,-25.178527343165214
1133167,7218015,-25.19747845639563
1133167,823278,-25.21185688989513
1133167,4550243,-25.245876296839903
1133167,5093353,-25.258563763740614
1133167,6112592,-25.321935193708025
1133167,2491371,-25.323075013103196
1133167,6999438,-25.326682176361313
1133167,4550241,-25.33589010303449
1133167,8484851,-25.34868566945502
1133167,1561043,-25.37529096709728
1133167,3074597,-25.414675695316852
1133167,8484849,-25.45747405807136
1133167,4926204,-25.478324581520017
1133167,823272,-25.482431377678623
1133167,8250500,-25.484189402095833
1133167,2276675,-25.49002247059326
1133167,5985458,-25.491265897832854
1133167,3074598,-25.502415160484023
1133167,2613291,-25.528596008923984
1133167,8415745,-25.5307973864146
1133167,5787117,-25.537726272934666
1133167,4494100,-25.54191008846917
1133167,4625147,-25.547747200672422
1133167,1824484,-25.56328898581765
1133167,563738,-25.56381496367533
1133167,4712279,-25.574696743037997
1133167,4494104,-25.58288364184608
1133167,2613294,-25.589176005588925
1133167,7486600,-25.598507136934984
1133167,4625148,-25.616319375614157
1133167,332787,-25.68220224801549
1133167,4926199,-25.684116707137758
1133167,7091943,-25.70023016537518
1133167,3421904,-25.70093118195912
1133167,2010279,-25.703211596662943
1133167,7218020,-25.715649501822547
1133167,8250503,-25.74017446359349
1133167,1824481,-25.761505299845663
1133167,6467524,-25.76581823597954
1133167,7793409,-25.80344642261466
1133418,8235133,-36.57056395184571
1133418,8235137,-41.58180202413232
1133418,8235138,-41.93090358663369
1133418,4352727,-47.641447570636494
1133418,4352734,-48.30490261913229
1133418,6397517,-49.90496817252337
1133418,4352735,-50.49378592586581
1133418,8235135,-50.75032541168675
1133418,8235130,-50.86121440325549
1133418,4268149,-50.94137005670659
1133418,4268147,-51.03527649318412
1133418,8038574,-51.4245593434122
1133418,4352732,-51.64434467417491
1133418,4489642,-52.43672783674849
1133418,8038565,-52.62329682332763
1133418,4352730,-52.62996277116161
1133418,8038570,-52.660844743563295
1133418,433658,-52.837010037650835
1133418,4268148,-52.90599318522496
1133418,4268150,-53.187907079509145
1133418,4489643,-53.29175885445976
1133418,8235129,-53.45985597542686
1133418,4268145,-53.49105048798436
1133418,8146225,-53.72892076466904
1133418,4352728,-53.73223239006603
1133418,4268143,-53.78540696308655
1133418,8237965,-53.85552439720304
1133418,6562491,-53.85591443079499
1133418,433655,-53.98476990884375
1133418,433661,-54.003532063157486
1133418,7014506,-54.01611563359663
1133418,7973346,-54.15126875275177
1133418,8038573,-54.283589930679454
1133418,8356102,-54.31376957266528
1133418,7973348,-54.33318969096906
1133418,8237972,-54.33318969096906
1133418,7973344,-54.61925993614798
1133418,2836126,-54.9349382883546
1133418,7292065,-55.00284804197622
1133418,6016262,-55.132064143948405
1133418,5983779,-55.20585337538593
1133418,5363298,-55.39063782086978
1133418,3401217,-55.39063782086978
1133418,5363291,-55.39063782086978
1133418,3539002,-55.39063782086978
1133418,6345219,-55.39063782086978
1133418,5983775,-55.39063782086978
1133418,7296536,-55.43831310574008
1133418,433662,-55.54697501128335
1133418,8141299,-55.711612783300545
1133418,8235134,-55.88733363651597
1133418,6034519,-55.916579345640706
1133418,8237964,-56.02018756220379
1133418,646012,-56.15976417376378
1133418,8699782,-56.18514185982569
1133418,8699788,-56.18514185982569
1133418,7293321,-56.25954633822075
1133418,3140035,-56.49550593998587
1133418,2836119,-56.51556818691013
1133418,8120989,-56.61456060347691
1133418,1046851,-56.619539432273605
1133418,1479490,-56.63790020995911
1133418,4768969,-56.71865480661417
1133418,5234842,-56.7599849202805
1133418,5041031,-56.937841063455025
1133418,3140040,-56.980502914517345
1133418,8724111,-56.99647631839558
1133418,5977070,-56.99647631839558
1133418,7014499,-57.03775664954694
1133418,4111419,-57.07450517359567
1133418,3381082,-57.0989265769832
1133418,5624840,-57.1518210052524
1133418,1646961,-57.19969074739408
1133418,5247338,-57.29008718942555
1133418,3576719,-57.306111426522946
1133418,5780724,-57.323692329901874
1133418,4111421,-57.326656544803825
1133418,8731392,-57.36679220066312
1133418,307309,-57.37947359421055
1133418,8573503,-57.40702937169229
1133418,1925906,-57.45374362911517
1133418,614101,-57.480552472961946
1133418,6399795,-57.51845004787412
1133418,1324114,-57.51845004787412
1133418,6025592,-57.51845004787412
1133418,5751200,-57.51845004787412
1133418,6562485,-57.56933466453745
1133418,7293317,-57.59574533516801
1133418,4823755,-57.63305464899996
1133418,6139944,-57.65074365368277
1133418,2590190,-57.65074365368277
1133418,6562492,-57.73260910181432
1133418,7759574,-57.76128276996735
1133418,4401778,-57.77300932592514
1133418,7184616,-57.798105610304646
1133418,1776128,-57.81189476840333
1133418,3577908,-57.85595843114337
1133418,5868880,-57.86384644951918
1133418,2388903,-57.870307995399145
1133418,1891777,-57.870307995399145
427578,3009509,-29.354371985080057
427578,2190824,-29.451065786120115
427578,486748,-29.737621282762394
427578,7205367,-29.764876962158315
427578,2242180,-29.970856765997144
427578,2190819,-30.03874297834823
427578,8674045,-30.084567219990635
427578,991038,-30.147559125986877
427578,4004813,-30.157469978326866
427578,2315696,-30.199267729326493
427578,2315691,-30.63021791892406
427578,486754,-30.682691543666508
427578,320215,-30.766212537272636
427578,1195746,-31.030354547632243
427578,2315692,-31.058711134558393
427578,2315695,-31.058711134558393
427578,8545436,-31.260063238408407
427578,4186402,-31.382463345719337
427578,6577520,-31.415843384968102
427578,1050420,-31.538653552524472
427578,1732744,-31.67373878533165
427578,4186401,-31.69471639315429
427578,5374871,-31.770794547380785
427578,1245314,-31.877086990711973
427578,5032044,-31.905064647553885
427578,5342170,-31.953087375751814
427578,6951490,-31.967424599681923
427578,6413170,-32.05739618033881
427578,2574407,-32.07219310003684
427578,6472268,-32.10493587283346
427578,7580073,-32.12917377063375
427578,1883485,-32.239398023982446
427578,5032043,-32.2615439909607
427578,7071443,-32.27693090436739
427578,5474221,-32.33103837625276
427578,2315697,-32.36565446472926
427578,2567622,-32.39526036972628
427578,4783957,-32.46515785717555
427578,2668265,-32.50030640781905
427578,522948,-32.50714824567865
427578,2240673,-32.54122526783258
427578,2240675,-32.55346036069898
427578,4824099,-32.59114299655892
427578,4724793,-32.59298264016727
427578,2567623,-32.59643161785316
427578,1612889,-32.72263068565896
427578,5342167,-32.763535184693545
427578,5355905,-32.84503071839437
427578,6629926,-32.87040242079044
427578,5319283,-32.896674349631525
427578,300759,-32.97916031618239
427578,486751,-33.0820133959505
427578,5780718,-33.08538985931416
427578,2240676,-33.10438368721533
427578,3301582,-33.179314338737775
427578,1752917,-33.22295776228329
427578,6603312,-33.38118584411831
427578,5198088,-33.43444557703128
427578,2064048,-33.512825104162765
427578,4621657,-33.540744513059366
427578,3845137,-33.57163491515671
427578,7071442,-33.63758615346838
427578,534185,-33.6669396057104
427578,4040234,-34.02518433067117
427578,7518536,-34.2377582116767
427578,2190822,-34.45705102722029
427578,179042,-34.53271605887368
427578,522954,-34.62217999566924
427578,486752,-34.67696440085393
427578,2190825,-34.74875990202427
427578,8677810,-34.752228891978916
427578,5474220,-34.810731338796046
427578,2720858,-34.99390751487891
427578,2190821,-35.02879724432016
427578,3035877,-35.02951974234679
427578,3898910,-35.23729121784403
427578,2272738,-35.25500455639603
427578,8793251,-35.27941251181118
427578,2551513,-35.281024739264815
427578,5299408,-35.289280713896325
427578,5561946,-35.2966368027451
427578,8793250,-35.29815560219296
427578,8383567,-35.38380815541349
427578,2535978,-35.445142443458735
427578,5686981,-35.453346861518824
427578,2952300,-35.48390602513132
427578,3360530,-35.54680423807045
427578,5925427,-35.563819467015506
427578,7518542,-35.58220462966635
427578,6840567,-35.59417511126094
427578,5299410,-35.6304613892963
427578,4045384,-35.64529230311726
427578,4690829,-35.683458980195276
427578,4969009,-35.6930163850636
427578,5964076,-35.7031489105593
427578,8383570,-35.72634881922711
427578,3112533,-35.73228667567355
427578,8571836,-35.73746065733262
427578,5353176,-35.74284561732834
427578,148853,-35.76663129062567
324211,1280978,-53.50700776953432
324211,903747,-53.50700776953432
324211,7512300,-57.39987910242667
324211,625217,-58.17699890242279
324211,1967858,-59.327693167461184
324211,3413988,-59.364929647390554
324211,107587,-59.859599919724374
324211,4776224,-59.97493866771344
324211,7512294,-60.45409785275451
324211,3054539,-60.53979178795189
324211,1967856,-60.5601000703158
324211,4452182,-60.57237619007837
324211,1853579,-60.72400604991117
324211,5898841,-60.84922468229566
324211,6623290,-60.88522301647492
324211,3336209,-60.93969923518332
324211,107583,-61.09914660381382
324211,1103528,-61.38619840677329
324211,5715728,-61.5127545062867
324211,7073895,-61.523088112074625
324211,3413992,-61.58501293999012
324211,3138636,-61.72255374557301
324211,5506808,-61.81805642784845
324211,107588,-61.856756796534235
324211,6083562,-61.97329125192013
324211,6542182,-62.089858306362515
324211,3413995,-62.30007754935314
324211,107584,-62.3358733090252
324211,5376570,-62.361926168191964
324211,2164903,-62.41380255153521
324211,6769414,-62.473950193792966
324211,5557318,-62.525062583261814
324211,5599364,-62.56107527916118
324211,102611,-62.60450528660025
324211,1103525,-62.64262441432311
324211,5638200,-62.74982970251325
324211,6209325,-62.81608876685283
324211,231095,-62.81608876685283
324211,3413987,-62.836769355216894
324211,549285,-62.9012524883455
324211,3138634,-63.01816713779321
324211,4324993,-63.062275930810074
324211,3956781,-63.083823289637984
324211,4776223,-63.266007689178664
324211,3054541,-63.35189426465075
324211,5135365,-63.377683775282875
324211,6025152,-63.3846344683135
324211,7422190,-63.40544200485982
324211,92703,-63.44507763879011
324211,6623291,-63.46049405338234
324211,1481659,-63.4841119140203
324211,1046558,-63.5359318394713
324211,5379930,-63.547918198385794
324211,3054535,-63.571914825106106
324211,4324992,-63.595818188151185
324211,1738725,-63.627061820888265
324211,2161448,-63.63258396989761
324211,1188768,-63.64192179095526
324211,1134291,-63.64963139267703
324211,3875855,-63.660437006505965
324211,903754,-63.75793552565376
324211,8336886,-63.77660739616294
324211,5557321,-63.81013140045091
324211,454178,-63.82379737708047
324211,107580,-63.83758616205771
324211,3275012,-63.8547404782462
324211,5571189,-63.93068835126991
324211,1925370,-63.94712682324806
324211,4324997,-63.96556203986339
324211,8522232,-64.0126998582687
324211,6805367,-64.05536073979171
324211,5596609,-64.08323255141121
324211,6065412,-64.08323255141121
324211,8015822,-64.1039899114503
324211,903749,-64.10759600210658
324211,3054540,-64.13317637291324
324211,2815314,-64.16635810048481
324211,6024173,-64.19162612591643
324211,903748,-64.1959498907765
324211,6065415,-64.21624398176637
324211,3318119,-64.25663007592907
324211,5684614,-64.28359975691744
324211,532610,-64.29622953072679
324211,6065414,-64.35353170597702
324211,2927386,-64.3544390277458
324211,8015826,-64.40840703131953
324211,6244566,-64.41116968529845
324211,2567379,-64.42339507572355
324211,5820642,-64.55441837951535
324211,8318356,-64.55832575284948
324211,5824990,-64.56342592140525
324211,8341556,-64.59476132426448
324211,514609,-64.67520362698008
324211,4324991,-64.75124300613696
324211,6344431,-64.75140736289787
324211,7355474,-64.75965415916889
324211,399468,-64.79734632206726
324211,7952578,-64.80399098185515
324211,6542185,-64.82668270609764
324211,5719719,-64.82984861747285
11096,8296006,-28.464821015212156
11096,8296001,-33.00108820268749
11096,8296002,-34.78504400418959
11096,8296000,-35.25681729607537
11096,3489331,-35.39671637908423
11096,2568674,-36.339680869643985
11096,4680203,-36.65297402799579
11096,4680197,-36.67089812118772
11096,8296007,-37.14231189509438
11096,8606620,-37.5874675688779
11096,8606621,-37.5874675688779
11096,1391574,-37.606725241242295
11096,8606624,-37.65919416303942
11096,6029408,-37.91197648994222
11096,911097,-37.91685514129615
11096,2689155,-37.99292221429635
11096,2689151,-38.09694927283926
11096,5623506,-38.31423062310439
11096,7552160,-38.49886057510491
11096,2713637,-38.580946346144884
11096,2568676,-38.68349743903297
11096,6348253,-38.86330510845426
11096,5855684,-38.97096121450935
11096,4328289,-39.122269757085355
11096,7489875,-39.15280742497083
11096,7489867,-39.15280742497083
11096,911100,-39.158679496499296
11096,7637797,-39.206943978741876
11096,1294904,-39.21506025888633
11096,5855681,-39.24133710653509
11096,4266266,-39.252391482129084
11096,4891507,-39.27287762775006
11096,5624373,-39.367367769558896
11096,8005609,-39.398691910821924
11096,1244079,-39.40301871209203
11096,1391575,-39.43538427610878
11096,2689149,-39.46941490794245
11096,6383676,-39.58410651564458
11096,116485,-39.65149735848829
11096,116480,-39.65309193098965
11096,4891514,-39.69914904910565
11096,5624375,-39.750651511254006
11096,5649244,-39.755259257724596
11096,8167033,-39.78853127607042
11096,2597275,-39.80757863296054
11096,5734830,-39.85979716281651
11096,5228131,-39.86371652881096
11096,5228130,-39.86371652881096
11096,5855683,-39.89802389811118
11096,116482,-39.89862341385248
11096,2883769,-39.89862341385248
11096,5734833,-39.92321977582998
11096,418058,-39.93600714223561
11096,4680199,-39.93918922205212
11096,4296473,-39.99194058612451
11096,4394898,-40.028164398095505
11096,7199235,-40.052476059390315
11096,7199234,-40.052476059390315
11096,8484705,-40.052476059390315
11096,4266263,-40.0806611791756
11096,5855682,-40.0870159004674
11096,2597268,-40.08734489759435
11096,8484707,-40.08734489759435
11096,7552165,-40.08734489759435
11096,911096,-40.11088943313815
11096,2883768,-40.13334817703087
11096,6000682,-40.17175241586846
11096,1391573,-40.190173835872976
11096,5228126,-40.231930207068714
11096,6345912,-40.250953767962514
11096,4891508,-40.29308135860105
11096,2689152,-40.29866059594982
11096,5228124,-40.30293695295074
11096,8399440,-40.30787282534406
11096,5640445,-40.393083673512315
11096,2883770,-40.393083673512315
11096,5228129,-40.44134843516321
11096,5228132,-40.44134843516321
11096,2883771,-40.44246666833141
11096,418052,-40.44246666833141
11096,5228123,-40.44247812593634
11096,8320882,-40.467583795815216
11096,8167035,-40.49774301790329
11096,4034809,-40.54623887492235
11096,5640446,-40.55132740242318
11096,4296478,-40.55808327250588
11096,5377047,-40.56380166495046
11096,418056,-40.606147347402306
11096,8296004,-40.614596318986315
11096,2689154,-40.618644179335725
11096,2689157,-40.618644179335725
11096,5228128,-40.64588743599042
11096,2578283,-40.647201246098746
11096,418053,-40.69887255239792
11096,8296005,-40.732448171232335
11096,7537891,-40.74291944384854
11096,4394897,-40.76203491469892
11096,4891509,-40.78556889480576
11096,5754514,-40.787295026896786
11096,5624376,-40.80034970814326
1134787,2334691,-11.487538173084442
1134787,8108984,-11.998661780326575
1134787,8108983,-12.73248818217814
1134787,2616900,-12.912659522724546
1134787,3089111,-13.120142160850744
1134787,3051154,-13.144494117214997
1134787,8548892,-13.345061532638695
1134787,2552621,-13.446511829343361
1134787,4002969,-13.485689089537711
1134787,8108980,-13.510857274026234
1134787,1447263,-13.650532952047783
1134787,1447268,-13.650532952047783
1134787,4254376,-13.67465612702166
1134787,2719922,-13.725641156073703
1134787,7126598,-13.808581082114808
1134787,8365693,-13.821269517036958
1134787,302637,-13.876274072964323
1134787,8365695,-13.897264326604184
1134787,4733435,-13.910958142344045
1134787,6820735,-13.96732067549472
1134787,4540884,-13.987741559309011
1134787,8365699,-13.990536087814277
1134787,4002965,-13.990806147826985
1134787,8374196,-14.016996047323921
1134787,5343197,-14.033988702748807
1134787,391993,-14.037444809841936
1134787,2144322,-14.059901137342482
1134787,2989434,-14.060004948686476
1134787,4254377,-14.07236893215507
1134787,4002967,-14.088111975086447
1134787,339587,-14.090918874524608
1134787,83916,-14.099208662658027
1134787,2351009,-14.110552091655375
1134787,339585,-14.12370608612118
1134787,7840223,-14.126683538632044
1134787,1874715,-14.13129453000827
1134787,2296358,-14.142718769275746
1134787,1579025,-14.156138834433825
1134787,6387096,-14.163040857999881
1134787,4619234,-14.163040857999881
1134787,1262946,-14.197514702275132
1134787,8553042,-14.210903522508413
1134787,7307688,-14.218757936082216
1134787,1874717,-14.219971029775678
1134787,2296361,-14.233129901548418
1134787,927667,-14.251384929377567
1134787,7419207,-14.256312619209973
1134787,168999,-14.278571226082097
1134787,3811016,-14.288475031192842
1134787,4002973,-14.294711360035087
1134787,2351017,-14.303589178800213
1134787,83915,-14.303589178800213
1134787,2886825,-14.307125522854315
1134787,1262943,-14.309558046698704
1134787,4254383,-14.310360144459114
1134787,1098497,-14.312963656249607
1134787,2719925,-14.316920741162534
1134787,3186435,-14.316920741162534
1134787,7595842,-14.318243013065988
1134787,6553323,-14.31894013684379
1134787,5982771,-14.327727615230021
1134787,3460482,-14.337057669334326
1134787,2532488,-14.342716482630111
1134787,1283202,-14.356293694992129
1134787,484884,-14.361225208136831
1134787,464178,-14.368789197806201
1134787,4804128,-14.37095771819617
1134787,446423,-14.376328623051071
1134787,1665082,-14.3787328109077
1134787,6413345,-14.383533438797446
1134787,1573474,-14.391049125437679
1134787,4199564,-14.39265962344605
1134787,4247586,-14.404112555888595
1134787,1555506,-14.406625088113616
1134787,6211275,-14.416445713427883
1134787,2296356,-14.423238743346186
1134787,2532490,-14.423802499793869
1134787,138833,-14.428602487806078
1134787,4002971,-14.430743005244011
1134787,2924100,-14.433459978904695
1134787,4804127,-14.433459978904695
1134787,4651512,-14.434582880622376
1134787,7638905,-14.437625745450257
1134787,3186432,-14.438038987715505
1134787,6275835,-14.448544910612636
1134787,3460481,-14.449901614861464
1134787,6390595,-14.450863206200282
1134787,6553321,-14.469127348822141
1134787,5429414,-14.469127348822141
1134787,591463,-14.469127348822141
1134787,2362,-14.47230934829929
1134787,8388789,-14.494837521698912
1134787,1874718,-14.49989684932371
1134787,4651517,-14.502845705359476
1134787,8374194,-14.50506726695808
1134787,8607088,-14.514285345876585
1134787,4733434,-14.517519582952968
1134787,3195842,-14.524837601358822
1134787,6553319,-14.530353963715763
1134787,1579023,-14.533610225679908
89928,587526,-34.89683913786088
89928,17178,-38.25522029169998
89928,6332097,-38.26571631845822
89928,5566599,-38.32429611954769
89928,3023983,-38.51738979308182
89928,3560543,-38.68856991966394
89928,1203367,-39.36758304177986
89928,6453382,-39.5780358691912
89928,4544567,-39.69886465864599
89928,5804238,-39.842294877684274
89928,17185,-40.03505905120786
89928,6207082,-40.057773039877596
89928,1969727,-40.29236820002764
89928,2512023,-40.53781824881245
89928,482081,-40.590384825279905
89928,1387893,-40.92094359211125
89928,2454944,-40.92094359211125
89928,7176045,-41.13599139011199
89928,482078,-41.1378215563228
89928,4736793,-41.27445065035337
89928,6200618,-41.2947786613156
89928,941674,-41.3572744132121
89928,2596465,-41.37300715973472
89928,7769374,-41.52108712218555
89928,6559408,-41.53550608101359
89928,5641538,-41.54773012874313
89928,4901000,-41.57564959450837
89928,5641534,-41.60206432530095
89928,2594247,-41.607092380524044
89928,478892,-41.649655992725165
89928,2596463,-41.6499520877355
89928,4979732,-41.793032794268385
89928,3560540,-41.794611643921144
89928,5527169,-41.80905645753482
89928,8033312,-41.83817082630437
89928,5622782,-41.91229598608561
89928,5721803,-41.91754884651294
89928,1341393,-41.95501750591622
89928,2029370,-41.96110855448985
89928,6470041,-42.05245873809265
89928,5413161,-42.121393614885946
89928,128424,-42.246503033027764
89928,1984005,-42.36104033307927
89928,7056929,-42.46476168943054
89928,1387892,-42.59794015644058
89928,454264,-42.61289898134856
89928,8033309,-42.63731051009044
89928,1191498,-42.67999153810192
89928,1191494,-42.75399232069912
89928,4017857,-42.79840299778907
89928,5343111,-42.873923056121356
89928,4477501,-42.873923056121356
89928,4869037,-42.901336775899324
89928,6812976,-42.92375184032004
89928,6703726,-43.002585874363426
89928,435693,-43.02258069160923
89928,8404959,-43.04840657843279
89928,1735624,-43.0601549737638
89928,3560542,-43.07173321659033
89928,6050436,-43.089857921680554
89928,5641536,-43.128250602173054
89928,236962,-43.18179550532308
89928,6559409,-43.28445349932893
89928,699151,-43.302982504115164
89928,1679882,-43.365394773812234
89928,5641539,-43.39316414037168
89928,5510566,-43.409030291200594
89928,1161324,-43.41697725377024
89928,4869032,-43.4492714971257
89928,4514207,-43.4523999102641
89928,250740,-43.50267039974436
89928,2704620,-43.55235963017539
89928,160361,-43.656548554904056
89928,1701358,-43.656548554904056
89928,5468254,-43.691742828007534
89928,4056110,-43.71467317918382
89928,454268,-43.719930209533516
89928,5692624,-43.88100687523174
89928,7034355,-43.912568647741125
89928,8404960,-43.91289100802193
89928,7312150,-43.932267373153756
89928,1687880,-43.932267373153756
89928,378438,-43.9516015576556
89928,6647793,-44.03302976070126
89928,520034,-44.12666872392232
89928,5864695,-44.13077234725878
89928,5804236,-44.156240193887974
89928,6079528,-44.16285157982381
89928,2916628,-44.173974045762996
89928,3161554,-44.23237389003236
89928,267171,-44.30738381108312
89928,478900,-44.307582602821824
89928,7326098,-44.341428739844574
89928,2783630,-44.40769552718968
89928,2451349,-44.429934120158734
89928,8490798,-44.431025784003225
89928,2294852,-44.43423403055189
89928,4774142,-44.44337760719242
89928,6703725,-44.4481185322505
89928,4445319,-44.48463862454561
499920,2806546,-14.794763792743312
499920,2806539,-16.032126126297367
499920,8462930,-19.092119212495646
499920,362805,-19.74078466787988
499920,8462931,-19.914746440830925
499920,3138627,-20.34686455149974
499920,8462933,-20.41915720623692
499920,8041769,-20.45466057917793
499920,362808,-20.592615918903398
499920,800637,-20.724505289166746
499920,2445126,-20.81975138411049
499920,7555839,-21.46407728904157
499920,7927713,-21.46495492933626
499920,3629729,-21.466941712540372
499920,8142695,-21.489182038053116
499920,930535,-21.543258905899005
499920,7595045,-21.56782214977215
499920,2185035,-21.577059790615778
499920,2635068,-21.774374851390185
499920,1772199,-21.83474867881737
499920,2652101,-21.83474867881737
499920,954455,-21.85681547658745
499920,712128,-21.860674185440345
499920,6359874,-21.87274431985916
499920,5310260,-21.872965756149657
499920,3120023,-21.908467865178594
499920,1559283,-21.917423598540008
499920,1442870,-21.94727459109951
499920,1618495,-21.94796966276591
499920,6334551,-21.982244320314592
499920,1294015,-21.98477994054135
499920,2516500,-22.00897974529554
499920,8041499,-22.020495387754917
499920,5502721,-22.020495387754917
499920,6502706,-22.02359667340847
499920,7307020,-22.03508573799985
499920,1603314,-22.03508573799985
499920,3714132,-22.045343826892573
499920,6618106,-22.057072595278534
499920,934234,-22.057072595278534
499920,934235,-22.057072595278534
499920,5843332,-22.063794091048305
499920,37044,-22.0853781099597
499920,1272524,-22.094175000461636
499920,8022486,-22.11005427720396
499920,4792358,-22.11005427720396
499920,6368646,-22.11005427720396
499920,3821088,-22.116147610461265
499920,6491305,-22.127664087509118
499920,1734017,-22.14830672194839
499920,8475594,-22.153850675467417
499920,2311069,-22.153850675467417
499920,1119994,-22.153850675467417
499920,6097476,-22.153850675467417
499920,411900,-22.153850675467417
499920,3034570,-22.162346554712343
499920,3144612,-22.162346554712343
499920,569428,-22.162346554712343
499920,2600801,-22.17907187700223
499920,6901208,-22.18654635946653
499920,1692097,-22.19663264218321
499920,6743483,-22.19663264218321
499920,6415239,-22.197016887823718
499920,1845799,-22.197016887823718
499920,1845801,-22.197016887823718
499920,2227514,-22.197016887823718
499920,8406027,-22.197016887823718
499920,6648892,-22.2208324469374
499920,6726617,-22.23053130794501
499920,3629732,-22.239364623047187
499920,158199,-22.239570792799586
499920,4536494,-22.239570792799586
499920,1985711,-22.2547311126992
499920,8534250,-22.257409654461018
499920,3299935,-22.257409654461018
499920,2369589,-22.257409654461018
499920,7402973,-22.264051209739385
499920,3130782,-22.264051209739385
499920,898136,-22.288251014493575
499920,8259750,-22.29720071829914
499920,2648207,-22.32140052305333
499920,7080434,-22.32140052305333
499920,3144613,-22.32290948512081
499920,7122592,-22.32290948512081
499920,8493610,-22.32688502402258
499920,501588,-22.32688502402258
499920,665785,-22.329987929895715
499920,4575936,-22.351562456785746
499920,1135374,-22.3541877346499
499920,5558462,-22.3541877346499
499920,3738307,-22.3541877346499
499920,6291248,-22.36242067820836
499920,7961294,-22.36242067820836
499920,5959634,-22.36242067820836
499920,2127728,-22.362683613894827
499920,2612276,-22.36372644128815
499920,5264330,-22.36372644128815
499920,6180940,-22.36372644128815
499920,6811559,-22.375159364662345
499920,8684502,-22.38662048296255
527433,8617271,-25.77977167150996
527433,1664523,-28.37136175928793
527433,7514088,-29.856067166329765
527433,5878263,-29.945022311124113
527433,5466807,-30.157798016545033
527433,1317224,-30.219249428226668
527433,6186391,-30.25642432497643
527433,1993691,-30.30109400047892
527433,7607669,-30.3064576125681
527433,5466810,-30.417176184774252
527433,269423,-30.630684923973757
527433,269428,-30.681475891107063
527433,653103,-30.750501849517626
527433,5501454,-30.80558890223109
527433,1379245,-30.934735300587647
527433,1101462,-30.945621020593013
527433,269430,-31.01134078592411
527433,2496224,-31.039264851988705
527433,6708088,-31.044873244907496
527433,8617274,-31.071209145860976
527433,1379240,-31.170765366265897
527433,422236,-31.176208757608727
527433,1993699,-31.21857903346205
527433,547444,-31.480458646020182
527433,2331982,-31.528067849674564
527433,3136613,-31.558127836138713
527433,8306451,-31.577875940573374
527433,8306449,-31.603798171169384
527433,6045939,-31.762896188409076
527433,3786813,-31.763045494352507
527433,422228,-31.835467635381125
527433,1251475,-31.88058365888592
527433,2496227,-31.919386860571866
527433,6743092,-31.974439320569285
527433,6038397,-32.118788508770116
527433,4958693,-32.16363521390519
527433,1101457,-32.29085813202825
527433,8617275,-32.29173543530621
527433,4903731,-32.32265061241369
527433,8371764,-32.39790860257947
527433,1101460,-32.40434623345342
527433,5479497,-32.477401654448435
527433,269429,-32.56455479259685
527433,653104,-32.64523721346929
527433,269425,-32.67354331418007
527433,4402995,-32.69563870086498
527433,1317225,-32.70144186527835
527433,4402992,-32.72836058420074
527433,6038411,-32.771755515709984
527433,6038403,-32.77408079102768
527433,8644844,-32.81425571108733
527433,4164074,-32.84037980814719
527433,269426,-32.86482125474105
527433,2722036,-32.88282788602906
527433,6038398,-32.91997686451725
527433,8338588,-32.930358502695974
527433,1125935,-33.08396403826092
527433,7425318,-33.11689234336999
527433,6815531,-33.136962414258825
527433,4351171,-33.220925701647985
527433,8617269,-33.278575692779846
527433,3124961,-33.282235588167175
527433,2111678,-33.360881634754136
527433,269424,-33.36632806332009
527433,8322920,-33.41142111750618
527433,7336435,-33.51833202067416
527433,6092266,-33.58135890884861
527433,1251480,-33.64498273215435
527433,5603305,-33.64986217167308
527433,4351170,-33.67240158084664
527433,10179,-33.736537885699406
527433,4331594,-33.88515239400806
527433,5603298,-33.950358976028376
527433,3786810,-33.980122115813145
527433,1537733,-34.01565797950876
527433,5629888,-34.04141932215238
527433,1511549,-34.04447289267317
527433,4309031,-34.05182441435126
527433,1664659,-34.086648372428606
527433,8617272,-34.09135058203694
527433,2349141,-34.10342717078639
527433,319844,-34.14266493537035
527433,6226697,-34.143910625603866
527433,5603306,-34.18130334698097
527433,1993690,-34.190670034680764
527433,7642516,-34.24057038793267
527433,4402991,-34.302828818984636
527433,1251478,-34.30784377394171
527433,1007732,-34.330943378304596
527433,6498113,-34.354035492305215
527433,278402,-34.35640596311556
527433,1511554,-34.428650448977805
527433,467601,-34.46144241991176
527433,7887794,-34.48198051715304
527433,8617270,-34.5259527850475
527433,6214995,-34.558506971903654
527433,301247,-34.613280400978326
527433,5479498,-34.661441964662956
527433,6186395,-34.70418306705635
527433,8290536,-34.781310471560275
40578,2627883,-22.22286891618755
40578,1249073,-22.687688328684523
40578,2627881,-22.91570820107948
40578,5462144,-22.95329845702094
40578,965327,-23.173318646377595
40578,2276243,-23.312389627069326
40578,3808877,-23.312389627069326
40578,965329,-23.312389627069326
40578,1471240,-23.450444480770248
40578,597905,-23.87235993409628
40578,2627882,-24.247630320076453
40578,2208668,-24.247630320076453
40578,3919066,-24.48039369673055
40578,6752471,-24.716537547970614
40578,6184945,-24.963933902688495
40578,41814,-24.986917800778414
40578,5314006,-26.82604358910366
40578,3665696,-27.300315141738842
40578,1471242,-27.407768065777034
40578,5989589,-27.815943667218068
40578,2820143,-27.924192161580407
40578,2208667,-27.92941504130596
40578,597901,-27.967773388266256
40578,5749105,-28.04898266711565
40578,6511213,-28.09034116612905
40578,3326791,-28.343715544025976
40578,1249077,-28.46354318737783
40578,7630242,-28.514555269762628
40578,5489549,-28.595837736372992
40578,5633864,-28.644007918801503
40578,41806,-28.68523594701967
40578,2883122,-28.798142852408624
40578,2892827,-28.85280851468061
40578,7352874,-28.97963941184016
40578,6409607,-29.103307937757585
40578,2156598,-29.349256487116534
40578,1844463,-29.35679642258915
40578,965331,-29.636474768370036
40578,5462149,-29.767214083315604
40578,4213472,-29.802542727030268
40578,5865248,-29.83353467170298
40578,41808,-29.855726899994533
40578,2469487,-29.86152794806898
40578,4397665,-29.909474185980166
40578,8602576,-29.92107244087259
40578,5756872,-29.92107244087259
40578,5462142,-29.925839908978574
40578,6697499,-29.97299772444989
40578,3986726,-30.076737836308993
40578,5449844,-30.08114376096652
40578,1844465,-30.12027604842363
40578,1956403,-30.121153399992117
40578,5314008,-30.13784507227354
40578,1538093,-30.259529887106893
40578,5995701,-30.286915420191548
40578,6752472,-30.286915420191548
40578,199436,-30.303496391584122
40578,4854208,-30.333556322768253
40578,6602106,-30.3478683465569
40578,2627885,-30.38171868473562
40578,2627884,-30.399502769229745
40578,6598467,-30.435071095733782
40578,2898440,-30.542479525657864
40578,4852100,-30.55551237742836
40578,6235020,-30.624625139018573
40578,5646111,-30.633586192979315
40578,1262649,-30.67769624631225
40578,897882,-30.678563846553676
40578,2085002,-30.74910980426923
40578,2892822,-30.753310355197392
40578,7999682,-30.76627065366425
40578,7352880,-30.808827556550497
40578,7309245,-30.859002255273037
40578,6602108,-30.911474327609696
40578,5848863,-30.91375589272125
40578,2085004,-30.9252895902992
40578,3989227,-30.947265769830686
40578,5575582,-30.949736159660556
40578,5519642,-31.041595415826492
40578,4645671,-31.07237432240586
40578,1448849,-31.079739247645804
40578,5633865,-31.15794887243114
40578,6660953,-31.177898898656217
40578,284732,-31.19620921803208
40578,2338572,-31.222378538150117
40578,5848862,-31.230763765061514
40578,2627879,-31.24713034593481
40578,462483,-31.273036059152336
40578,4645672,-31.293591564265284
40578,5084813,-31.293591564265284
40578,4898841,-31.316951404225108
40578,6660956,-31.32980574656196
40578,597900,-31.33038533201738
40578,2599764,-31.336663796341085
40578,2638510,-31.349084312706307
40578,1229116,-31.375081641771214
40578,965330,-31.421215863784635
40578,6332377,-31.473372630532857
40578,2871930,-31.478943965984996
40578,87659,-31.48941199921503
694342,7490499,-22.04533867471951
694342,790996,-22.927296774325416
694342,3567714,-23.576211935208548
694342,6305089,-23.62513671239428
694342,2103210,-23.64547957420599
694342,6415307,-23.77382407590293
694342,8168933,-23.815001015745505
694342,4059045,-23.916556169184148
694342,1237047,-23.94031056418618
694342,7048339,-23.991802740936727
694342,5133691,-24.038045742288443
694342,1634429,-24.108571137236872
694342,1634423,-24.132410864804513
694342,4126792,-24.21507827151145
694342,4360587,-24.244774202383773
694342,6881291,-24.343284669074787
694342,8473145,-24.410377184025915
694342,5348808,-24.43150901733678
694342,7135793,-24.478107720223257
694342,7206969,-24.488484488623858
694342,7948318,-24.500021258441503
694342,7567734,-24.649149353163597
694342,5808783,-24.65406363248534
694342,2103207,-24.688530334690693
694342,3504379,-24.69523444000591
694342,5808782,-24.696257975714662
694342,4675847,-24.807651261394106
694342,7457303,-24.808354489722923
694342,6568835,-24.832920359214818
694342,4768604,-24.88768086294593
694342,4675850,-24.946715652573975
694342,8647137,-24.964978540349136
694342,1014280,-25.04497826410266
694342,6278601,-25.058842593099254
694342,7057873,-25.112355490206692
694342,7800003,-25.200033745588
694342,334219,-25.217884410059153
694342,7788563,-25.232412470510397
694342,4150165,-25.265218625486654
694342,1737040,-25.326834537809823
694342,2117266,-25.39404564718737
694342,7126510,-25.41079478616164
694342,6030171,-25.48063491793225
694342,8168936,-25.486614646168608
694342,383186,-25.55626219601895
694342,6415303,-25.55799476130232
694342,7635054,-25.57812878843434
694342,2680407,-25.58143821797175
694342,544744,-25.58913851275058
694342,3575304,-25.611471206886065
694342,6816088,-25.615039412492372
694342,4135607,-25.639074654393895
694342,2481837,-25.644780657702295
694342,6816086,-25.646988402986228
694342,938276,-25.654078852572294
694342,2010657,-25.672634713748224
694342,401013,-25.673696904248242
694342,7596907,-25.687085514568835
694342,2593464,-25.69984348492111
694342,4932715,-25.723396571068314
694342,1933192,-25.727436294268387
694342,401008,-25.751636399243804
694342,1291896,-25.7616791123582
694342,2680597,-25.7616791123582
694342,6305086,-25.768552188052958
694342,1025276,-25.781086357166185
694342,401010,-25.79814836255537
694342,1962164,-25.819736021709087
694342,8647133,-25.823399904601665
694342,1634430,-25.8543960291185
694342,5565594,-25.89328513531527
694342,8113240,-25.928639776851927
694342,4329676,-25.953972179764644
694342,5036915,-26.012014277679107
694342,7567741,-26.046258655606607
694342,6420789,-26.077698674615082
694342,4254321,-26.08926659183254
694342,2247268,-26.099533722634373
694342,6415305,-26.10189437690799
694342,4781834,-26.11254721146454
694342,1550226,-26.13007873577639
694342,5348809,-26.13955883934284
694342,1043755,-26.147866051116765
694342,5246631,-26.18408566685151
694342,3352835,-26.189302894923465
694342,5348803,-26.189386166642784
694342,48240,-26.203868306718864
694342,6476028,-26.221908339083132
694342,717638,-26.238083769650284
694342,2474652,-26.265512475677685
694342,383192,-26.272164557958202
694342,4208694,-26.27436891010801
694342,2486158,-26.280372655933533
694342,8154723,-26.28792078709225
694342,5278925,-26.3362437473712
694342,3985761,-26.34477357480155
694342,6549935,-26.354242083504165
694342,1043753,-26.362057762469394
694342,7536291,-26.365969529772094
694342,7567735,-26.36618953222215
1125225,98239,-10.438551241622857
1125225,98237,-11.297417536610414
1125225,3915090,-11.552925866621608
1125225,98235,-12.142839275643382
1125225,98244,-12.142839275643382
1125225,5260206,-13.387625314411427
1125225,6283671,-14.466954493909375
1125225,7643074,-15.03941871592602
1125225,1549512,-15.23887094081522
1125225,6192781,-15.294159114187288
1125225,1611666,-15.357698355100357
1125225,3101058,-15.379996255836001
1125225,4313511,-15.421436983055823
1125225,4313512,-15.428384401625655
1125225,4406282,-15.443780941497035
1125225,4791453,-15.509588275363049
1125225,7162693,-15.588544156685156
1125225,8133539,-15.658314743177957
1125225,5684397,-15.700819645617363
1125225,7643078,-15.726499496410625
1125225,5684400,-15.726499496410625
1125225,6738498,-15.74144895534456
1125225,6014483,-15.76025821659761
1125225,840575,-15.768665113383072
1125225,7162696,-15.770740840572763
1125225,7162698,-15.795181629525452
1125225,6192778,-15.8428094073765
1125225,2233884,-15.854699528780014
1125225,2678793,-15.856306806100191
1125225,631446,-15.858388866673973
1125225,8455836,-15.86557452461122
1125225,7162691,-15.873329398539203
1125225,569049,-15.895758929774466
1125225,3435457,-15.917500179905538
1125225,840576,-15.92222106201583
1125225,4406279,-15.92621604416652
1125225,6976649,-15.943375935504648
1125225,2984532,-15.947481819182219
1125225,274959,-15.984661855845705
1125225,3200725,-15.984723322724355
1125225,8292320,-15.984723322724355
1125225,8292316,-15.98621804428653
1125225,8710448,-16.009144357383555
1125225,4406287,-16.015774933615564
1125225,3277746,-16.029644384063634
1125225,2460323,-16.038234708045724
1125225,3101055,-16.04504345845166
1125225,3200722,-16.045949937617976
1125225,6192779,-16.07610094517848
1125225,4121029,-16.07766795705584
1125225,1126850,-16.077954148618804
1125225,8554269,-16.08052503283648
1125225,1716065,-16.08195338916697
1125225,421019,-16.0855826521884
1125225,6192777,-16.101947170395544
1125225,4791457,-16.13117377609895
1125225,840573,-16.13550882706702
1125225,6310606,-16.13714475155168
1125225,7633196,-16.16723109488601
1125225,6494128,-16.174462459540084
1125225,6262411,-16.197396217488457
1125225,4922901,-16.200133940616606
1125225,3271700,-16.204350975561958
1125225,3271699,-16.204350975561958
1125225,3101056,-16.20700630386988
1125225,1643585,-16.222471437686778
1125225,804679,-16.228932601323663
1125225,5127783,-16.237273186876983
1125225,729492,-16.248471280739246
1125225,444836,-16.258975090440174
1125225,274958,-16.279076890599924
1125225,7633199,-16.279076890599924
1125225,3546821,-16.292989608767556
1125225,3259433,-16.29929297131639
1125225,3647449,-16.30027806507997
1125225,8455837,-16.306984068586864
1125225,7162699,-16.306984068586864
1125225,4406288,-16.32301994989977
1125225,2166182,-16.325912545063815
1125225,6525117,-16.330735179472025
1125225,7141904,-16.34101246381561
1125225,6595193,-16.34297173762386
1125225,650797,-16.346033022520587
1125225,7099414,-16.346033022520587
1125225,5932214,-16.356228045384352
1125225,8452298,-16.35938793714288
1125225,1643586,-16.360886187032527
1125225,3075035,-16.362031484591455
1125225,5932217,-16.38578493471339
1125225,681074,-16.389356643175862
1125225,8455835,-16.41098123916197
1125225,7633198,-16.41547143451286
1125225,2890246,-16.416814115927753
1125225,4393486,-16.444501140956344
1125225,7697771,-16.444501140956344
1125225,2166183,-16.44956259375716
1125225,3206850,-16.44956259375716
1125225,2166186,-16.44956259375716
1125225,3820304,-16.44956259375716
1125225,1147429,-16.476488358339804
1136427,920543,-23.560967656225372
1136427,2381167,-23.649303482310753
1136427,494315,-23.652399026218887
1136427,2373131,-24.479490550047686
1136427,8387944,-24.53620851777896
1136427,7239533,-24.714850989869436
1136427,8387945,-24.84779398225729
1136427,5366012,-24.872029541408693
1136427,6581298,-24.945021612839085
1136427,4860940,-25.232017024516615
1136427,3189929,-25.2933501601931
1136427,494310,-25.431638140472863
1136427,6821492,-25.643226975449146
1136427,8387946,-26.61854127807634
1136427,1310990,-26.799974404470937
1136427,137318,-26.84505994661903
1136427,4412131,-27.005037028286033
1136427,5056977,-27.02210010566757
1136427,4016341,-27.10970401787874
1136427,6493308,-27.127367151656735
1136427,1703436,-27.127367151656735
1136427,7766091,-27.13178392483151
1136427,4412129,-27.163780519858932
1136427,826425,-27.233136945561988
1136427,3249118,-27.24156577338924
1136427,405981,-27.3247909432972
1136427,2640787,-27.427896088887643
1136427,5699481,-27.466903628941104
1136427,3642354,-27.48024387864735
1136427,2232611,-27.58348951966486
1136427,3249120,-27.60296972555457
1136427,2093532,-27.772859333054438
1136427,2516336,-27.812931708625396
1136427,2516333,-27.883256770510254
1136427,1367555,-27.92697992995457
1136427,3689945,-28.047460790788207
1136427,4315630,-28.082449716367044
1136427,96979,-28.21528127396303
1136427,5042321,-28.33181636299502
1136427,3462011,-28.343610429850187
1136427,7612574,-28.380104981963825
1136427,4407614,-28.456840423719342
1136427,920551,-28.476799958168158
1136427,7612575,-28.483499229670993
1136427,4811671,-28.858937064410796
1136427,2080290,-28.911425518590647
1136427,6168925,-29.02572056522868
1136427,7391908,-29.028444822789204
1136427,4677421,-29.138339356383078
1136427,5029594,-29.13896710427006
1136427,2269010,-29.19937946284312
1136427,3143392,-29.201750892951203
1136427,8639532,-29.203254007513227
1136427,8227030,-29.21636273373198
1136427,1302848,-29.245870382487894
1136427,2080294,-29.257587813939303
1136427,1989313,-29.257587813939303
1136427,5515619,-29.257602892194196
1136427,7633381,-29.272115231112416
1136427,3689949,-29.274158211411276
1136427,4412123,-29.401910288015927
1136427,1570757,-29.60472479296617
1136427,5653728,-29.60472479296617
1136427,5694687,-29.60472479296617
1136427,3995396,-29.65877937348725
1136427,4251670,-29.65877937348725
1136427,6776396,-29.676801023103412
1136427,1890621,-29.703041412286055
1136427,3885807,-29.71225581907099
1136427,735510,-29.750763175222268
1136427,8304043,-29.765166365723672
1136427,6606552,-29.786929267569086
1136427,1874201,-29.819815236879563
1136427,5485411,-29.924324369848243
1136427,6041564,-29.924324369848243
1136427,3118638,-29.970522043103905
1136427,3125928,-29.9859050411441
1136427,3219365,-29.994699488304466
1136427,7490627,-30.061991746189776
1136427,3485930,-30.07272133676883
1136427,3708505,-30.073920236958244
1136427,8804702,-30.11922303227925
1136427,680998,-30.192787126340935
1136427,7442690,-30.23120698601716
1136427,118587,-30.256067893406616
1136427,1719615,-30.266572109428346
1136427,6006872,-30.266572109428346
1136427,5472100,-30.33279824317845
1136427,6566160,-30.33279824317845
1136427,2518272,-30.33279824317845
1136427,4841946,-30.348467979899326
1136427,7880382,-30.348467979899326
1136427,1904650,-30.38713910572975
1136427,387429,-30.388026096251913
1136427,1719614,-30.417434590561008
1136427,1233503,-30.417434590561008
1136427,6006870,-30.417434590561008
1136427,8242473,-30.417434590561008
1136427,5735978,-30.417434590561008
1136427,8387948,-30.43383132655935
1128856,8618712,-13.432047606459285
1128856,8618711,-16.23970705077079
1128856,8618714,-16.45646645086787
1128856,8618715,-16.559173915426854
1128856,8618710,-16.733187238441484
1128856,8618713,-16.733187238441484
1128856,8618708,-16.770863521244223
1128856,8618707,-19.96514804661872
1128856,8618709,-20.77826794316248
1128856,8618706,-22.101273859861013
1128856,5807079,-23.76571054023856
1128856,8618810,-23.817583771523523
1128856,6174216,-23.817583771523523
1128856,3366588,-24.06774075027114
1128856,4299302,-24.81939378173189
1128856,8618808,-24.945388449969375
1128856,7806932,-25.51380312039415
1128856,7601002,-25.565585970578965
1128856,4728617,-25.805049429174787
1128856,4175759,-25.8128516656817
1128856,1519556,-25.871112336117456
1128856,4533248,-25.932648980625302
1128856,3051965,-25.96336726491786
1128856,1911149,-25.980708232869915
1128856,4728615,-26.01029945546513
1128856,7846654,-26.02242382233514
1128856,6734611,-26.127988179849744
1128856,3585203,-26.12910961417645
1128856,4728618,-26.15353736514653
1128856,6403354,-26.165077853995886
1128856,3081685,-26.212403142333258
1128856,325503,-26.255800000765007
1128856,4728612,-26.258826579893157
1128856,2191378,-26.272812473008102
1128856,5714870,-26.30780243731958
1128856,1047602,-26.31514091033025
1128856,5606239,-26.31514091033025
1128856,5728207,-26.31514091033025
1128856,4728610,-26.339617427686104
1128856,2793800,-26.348411923175657
1128856,5714863,-26.348411923175657
1128856,3081683,-26.35613117923751
1128856,1389973,-26.36549110936484
1128856,4715949,-26.36805364493343
1128856,1268972,-26.38524896451026
1128856,7861392,-26.38861326658966
1128856,7095560,-26.397913270922388
1128856,8824633,-26.398477257941618
1128856,6812086,-26.403781123250837
1128856,7163306,-26.403781123250837
1128856,8754489,-26.40676760592441
1128856,4728611,-26.409348518429134
1128856,5221100,-26.412423299912113
1128856,1756202,-26.412682853378133
1128856,1898793,-26.419913717587953
1128856,5136004,-26.439658988629077
1128856,7131320,-26.439810291239628
1128856,7173559,-26.439810291239628
1128856,7230620,-26.439810291239628
1128856,7151790,-26.44728722771064
1128856,8254006,-26.447980467997173
1128856,7087147,-26.450960657442735
1128856,128747,-26.468334889263737
1128856,6142780,-26.473605798916516
1128856,8754488,-26.475533668560118
1128856,4728613,-26.476891931510686
1128856,7195398,-26.48771505542649
1128856,6348398,-26.48771505542649
1128856,2048353,-26.49169675012594
1128856,1585216,-26.49169675012594
1128856,5553872,-26.510220088732922
1128856,8254011,-26.510220088732922
1128856,2772843,-26.52031408788045
1128856,7896851,-26.52031408788045
1128856,8516823,-26.525899544771136
1128856,5548766,-26.534940414542803
1128856,5571459,-26.535052886014505
1128856,2649284,-26.540071632204803
1128856,8083043,-26.540908456224066
1128856,4728614,-26.557682779303633
1128856,7573448,-26.560115411293125
1128856,7183900,-26.56030983036052
1128856,1567373,-26.57772157100979
1128856,8632782,-26.578875032186012
1128856,3880614,-26.578875032186012
1128856,4948586,-26.583773923267387
1128856,2142637,-26.592004967918037
1128856,6368199,-26.609390200727777
1128856,3883280,-26.6158989478052
1128856,1479810,-26.617520401380048
1128856,8085855,-26.63048865152964
1128856,1479814,-26.66323518467454
1128856,3711791,-26.66323518467454
1128856,8083037,-26.69074013801769
1128856,7170904,-26.70370659505447
1128856,6492601,-26.70370659505447
1128856,3096832,-26.70370659505447
1128856,7139279,-26.70370659505447
1128856,1028197,-26.70370659505447
1128856,7625412,-26.70370659505447
719381,3923586,-17.851963082352867
719381,5250974,-18.2522969165808
719381,962230,-18.287081808302677
719381,1002002,-18.785616956433895
719381,5321345,-18.789971937563152
719381,974059,-18.817044071129324
719381,5321343,-19.304863402521857
719381,4012955,-19.50240886053964
719381,7174086,-19.541917894109325
719381,6068509,-19.562752958123816
719381,7605008,-19.57597098917932
719381,7605011,-19.585969060680362
719381,884757,-19.692337467959423
719381,1663742,-19.693873246016786
719381,5605716,-19.74265741381843
719381,364132,-19.75596711926443
719381,5163235,-19.787932124668636
719381,5163231,-19.845487074477035
719381,6871197,-19.87657927194718
719381,1156185,-19.87734295635382
719381,4075221,-19.936431111232533
719381,239637,-19.962976455461387
719381,168356,-20.044918246387077
719381,3505457,-20.052940958867143
719381,2373741,-20.07005200371198
719381,4870518,-20.15492555748046
719381,282648,-20.174124793115737
719381,1638828,-20.18752248929072
719381,2108688,-20.233339981792998
719381,2792812,-20.312550490977717
719381,5272893,-20.349224396494733
719381,884755,-20.36195272546682
719381,4443735,-20.381633992834928
719381,7130336,-20.42903967952305
719381,5244573,-20.433286990786385
719381,8714044,-20.434108605222633
719381,6705103,-20.434108605222633
719381,7278709,-20.466415614288902
719381,5649848,-20.491809430402895
719381,7162491,-20.495603230417224
719381,7332885,-20.50396082683037
719381,7174079,-20.538696846453234
719381,274893,-20.59461473843951
719381,4279712,-20.608192272330456
719381,5321732,-20.62457297951312
719381,1064918,-20.776215116182705
719381,5512425,-20.778517025857976
719381,8300188,-20.79284555041651
719381,7899946,-20.840756793370815
719381,7605006,-20.84390360702672
719381,7162494,-20.89371221508201
719381,7210236,-20.897293218561074
719381,7809407,-20.901691985236383
719381,7171307,-20.907237199306365
719381,1769553,-20.90761889290738
719381,1132386,-20.979454379431154
719381,168355,-21.157757806605815
719381,7094093,-21.17439426624647
719381,4160518,-21.17439426624647
719381,4471473,-21.216265299290768
719381,3181650,-21.248877910489483
719381,8133280,-21.27099485992741
719381,1847332,-21.281484589463737
719381,5981840,-21.30418092616587
719381,1291318,-21.322195007587233
719381,239168,-21.327740946007616
719381,6671170,-21.343866928186117
719381,7566456,-21.386929413120917
719381,1184645,-21.411259436654714
719381,5981841,-21.429320897218037
719381,3452732,-21.434928863969944
719381,5244574,-21.436305985341313
719381,7403647,-21.4617271251129
719381,7605010,-21.47155159234599
719381,3383428,-21.485924614918574
719381,4806965,-21.51587053198324
719381,3181656,-21.57314837012093
719381,1170657,-21.631447464337196
719381,6972834,-21.634543089346682
719381,5244577,-21.637707361922075
719381,3162551,-21.64666230724545
719381,6726497,-21.658585389960553
719381,2413023,-21.727448086997093
719381,3526787,-21.815562915878935
719381,8457590,-21.818390213894485
719381,2672708,-21.820147203125018
719381,1049273,-21.828444461622468
719381,3162552,-21.828444461622468
719381,4872987,-21.88391850485479
719381,4588267,-21.955632595420514
719381,4588272,-21.989077183950226
719381,8257965,-22.02119346439463
719381,220952,-22.039016204386712
719381,220953,-22.039016204386712
719381,2511329,-22.04211119462851
719381,6108552,-22.047715019669575
719381,7016786,-22.077397922388943
719381,4261712,-22.088354484232816
719381,2965600,-22.12657789281907
719381,314514,-22.13406926752731
53175,7811556,-34.54547372498742
53175,7239924,-36.20911927094194
53175,6151784,-36.40679200313876
53175,3673118,-36.45724821203291
53175,5925083,-36.497674613691345
53175,1755117,-36.6851014960277
53175,2426515,-37.35449066327413
53175,8565375,-37.462640911221
53175,1203854,-37.70084374878604
53175,6031883,-37.964794708467046
53175,3421930,-38.41784811618985
53175,836090,-38.481523473498584
53175,7057518,-38.71372976232182
53175,4128307,-38.80678138938103
53175,5816016,-38.807392367551444
53175,5652638,-38.92889778218861
53175,5652641,-38.92889778218861
53175,3735095,-38.929986726428275
53175,8234472,-38.957547741229895
53175,8565381,-38.995687405045544
53175,7378828,-39.03197325883569
53175,7090733,-39.090500689254654
53175,1179895,-39.1174115355965
53175,4863633,-39.13108932681055
53175,3564381,-39.155749258144816
53175,2171337,-39.15679759634249
53175,3735093,-39.17830363515044
53175,8333463,-39.189391259445166
53175,248620,-39.19400504002729
53175,3452829,-39.22065231543769
53175,8333470,-39.26346602475893
53175,826422,-39.26859062771532
53175,6959549,-39.345703612007
53175,7349516,-39.377885751016606
53175,8244529,-39.424118296563265
53175,4929561,-39.445529104609726
53175,2455235,-39.555986547081844
53175,8338657,-39.57534715275777
53175,577073,-39.6081479272048
53175,8160759,-39.608327139759595
53175,8244527,-39.60952353546502
53175,6455354,-39.642619946155726
53175,4860417,-39.68322474154343
53175,6636456,-39.728513136483485
53175,8244528,-39.74545013646474
53175,3781921,-39.75509078017307
53175,8244934,-39.825121922897125
53175,6621349,-39.82515520066701
53175,8273888,-39.834357271816465
53175,8565376,-39.843331345306915
53175,7879977,-39.86142112869449
53175,4112338,-39.865311033306405
53175,3348179,-39.87547800447456
53175,615500,-39.901236461494854
53175,1104819,-39.90267252560882
53175,7550180,-39.90495862608957
53175,6636452,-39.91857005994514
53175,479863,-39.91940983530048
53175,4478435,-39.92460146326835
53175,4245476,-39.93553166434447
53175,4863630,-39.94167072031177
53175,2426513,-39.94966410226274
53175,6583492,-39.97800987233346
53175,525234,-39.9994903485208
53175,3893662,-40.014402704840734
53175,577068,-40.019368552303476
53175,468175,-40.01984280198758
53175,6311251,-40.03614346829697
53175,6149031,-40.05403825826769
53175,3589523,-40.05895971760958
53175,821389,-40.070636036409034
53175,3232768,-40.10031462675228
53175,2292413,-40.1031399570272
53175,479859,-40.11589477908455
53175,479864,-40.126321450991284
53175,4733271,-40.14858233600258
53175,6504857,-40.15048489959474
53175,4838730,-40.152994318573796
53175,4121702,-40.154150184102576
53175,8273885,-40.17044794357019
53175,479865,-40.18273196098048
53175,844172,-40.204102125432044
53175,5513447,-40.230401312191056
53175,6572988,-40.239833185449235
53175,6151787,-40.251561748915684
53175,2794331,-40.28957663402632
53175,5362775,-40.29740764945237
53175,8026117,-40.32919741360635
53175,7394100,-40.32978175106405
53175,7898174,-40.33523797751222
53175,3538469,-40.33810191901775
53175,3359659,-40.38185033437311
53175,3962451,-40.38730255880936
53175,8348610,-40.404355057583494
53175,332560,-40.40786658607561
53175,6949828,-40.414055499742986
53175,2951847,-40.42218931518811
53175,8708682,-40.4561642064903
53175,7238235,-40.47272548056846
53175,5016007,-40.47306885785234
131651,4386033,-17.49981403963066
131651,4386031,-17.588372388288743
131651,4386032,-17.69826692188262
131651,8195113,-19.769340761993856
131651,7825212,-20.124809443584223
131651,4636782,-20.27016075515058
131651,8334290,-20.361294368267153
131651,1658449,-20.569789744339406
131651,3816120,-20.728870890209205
131651,867563,-20.742575075988498
131651,974426,-20.75651286313666
131651,1758089,-20.78638333180941
131651,3816122,-20.84004533995689
131651,3169272,-20.869415009026792
131651,3169274,-20.869415009026792
131651,3169276,-21.016308898018526
131651,3169273,-21.016308898018526
131651,7571050,-21.10813210985087
131651,553275,-21.1308046575579
131651,6983085,-21.189243781953472
131651,2062607,-21.244671334566938
131651,4599676,-21.282331936800365
131651,7571052,-21.34251150736053
131651,6983081,-21.34968535471097
131651,5658050,-21.34968535471097
131651,3816115,-21.364291185151895
131651,3695982,-21.384995223562534
131651,4386036,-21.422095297157277
131651,3514476,-21.42586852918176
131651,8137502,-21.485048769025802
131651,8137506,-21.54009460933304
131651,6583821,-21.548726300030776
131651,1490196,-21.56220490469778
131651,7895096,-21.628787704778667
131651,4636784,-21.64720861764028
131651,7554990,-21.652146409094865
131651,7554989,-21.674569183958074
131651,8724468,-21.717480555014255
131651,3456223,-21.783360384990267
131651,7895092,-21.840707464398488
131651,6555098,-21.87775192269118
131651,8334294,-21.89985066406546
131651,184783,-21.903068845596213
131651,2062602,-21.932522186534737
131651,5294812,-21.977668055372277
131651,6629087,-22.041503433504815
131651,7124341,-22.047212947666917
131651,5658054,-22.10035822565961
131651,578718,-22.201371762247206
131651,6983084,-22.208690609049107
131651,399863,-22.21479140627373
131651,8334292,-22.273580373290173
131651,4599677,-22.29217026107417
131651,1000281,-22.29896768263771
131651,7951848,-22.3453002214313
131651,6418066,-22.397522494034355
131651,8330053,-22.452595579860002
131651,8605581,-22.45341829030317
131651,3781573,-22.485480494802395
131651,5512333,-22.489586153720893
131651,3514473,-22.50952768100825
131651,7229140,-22.549656413484538
131651,8137505,-22.585331267042342
131651,5585471,-22.592348039359607
131651,3311591,-22.618356768522666
131651,6583825,-22.633854543288468
131651,2594751,-22.662020692744832
131651,4954988,-22.719986088878315
131651,6897563,-22.749144171529068
131651,3968174,-22.758952209141363
131651,228040,-22.797335591484632
131651,8334291,-22.85180358043967
131651,6211354,-22.854695336435487
131651,7753923,-22.865685542090457
131651,1514894,-22.875416990453132
131651,2765412,-22.883002994668185
131651,4599678,-22.945239040920228
131651,1112351,-22.949119953070532
131651,7488356,-22.956416570100902
131651,2890043,-22.977689344249818
131651,3514472,-22.979154406722778
131651,4626172,-22.998767702174163
131651,8771423,-23.035398122588333
131651,5981110,-23.062757808892624
131651,3514470,-23.06426717129699
131651,3587144,-23.068092845852572
131651,677184,-23.070991724424346
131651,7000788,-23.076107012541428
131651,8605586,-23.109687553312813
131651,7322146,-23.146109195039646
131651,1061673,-23.14618440617594
131651,2133749,-23.194152225120405
131651,8334297,-23.222625497002728
131651,3514471,-23.228433163349123
131651,2062603,-23.275212787125092
131651,5062671,-23.297432967251183
131651,7820130,-23.327634816515403
131651,2668064,-23.334975678779383
131651,4658571,-23.37612752212549
131651,3616622,-23.38764876423333
1037798,8760867,-15.95833916958194
1037798,8760864,-16.025084686338463
1037798,2787508,-16.620691865992193
1037798,3641634,-17.21852701028944
1037798,3620983,-17.257164519528885
1037798,4788864,-17.438934523432508
1037798,7943228,-17.601444893049567
1037798,8760870,-17.664541385617447
1037798,8760868,-17.825508685634407
1037798,2157456,-17.82931111886988
1037798,994978,-18.128355972577193
1037798,3641640,-18.251442607244208
1037798,2572535,-18.331445274070887
1037798,3387556,-18.37085445984293
1037798,4083926,-18.409879159624392
1037798,3295328,-18.409879159624392
1037798,8760873,-19.14637581815387
1037798,2157450,-19.286037628137343
1037798,7950016,-19.333821291323417
1037798,6943532,-19.362124380985797
1037798,8537479,-19.55088691001835
1037798,1780966,-19.619365088920148
1037798,4936037,-19.628019437489385
1037798,8820474,-19.727529770386255
1037798,8224675,-19.73730582371715
1037798,1232012,-19.772466202343594
1037798,3167284,-19.796777481451308
1037798,5753976,-19.80473655373568
1037798,2914156,-19.847467058917033
1037798,5904351,-19.866011565643234
1037798,1499298,-19.894804889505046
1037798,2940991,-19.91472573490907
1037798,5753975,-19.93116087015126
1037798,5748541,-19.93189822839576
1037798,1787250,-19.984563490236106
1037798,5753973,-19.992196967486944
1037798,2608688,-20.0220007936139
1037798,5753977,-20.041887047481172
1037798,8717816,-20.06105620614246
1037798,5753978,-20.08637869677262
1037798,2403951,-20.090369432247407
1037798,4168908,-20.09096741784843
1037798,7623886,-20.17074675723877
1037798,4297405,-20.226563009989803
1037798,4296396,-20.2343600265465
1037798,8087396,-20.257025337079508
1037798,4482918,-20.339707429945943
1037798,1043106,-20.347254690061533
1037798,2792856,-20.373437686704243
1037798,3579534,-20.381394206733557
1037798,6912814,-20.400526216866066
1037798,6155141,-20.414870960043046
1037798,6421952,-20.46406977822607
1037798,1043104,-20.47164044218912
1037798,8760866,-20.54263649736422
1037798,7466652,-20.544880607496147
1037798,4974552,-20.561708777958486
1037798,5438881,-20.587913935457205
1037798,3695191,-20.59448840140444
1037798,8760871,-20.654736226615555
1037798,4227882,-20.654736226615555
1037798,8676400,-20.65910085594038
1037798,4877594,-20.70176346010927
1037798,8417086,-20.720248480488507
1037798,2249209,-20.72148319466276
1037798,2868741,-20.756182264752322
1037798,5732889,-20.76247438765163
1037798,1150486,-20.815515201391403
1037798,3681010,-20.822045983117917
1037798,7967207,-20.83454177806462
1037798,4095286,-20.83454177806462
1037798,6526047,-20.8388261526558
1037798,5099520,-20.91718559986826
1037798,1520771,-20.921501724610245
1037798,4114353,-20.981450700107626
1037798,4297400,-21.014502868616386
1037798,2634475,-21.048496517868564
1037798,1520773,-21.048496517868564
1037798,5702713,-21.13097366667951
1037798,811306,-21.17022236265592
1037798,7822415,-21.17158315253558
1037798,3673022,-21.17158315253558
1037798,7780938,-21.188443316375345
1037798,3926205,-21.22441472785159
1037798,473202,-21.235959031232532
1037798,7827293,-21.27265695316667
1037798,54859,-21.27416683467196
1037798,8515267,-21.290995005134306
1037798,2536395,-21.331010269328505
1037798,6060285,-21.406945152627316
1037798,8223340,-21.421068862549742
1037798,720665,-21.444860128445487
1037798,6412269,-21.49798359534357
1037798,8387285,-21.51866370318692
1037798,8800181,-21.572460235810112
1037798,3446131,-21.572460235810112
1037798,6131643,-21.600894325400578
1037798,4714121,-21.6081563570018
1037798,3002498,-21.645856790482895
1037798,1043101,-21.6699102701634
915593,82114,-42.904606676476284
915593,6923052,-43.05512761805612
915593,82113,-43.77272549753451
915593,82107,-43.876739265191944
915593,82109,-44.160510953919854
915593,82106,-45.49598015236475
915593,3890492,-46.24512231560603
915593,275732,-46.45379075782825
915593,2210594,-46.51792639813549
915593,2210595,-46.51792639813549
915593,8455306,-46.54489357598206
915593,3357360,-46.5514804263591
915593,2588143,-46.63269915049035
915593,2210597,-46.71573655860446
915593,3143377,-46.771333169728514
915593,3538164,-46.914362767250964
915593,8402971,-47.133329905371696
915593,3538166,-47.47785540204967
915593,1772930,-47.54055563489144
915593,8455302,-47.61672818756358
915593,8103065,-47.620785057909416
915593,3991910,-47.64580690581135
915593,8178998,-47.74036308323323
915593,8103067,-47.894960628037396
915593,6923054,-48.05970799672833
915593,6564325,-48.2736134075437
915593,3523599,-48.467624337184624
915593,1972028,-48.693226475076735
915593,5931264,-48.7810587088332
915593,8178996,-48.92978787440153
915593,1907207,-49.004047802626935
915593,1033076,-49.02147419012449
915593,7885529,-49.39553878454107
915593,3538167,-49.43522666944778
915593,3538159,-49.50978238290888
915593,2923496,-49.803346445246845
915593,5931269,-49.856719244066724
915593,3485338,-49.873001910209844
915593,7861747,-49.96808447126488
915593,1815965,-49.99371890492542
915593,6923055,-50.02858145155085
915593,5931263,-50.18389415646694
915593,8029530,-50.299622060261086
915593,8179003,-50.46464784709559
915593,8402972,-50.4764691671371
915593,7742098,-50.5154913281353
915593,3573479,-50.60947276329047
915593,8455304,-50.721251679847875
915593,7837086,-50.73302122010426
915593,5931265,-50.74613580910073
915593,8029525,-50.777424267052155
915593,649106,-50.79582652122622
915593,8179001,-50.81613211898272
915593,6923051,-50.87587586275932
915593,8179005,-50.87593483615787
915593,4566819,-51.06003636209137
915593,8002846,-51.10275515958857
915593,8041022,-51.15067639405447
915593,7709320,-51.23362628999878
915593,3835539,-51.25675800213175
915593,4910037,-51.26188875572105
915593,8455301,-51.287158427170326
915593,6761344,-51.36927958269703
915593,3538163,-51.38687290676971
915593,8402974,-51.41271818842201
915593,8420020,-51.41271818842201
915593,210379,-51.48042525217481
915593,6220133,-51.501553292609344
915593,82111,-51.61908299799526
915593,2210591,-51.70283921551824
915593,3538168,-51.74125374637674
915593,1393768,-51.766328048127306
915593,5931268,-51.78986680000852
915593,2755128,-51.817203564189526
915593,1393769,-51.84852040019676
915593,3523602,-51.859059507655765
915593,4566818,-51.8800098263688
915593,3538162,-51.9477190691568
915593,3521854,-51.96720703655643
915593,1396707,-51.97693116570986
915593,8455303,-52.030244101778734
915593,5931270,-52.0473668684007
915593,3924449,-52.10582738070913
915593,6923058,-52.12142038356335
915593,8402970,-52.129692627458
915593,5931271,-52.13349192754607
915593,8178997,-52.14244859221462
915593,1974325,-52.1741243267523
915593,8002854,-52.18511745941902
915593,7861749,-52.19695630926144
915593,3918680,-52.22431804894315
915593,6586234,-52.30065590836221
915593,8402968,-52.349341205229166
915593,3573477,-52.38502398133875
915593,1480482,-52.40009933434805
915593,316344,-52.435766849473055
915593,2210593,-52.450442879174396
915593,8029524,-52.450442879174396
915593,8402973,-52.495146174882876
915593,1396701,-52.52808924004596
264014,6641238,-28.945758359459575
264014,4834547,-28.989421418489748
264014,5611210,-29.359995573617784
264014,96852,-29.676159008655738
264014,4239616,-31.42942047637994
264014,6333841,-31.699431021633984
264014,5302267,-31.905631471107498
264014,4425760,-32.334603158455884
264014,5386309,-32.44538773139954
264014,4425759,-32.660243267900135
264014,5635521,-32.703565544135216
264014,3764482,-32.75198075197121
264014,1313260,-32.77724703606735
264014,1610712,-32.82801320798494
264014,528379,-32.91473628008854
264014,6337909,-32.96191554137286
264014,1610714,-33.05424468594422
264014,3577342,-33.11658314848728
264014,5849270,-33.17635310468625
264014,6501719,-33.23709503179556
264014,1804644,-33.31820689475525
264014,96854,-33.440105137422236
264014,1610709,-33.48896602455459
264014,3666584,-33.50958814270202
264014,6905228,-33.52277211247544
264014,6556781,-33.56598180789817
264014,7071229,-33.57233180107973
264014,3987380,-33.578419221748376
264014,7313943,-33.72594725443266
264014,6105572,-33.883951936989526
264014,528372,-33.9340040921806
264014,122118,-33.936494165457816
264014,2572557,-33.95210966097628
264014,3585842,-33.98325520610493
264014,1697966,-34.10532960513995
264014,6984669,-34.189809726814914
264014,4018134,-34.19978430530078
264014,5328095,-34.24729733799471
264014,7317297,-34.31116272168913
264014,3120993,-34.31359726861614
264014,7326934,-34.39852237692923
264014,5583426,-34.404511797808155
264014,6628753,-34.40656841170737
264014,4021598,-34.42859418910036
264014,426695,-34.51882676402989
264014,6152125,-34.54202611290799
264014,6242497,-34.561025032477076
264014,96856,-34.56434370067289
264014,5635519,-34.62996604799375
264014,3666583,-34.70497668601789
264014,96859,-34.707205802091345
264014,5950726,-34.73152162859696
264014,3338823,-34.744741588905164
264014,1120518,-34.74886302507555
264014,533395,-34.83025167048004
264014,5998805,-34.83668471069072
264014,684616,-34.86850094993102
264014,3469226,-34.871350596804625
264014,7418044,-34.89691834080404
264014,5310096,-34.962062082088124
264014,3372501,-34.98197549265814
264014,4909761,-35.01429916861849
264014,421719,-35.02046264217568
264014,6414343,-35.02590279562561
264014,8193533,-35.02926491462953
264014,3338825,-35.075180195343954
264014,7859079,-35.10110719849312
264014,5358524,-35.113356073460785
264014,5950723,-35.11513583588027
264014,5269173,-35.11668500121583
264014,51145,-35.12328381973244
264014,77808,-35.13284701571591
264014,5528663,-35.13389177221064
264014,96851,-35.24886573352623
264014,331933,-35.250607665951115
264014,8141614,-35.25788787894389
264014,96857,-35.28192948527728
264014,5950722,-35.28814827177764
264014,935825,-35.33236237320587
264014,5622493,-35.33807768180243
264014,8531389,-35.374109690544785
264014,2616756,-35.41192850610571
264014,3844364,-35.41401435412927
264014,5635515,-35.440729769156846
264014,7196300,-35.49549637436064
264014,5587285,-35.52601164835159
264014,6450522,-35.52961951248331
264014,6242495,-35.54301116916583
264014,5896177,-35.546302295887934
264014,2337594,-35.54765617244749
264014,8581137,-35.54765617244749
264014,7859086,-35.604981591531825
264014,2718300,-35.6141408856341
264014,96855,-35.64336793786805
264014,3338827,-35.6536031331984
264014,5950721,-35.67344384527398
264014,2493623,-35.688667449826994
264014,605519,-35.698128921712126
264014,3577344,-35.76476034015522
264014,533393,-35.77805009908394
1121402,8052622,-23.010759500417485
1121402,8052620,-25.093493830290015
1121402,8052624,-25.483102229604306
1121402,182370,-25.507457658143515
1121402,182373,-25.703616643641507
1121402,188213,-26.019329881372297
1121402,8052617,-27.454238762088043
1121402,188217,-28.431137617975637
1121402,188215,-28.43776293330947
1121402,188218,-28.977134077800592
1121402,3785310,-29.15001502884732
1121402,182364,-29.364067395877697
1121402,182368,-29.368052342427216
1121402,8052621,-29.378369810419393
1121402,188214,-29.409813723500882
1121402,5189913,-29.42451042799852
1121402,7125983,-29.572430877880535
1121402,7125978,-29.677125269480342
1121402,7125985,-29.833416309799276
1121402,3511795,-29.901766971580322
1121402,188211,-30.061622812817095
1121402,182365,-30.115977361115988
1121402,8052619,-30.23213150847975
1121402,188210,-30.27815373988176
1121402,1249683,-30.322231960108194
1121402,8453588,-30.403746872889606
1121402,188216,-30.458586826551713
1121402,7125982,-30.484811028747927
1121402,7125981,-30.537279079204687
1121402,1756426,-30.566688067106195
1121402,182372,-30.75045478106952
1121402,182369,-30.75045478106952
1121402,188209,-31.08996012840539
1121402,7142994,-31.153328844118438
1121402,3747588,-31.22611238117339
1121402,8235730,-31.302593659866847
1121402,1865066,-31.31091620509402
1121402,95998,-31.31091620509402
1121402,1756424,-31.57004154441695
1121402,3785309,-31.712753412470448
1121402,3142014,-31.71930636016536
1121402,6717338,-31.758558137336603
1121402,7125980,-31.969219884408204
1121402,2801731,-32.125633953531235
1121402,2801732,-32.16484984083636
1121402,4309870,-32.30726934154955
1121402,8718639,-32.35890215293592
1121402,3120488,-32.37233658332832
1121402,7572308,-32.439901443063576
1121402,133239,-32.669827009272694
1121402,1865061,-32.669827009272694
1121402,6717336,-32.70097829208565
1121402,4616915,-32.9960296186147
1121402,6662028,-33.00845190667586
1121402,5805824,-33.048386117951175
1121402,6331906,-33.05784250692152
1121402,3498103,-33.151482553964854
1121402,647025,-33.252496090552455
1121402,5831283,-33.40029010176018
1121402,7011506,-33.44274139427163
1121402,6392398,-33.48797297155584
1121402,7477357,-33.50880256399567
1121402,7571547,-33.58552500756663
1121402,22453,-33.58552500756663
1121402,595104,-33.61999003503483
1121402,6677265,-33.637330844531704
1121402,6371843,-33.65910426609557
1121402,7572312,-33.72554972169162
1121402,6039386,-33.72904698957408
1121402,5614619,-33.76971183403644
1121402,3511789,-33.79731251519482
1121402,6622671,-33.84673404086828
1121402,7222259,-34.012808042288
1121402,2681048,-34.012808042288
1121402,2849493,-34.02566357295359
1121402,8278682,-34.03751483460078
1121402,4727107,-34.04549802361771
1121402,4494914,-34.164103874522226
1121402,6717342,-34.18102665963158
1121402,528734,-34.30890854685009
1121402,4494916,-34.368213847123506
1121402,8616542,-34.38625724177534
1121402,6658126,-34.3951597750844
1121402,5286477,-34.40695090379197
1121402,6392405,-34.45482993645854
1121402,1402314,-34.460687720822456
1121402,6900255,-34.47189060640127
1121402,6175330,-34.48679648021008
1121402,7626285,-34.48679648021008
1121402,7162382,-34.50014954225896
1121402,2191941,-34.50100039010758
1121402,5614625,-34.520689981432014
1121402,1679021,-34.52214228566878
1121402,1314995,-34.56226214225175
1121402,4649186,-34.56226214225175
1121402,8654199,-34.59059036357085
1121402,1905694,-34.68958708080814
1121402,4130387,-34.72227336121347
1121402,1449575,-34.728312260491364
1121402,4491192,-34.728312260491364
962179,3705165,-24.86645379862386
962179,536176,-24.907458282492165
962179,2978866,-26.75181888000826
962179,5653659,-26.896404189482624
962179,2329697,-27.047751885049664
962179,6327380,-27.16335052998137
962179,6186348,-27.253871034906382
962179,4606387,-27.623451049535802
962179,1882903,-27.66830664903373
962179,372501,-28.06179612585976
962179,3150561,-28.11133030455232
962179,372500,-28.11133030455232
962179,372499,-28.19513494656802
962179,3150562,-28.260709369761162
962179,529450,-28.64486889146604
962179,4511503,-28.762649561375614
962179,5931179,-28.776742331778692
962179,2329696,-28.79368725975208
962179,5053888,-29.053740008412063
962179,8785374,-29.15533269462201
962179,1371846,-29.163880500130333
962179,7745771,-29.2222938477917
962179,7147504,-29.224762515497467
962179,4511499,-29.29521302987088
962179,5105844,-29.434622289924718
962179,3033200,-29.52393536148703
962179,534563,-29.707446086943516
962179,3595106,-29.89181991300579
962179,2228907,-30.168935530416015
962179,3117916,-30.28892524336693
962179,2186434,-30.344240433581717
962179,8785375,-30.581399285458513
962179,5282332,-30.606266942542472
962179,4121728,-30.61767563737626
962179,2329700,-30.6483247342969
962179,8768359,-30.68891184158154
962179,8768355,-30.69301652451957
962179,353539,-30.736706862360908
962179,5247211,-30.77511300161033
962179,7324118,-30.777747892382997
962179,5938035,-30.779397006574943
962179,1006868,-30.805387573792682
962179,5653652,-30.82670382025117
962179,5173969,-30.85126124992089
962179,2433077,-30.891090328828486
962179,8785370,-30.92306903426006
962179,1006859,-30.93039209520974
962179,8785368,-30.96352832250193
962179,4209394,-31.036370352666395
962179,7729442,-31.063418241805294
962179,2639441,-31.115720278644943
962179,6898295,-31.156365764013344
962179,7729446,-31.176629147631584
962179,6675259,-31.177826573041948
962179,8184450,-31.216957836964504
962179,5432458,-31.241498438193418
962179,5173967,-31.249511663590123
962179,8689054,-31.262030064234644
962179,7733810,-31.27267741846164
962179,4935621,-31.294493823739863
962179,3451357,-31.305630418340293
962179,348553,-31.37897415628845
962179,5901720,-31.4043013728112
962179,466474,-31.423484865139226
962179,4384293,-31.43502222234595
962179,2501530,-31.485075064541903
962179,3139216,-31.49716963436913
962179,3139215,-31.51010294741753
962179,4200325,-31.5813829414557
962179,758944,-31.59057142076141
962179,758947,-31.59057142076141
962179,348555,-31.59057142076141
962179,6675262,-31.76900001662326
962179,8433589,-31.78305303725012
962179,8433587,-31.78305303725012
962179,8785371,-31.788527631731768
962179,4511498,-31.812712657559167
962179,2329699,-31.853146613853873
962179,4549207,-31.864794600641474
962179,2925975,-31.891443962474348
962179,902373,-31.892537933461412
962179,2978868,-31.921197587970155
962179,5938030,-31.923412862237072
962179,6222622,-31.950881567621632
962179,1366406,-31.955238882348638
962179,4843267,-31.95952859397413
962179,8467849,-31.968614068281127
962179,5773189,-31.974637262938728
962179,8785372,-31.992663800973883
962179,4257873,-32.024198452848765
962179,4257871,-32.02433845431537
962179,2150230,-32.03663725724971
962179,3451358,-32.04148558110512
962179,4309122,-32.05090324158765
962179,147806,-32.058191609011956
962179,1322962,-32.067200649695174
962179,3451354,-32.1036623033184
962179,8621587,-32.11214917700593
962179,7271933,-32.116769743823355
962179,4859119,-32.12634060834737
1117099,1445087,-21.374331912817716
1117099,8446502,-21.7420805318987
1117099,8093934,-21.87956650338976
1117099,6177939,-22.044834278272887
1117099,8446505,-22.10398052292452
1117099,6122722,-22.169285090321104
1117099,5149273,-22.3472649437957
1117099,6993942,-22.357521121755425
1117099,3349612,-22.62842656675956
1117099,7610604,-22.651718954745668
1117099,4441325,-22.71063394193629
1117099,8093932,-22.721514033331925
1117099,1798612,-22.851495801737546
1117099,6177941,-23.111633305012134
1117099,4573811,-23.168780200252083
1117099,8446501,-23.18980575415249
1117099,1798620,-23.231688941084677
1117099,4458510,-23.251013925065315
1117099,8644539,-23.255686138900195
1117099,5258462,-23.276054757982855
1117099,7172078,-23.385340944891794
1117099,4775947,-23.406728854764587
1117099,5699286,-23.63045748564542
1117099,4458512,-23.633581627845857
1117099,7498420,-23.658676666147052
1117099,4458509,-23.687668397812633
1117099,5752877,-23.701305897078896
1117099,4059509,-23.75020280409128
1117099,8418548,-23.78827983156802
1117099,8714082,-23.795090367238412
1117099,1798619,-23.813560255701233
1117099,4001644,-23.872994363117478
1117099,2205521,-23.888925928654594
1117099,2620705,-23.909780633499878
1117099,1721190,-23.909780633499878
1117099,3931642,-23.919644337057342
1117099,2036717,-23.919644337057342
1117099,6178371,-23.974546247192322
1117099,4886519,-23.977649646236298
1117099,6171064,-23.99289634783153
1117099,6534818,-24.004714383179586
1117099,4040438,-24.007966672508836
1117099,7431534,-24.02021475157698
1117099,7722560,-24.026225181276114
1117099,7498422,-24.06074069184448
1117099,1570999,-24.069055661956043
1117099,8714085,-24.090325107783993
1117099,4040433,-24.101427337569596
1117099,8019449,-24.139248259332096
1117099,2413643,-24.146791827972798
1117099,2867223,-24.16033664438618
1117099,700500,-24.166510011517467
1117099,8446504,-24.177343636245027
1117099,4040435,-24.193173030910575
1117099,8708306,-24.19924853451246
1117099,5286539,-24.231430406211803
1117099,65958,-24.23928839299372
1117099,5020965,-24.271818157920045
1117099,6776509,-24.277669356274494
1117099,2292116,-24.285457566684986
1117099,8113157,-24.32415351183855
1117099,4750335,-24.342738179635983
1117099,6858988,-24.37050531524056
1117099,5286538,-24.382957153688448
1117099,6171070,-24.389646322832725
1117099,7518838,-24.40860476493635
1117099,7959195,-24.42865020897694
1117099,6691413,-24.447272190690438
1117099,2789022,-24.463326592228665
1117099,3427785,-24.494442413553287
1117099,4772279,-24.50696871014354
1117099,3543106,-24.51862647825782
1117099,3633445,-24.523343696852663
1117099,514314,-24.542726939699225
1117099,6398911,-24.5562616957125
1117099,2774621,-24.562309622104152
1117099,7249377,-24.583769195931048
1117099,3427786,-24.598612848067496
1117099,5817491,-24.598612848067496
1117099,6858994,-24.618927880388053
1117099,1123494,-24.62024787237905
1117099,1013796,-24.626359361415105
1117099,700495,-24.65871037558373
1117099,3720000,-24.672775403498644
1117099,2292114,-24.682383011797018
1117099,5597127,-24.700657206223532
1117099,1632948,-24.778035184587896
1117099,2205520,-24.8039904488967
1117099,1692846,-24.820558527996425
1117099,5377579,-24.823570535795287
1117099,8417516,-24.828863747344627
1117099,5819131,-24.846329329572917
1117099,5795852,-24.84864849834619
1117099,65962,-24.84932044109558
1117099,5795851,-24.86090799116661
1117099,416617,-24.864751894169267
1117099,7172079,-24.875649777791647
1117099,7722559,-24.886158059253827
1117099,3128110,-24.921312195608014
1117099,5390394,-24.92356489535439
744366,8318771,-13.317059756414352
744366,7219555,-13.33336667275541
744366,2110903,-13.73733732819418
744366,2110901,-13.833561007744418
744366,6214370,-14.00819786821048
744366,8597232,-14.092341557998177
744366,8597234,-14.605786326585665
744366,8318774,-14.832921791792755
744366,8318775,-14.868385292058772
744366,1286409,-14.925236767793013
744366,8318776,-14.93580385961495
744366,8597238,-15.03417332808392
744366,1485836,-15.264947325317262
744366,8318779,-15.33236589287344
744366,760507,-15.372146836989804
744366,1485842,-15.43073536134241
744366,2110896,-15.43073536134241
744366,3152828,-15.719998512128843
744366,2110902,-15.719998512128843
744366,6214367,-15.723508480568949
744366,5335826,-15.897565126299831
744366,8318773,-16.067551679161777
744366,8597235,-16.129725117146094
744366,6214366,-16.28265451975866
744366,5335825,-16.601281867713332
744366,6214375,-16.61020290523476
744366,3410315,-16.78636257472935
744366,3410311,-16.911903904535855
744366,3410313,-17.193360170188818
277780,4840387,-21.49869087443804
277780,4840386,-22.980254702053752
277780,1162122,-26.782565678932414
277780,4840391,-27.310422820481918
277780,3730468,-27.493369607503084
277780,8042974,-27.555241230536623
277780,4840389,-27.788748843754362
277780,7049627,-28.496411948818604
277780,4840388,-28.774142459146194
277780,6790286,-28.787860186104268
277780,7579282,-28.86494995508503
277780,5080608,-29.03029927333339
277780,917777,-29.174014034623035
277780,5507433,-29.29147232669551
277780,5912313,-29.29147232669551
277780,2529668,-29.44230904319866
277780,8523731,-29.53793977095978
277780,784779,-29.62830430086122
277780,3730469,-29.683470240671756
277780,6001961,-29.716043405879255
277780,8285377,-29.742253743962337
277780,2101025,-29.905061852923044
277780,6001075,-29.92959135185294
277780,803915,-30.091240877201024
277780,4251012,-30.11490840387067
277780,7197373,-30.212633190510243
277780,803921,-30.21756133238802
277780,7302656,-30.232321930047938
277780,8013190,-30.23800243117442
277780,4109618,-30.373810112939253
277780,5827473,-30.41959384381284
277780,4630736,-30.46284384992333
277780,6810438,-30.54368855068781
277780,5852844,-30.61186861500588
277780,917778,-30.64647523942141
277780,2300745,-30.650000967095707
277780,917779,-30.668223444265248
277780,1991367,-30.668223444265248
277780,8503078,-30.6865120102921
277780,1570367,-30.753567466669026
277780,552785,-30.765130430125367
277780,917780,-30.86420594194578
277780,8013189,-30.885515730512644
277780,2123784,-30.91120865108462
277780,7462939,-30.932379217933097
277780,5072847,-30.95939718535908
277780,4109614,-31.00717448011485
277780,1695662,-31.011671777171166
277780,7102830,-31.011671777171166
277780,4131748,-31.071892999766984
277780,3129224,-31.076574085425367
277780,5857164,-31.088752664958996
277780,1176710,-31.08887579197265
277780,7880141,-31.12198427257117
277780,5448441,-31.150520582563026
277780,7602507,-31.162044909014526
277780,489757,-31.189472535842
277780,6534978,-31.25942863817002
277780,4109616,-31.264724748417052
277780,7075036,-31.264724748417052
277780,6001074,-31.26995432255102
277780,3730466,-31.26995432255102
277780,2001454,-31.27633840982697
277780,6531768,-31.283482437018552
277780,3620534,-31.284332814580328
277780,7305601,-31.314728568799566
277780,6001076,-31.321695107440647
277780,7286767,-31.331314752090655
277780,6001069,-31.333771839622543
277780,6319670,-31.34765924985045
277780,8013188,-31.35827043018267
277780,5733599,-31.384368895820437
277780,3582168,-31.40467769143886
277780,6616823,-31.444513441913056
277780,5342822,-31.54320803817667
277780,5857160,-31.54642793816816
277780,1151439,-31.594446926697373
277780,6018365,-31.651292750060943
277780,3620533,-31.654292137674034
277780,4109617,-31.6658703760034
277780,1853981,-31.706942218908445
277780,6616820,-31.71290777917758
277780,1803402,-31.718911672158974
277780,4306012,-31.726645648863034
277780,4341768,-31.750210568592237
277780,8545109,-31.751978292242324
277780,3730471,-31.79592389367548
277780,4575349,-31.81684378886762
277780,7302657,-31.981288165286166
277780,776238,-32.03029556077419
277780,302366,-32.048739464038285
277780,3231713,-32.050970714653104
277780,6596360,-32.10547329791637
277780,2408797,-32.12486356300187
277780,6597501,-32.12486356300187
277780,6600967,-32.132365679541316
277780,7675945,-32.15711395663445
277780,3983028,-32.16243660555011
277780,3354933,-32.19922520533485
277780,1439378,-32.21589008808448
1114563,8118047,-16.460228352162957
1114563,6867488,-18.422648474734554
1114563,8118044,-18.511507020788944
1114563,8118048,-18.648784046159193
1114563,8118043,-18.956522672201963
1114563,8118049,-18.997973820344143
1114563,8118042,-19.623282191618607
1114563,8118050,-21.039954029347356
1114563,6867489,-21.563832884087923
1114563,6867491,-21.563832884087923
1114563,8118045,-22.398633087904713
1114563,6739271,-22.450290554719814
1114563,6739268,-22.45764179893886
1114563,7764799,-22.642862541052263
1114563,2980153,-22.661980160537183
1114563,452445,-22.771250951134398
1114563,6867493,-22.78381699047602
1114563,6433793,-22.80380937678154
1114563,8118046,-22.890096252395168
1114563,6961178,-22.924242698374915
1114563,5691326,-22.92972424158871
1114563,6867490,-22.93287740886216
1114563,8118041,-22.93287740886216
1114563,2862970,-23.1431995509471
1114563,6739264,-23.1431995509471
1114563,2142409,-23.175874471382684
1114563,6875690,-23.22018034714718
1114563,258034,-23.26999646102346
1114563,4624128,-23.274518326068915
1114563,3147463,-23.37553968041224
1114563,7273012,-23.40715275493799
1114563,5691327,-23.412311095731056
1114563,6703111,-23.412311095731056
1114563,26952,-23.436524643289296
1114563,2835152,-23.45184595733049
1114563,4616849,-23.45841133402264
1114563,2835155,-23.516527310115976
1114563,4904110,-23.53797588066457
1114563,5035118,-23.53976158420559
1114563,1519453,-23.554683563235425
1114563,6703107,-23.61004426199172
1114563,6401300,-23.625786405089443
1114563,7760179,-23.647617703158396
1114563,6739267,-23.671886643381033
1114563,6663456,-23.676451934425785
1114563,4772620,-23.676451934425785
1114563,6867495,-23.697307783152624
1114563,2797798,-23.74387529319831
1114563,2965096,-23.75145119002296
1114563,2116157,-23.75145119002296
1114563,2134056,-23.752790107314446
1114563,2849327,-23.833086676547786
1114563,4486651,-23.833566095569545
1114563,8021942,-23.84142376856198
1114563,6433794,-23.870729444626495
1114563,2965100,-23.873288019961795
1114563,258033,-23.873288019961795
1114563,24008,-23.888765707033436
1114563,875784,-23.952569572249107
1114563,2784860,-23.9608356211607
1114563,7760180,-23.9831436390812
1114563,4857319,-23.9831436390812
1114563,453121,-24.02885842237569
1114563,6999274,-24.03017087257492
1114563,26950,-24.035773756203938
1114563,4486655,-24.040192664883836
1114563,3248493,-24.11379610638876
1114563,673876,-24.126891187911745
1114563,8785797,-24.136582871200076
1114563,2138823,-24.161312584931387
1114563,1786241,-24.162789921761547
1114563,6398203,-24.16709253132575
1114563,3220711,-24.19310250292239
1114563,3911668,-24.1999994924108
1114563,7760181,-24.206665472659026
1114563,231249,-24.281970994332855
1114563,2980154,-24.292690293542883
1114563,7494542,-24.345508597185272
1114563,5148093,-24.366155465105795
1114563,7101,-24.370842371035003
1114563,4486656,-24.400168163821654
1114563,2301198,-24.43772712522101
1114563,663200,-24.43772712522101
1114563,1740515,-24.467718171159348
1114563,3108573,-24.508327657015418
1114563,6687944,-24.5961528399191
1114563,6662431,-24.619402417599954
1114563,4121813,-24.655963062222746
1114563,4484955,-24.658427117381407
1114563,8351077,-24.666764209395602
1114563,3407280,-24.701344697499096
1114563,4484950,-24.733733538429576
1114563,6990045,-24.74368965710715
1114563,3537805,-24.74368965710715
1114563,4711333,-24.765862225218633
1114563,4023799,-24.793795076365182
1114563,7997236,-24.808947204990172
1114563,5421279,-24.819163594324685
1114563,6567949,-24.819163594324685
1114563,3221485,-24.82255648575223
1014126,6028962,-29.48640228118012
1014126,3340638,-32.010451665814756
1014126,178080,-32.07016574737781
1014126,6537554,-32.21585369296428
1014126,4896626,-32.32620231575377
1014126,4096649,-32.340754076242945
1014126,6984123,-32.56474142916148
1014126,4970792,-33.01943105435687
1014126,4189307,-33.14344989051153
1014126,3581450,-33.160486386598954
1014126,7652173,-33.41982726644372
1014126,6984124,-33.478225099797015
1014126,2197889,-33.575226214948295
1014126,4684737,-33.71084750854845
1014126,8407170,-33.84963847843054
1014126,3587542,-33.90374843208503
1014126,2968301,-33.90863573877144
1014126,2379306,-33.94411531960541
1014126,7514802,-33.98756705385444
1014126,7754005,-34.16121025451454
1014126,7320797,-34.20741181969798
1014126,37950,-34.24766804983063
1014126,6608991,-34.26451198185523
1014126,1170313,-34.27476502257686
1014126,2434214,-34.29502005454181
1014126,4297300,-34.29502005454181
1014126,3340637,-34.30952291126443
1014126,1539557,-34.316265454781565
1014126,178082,-34.3344791639728
1014126,8282782,-34.378133778264605
1014126,2087436,-34.4080852023105
1014126,2572034,-34.53869652811058
1014126,6919890,-34.548726298065716
1014126,5404297,-34.55055586333705
1014126,7556553,-34.60320223135815
1014126,3614113,-34.65829108042927
1014126,2999701,-34.665589132511556
1014126,3822766,-34.66954829506934
1014126,566147,-34.72660631537996
1014126,1539558,-34.73723785544071
1014126,6000430,-34.743309564013195
1014126,6393020,-34.76732860960609
1014126,7556555,-34.77463598609441
1014126,4987928,-34.77506173486242
1014126,1094856,-34.77604593065698
1014126,3450832,-34.80468722398439
1014126,3822762,-34.9331983789938
1014126,3804940,-35.120726020515505
1014126,7694632,-35.14187041567763
1014126,2707789,-35.15520515639626
1014126,3687817,-35.19251238637457
1014126,4970793,-35.25328584188576
1014126,5800907,-35.275085891037826
1014126,229947,-35.2781476380549
1014126,3804939,-35.2781476380549
1014126,7393577,-35.31103934196118
1014126,8128490,-35.318406275538216
1014126,7859616,-35.35273728529794
1014126,1181893,-35.35411289199805
1014126,3822763,-35.35693603940349
1014126,2468998,-35.37447134629611
1014126,7556557,-35.37702133099832
1014126,4238979,-35.38067144916758
1014126,6201437,-35.405277743260086
1014126,2849275,-35.44881216830777
1014126,5059924,-35.47327893304905
1014126,2188648,-35.51255570977901
1014126,7415097,-35.524349487368134
1014126,3808622,-35.58415087687978
1014126,372767,-35.58724493511127
1014126,5697293,-35.58724493511127
1014126,4970791,-35.600145562711155
1014126,4970794,-35.600145562711155
1014126,4443888,-35.61965129055974
1014126,5404298,-35.619871775530186
1014126,5134405,-35.619901765308654
1014126,974545,-35.6295252251411
1014126,4326876,-35.63047032313276
1014126,6028964,-35.63686687787334
1014126,2707791,-35.66386239711093
1014126,2665735,-35.67378614927911
1014126,6028959,-35.70229155584346
1014126,7048189,-35.70939055987398
1014126,1579191,-35.70939055987398
1014126,2810944,-35.79223968282569
1014126,8202028,-35.84171869377859
1014126,3955647,-35.857325240648045
1014126,1977658,-35.857325240648045
1014126,52654,-35.88398728430146
1014126,1053042,-35.911332247949794
1014126,5921199,-35.9143949644675
1014126,8202031,-35.93098069948671
1014126,4986915,-35.946360940265514
1014126,4931322,-35.949480603904384
1014126,2707795,-35.97126402613916
1014126,8153051,-35.982421207833
1014126,7184933,-36.03483000673777
1014126,3725104,-36.03483000673777
1014126,5574702,-36.03907475334667
1014126,1744987,-36.04159039557578
1117346,8091627,-19.65723278181311
1117346,8091629,-23.172325924963772
1117346,8091630,-25.19373000684955
1117346,8091632,-25.532873757565497
1117346,8091625,-26.104712316823786
1117346,8091624,-27.71541117020938
1117346,8091626,-33.12490278752324
1117346,8091628,-33.925739047389364
1117346,8517839,-47.064391671172075
1117346,8091631,-48.55627476078059
1117346,2207570,-49.198546855504745
1117346,6502487,-50.171885748692944
1117346,97605,-50.900722175197004
1117346,1781590,-51.12104665589891
1117346,2393386,-51.22927801127895
1117346,3372102,-51.563238663443144
1117346,7247116,-51.57161362600202
1117346,3230712,-51.95472245792122
1117346,4434169,-52.41806399055264
1117346,1055996,-52.45451926197835
1117346,6909191,-52.76363779477492
1117346,3230715,-52.913759724712364
1117346,8776192,-53.190310043387726
1117346,7862189,-53.231407043593194
1117346,7825839,-53.398872304486936
1117346,838894,-53.41059366844424
1117346,8378167,-53.56813547564831
1117346,4137065,-53.627471381880554
1117346,7538145,-53.81149806270944
1117346,3862494,-53.90826454198869
1117346,2251648,-54.112039521747306
1117346,1496651,-54.14450805036934
1117346,2128736,-54.19057183272247
1117346,8378170,-54.22195241142937
1117346,3862491,-54.241683648917565
1117346,2158603,-54.33990778915979
1117346,1890,-54.34428258464436
1117346,4280133,-54.38058924639543
1117346,602648,-54.40521904965644
1117346,4029781,-54.40579030208208
1117346,702127,-54.40579030208208
1117346,3691721,-54.410581601763866
1117346,4221129,-54.454621795610706
1117346,4876041,-54.46432735175428
1117346,3098692,-54.49229888199308
1117346,6711059,-54.51475401949421
1117346,602649,-54.52252364342643
1117346,1882,-54.52252364342643
1117346,6283879,-54.52862280834261
1117346,8163405,-54.56810450742005
1117346,2299914,-54.56938369321318
1117346,6730466,-54.58737556896469
1117346,362942,-54.59419723153576
1117346,7357698,-54.60818981681798
1117346,3275218,-54.62751478611786
1117346,1374568,-54.62751478611786
1117346,8020380,-54.62751478611786
1117346,815679,-54.62751478611786
1117346,3170549,-54.639032158569044
1117346,8622681,-54.639032158569044
1117346,970716,-54.65442621464017
1117346,2372517,-54.65605282378174
1117346,367182,-54.65605282378174
1117346,324571,-54.65906272816105
1117346,372848,-54.66393219069134
1117346,6771807,-54.66393219069134
1117346,2590932,-54.664937005144594
1117346,2094256,-54.681129729107376
1117346,1566713,-54.6820593571181
1117346,3311043,-54.69059993711829
1117346,3656390,-54.72989890788133
1117346,5900001,-54.73151371146979
1117346,1544195,-54.744470312684186
1117346,3098689,-54.74608511627265
1117346,1215737,-54.74816953269614
1117346,2493593,-54.7613007902042
1117346,4858539,-54.7613007902042
1117346,4280129,-54.78359638642536
1117346,7960546,-54.793874113303566
1117346,8020378,-54.80702158128473
1117346,8482238,-54.807800897306905
1117346,520964,-54.81214473811838
1117346,5162853,-54.814468549815636
1117346,1938453,-54.814468549815636
1117346,1009793,-54.83878524550909
1117346,6639469,-54.84955491804854
1117346,5602098,-54.84955491804854
1117346,8659150,-54.85522943468621
1117346,4650265,-54.86167144482717
1117346,2612436,-54.86547412646612
1117346,1895161,-54.86821429980605
1117346,4228624,-54.86978183445649
1117346,6077707,-54.8779585565853
1117346,4858541,-54.8779585565853
1117346,2315951,-54.878054583423555
1117346,6639470,-54.880042973008784
1117346,3818989,-54.880042973008784
1117346,1778424,-54.88685050874852
1117346,247334,-54.91173164026182
1117346,1468893,-54.912784826046476
148538,985493,-16.360544012023627
148538,4539657,-19.01553290676825
148538,985488,-19.01632925469474
148538,7407803,-19.290284057150593
148538,8283527,-19.845593765899956
148538,5077707,-19.896355623220046
148538,8283532,-20.02273102086495
148538,1950976,-20.401018519700493
148538,231455,-20.688788296968454
148538,1950979,-20.79307049391827
148538,5077704,-20.980489512065773
148538,3557943,-21.045806160960502
148538,1950974,-21.302702365121455
148538,1985491,-21.34699340976766
148538,1384447,-21.49425940190135
148538,8814767,-21.812362534355806
148538,985491,-22.33323249279418
148538,1969519,-22.375279500476157
148538,231452,-22.50007560509436
148538,4447598,-22.69820001334501
148538,6697437,-22.74264475043124
148538,332401,-23.07101646924301
148538,615407,-23.07101646924301
148538,332400,-23.10236453431099
148538,283691,-23.13413186497249
148538,2915323,-23.161075122596458
148538,4264129,-23.16365340779045
148538,2915322,-23.19641095871192
148538,339842,-23.400813809348872
148538,8265468,-23.80916268126236
148538,5171603,-24.018112567764877
148538,3918785,-24.029432112009847
148538,3557946,-24.030257674646414
148538,1950977,-24.033499616623843
148538,3010218,-24.065970116012327
148538,4447601,-24.193356874672304
148538,4539654,-24.26319507150981
148538,1247539,-24.291143549062216
148538,23586,-24.2921760288735
148538,6894608,-24.35107362553598
148538,7407812,-24.35443372646473
148538,6017980,-24.617709540382325
148538,4185812,-24.635354529780336
148538,1736918,-24.65023850904763
148538,1147038,-24.71174902204651
148538,7513910,-24.80614681735574
148538,4225978,-25.110810439524084
148538,4716046,-25.128468560427685
148538,8730359,-25.234717350667083
148538,6416241,-25.313624202205293
148538,3631449,-25.36893226655062
148538,4447654,-25.37305510881935
148538,3588271,-25.382660562979346
148538,3631456,-25.433253353702
148538,8265464,-25.527173386460685
148538,4216603,-25.615767785812498
148538,339837,-25.618696472416048
148538,8681531,-25.62080080792562
148538,3393967,-25.785498406915515
148538,2030559,-25.79926614112551
148538,339840,-25.838710589476822
148538,7858769,-25.855592902159486
148538,1247542,-25.896381477781247
148538,6506750,-25.904533187114673
148538,2915327,-25.908698622467153
148538,8346060,-26.00762962312835
148538,91116,-26.012061792424362
148538,4410448,-26.059196285853588
148538,8681530,-26.065538238008106
148538,8181574,-26.101225506425777
148538,1868292,-26.209612562274458
148538,748728,-26.222619219174994
148538,1311204,-26.232292112701455
148538,4396829,-26.288832685297926
148538,6499828,-26.305784558707394
148538,360949,-26.309641612466628
148538,4396833,-26.329985180980508
148538,5809605,-26.373925949037694
148538,6499829,-26.388337341238312
148538,734990,-26.40979165687674
148538,7133944,-26.50154629166997
148538,8002293,-26.503529658981332
148538,8610395,-26.512032252862284
148538,5825400,-26.512624066067097
148538,8307129,-26.518876909019756
148538,7039113,-26.522709267806263
148538,2731871,-26.531219222411163
148538,8008289,-26.571018822364945
148538,4995558,-26.571018822364945
148538,4714074,-26.574443129591895
148538,8265463,-26.57835832393341
148538,3631457,-26.64348470497814
148538,5592685,-26.667675249779897
148538,6222113,-26.66780809176126
148538,5588137,-26.68881240197187
148538,3446014,-26.705698246705992
148538,6438296,-26.705698246705992
148538,6438297,-26.728276002246183
148538,1384448,-26.733644354631135
148538,6567031,-26.740134400671085
451602,2176453,-28.037612543688375
451602,2176450,-28.175549653036576
451602,5179251,-28.998843933284363
451602,2176459,-29.64214205358105
451602,2244882,-29.715600400366796
451602,6618756,-30.697881330901325
451602,1277290,-30.69974007533932
451602,8540468,-30.725764021522856
451602,4345752,-30.749813109440932
451602,1715030,-31.009607585839237
451602,1640289,-31.098157335333156
451602,96223,-31.136850412927537
451602,705851,-31.18741134492237
451602,4453605,-31.24999472322284
451602,5018391,-31.34835379517215
451602,1575781,-31.37248920907038
451602,539889,-31.423633220220943
451602,2954240,-31.43637591462197
451602,8383465,-31.453607301110438
451602,2482418,-31.501706137515566
451602,4487185,-31.507322847013224
451602,3371386,-31.51823719477204
451602,7864188,-31.537377759472918
451602,5902821,-31.56315626015227
451602,7326276,-31.577681072093338
451602,7403454,-31.586497908940505
451602,1932722,-31.643867433244665
451602,7859334,-31.646875164103335
451602,3177692,-31.685530643978364
451602,3790251,-31.71053550512617
451602,1626653,-31.778291941171606
451602,6286982,-31.779072840046236
451602,3177691,-31.789964206168317
451602,8390525,-31.852368871059532
451602,5475308,-31.909541925512887
451602,6286977,-31.97153375028038
451602,5018392,-31.982209467986912
451602,8390518,-31.982931662697368
451602,8485131,-32.05652410695132
451602,2084909,-32.05652410695132
451602,7563247,-32.138565503221784
451602,7199592,-32.14775959795042
451602,1277287,-32.14954215091929
451602,3177699,-32.184287096032875
451602,2756872,-32.26161837121874
451602,3090671,-32.30207091589328
451602,3916581,-32.30298182958116
451602,7510020,-32.3102658356722
451602,1277289,-32.32858389859424
451602,2176454,-32.3780631671958
451602,340748,-32.37972617505915
451602,8390526,-32.38501105171702
451602,2922141,-32.4024108740769
451602,370081,-32.427459129598894
451602,8485136,-32.45285136567371
451602,8033473,-32.47048372819512
451602,7804169,-32.49020290495661
451602,2891587,-32.4952564611225
451602,2643976,-32.50191309542125
451602,6969507,-32.5062635563938
451602,8735661,-32.51384309728778
451602,7800959,-32.519722681720886
451602,1094135,-32.519722681720886
451602,6645233,-32.539979838044765
451602,7647395,-32.54205248484305
451602,3052112,-32.55479274152331
451602,2244875,-32.6192921570419
451602,5008701,-32.68212855832395
451602,1277293,-32.6861932575738
451602,5053852,-32.69617986587388
451602,5538936,-32.75249227469331
451602,2231421,-32.75471691554606
451602,990521,-32.7569564174735
451602,6164534,-32.760329638321224
451602,104049,-32.760329638321224
451602,1277294,-32.760329638321224
451602,7804442,-32.769070277065616
451602,4874641,-32.76988692080195
451602,8133638,-32.805884757799696
451602,654120,-32.80924554912885
451602,7315074,-32.81373607305561
451602,5538938,-32.82056064121093
451602,1314128,-32.83256031859939
451602,5538940,-32.83845909574369
451602,5902818,-32.84170578705014
451602,7279414,-32.861585441054956
451602,3090672,-32.86210478520343
451602,2176455,-32.865706361353425
451602,8518294,-32.87861292099376
451602,7279411,-32.87861292099376
451602,4981122,-32.87861292099376
451602,3090667,-32.88123720365419
451602,8787236,-32.8866995923329
451602,8540473,-32.90625642726729
451602,6286976,-32.90729419748953
451602,8002401,-32.916884388382954
451602,7792100,-32.91813994171472
451602,4453608,-32.94186015715654
451602,127533,-32.94952739153668
451602,8787234,-32.949597872536714
474735,1740069,-25.768139910704015
474735,3501855,-26.08279962573988
474735,540116,-27.32095251826197
474735,625071,-27.595497480779215
474735,8443459,-27.655712015342836
474735,3501854,-27.782375037492173
474735,1565527,-27.942458890887274
474735,1039489,-27.942458890887274
474735,1740068,-28.145422135591208
474735,540121,-28.941911481683213
474735,540118,-29.173708686747304
474735,3501858,-29.317605461684405
474735,1039490,-29.429247382230436
474735,1565526,-29.492510981217606
474735,6959173,-29.792496052458723
474735,6354711,-29.979514113796093
474735,1565529,-30.134674831910743
474735,1756202,-30.604479388806016
474735,5086558,-30.82898983849566
474735,7437211,-31.12136848941191
474735,6354712,-31.13452992902633
474735,340479,-31.297520202628476
474735,1936162,-31.334950737251575
474735,4267216,-31.542179937411195
474735,4267215,-31.682184604357882
474735,5086556,-32.065995681442786
474735,1895272,-32.114408488374416
474735,1565530,-32.16456182197718
474735,4428988,-32.33095033041512
474735,6458055,-32.58509598289846
474735,6959171,-32.62410409612443
474735,8160762,-32.67089839078944
474735,1039494,-32.801822168528076
474735,755080,-32.889228636158485
474735,8619467,-32.94016235658401
474735,1499368,-32.94550299449755
474735,7962379,-32.960396414256834
474735,1935503,-32.98706046385645
474735,8619464,-33.06738232614775
474735,7087452,-33.075510627180876
474735,340480,-33.15147005836407
474735,5528585,-33.17755230985095
474735,3765222,-33.17755230985095
474735,7897865,-33.25658303286319
474735,7670429,-33.349299620113335
474735,2114785,-33.3575706272706
474735,5632731,-33.47528911400577
474735,6085459,-33.5017081911489
474735,6443140,-33.530970405080296
474735,340474,-33.59435098374395
474735,2009522,-33.6071199727071
474735,3765226,-33.62727491105168
474735,7588185,-33.6494465806804
474735,705873,-33.6494465806804
474735,3765227,-33.795280705183316
474735,5528581,-34.01843811981288
474735,1835392,-34.076486017613504
474735,1686050,-34.08048429560898
474735,4873009,-34.09004328208974
474735,2114787,-34.09378937216861
474735,5171680,-34.16637494375169
474735,8619461,-34.22971690399506
474735,7853587,-34.295726672318594
474735,7644512,-34.30346343646241
474735,1895275,-34.31230420505669
474735,8609132,-34.31900250089548
474735,4058283,-34.3536551962923
474735,6860081,-34.355233732022896
474735,3049711,-34.39992825770301
474735,4897932,-34.43917111927588
474735,2968243,-34.45121418563918
474735,3407759,-34.47193422601435
474735,5902485,-34.50735289943806
474735,4855072,-34.52282801531686
474735,1895280,-34.54637336631746
474735,5417616,-34.57747462022496
474735,5957398,-34.57747462022496
474735,7154946,-34.59137682508191
474735,1134756,-34.631639960924716
474735,6015166,-34.649841080319646
474735,6976992,-34.68962718307877
474735,6959169,-34.70733709508859
474735,6737962,-34.81385152163881
474735,6023111,-34.82907483403024
474735,6443142,-34.84834852319576
474735,4058281,-34.93288089783892
474735,5957393,-34.93288089783892
474735,1936166,-34.975522087380966
474735,6094237,-35.003338437375504
474735,1895273,-35.01623603143057
474735,783806,-35.075431543482644
474735,5836642,-35.099224009000274
474735,1875898,-35.14649672721676
474735,7671440,-35.1647227940964
474735,6094231,-35.20181253181076
474735,705872,-35.23452930102554
474735,705875,-35.23452930102554
474735,6566837,-35.24151808692083
474735,5836881,-35.27039376691256
474735,1341980,-35.28682157307265
359349,3176541,-31.859836113842583
359349,68648,-32.029328620911784
359349,3176542,-32.08849471948464
359349,576629,-32.53205804848907
359349,68647,-33.82046252676275
359349,68653,-34.407743543335734
359349,68649,-34.58776333500022
359349,943229,-34.63869533309562
359349,3193824,-34.75681433058988
359349,2826510,-34.8916975194758
359349,3223833,-34.8916975194758
359349,3223831,-35.118218265326924
359349,2293820,-35.13658336726336
359349,6108721,-35.215199066089674
359349,576628,-35.37999419886079
359349,457673,-35.605088300791195
359349,5773718,-35.87761202629004
359349,1830517,-36.193798759246356
359349,7277971,-36.2585028644755
359349,5615181,-36.30093445500174
359349,5345720,-36.401622270937665
359349,4013723,-36.44460833450571
359349,15800,-36.56723506414283
359349,3900185,-36.583994017772206
359349,576627,-36.986775807767195
359349,7329397,-37.072428545622444
359349,576632,-37.14463371309645
359349,576635,-37.43507403614953
359349,4020470,-37.56290038571497
359349,15805,-37.797869976383254
359349,3176543,-37.80170419972804
359349,5773717,-37.88132250737022
359349,15801,-38.140913689748075
359349,5773715,-38.28204160034463
359349,1622457,-38.56899979895256
359349,15806,-38.6743042452151
359349,4474866,-39.06488576444803
359349,15803,-39.769957067807056
359349,7857629,-39.820670463013386
359349,15804,-39.8718692740265
359349,4020472,-39.883230061870954
359349,6113314,-39.9086909803931
359349,4087268,-39.912719916584614
359349,4020479,-39.97790572304697
359349,3176548,-39.99247609116031
359349,15802,-40.03039265247742
359349,5773719,-40.03039265247742
359349,5806110,-40.04088317128856
359349,6113313,-40.04399994238547
359349,1830509,-40.0665502435179
359349,4020476,-40.075072217668705
359349,4020478,-40.16396062036111
359349,5219971,-40.166165489917674
359349,5219970,-40.18922142635767
359349,15799,-40.24421118888542
359349,5773714,-40.24421118888542
359349,4344098,-40.28737343650278
359349,6440028,-40.30429908505314
359349,8398218,-40.42427825209732
359349,5773716,-40.47806106020864
359349,5615187,-40.52720076720992
359349,4881617,-40.53438536767962
359349,5806106,-40.56475769275981
359349,1622451,-40.5685033811391
359349,4344099,-40.66442802254474
359349,4087265,-40.68625117626468
359349,15808,-40.73412156969317
359349,8398223,-40.762813397398126
359349,7694232,-40.77828519385124
359349,4013720,-40.78866061650993
359349,8748954,-40.81970242299188
359349,3496977,-40.83360122092112
359349,4013725,-40.85043698526121
359349,7857634,-40.98618708851815
359349,4474872,-41.06683687802401
359349,2137078,-41.08252614928466
359349,7365203,-41.08970057550619
359349,68656,-41.09410936756761
359349,5151802,-41.10803855598907
359349,5674788,-41.1476486050301
359349,68650,-41.17197380837426
359349,4344100,-41.17472495627853
359349,6549384,-41.19630501160774
359349,2137079,-41.20578076783215
359349,5219976,-41.36174330134612
359349,1622458,-41.38164924790132
359349,8811558,-41.473477237971764
359349,5812507,-41.507856748030356
359349,4666225,-41.536068977768366
359349,4463574,-41.621471098969025
359349,2173417,-41.657145617930425
359349,8058869,-41.67230127022226
359349,5592013,-41.702619976116495
359349,5592019,-41.74175778682259
359349,4463572,-41.75159990257092
359349,1622452,-41.754314827788434
359349,2844975,-41.79182152023351
359349,5322524,-41.80391529750364
359349,6412425,-41.82278647034295
359349,4020471,-41.82562679511128
903469,1672649,-14.637447457354728
903469,8143178,-14.69552512679698
903469,6340623,-14.726945011689761
903469,4032237,-14.737702728514172
903469,3046421,-14.743566009691914
903469,1148694,-14.793504705510653
903469,7888359,-14.821389872880484
903469,7492814,-14.828753349714532
903469,221641,-14.838542244467025
903469,2921739,-14.929984916404859
903469,3946901,-14.997168561058961
903469,837163,-15.068727148356416
903469,1393983,-15.133811506320821
903469,1343754,-15.173016127757677
903469,7216862,-15.198253956992023
903469,2950154,-15.271816403339383
903469,5803772,-15.277985595751955
903469,3810879,-15.28572143189308
903469,8522013,-15.315575032715264
903469,1550351,-15.318534717965083
903469,5348551,-15.352422844835974
903469,1563602,-15.352422844835974
903469,5803771,-15.365752873598623
903469,2503173,-15.435271825175402
903469,903818,-15.43597158951818
903469,6779602,-15.455269696869596
903469,6206382,-15.458305002733859
903469,5681950,-15.458385982777074
903469,829612,-15.468019080174157
903469,2586311,-15.479419560318622
903469,4032236,-15.498043588639014
903469,7716288,-15.499249805125878
903469,7407529,-15.500722484160788
903469,3018149,-15.501773121765957
903469,1064634,-15.517580756201339
903469,1459473,-15.554188092367232
903469,4154378,-15.5802233121437
903469,1093381,-15.594111826805591
903469,4579404,-15.594506203912887
903469,2029147,-15.648543896517918
903469,6290530,-15.691665792472044
903469,6888523,-15.719923850507271
903469,7391718,-15.719988480546306
903469,1166762,-15.772087533576967
903469,8098971,-15.781557215880278
903469,1092169,-15.805426749131044
903469,5507360,-15.821761623257169
903469,1659916,-15.840600633229055
903469,2606545,-15.850695228291215
903469,2547464,-15.852090200403644
903469,8737808,-15.868446216932039
903469,2157196,-15.888216078132155
903469,986650,-15.924771419360166
903469,823014,-15.942059259677151
903469,632911,-15.942059259677151
903469,648938,-15.952802620737765
903469,4052675,-15.952802620737765
903469,2656411,-15.955497663639235
903469,5344095,-15.99793857317303
903469,4945555,-16.002394119363082
903469,648944,-16.00917166407424
903469,3519388,-16.061471112275875
903469,823006,-16.061471112275875
903469,1431231,-16.061471112275875
903469,3634582,-16.072180109825617
903469,6436783,-16.139143455704282
903469,4629811,-16.141100405700332
903469,603173,-16.158724932183922
903469,1359833,-16.172656946143533
903469,5085274,-16.177421259768884
903469,5282383,-16.196403260723088
903469,3046417,-16.196403260723088
903469,8177585,-16.203906268986003
903469,7769315,-16.226140622162617
903469,1839566,-16.23918441719008
903469,45718,-16.241368915980356
903469,5553263,-16.282209787696303
903469,902922,-16.32123448747776
903469,4834630,-16.35988213112471
903469,7602555,-16.363501322308455
903469,84574,-16.37559256318421
903469,2548081,-16.398159935189312
903469,84174,-16.456496317809368
903469,4801597,-16.457228049709038
903469,5266317,-16.49434529731551
903469,3274962,-16.533229562668243
903469,8621811,-16.56589654124715
903469,720090,-16.60302886101058
903469,3106969,-16.604921241028606
903469,1264419,-16.61305300863173
903469,1007837,-16.62680370681884
903469,8072728,-16.665714796144538
903469,3452834,-16.723966721896865
903469,593827,-16.751115524143685
903469,2957403,-16.770081749101713
903469,76014,-16.805273557667558
903469,937496,-16.861167725647604
903469,312530,-16.885473844626375
903469,7194962,-17.0020024516477
903469,7547138,-17.02043569111852
1115776,8106324,-27.869499670606057
1115776,8106323,-32.59490969262621
1115776,4314169,-33.03738723047441
1115776,4314171,-33.69627987652181
1115776,4314178,-33.751120233831564
1115776,8106321,-33.94994211819848
1115776,4314176,-34.409647965008155
1115776,600966,-34.4271995899333
1115776,8106322,-34.54044849903098
1115776,5605159,-34.58983849889998
1115776,8106318,-34.613454937315964
1115776,5605160,-34.65847761948176
1115776,758999,-34.687005540538166
1115776,3081626,-34.775487949019315
1115776,7129178,-35.37760703638077
1115776,6934013,-35.48351351137738
1115776,8106320,-35.85541584754332
1115776,5926274,-35.92136067514395
1115776,4314173,-36.06351168525151
1115776,2028311,-36.10419461557849
1115776,5264931,-36.212003851292764
1115776,4314172,-36.29540348605662
1115776,1440035,-36.35672981950655
1115776,3203281,-36.39598236284796
1115776,1593008,-36.42023318229914
1115776,6934016,-36.44480061216905
1115776,1593007,-36.55660268876447
1115776,4433466,-36.628230635214784
1115776,4351142,-36.65531511109714
1115776,8047925,-36.778050623801136
1115776,8706766,-36.793760964940404
1115776,3469357,-36.80264428817228
1115776,7129173,-37.00707872674018
1115776,4051141,-37.03659636649096
1115776,8017875,-37.0646682720903
1115776,8706770,-37.099532057410556
1115776,3411245,-37.113921992894355
1115776,5814627,-37.115258988420806
1115776,1600770,-37.211612680616426
1115776,2395644,-37.27404135998693
1115776,622471,-37.29468343309432
1115776,1490821,-37.299330730913134
1115776,7477938,-37.299330730913134
1115776,1021172,-37.299330730913134
1115776,6410070,-37.299330730913134
1115776,6992411,-37.299330730913134
1115776,8114858,-37.299330730913134
1115776,2903177,-37.351551427892275
1115776,8446536,-37.35485970509189
1115776,6838051,-37.36708795054322
1115776,8446541,-37.37399240813978
1115776,8377225,-37.38867116783189
1115776,7160955,-37.475814042150894
1115776,8243452,-37.475814042150894
1115776,7543158,-37.475814042150894
1115776,845911,-37.475814042150894
1115776,2514463,-37.48199134771071
1115776,3276364,-37.51451937431659
1115776,8710004,-37.521164276946266
1115776,455489,-37.55356754162346
1115776,1583930,-37.608933223771245
1115776,6082320,-37.64725427681524
1115776,7628469,-37.67060339324542
1115776,6037181,-37.6797156719436
1115776,8078183,-37.688152841142724
1115776,1565105,-37.69384068433054
1115776,258978,-37.7092858423908
1115776,7840019,-37.74390323130278
1115776,1583925,-37.78967178978597
1115776,6702136,-37.88660038825563
1115776,7625210,-37.89556557379236
1115776,8621766,-37.90417061545085
1115776,5599216,-37.92395542626173
1115776,8158856,-37.925961079758196
1115776,2578026,-37.925961079758196
1115776,7929718,-37.942933501774775
1115776,2729810,-38.00027682524388
1115776,8047929,-38.03474245099301
1115776,646506,-38.03631682517265
1115776,4734267,-38.036766747380554
1115776,1931040,-38.053581056693574
1115776,8172089,-38.054063783175806
1115776,8539805,-38.073817238790355
1115776,7768575,-38.07752280790941
1115776,4530239,-38.11934109031746
1115776,8030541,-38.13400754568944
1115776,6614876,-38.13440557269138
1115776,7183514,-38.1408570423791
1115776,8355020,-38.14229960691652
1115776,4433473,-38.17391029207001
1115776,972405,-38.17391029207001
1115776,2642525,-38.207156059498615
1115776,2514467,-38.22018193006257
1115776,3606191,-38.235449293073145
1115776,1781926,-38.240707415357114
1115776,1856144,-38.262152759909924
1115776,4051144,-38.26449571313832
1115776,8355022,-38.283592651280415
1115776,1931035,-38.32936120976361
1115776,6966427,-38.34156065345657
1104492,8213722,-42.013703755228136
1104492,8213727,-42.93773677999942
1104492,8213724,-47.77541229009753
1104492,8213728,-49.779446039411155
1104492,3509113,-50.866840347720014
1104492,5779598,-53.89258995980509
1104492,6208797,-54.289151993063584
1104492,5425490,-54.37702683356065
1104492,8141036,-54.51858237466726
1104492,8213723,-54.86596887868796
1104492,144547,-54.868103979478235
1104492,5633564,-55.03810771641988
1104492,2068185,-55.24624301668679
1104492,5731792,-55.25802282935308
1104492,3459033,-55.32511154836257
1104492,7419113,-55.375916207613145
1104492,314149,-55.714404452947434
1104492,5403173,-55.78680997940507
1104492,144542,-55.90095144533885
1104492,6869953,-56.02292682349931
1104492,8655994,-56.38507625114368
1104492,5633568,-56.40513320715049
1104492,2142864,-56.430196998667284
1104492,4660231,-56.83993271417013
1104492,6616380,-56.92515209973665
1104492,507257,-57.03685822476068
1104492,3569072,-57.19955037247821
1104492,7549267,-57.313262080901914
1104492,6915350,-57.4854053383595
1104492,6616379,-57.50967444525067
1104492,5633563,-57.783206266448616
1104492,2474623,-57.799838600109354
1104492,4392156,-57.84765706044564
1104492,1703744,-57.941001710082105
1104492,5633566,-57.941001710082105
1104492,7050210,-58.09438875033537
1104492,8502908,-58.10283880638381
1104492,8213729,-58.169545708285426
1104492,4957083,-58.31005928722914
1104492,5260305,-58.35500079558634
1104492,6763105,-58.523788073748
1104492,676772,-58.60582007861256
1104492,4241013,-58.8232222470244
1104492,217701,-58.829851788135734
1104492,8107047,-58.91359643799809
1104492,3509116,-58.95913102067931
1104492,6881141,-59.00790125358976
1104492,8012479,-59.058944874469276
1104492,266579,-59.115205960229616
1104492,5789230,-59.31793520869723
1104492,1035675,-59.32516448690069
1104492,8103318,-59.368288168819625
1104492,4897161,-59.39827523449675
1104492,7669188,-59.39883639582262
1104492,934328,-59.6236883055622
1104492,8012477,-59.663281172174166
1104492,8324825,-59.66883220140889
1104492,365431,-59.670475112979474
1104492,3569234,-59.74665413378277
1104492,144541,-59.7794641605415
1104492,7192883,-59.87610774179003
1104492,7192882,-60.07330583934511
1104492,3509112,-60.15906658303197
1104492,8532780,-60.27599007344712
1104492,7611755,-60.30798735353341
1104492,1851527,-60.37816302570215
1104492,386478,-60.59038761752474
1104492,4291787,-60.62178668663412
1104492,1445439,-60.62601141531751
1104492,392677,-60.696752866939846
1104492,6710154,-60.89128787551011
1104492,8502905,-60.97567337499372
1104492,4400418,-60.99909096821882
1104492,1851080,-61.01147678273686
1104492,3208554,-61.06309047610601
1104492,7669187,-61.13483414053758
1104492,2855062,-61.140295954703895
1104492,7192875,-61.140880053031744
1104492,339988,-61.15784474002102
1104492,862474,-61.177973083972994
1104492,6393681,-61.215694174242124
1104492,441097,-61.26813376054582
1104492,1132225,-61.281898314851034
1104492,6539053,-61.30146401286602
1104492,1503213,-61.30567476295981
1104492,4673799,-61.34686811675529
1104492,4882511,-61.402108578811806
1104492,7624168,-61.410428093438455
1104492,8104643,-61.4428420499933
1104492,6650816,-61.458737324538895
1104492,1061980,-61.462633956787414
1104492,6450598,-61.4658299083818
1104492,4726421,-61.503372424092305
1104492,8724004,-61.503556505304815
1104492,1144384,-61.511077739190426
1104492,2438227,-61.52831300821869
1104492,2045038,-61.54211501984399
1104492,7278393,-61.5537668705658
1104492,4673801,-61.57504242825648
1104492,680013,-61.60354695221553
315637,1704485,-46.97794108297866
315637,48672,-49.942515403499726
315637,6361702,-50.020048722834055
315637,4921989,-50.74824924225691
315637,719797,-50.93876366680827
315637,6320049,-51.017168424388146
315637,286306,-51.17395085089565
315637,1716588,-51.18948381715541
315637,1716589,-51.18948381715541
315637,1003636,-51.47826068681357
315637,6411882,-51.49267078037512
315637,6169779,-51.66654599180836
315637,6283005,-51.70067934371775
315637,4291217,-52.038897412986756
315637,8158147,-52.045297567125616
315637,7565411,-52.33160123598789
315637,5482496,-52.46343044000349
315637,5482493,-52.51199015312208
315637,5482495,-52.55854118350838
315637,4404407,-53.199126910197506
315637,48674,-53.24910194923722
315637,6374274,-53.526657824859306
315637,479198,-53.526657824859306
315637,8613521,-53.599287326368646
315637,1716586,-53.604296625129635
315637,7571616,-53.731992815978934
315637,7387072,-53.79731359933045
315637,1218676,-53.79731359933045
315637,5587116,-53.79844360099395
315637,5748499,-53.804991744491936
315637,1716593,-53.90598432461685
315637,3441610,-54.16790807000805
315637,20182,-54.1819764076084
315637,1716592,-54.22029979945029
315637,8295683,-54.228581055165215
315637,2822276,-54.342839978160505
315637,8433522,-54.478812705129975
315637,893621,-54.599088136545085
315637,1716590,-54.607092233600085
315637,6412810,-54.621734864987225
315637,8813792,-54.646744757552966
315637,4155314,-54.659009751219
315637,6412811,-54.68513320659709
315637,7579232,-54.74834683277399
315637,8158153,-54.930153773613945
315637,6385398,-54.95182202795053
315637,4521185,-54.98279441478506
315637,3049871,-55.05518342141357
315637,2667973,-55.11337336830946
315637,6667700,-55.13401424727048
315637,4319531,-55.14340539121167
315637,8158154,-55.21664997116482
315637,2822278,-55.319057669773386
315637,3166341,-55.3774330205895
315637,1716587,-55.42259090324116
315637,5823649,-55.48638824076871
315637,3262437,-55.517604169970085
315637,7350416,-55.57348040129645
315637,5918583,-55.63162404695532
315637,3073814,-55.675917239639624
315637,5702170,-55.73353420224854
315637,3641316,-55.755787098934036
315637,4843044,-55.850367414321916
315637,893628,-55.979492963424704
315637,8527651,-56.00564936038232
315637,4626889,-56.01509274890877
315637,8158151,-56.0455140053388
315637,254511,-56.08352173505325
315637,4624431,-56.0894788397649
315637,8158148,-56.10802359897863
315637,7389985,-56.136375897873464
315637,4991428,-56.224615191934106
315637,6971489,-56.25660156359448
315637,893626,-56.30069497287103
315637,3641314,-56.30841388568453
315637,5507992,-56.40447247899863
315637,7565406,-56.44291729183395
315637,3187944,-56.443266362395526
315637,2628073,-56.44948287281074
315637,2826572,-56.48900426029612
315637,2445774,-56.49392813583404
315637,2365564,-56.55178458947982
315637,1600289,-56.56031521957315
315637,7473512,-56.57912614162772
315637,8824962,-56.64437112262085
315637,1391159,-56.66695418493565
315637,3842913,-56.779371001812734
315637,2925404,-56.8286990826364
315637,7367709,-56.86082034689363
315637,5620992,-56.86082034689363
315637,5821306,-56.904416889225935
315637,3801246,-56.92901387666887
315637,706458,-56.93040458134835
315637,6819884,-56.94938260093431
315637,8158155,-56.99055205105261
315637,7473514,-57.037221501940685
315637,3878781,-57.051765670102135
315637,451062,-57.09249093970897
315637,8020689,-57.13395588299824
315637,4632840,-57.17377432511407
1112341,1675296,-36.01675933192112
1112341,3658729,-36.1355535458626
1112341,7101094,-36.292237263737555
1112341,90432,-36.68657776991559
1112341,90433,-37.16000892685587
1112341,4630259,-37.343110710261584
1112341,7718340,-37.41952206000552
1112341,7915023,-37.450773677606925
1112341,5729974,-37.45572764640326
1112341,3007130,-37.50118506834545
1112341,7349793,-37.54905538092626
1112341,5204825,-37.57165978075232
1112341,8562624,-37.582268860364955
1112341,1227036,-37.748456103436574
1112341,3212134,-37.75306255156979
1112341,4263743,-37.822787304276936
1112341,6016292,-37.82572840619117
1112341,1288918,-37.87135877087189
1112341,4190429,-37.885290584249724
1112341,4840242,-38.02648126177265
1112341,8139258,-38.02891860696322
1112341,3669682,-38.129099145856244
1112341,8802641,-38.26861691777219
1112341,4073004,-38.317779545799524
1112341,1045315,-38.43294220232868
1112341,7757513,-38.43735330100566
1112341,7747884,-38.46609114875192
1112341,3729000,-38.478705241913744
1112341,4073005,-38.48426388663543
1112341,4358403,-38.50410304411936
1112341,1288917,-38.514049174106894
1112341,8223035,-38.54089610007132
1112341,1052666,-38.54801181676468
1112341,2005933,-38.58298657664664
1112341,1788702,-38.60556385649986
1112341,2236176,-38.64323208743996
1112341,3344751,-38.65165773233868
1112341,1940835,-38.69217522204739
1112341,2123937,-38.70916199915817
1112341,6718885,-38.72369454912745
1112341,1664189,-38.730882017957306
1112341,8491427,-38.7479271035024
1112341,8629184,-38.79959025646057
1112341,6478665,-38.829277676165106
1112341,2434425,-38.84741423694064
1112341,7450605,-38.866493609563214
1112341,8609536,-38.879598688055125
1112341,3729373,-38.89472648553958
1112341,8139255,-38.92062878863101
1112341,1093564,-38.920891749656484
1112341,4952379,-38.96959468271191
1112341,4872418,-39.01469278713913
1112341,7050364,-39.01654448516788
1112341,8742896,-39.021989558689526
1112341,5920511,-39.08262678633367
1112341,251522,-39.123952909431345
1112341,2391583,-39.125537756194326
1112341,210400,-39.12926681178487
1112341,5663133,-39.13097909566237
1112341,162151,-39.16782475312612
1112341,5440689,-39.171240291672405
1112341,4715547,-39.17637308333355
1112341,8139256,-39.18909271944802
1112341,5616047,-39.19218841023024
1112341,957934,-39.19703041578791
1112341,3175751,-39.19958848429739
1112341,7133242,-39.20937435454337
1112341,6127931,-39.212210501023776
1112341,4495116,-39.218674508138925
1112341,4799512,-39.24176502569055
1112341,8787349,-39.2445789397525
1112341,7261114,-39.26734354829357
1112341,4951060,-39.274299720400265
1112341,4629111,-39.28315245999204
1112341,4226571,-39.28926899734707
1112341,5899430,-39.290579132795656
1112341,1267520,-39.29976454608363
1112341,4402994,-39.30609288717787
1112341,1181966,-39.31378173547588
1112341,3580374,-39.31673332206383
1112341,3795405,-39.3345434724885
1112341,8424594,-39.358801847739585
1112341,7341994,-39.35950887527007
1112341,4928660,-39.42035695897094
1112341,8139257,-39.438555691742536
1112341,8442178,-39.44496381489866
1112341,4977768,-39.448027396017544
1112341,4588686,-39.448291102791366
1112341,8467584,-39.45766961600459
1112341,45744,-39.492423333835845
1112341,45746,-39.492423333835845
1112341,6110181,-39.49780439131195
1112341,1554245,-39.52936679762402
1112341,8606160,-39.531285929948396
1112341,5415837,-39.5340691580523
1112341,5459952,-39.54967616109715
1112341,568104,-39.56091707179819
1112341,6347969,-39.56847107228338
1112341,7818543,-39.570952678323806
1112341,7023364,-39.58485297341491
588587,3134521,-42.09499019834218
588587,1262891,-42.09499019834218
588587,8735858,-42.94690269371887
588587,4450862,-43.02635699453016
588587,4450864,-43.17935917363856
588587,231795,-43.20783859422796
588587,3404524,-43.22255433966201
588587,4450863,-43.49510085625361
588587,6244255,-43.52006979132565
588587,2196631,-43.549155249477145
588587,4450870,-43.71818653749421
588587,8548224,-43.85592768127683
588587,4907296,-43.89649483564225
588587,627039,-44.23491709544592
588587,1740348,-44.34674573530773
588587,1761636,-44.75763119540265
588587,5493916,-44.75923272082814
588587,2483168,-44.841431813850384
588587,863899,-44.866457210976165
588587,889946,-44.96279963118381
588587,2286578,-45.004429387719675
588587,3022188,-45.047263759601215
588587,5343477,-45.05249420872889
588587,8500920,-45.090719995748486
588587,1865041,-45.20626412638763
588587,5095723,-45.42695022471614
588587,275294,-45.47751780767566
588587,3068210,-45.59451101879476
588587,182477,-45.63150024308974
588587,441265,-45.670321725959546
588587,1326930,-45.70523915339947
588587,2651121,-45.70686646920953
588587,2649865,-45.71335104392687
588587,6092779,-45.726897309963235
588587,2934181,-45.75532527335781
588587,530197,-45.78860873578773
588587,2204764,-45.82661177872403
588587,1740350,-45.84387694821593
588587,918571,-45.846266658142554
588587,8548223,-45.8627677975762
588587,63670,-45.864314051416464
588587,5498412,-46.0875407121776
588587,3439255,-46.12633118839374
588587,4414578,-46.1266323201774
588587,3404520,-46.14857479525146
588587,4837092,-46.199261523066724
588587,1907498,-46.21403341612851
588587,7608895,-46.21854680374952
588587,2651117,-46.2231746383101
588587,5859880,-46.31247778145722
588587,8298568,-46.321688031872924
588587,5348043,-46.357569166006115
588587,6327366,-46.410373730220854
588587,3058219,-46.47858361918631
588587,6244254,-46.51966279703558
588587,3406317,-46.571934098045126
588587,2741452,-46.60131656017109
588587,7608902,-46.62412985044377
588587,1223185,-46.63209246224713
588587,8325909,-46.63966366577307
588587,132216,-46.66082939970664
588587,2124704,-46.68114678073649
588587,2652350,-46.71802045390272
588587,6769283,-46.73110570834014
588587,3737795,-46.748272597453166
588587,4000349,-46.748891597655124
588587,2161713,-46.76798925539382
588587,856038,-46.83719187840683
588587,7295292,-46.85912341738782
588587,646701,-46.87613408370543
588587,4940377,-46.90490318335764
588587,95929,-46.9069523597719
588587,782872,-46.93623050321255
588587,2313132,-46.94985824584301
588587,3224803,-46.97207921139851
588587,5219997,-47.0030625930096
588587,2283482,-47.01166289609601
588587,1865043,-47.015901859463945
588587,6355956,-47.031505182092815
588587,4118743,-47.07029126625535
588587,4882527,-47.08340696437929
588587,8339998,-47.09942941669475
588587,6238680,-47.11586885507259
588587,6355955,-47.1964594797147
588587,7328594,-47.22193665894019
588587,7214640,-47.22840583227415
588587,7256491,-47.23191292479551
588587,8548229,-47.258971884045906
588587,4251691,-47.27461776722777
588587,5826119,-47.292120710831455
588587,1454029,-47.35725610106414
588587,7806586,-47.359866687892946
588587,6209489,-47.37860880799091
588587,7572463,-47.37878004450248
588587,1681970,-47.39529603266762
588587,451073,-47.403762667560635
588587,2253302,-47.4065487594486
588587,4938401,-47.41599275395512
588587,220743,-47.418873785863646
588587,6616234,-47.45784559480798
706080,665982,-16.781677726137875
706080,8207883,-17.359977826417108
706080,3697340,-17.61371467526857
706080,1873799,-18.053500556703966
706080,8186136,-18.06848321058432
706080,8433710,-18.411186048345865
706080,2299129,-18.479849364804785
706080,2112520,-18.554799562252995
706080,6992839,-18.575365504238547
706080,164560,-18.69887236238932
706080,5213063,-18.888063749295302
706080,3697335,-18.88924682292781
706080,8433704,-18.92556013488526
706080,5783110,-19.002907398865638
706080,6427981,-19.084740620822767
706080,5928628,-19.145950368785932
706080,3697337,-19.149529913683892
706080,7011275,-19.206238017546656
706080,7059305,-19.208023434011313
706080,5210422,-19.367256144092593
706080,5928623,-19.45701837364186
706080,321075,-19.507902737441178
706080,2166656,-19.507902737441178
706080,164563,-19.541164661380623
706080,1415518,-19.56591747039183
706080,331034,-19.606466271708577
706080,6716120,-19.632067389321612
706080,694889,-19.66859990342313
706080,3122873,-19.67531317413243
706080,6285097,-19.721925090365616
706080,4508096,-19.781479769611202
706080,2341677,-19.7898660459366
706080,4452031,-19.819659261383
706080,1415517,-19.867120645780727
706080,164561,-19.886444193803165
706080,97888,-19.92594797357655
706080,327586,-19.93630311829677
706080,7828676,-19.965940868035993
706080,8723575,-20.000740293587995
706080,5320563,-20.04309998268734
706080,2797554,-20.093524495915723
706080,4452032,-20.19409415338876
706080,7625868,-20.204257980619587
706080,2271344,-20.22091707775263
706080,394904,-20.335018882810516
706080,7625869,-20.34511236545307
706080,7685226,-20.345915143955835
706080,1214913,-20.417217833161722
706080,2271345,-20.469628712431973
706080,1589047,-20.503425691743097
706080,1432129,-20.515010749311728
706080,2633022,-20.540327261216834
706080,7684661,-20.567669170515195
706080,29002,-20.60269169140522
706080,7429944,-20.60269169140522
706080,830045,-20.61723454836636
706080,6796678,-20.647535041319017
706080,889154,-20.664587543773294
706080,5498617,-20.668113455815423
706080,866026,-20.71044823242354
706080,3463450,-20.746375873095783
706080,7427412,-20.81157048875305
706080,8281884,-20.844149178653485
706080,5496490,-20.86198159864223
706080,1432123,-20.877864213485907
706080,5272715,-20.902377885601158
706080,5496494,-20.911025461823655
706080,8207879,-20.91881421778866
706080,793295,-20.927615867751747
706080,4451256,-20.943824257012462
706080,4215408,-20.96453835697044
706080,7557299,-20.98665920531552
706080,5421412,-20.987075529454195
706080,4841382,-20.989892253512078
706080,4651416,-20.991200389770782
706080,2074405,-21.04227271240402
706080,164567,-21.046607259483455
706080,5928625,-21.101314531763403
706080,6668799,-21.17454287009138
706080,6442391,-21.17720286305809
706080,946745,-21.190120974888735
706080,6932606,-21.19165885726287
706080,4414914,-21.21933413857952
706080,3697341,-21.253645829758437
706080,4215414,-21.264549058049628
706080,8642914,-21.282320086878524
706080,3697339,-21.285930406246344
706080,2074402,-21.29342949872182
706080,1044107,-21.32845519388133
706080,8496121,-21.32845519388133
706080,7841017,-21.381113331904217
706080,2410836,-21.403403829338757
706080,1016236,-21.4292088528648
706080,6583273,-21.456748457753385
706080,331037,-21.468172031668423
706080,2757048,-21.5443474550665
706080,958891,-21.5443474550665
706080,5452435,-21.54753382436577
706080,6242181,-21.552151584086452
706080,6460006,-21.556656729908994
117831,3930689,-7.335174112244029
117831,5114039,-8.295482311197258
117831,1004729,-8.445284927543494
117831,3672136,-12.416562064730616
117831,6270416,-12.420184818787341
117831,6270412,-12.466881634479789
117831,1593570,-12.490003279281941
117831,3930688,-12.578683562095621
117831,4857320,-12.70203226993535
117831,906655,-12.70203226993535
117831,6270413,-12.788428075655293
117831,4901260,-12.800817780594501
117831,6319389,-12.827645018432046
117831,75850,-12.846968840255519
117831,5521760,-12.84843907798194
117831,7615110,-12.86912210740423
117831,7530369,-12.871831157508321
117831,4603047,-12.871831157508321
117831,75849,-12.894952802310474
117831,4317547,-12.894952802310474
117831,75847,-12.903844710896585
117831,2511437,-12.904721171394844
117831,4250956,-12.917810193957719
117831,2681949,-12.940409304465586
117831,2388713,-12.940409304465586
117831,3903480,-12.940409304465586
117831,5618603,-12.940409304465586
117831,1311655,-12.941008036157047
117831,1311659,-12.972504750093325
117831,7530374,-12.984855578035006
117831,7530377,-12.984855578035006
117831,2388707,-12.984855578035006
117831,7039120,-13.003513123165256
117831,3930685,-13.006713719099388
117831,7530376,-13.006713719099388
117831,5521765,-13.030583938761765
117831,6270414,-13.030583938761765
117831,1311652,-13.034048067426834
117831,2584933,-13.049726129541314
117831,6270410,-13.049726129541314
117831,8194326,-13.049726129541314
117831,8682496,-13.070890348202388
117831,5406957,-13.070890348202388
117831,1399822,-13.070890348202388
117831,7183584,-13.091832947936979
117831,5521763,-13.091832947936979
117831,4248887,-13.093753993726196
117831,7628460,-13.101913330797075
117831,4603048,-13.112558522008072
117831,6965528,-13.122951592568501
117831,5115596,-13.13307152234245
117831,5730864,-13.13307152234245
117831,7549317,-13.14309820592508
117831,1721933,-13.1517290674727
117831,464190,-13.1517290674727
117831,702498,-13.153376265270486
117831,75846,-13.153376265270486
117831,5521758,-13.180098337456613
117831,7729021,-13.180098337456613
117831,8652424,-13.208070821406093
117831,5124554,-13.208070821406093
117831,4603041,-13.213082191569848
117831,5638720,-13.232594541460578
117831,4117161,-13.232594541460578
117831,6321279,-13.251918363284052
117831,5639400,-13.251918363284052
117831,2893860,-13.262868769782322
117831,3593270,-13.262868769782322
117831,4822265,-13.262868769782322
117831,2669384,-13.271057265316353
117831,7546899,-13.289714810446604
117831,1311965,-13.289714810446604
117831,5961441,-13.289714810446604
117831,5673502,-13.29001475322544
117831,7729024,-13.316205263946646
117831,4237750,-13.316205263946646
117831,4834396,-13.316205263946646
117831,3435140,-13.316205263946646
117831,7530368,-13.323790887145515
117831,6689225,-13.327399019249745
117831,1455281,-13.336856027398298
117831,5490907,-13.337074846951037
117831,5397668,-13.342349427081352
117831,1399825,-13.342349427081352
117831,4930702,-13.342349427081352
117831,906651,-13.342349427081352
117831,5490903,-13.359266800608129
117831,5315018,-13.36576841688217
117831,5395525,-13.368156236753165
117831,4117165,-13.368156236753165
117831,3304219,-13.368156236753165
117831,1681685,-13.368156236753165
117831,6319388,-13.368156236753165
117831,2020803,-13.368156236753165
117831,7658752,-13.388115018078421
117831,7214251,-13.393634288308025
117831,6534966,-13.393634288308025
117831,2401626,-13.393634288308025
117831,6270411,-13.393634288308025
117831,1395869,-13.393634288308025
1120868,8057920,-20.674437717066027
1120868,8057916,-23.506643707982516
1120868,8057914,-23.867045180275525
1120868,8057912,-23.867045180275525
1120868,2251161,-26.330306480572855
1120868,5265979,-26.923869378641385
1120868,1852164,-26.997207911316075
1120868,4200047,-26.99898042622371
1120868,1663116,-27.02002618828082
1120868,7125788,-27.02002618828082
1120868,8412153,-27.579893700478742
1120868,7487133,-27.58103671622515
1120868,6078836,-27.678245576183848
1120868,6859285,-27.90344580378812
1120868,7487127,-27.984213702084787
1120868,8057913,-28.110734920572114
1120868,6078832,-28.26532948075169
1120868,4739528,-28.271844851984067
1120868,4739531,-28.29762936247947
1120868,6859287,-28.343289668517905
1120868,6731195,-28.44011150610715
1120868,1167862,-28.46988768933106
1120868,1852166,-28.476184122708545
1120868,4739527,-28.701557000987687
1120868,6859289,-28.702118823742918
1120868,3458826,-28.82387777403226
1120868,1852162,-29.034659178762585
1120868,7728605,-29.10002001258044
1120868,8057919,-29.166780172751793
1120868,6859290,-29.188842917337148
1120868,8667229,-29.202064370736473
1120868,8519762,-29.21292110872494
1120868,2836174,-29.21610517330869
1120868,3741696,-29.257685176538814
1120868,4206871,-29.319528387967626
1120868,5596060,-29.395944994689255
1120868,8717663,-29.416579097160742
1120868,882579,-29.42080710653003
1120868,148391,-29.425696185281634
1120868,4739532,-29.425696185281634
1120868,1779320,-29.568669030885076
1120868,2387128,-29.63712125568462
1120868,3579701,-29.64647821716491
1120868,8147518,-29.652004133156463
1120868,4939058,-29.67233256803772
1120868,6809386,-29.68504284913338
1120868,1866945,-29.68504284913338
1120868,6330171,-29.69775638888685
1120868,5223089,-29.740909352124014
1120868,3959715,-29.776794904267604
1120868,148396,-29.77759961402688
1120868,2056559,-29.785756222148446
1120868,8510717,-29.797997258282223
1120868,7911236,-29.804143381123282
1120868,3959711,-29.80803835891689
1120868,5874219,-29.829413549204613
1120868,4739530,-29.858834646847246
1120868,1861390,-29.89778739106935
1120868,5454591,-29.915682827391183
1120868,8519758,-29.930653197601366
1120868,5874222,-29.931457907360645
1120868,8519756,-29.987167267087585
1120868,6872901,-29.994877820354855
1120868,1852160,-30.032262436786695
1120868,4888071,-30.032262436786695
1120868,5652444,-30.034328364830447
1120868,8500880,-30.052527674924356
1120868,882582,-30.054660403079662
1120868,407845,-30.05565980639882
1120868,407844,-30.100611286019905
1120868,8500879,-30.126774019142378
1120868,8057915,-30.14282920959929
1120868,3907599,-30.144626716046993
1120868,7588001,-30.161582724349756
1120868,8519759,-30.177813152394563
1120868,6769775,-30.20175706813708
1120868,5052048,-30.208403864268753
1120868,4382309,-30.228393459325854
1120868,8057917,-30.25272374319317
1120868,6859284,-30.25671341882744
1120868,1779316,-30.289878612493386
1120868,8436971,-30.305746339018125
1120868,1433514,-30.31287616076587
1120868,1374124,-30.323981745375793
1120868,7283896,-30.3670968019772
1120868,1779318,-30.3974096385982
1120868,7379916,-30.414962822398365
1120868,2902482,-30.414962822398365
1120868,5415945,-30.41560733944937
1120868,1852161,-30.44775875832236
1120868,6078831,-30.45834903957438
1120868,8057921,-30.465521815287147
1120868,1779321,-30.467833338006894
1120868,4739525,-30.487584559872506
1120868,8808384,-30.514846815844045
1120868,4975956,-30.514846815844045
1120868,7034992,-30.514846815844045
1120868,8342741,-30.524985132669492
1120868,7283891,-30.546756848107513
1120868,4939061,-30.548353013163172
1111906,8143530,-21.973573533510837
1111906,8143532,-23.99346384381107
1111906,8143536,-25.747003342821568
1111906,8143535,-25.747003342821568
1111906,8143534,-25.83852543599226
1111906,5275764,-26.212426721180424
1111906,8143533,-31.096691196136085
1111906,8143527,-31.24203503597257
1111906,8143531,-31.439905808894817
1111906,8143528,-31.86249911217346
1111906,8143529,-32.27998653629252
1111906,948872,-33.701495408879964
1111906,2275063,-33.78389055926252
1111906,8083536,-33.95030387365899
1111906,948875,-33.987203620137755
1111906,948870,-34.42679725891568
1111906,8083535,-34.531828178515624
1111906,1751642,-34.61171289939708
1111906,5275758,-34.724453070264495
1111906,3792167,-34.7914312938928
1111906,57271,-34.86344159334739
1111906,5275763,-34.8856648043061
1111906,5034947,-34.97037237098357
1111906,7915544,-35.106838253219706
1111906,5275760,-35.172991465829845
1111906,57272,-35.18437370305331
1111906,6941751,-35.188626855172636
1111906,8708571,-35.37284925194584
1111906,8083531,-35.51328312298701
1111906,7139410,-35.68095029985126
1111906,6613033,-35.703806190982256
1111906,8748571,-35.77976560839913
1111906,4160791,-35.80739632479842
1111906,8083537,-35.880629492927845
1111906,7630274,-35.91808587021717
1111906,4326191,-36.04398039512679
1111906,5034949,-36.06105410731099
1111906,2156780,-36.13329218372092
1111906,1688470,-36.22290701722242
1111906,1717814,-36.26000816982745
1111906,412582,-36.34614873527134
1111906,8083533,-36.3517096139221
1111906,6323038,-36.37095403928783
1111906,6985828,-36.41635964933982
1111906,243736,-36.61396581760234
1111906,1991904,-36.62417636254445
1111906,4691032,-36.66130286918945
1111906,6679490,-36.77553165913224
1111906,5232240,-36.775828553206054
1111906,6153481,-36.814610063009056
1111906,3448634,-36.84036892614484
1111906,4719911,-36.90472411497139
1111906,263052,-36.967763039163096
1111906,6563458,-37.00445154484768
1111906,8692181,-37.12238795686429
1111906,7980708,-37.173791546857466
1111906,6717349,-37.446657672747094
1111906,8205631,-37.449314797516244
1111906,7124470,-37.469078329657535
1111906,57270,-37.557176829604764
1111906,6739458,-37.66308315116797
1111906,3647309,-37.684214211343054
1111906,8136936,-37.70334592975917
1111906,2512677,-37.815658132949274
1111906,8828196,-37.86436018649958
1111906,8133766,-37.91664956429263
1111906,6098300,-37.96397946592377
1111906,8504205,-38.0433282791857
1111906,2841649,-38.127216277237885
1111906,412585,-38.15922436851096
1111906,8630892,-38.22297781984361
1111906,1032520,-38.26286552704851
1111906,7180375,-38.263179677936584
1111906,7780228,-38.339709973296976
1111906,7659256,-38.34716015103219
1111906,2406054,-38.39247419248305
1111906,2822185,-38.4282888472191
1111906,6188887,-38.53515305853203
1111906,4973024,-38.550891853488835
1111906,1991903,-38.62017408166173
1111906,301981,-38.63679339379691
1111906,2113923,-38.64718541906048
1111906,4400310,-38.68973178098441
1111906,2102540,-38.6903246644752
1111906,301988,-38.70459072532051
1111906,4973021,-38.719163488394
1111906,7742177,-38.74899710373109
1111906,5622321,-38.757407893153456
1111906,6060232,-38.80100815039412
1111906,8759485,-38.83213188259867
1111906,7424865,-38.83979916949963
1111906,1481673,-38.84722473280608
1111906,7435610,-38.84980957449567
1111906,314529,-38.8503972927135
1111906,2102542,-38.8574679283078
1111906,874920,-38.85986845675285
1111906,3700547,-38.907370102532084
1111906,1293281,-38.91310821590555
1111906,7424870,-38.917219598515075
1111906,5468863,-38.92048014734775
523270,8372979,-16.742508721235843
523270,8372977,-18.041859607828254
523270,8372982,-18.041859607828254
523270,8372978,-19.435292283384836
523270,8372975,-19.56314177287659
523270,2292971,-21.3038602585054
523270,5906222,-21.46833244866526
523270,7696361,-22.499176988276503
523270,1119553,-22.548405101891433
523270,5765850,-22.548405101891433
523270,2292976,-22.548405101891433
523270,4859930,-22.65817923620429
523270,5966287,-22.69312418562331
523270,8372976,-22.782451610320095
523270,1337589,-22.9685640947785
523270,5966288,-23.003783091158343
523270,1300609,-23.005946523325008
523270,5966289,-23.10197634360947
523270,7096316,-23.121074626777265
523270,7696363,-23.152367445280703
523270,5752993,-23.190711021406308
523270,7540621,-23.239574210472494
523270,6618496,-23.259986212792708
523270,4893265,-23.266380626747925
523270,8433129,-23.502189881977152
523270,2137928,-23.50735338299079
523270,7821242,-23.524922130074273
523270,1119549,-23.54290067221173
523270,7540624,-23.57074040457157
523270,4210680,-23.58034738009655
523270,3010424,-23.592526552930476
523270,8227852,-23.605291970022307
523270,1300612,-23.63434539707768
523270,5765846,-23.64094302915361
523270,5240283,-23.649676491635127
523270,4859929,-23.686463997471677
523270,1300606,-23.741213613107494
523270,5765852,-23.741213613107494
523270,2292969,-23.741213613107494
523270,3027224,-23.754145426868646
523270,4469454,-23.841352110397533
523270,413639,-23.850392532430448
523270,1376654,-23.90929666710242
523270,3345508,-23.990120370346023
523270,4210674,-23.997255424791806
523270,2657172,-24.005978150436455
523270,6185190,-24.050865674286435
523270,4893268,-24.050865674286435
523270,1809189,-24.070575473159593
523270,224334,-24.128374390675432
523270,7893046,-24.246188898864744
523270,1952712,-24.31707460118826
523270,3507954,-24.319948030479665
523270,5779174,-24.329942579833666
523270,1494171,-24.33520862208001
523270,5323332,-24.365903573146937
523270,1046093,-24.37012904403292
523270,7096317,-24.373572377457926
523270,3027221,-24.380553492428128
523270,5752990,-24.412658258975565
523270,5922225,-24.43304077370653
523270,3507957,-24.44341109343152
523270,8433125,-24.457231058737026
523270,7096323,-24.482348188541337
523270,2695060,-24.504017896093245
523270,413016,-24.51379780301359
523270,7020821,-24.524023077292004
523270,6130933,-24.559620698362323
523270,3826802,-24.561263843720727
523270,5966291,-24.584941482112402
523270,7096321,-24.586054091218863
523270,3616256,-24.649521811706222
523270,3010428,-24.67663596949826
523270,8433124,-24.681551338377794
523270,3027220,-24.713435027985767
523270,3769232,-24.753023658164636
523270,4044455,-24.79471989015019
523270,958851,-24.796498929501286
523270,7540618,-24.882561726909024
523270,8542262,-24.935391635215556
523270,457154,-24.964893333065948
523270,6777741,-24.964893333065948
523270,6728504,-25.066271019979247
523270,2726812,-25.06628265582267
523270,6185186,-25.09784299923236
523270,7235725,-25.115400726890314
523270,3507960,-25.11864161679937
523270,4100222,-25.158340999336122
523270,8372981,-25.184543022706364
523270,5173465,-25.225979703868976
523270,5654430,-25.22853615039324
523270,2098238,-25.229301189868927
523270,6489697,-25.331264471611984
523270,1465672,-25.33565008292314
523270,4846671,-25.337615996580936
523270,566909,-25.358178575355872
523270,1082863,-25.419975473332144
523270,2105033,-25.419975473332144
523270,457155,-25.428558186733984
523270,2760135,-25.43279235775931
133358,8104531,-14.201155381354656
133358,1467836,-18.287869165529365
133358,879100,-18.338184617446984
133358,8494371,-18.45939512429314
133358,8104526,-18.749415762739098
133358,7822666,-18.783130432581174
133358,1907698,-19.016695021780574
133358,7294410,-19.063816077402894
133358,3136323,-19.098243792928752
133358,7840807,-19.344333334961686
133358,1980214,-19.35311509081112
133358,4566904,-19.58202701684489
133358,7108325,-19.660665670149594
133358,2357530,-19.77802659664391
133358,1062412,-19.853939979232827
133358,306193,-19.984191933732397
133358,5244456,-20.01650389034408
133358,8220610,-20.226956603434825
133358,3195018,-20.367268261349135
133358,4405930,-20.65985201183132
133358,8157381,-21.33047548282634
133358,4391397,-21.604050375476618
133358,6766698,-21.604050375476618
133358,2763589,-21.605658282390735
133358,122952,-21.63096144824471
133358,3372159,-21.702153698016645
133358,2390540,-21.710723363805265
133358,838771,-21.7174297238848
133358,8120106,-21.72731165525942
133358,2606452,-21.72731165525942
133358,3844446,-21.795181146673713
133358,4432669,-21.800759419707724
133358,661882,-21.847634605590358
133358,4694710,-21.85773832203192
133358,882370,-21.89664248879762
133358,6817498,-21.951815777326967
133358,6322012,-21.964625969362846
133358,7107423,-21.966748119893346
133358,8000688,-21.97498669812278
133358,7696809,-22.01870298025154
133358,325637,-22.079209461883053
133358,3844444,-22.09271991606453
133358,7304993,-22.09412028004753
133358,2018508,-22.099644462137537
133358,6319354,-22.103306331201445
133358,7072003,-22.10600786819264
133358,4225697,-22.109165642641763
133358,4432677,-22.14435569655706
133358,4203705,-22.1763629344027
133358,235240,-22.188242269688306
133358,7875905,-22.188242269688306
133358,2672802,-22.201250462967515
133358,4427963,-22.201636556012808
133358,4427965,-22.201636556012808
133358,661878,-22.205179187673973
133358,5465650,-22.216813319491767
133358,8682923,-22.251422477278275
133358,8146663,-22.2578855704788
133358,6468393,-22.267769422601486
133358,37169,-22.28844009856969
133358,4874927,-22.308568783977602
133358,788289,-22.31359920194148
133358,501473,-22.317525025601494
133358,354660,-22.317525025601494
133358,484172,-22.318084551428925
133358,5364290,-22.352229416007745
133358,1675962,-22.355891800422715
133358,5756755,-22.356495603992464
133358,8432059,-22.356844675524577
133358,4427959,-22.358259340211145
133358,4824647,-22.361698093525384
133358,8470630,-22.367774631423156
133358,3252447,-22.367774631423156
133358,7994418,-22.36832734161508
133358,662231,-22.387028683981
133358,1388861,-22.392030739420417
133358,3733194,-22.397031702860716
133358,7708071,-22.403031302541038
133358,1046755,-22.408783930261873
133358,4275395,-22.409783865263503
133358,5451013,-22.417630029944256
133358,7236434,-22.429454606230077
133358,6828730,-22.431228028727343
133358,818192,-22.431228028727343
133358,2436210,-22.43126891016228
133358,2962923,-22.431439925192464
133358,8104527,-22.43493031351866
133358,8274892,-22.437525677758618
133358,1388862,-22.444946285721585
133358,4432668,-22.44568704699818
133358,4225693,-22.44876341778771
133358,1193276,-22.46325517917871
133358,4798506,-22.465340443919793
133358,5991254,-22.467338815071905
133358,8447613,-22.467338815071905
133358,6742429,-22.467338815071905
133358,3851965,-22.467338815071905
133358,8079710,-22.475732718034962
133358,2557338,-22.486011119887998
133358,5164932,-22.493898037185986
67262,8326584,-21.139226133996495
67262,6973593,-25.425403645497674
67262,6973590,-26.627287399762476
67262,8326581,-26.83876388124023
67262,8326583,-26.880979262520153
67262,8326585,-26.99276745220474
67262,8326580,-27.032805795808905
67262,6717003,-27.70373064429871
67262,8552958,-27.970586899775803
67262,6973592,-28.255985777956866
67262,6710096,-28.267885227828508
67262,8326588,-28.403963626569016
67262,6507284,-28.934886513407427
67262,1055632,-28.962931997246212
67262,5812188,-29.02352964367048
67262,4630841,-29.202848087541817
67262,2663364,-29.269599180883027
67262,6292688,-29.43151332573363
67262,7513848,-29.64697595327614
67262,2663365,-29.653708544425175
67262,2663356,-29.67556027303217
67262,8700909,-29.700120744689084
67262,3961805,-29.860877069336482
67262,2490876,-29.87400326550234
67262,5934807,-29.884727883732115
67262,5760488,-29.88536742589249
67262,818783,-29.88536742589249
67262,2702437,-29.908702621711647
67262,2490873,-29.925140983404997
67262,6292690,-29.93473095463207
67262,8725997,-29.93473095463207
67262,4022849,-29.964042868365492
67262,2397083,-30.004917919679734
67262,3116640,-30.22059010344093
67262,5043411,-30.315391891880683
67262,2923301,-30.342732795213102
67262,1537436,-30.375670402410726
67262,5095133,-30.4154518732489
67262,8246872,-30.42221357869189
67262,4321351,-30.44736902853564
67262,4131144,-30.463299128329655
67262,6203502,-30.47809475956714
67262,3747305,-30.496045726323615
67262,8725996,-30.496045726323615
67262,3116641,-30.528526673481508
67262,7003248,-30.531520329705966
67262,2356482,-30.567448429370597
67262,5232787,-30.604838324192833
67262,2897916,-30.620924874954333
67262,4630842,-30.666243906348413
67262,6124842,-30.666243906348413
67262,5085949,-30.70688268234887
67262,3097555,-30.725693438835833
67262,2401787,-30.757134361616373
67262,6994047,-30.762813429394328
67262,1700421,-30.81145341344938
67262,3961797,-30.88668231315537
67262,6459590,-30.908502467600172
67262,7003242,-30.908890782090474
67262,8441852,-30.93609432164429
67262,7632505,-30.940885221542473
67262,2702430,-30.980149465767045
67262,1066374,-31.00197412669325
67262,2395604,-31.013061216604683
67262,1725928,-31.018041472766384
67262,506867,-31.026420237243386
67262,764764,-31.026420237243386
67262,7210584,-31.029126717270827
67262,2707906,-31.055491274941318
67262,1149921,-31.070577885900036
67262,764766,-31.080474817764465
67262,3750240,-31.094949237149745
67262,7018263,-31.119132830466956
67262,6973594,-31.12149064816726
67262,8326582,-31.142125833691857
67262,5911889,-31.17656642329624
67262,4162109,-31.220498279540067
67262,6973596,-31.261308160776018
67262,4412815,-31.279178820144136
67262,5581950,-31.315817834913858
67262,4716745,-31.321526608519314
67262,2161119,-31.32474859606136
67262,7609855,-31.38517911427081
67262,2549624,-31.39307660267113
67262,1149925,-31.458710809795214
67262,2656050,-31.542341418419532
67262,8476179,-31.58379400036558
67262,3690778,-31.595084702412734
67262,8700906,-31.604158564752467
67262,3097554,-31.607975625543617
67262,8013827,-31.626706061451152
67262,5310920,-31.63943184770504
67262,5345474,-31.63943184770504
67262,2167692,-31.647441201749217
67262,5122615,-31.676070240738003
67262,608444,-31.687279102785794
67262,8442174,-31.69359300677433
67262,5199144,-31.71643782053763
67262,4716746,-31.717070862516813
67262,3040968,-31.742156475536383
1121166,3720789,-28.020835943497403
1121166,1933184,-28.385547932993497
1121166,8054920,-28.75789325718161
1121166,3817584,-30.17285942632926
1121166,1438877,-30.578976223198183
1121166,8378303,-30.620925086187828
1121166,7128104,-31.066486591330673
1121166,3722100,-31.33807692941285
1121166,8054924,-31.40645487630906
1121166,1999760,-31.627498057570094
1121166,8054919,-31.906688278422752
1121166,3852124,-31.97147199096102
1121166,8625228,-32.03104314612849
1121166,686027,-32.15033866466209
1121166,5987622,-32.29488702973277
1121166,8378301,-32.45001918624072
1121166,8054925,-32.60761993943359
1121166,7150558,-32.78666188469273
1121166,8773580,-32.87308367078049
1121166,8773578,-32.87308367078049
1121166,3087309,-32.92215750861722
1121166,8762373,-33.05324682765775
1121166,1483821,-33.11259331615797
1121166,4265479,-33.1893437136469
1121166,297954,-33.1903831845306
1121166,6439529,-33.23694284886252
1121166,1327975,-33.241007877906796
1121166,3865434,-33.244252257807176
1121166,3865435,-33.304554272928186
1121166,3249448,-33.348397498671034
1121166,112367,-33.46604832700129
1121166,3249450,-33.5039025193565
1121166,8054922,-33.551934453512736
1121166,7200354,-33.593086990474504
1121166,6537466,-33.598977806823896
1121166,3112788,-33.670143225478746
1121166,8378299,-33.74122767739756
1121166,4453799,-33.84266299673676
1121166,3773868,-33.8605905717402
1121166,8018104,-33.86272016370544
1121166,8699880,-33.875392431140845
1121166,3957567,-33.9112351716785
1121166,5247073,-33.9112351716785
1121166,3682526,-33.9112351716785
1121166,603709,-33.9112351716785
1121166,77774,-33.9112351716785
1121166,2823196,-33.933847805469675
1121166,1577097,-33.98735861052175
1121166,2362460,-34.003056136503155
1121166,77766,-34.04706059564075
1121166,2366253,-34.1172804721669
1121166,4767947,-34.16471142397101
1121166,7200361,-34.22268288944144
1121166,4981513,-34.24333238588579
1121166,1327981,-34.28693379642397
1121166,77039,-34.28825251482077
1121166,4767948,-34.355292318409525
1121166,3817579,-34.37387411801628
1121166,3294688,-34.39813857408675
1121166,8609200,-34.44272692182373
1121166,6911527,-34.44912485733852
1121166,1933182,-34.50442478796806
1121166,1933181,-34.543394909333756
1121166,8378307,-34.58795738603318
1121166,4008367,-34.58795738603318
1121166,8624868,-34.60371696856776
1121166,599924,-34.6179333856168
1121166,2900574,-34.661911640234244
1121166,297953,-34.67387967277822
1121166,4234934,-34.67823540073781
1121166,8104385,-34.747468887095614
1121166,4453796,-34.787252299017105
1121166,3163649,-34.79705116451489
1121166,5963619,-34.830464548567285
1121166,8187807,-34.84151515016345
1121166,8625222,-34.85558821418707
1121166,4265478,-34.89187292311967
1121166,2770141,-34.91311042149049
1121166,5271678,-34.92715339723547
1121166,498461,-34.970976385754405
1121166,3249452,-34.992893512315035
1121166,3896141,-35.027848849481664
1121166,3087307,-35.02861753222703
1121166,77035,-35.03047151903076
1121166,5499074,-35.046455136094956
1121166,5499076,-35.05348616305299
1121166,3478983,-35.0669650051705
1121166,3720796,-35.112669111648344
1121166,3852129,-35.14000164755458
1121166,1372801,-35.154135918819435
1121166,4828685,-35.154135918819435
1121166,2608473,-35.254813215263994
1121166,5832940,-35.328975962545584
1121166,8054918,-35.4115411970833
1121166,77038,-35.42093077682443
1121166,2326891,-35.436430171126474
1121166,4008362,-35.46264818859466
1121166,5271683,-35.52901685785042
1121166,3666478,-35.54112823120741
1121166,1300581,-35.55031832168145
805321,8694709,-52.87675375780619
805321,8694706,-57.098774071434654
805321,8694713,-57.61687309142098
805321,5504785,-62.3364755386766
805321,8694707,-64.23527350995661
805321,8694708,-64.23527350995661
805321,8694712,-64.88349532512018
805321,8694710,-67.22673912314796
805321,8694711,-67.72776284815401
805321,8694715,-67.74692752305118
805321,7215302,-68.1931664926982
805321,4597599,-73.26715519118729
805321,4315758,-73.5108223775257
805321,29930,-74.10208044749051
805321,424954,-74.3356219697547
805321,8836061,-74.34095312928622
805321,7113258,-75.77163644626641
805321,3055331,-75.8243463593745
805321,7090102,-76.16831196747121
805321,8694714,-76.26376371748816
805321,4258729,-76.40390974414795
805321,3445571,-76.55080606918447
805321,8294432,-77.3369346253367
805321,5630654,-77.52368482316602
805321,3055339,-77.54307227902713
805321,6814129,-77.72256966482799
805321,7076925,-77.76632538663192
805321,2309454,-77.88423123275035
805321,6551290,-77.89158539352934
805321,3731060,-77.98780144772789
805321,1007727,-78.03110555705183
805321,1405919,-78.11683324553428
805321,8257710,-78.39347896529046
805321,7263424,-78.41179134435836
805321,5068464,-78.50235679628562
805321,673699,-78.60146344179783
805321,7090103,-78.75476539411162
805321,5130453,-78.83231024658213
805321,7149013,-78.8901298586424
805321,164460,-78.90087682724817
805321,4997081,-78.9485708141646
805321,7122095,-79.03861608348012
805321,7415617,-79.25991395429214
805321,4783002,-79.2652535416307
805321,783218,-79.31578643752586
805321,2694355,-79.33788497381667
805321,8257708,-79.38446685023499
805321,4040378,-79.4473048976834
805321,4871490,-79.45192379796491
805321,4018107,-79.54086717228495
805321,6551286,-79.66139712094053
805321,2187094,-79.75448938097418
805321,1007721,-79.76306185284731
805321,1807773,-79.79072367359979
805321,2552996,-79.85524272223108
805321,7113253,-79.86822045252843
805321,8201928,-79.87898172388938
805321,4018108,-79.88299218041081
805321,3445569,-79.90618626121791
805321,1369345,-80.03106229680523
805321,7717363,-80.03282797022466
805321,8511564,-80.11172198828521
805321,7113255,-80.32572166306605
805321,5037829,-80.36561317601071
805321,7113460,-80.46758971982783
805321,7953743,-80.46795781825581
805321,8201931,-80.47719276082452
805321,3889715,-80.49085992930785
805321,8031787,-80.4933493602065
805321,546339,-80.51492919952972
805321,1369348,-80.51888259967842
805321,1611896,-80.56501000001593
805321,4997083,-80.64265880874065
805321,4783977,-80.66076205217212
805321,4316218,-80.67393308996336
805321,3306567,-80.68000239278487
805321,7048810,-80.68000239278487
805321,4802212,-80.68014775901042
805321,936609,-80.76744432767507
805321,4040379,-80.79091287538878
805321,5878522,-80.80302451993307
805321,5197366,-80.897520486979
805321,6247344,-80.92461024198853
805321,7005757,-80.93977792718321
805321,1442389,-80.99940344617417
805321,3731056,-81.05752460889768
805321,1687554,-81.16456820079598
805321,3445573,-81.19630626624178
805321,25256,-81.20241707471578
805321,2612455,-81.22301370424718
805321,3306561,-81.2663045738446
805321,7354112,-81.2795111068697
805321,3060959,-81.35706790862668
805321,5512364,-81.36841327541939
805321,7568641,-81.38606464036316
805321,3445567,-81.41432317273964
805321,8323876,-81.44289284979268
805321,7843571,-81.47489208370864
805321,3261836,-81.4819114060048
805321,2363009,-81.51875261697015
1129828,8535892,-11.124923700847194
1129828,8535899,-11.700801522589009
1129828,8535895,-13.332246403167234
1129828,8535894,-13.434010538762934
1129828,8535896,-13.710168948884437
1129828,2688923,-15.526350757223344
1129828,7791249,-15.5981877806439
1129828,4532860,-15.775673315169678
1129828,8535901,-15.783272078893148
1129828,1173447,-15.801904983131502
1129828,8535898,-15.940719175924066
1129828,8535900,-15.970833149837151
1129828,5224855,-16.08420223511669
1129828,4420625,-16.08638104352074
1129828,7020647,-16.130506918684226
1129828,4189486,-16.141699151710338
1129828,4595118,-16.14735464990595
1129828,7172820,-16.166435491824373
1129828,7298986,-16.256038413128067
1129828,7257433,-16.271709451258182
1129828,2688925,-16.341854468541655
1129828,5889518,-16.373414106285228
1129828,3864887,-16.373414106285228
1129828,7281670,-16.40030479160574
1129828,8359869,-16.42287756804911
1129828,2779689,-16.449174461999117
1129828,1748554,-16.53201824312607
1129828,7086592,-16.535615770096054
1129828,4420627,-16.55623285576161
1129828,1859410,-16.569669046227858
1129828,7400658,-16.610873003658448
1129828,1790762,-16.6207514714245
1129828,6040475,-16.628887531306148
1129828,2369837,-16.628887531306148
1129828,1067659,-16.65249779941611
1129828,7033406,-16.6593446456982
1129828,1979291,-16.6593446456982
1129828,5839452,-16.677147493170704
1129828,1780784,-16.689495653258707
1129828,7577964,-16.689495653258707
1129828,3871020,-16.719346645818213
1129828,2829971,-16.719346645818213
1129828,5650901,-16.748903535147246
1129828,3723804,-16.75201206238272
1129828,5328449,-16.76114360257126
1129828,266299,-16.77817205998334
1129828,3823392,-16.77817205998334
1129828,1909484,-16.77817205998334
1129828,4869415,-16.786137194081356
1129828,2680132,-16.78807695080013
1129828,1173454,-16.80715779271855
1129828,5484089,-16.80715779271855
1129828,4787409,-16.80715779271855
1129828,4369629,-16.80715779271855
1129828,6479700,-16.812014062502726
1129828,6024677,-16.819590618731215
1129828,6155724,-16.835271860494274
1129828,7123504,-16.835866145767003
1129828,4708850,-16.835866145767003
1129828,2555106,-16.835866145767003
1129828,3650944,-16.835866145767003
1129828,5322811,-16.850627282508853
1129828,6072687,-16.85135715399057
1129828,2368924,-16.864302377630633
1129828,4944963,-16.864302377630633
1129828,2688928,-16.865785564467302
1129828,1485319,-16.877631508408108
1129828,1648869,-16.90574990802489
1129828,6526503,-16.913995590005143
1129828,7298989,-16.91518934933243
1129828,562177,-16.91518934933243
1129828,3595288,-16.920378776667093
1129828,4902315,-16.946603248934313
1129828,2809755,-16.948028741981865
1129828,3227415,-16.97542619267168
1129828,6440220,-16.97542619267168
1129828,2497084,-16.975963808591004
1129828,3926834,-17.002575699231436
1129828,1127905,-17.002575699231436
1129828,2688920,-17.00733238994649
1129828,6539316,-17.037821670199214
1129828,7325761,-17.038918224934577
1129828,2602487,-17.056148551431455
1129828,5102472,-17.056148551431455
1129828,6499998,-17.059264987629707
1129828,2688921,-17.064910771301918
1129828,7325759,-17.068093609356197
1129828,6583725,-17.068278784591268
1129828,5475054,-17.069069232495078
1129828,2191263,-17.099586438107874
1129828,8611686,-17.122149125864233
1129828,5079128,-17.134755668613526
1129828,2900645,-17.15753879528961
1129828,7850644,-17.157745639219712
1129828,723835,-17.15783767404031
1129828,6024673,-17.158411852273
1129828,55088,-17.16752704278187
1129828,4389606,-17.170142223621966
1129828,296511,-17.17303058075151
1129828,8780582,-17.186038968691427
131843,8710813,-15.141905619504431
131843,8305152,-15.141905619504431
131843,985995,-15.141905619504431
131843,985994,-17.430310675598914
131843,985991,-17.871917303299846
131843,8305156,-17.93158437745806
131843,8305153,-18.073094104457617
131843,985988,-18.166183536201526
131843,8305158,-18.230478562241807
131843,2683747,-18.563870380268952
131843,985990,-18.579585923215213
131843,8305151,-18.852695460460875
131843,985989,-18.92268255589923
131843,985992,-19.235350387557254
131843,7707868,-19.316417421887955
131843,8305154,-19.97499732263954
131843,2041693,-20.02835004266938
131843,3276049,-21.74798737742755
131843,3884881,-21.777844698041406
131843,7530934,-21.96967536700707
131843,3276050,-21.98474286298887
131843,7324621,-22.104462241327578
131843,80373,-22.118043966797604
131843,5815587,-22.15560292819696
131843,8519713,-22.199779838785815
131843,8191765,-22.235922113503484
131843,7000085,-22.276475339277017
131843,3884882,-22.27809418338738
131843,1235355,-22.32537106175267
131843,5056232,-22.3511907964242
131843,4732641,-22.386706767229448
131843,837341,-22.409584698544002
131843,1899029,-22.431889140923296
131843,6497740,-22.441327038549804
131843,756894,-22.441327038549804
131843,6249757,-22.45661711589989
131843,5943659,-22.48127283382907
131843,4041247,-22.485569469168674
131843,1460377,-22.488470792587748
131843,3561867,-22.50344814044469
131843,2004809,-22.52348444498685
131843,1267422,-22.52697043962604
131843,6099568,-22.53686777756029
131843,8389325,-22.543221780344922
131843,1730672,-22.543382320733226
131843,2436695,-22.5469633294785
131843,1336817,-22.55476986742902
131843,130855,-22.561205382246328
131843,7552118,-22.58667960655889
131843,68196,-22.58929176680065
131843,5038538,-22.592580669788067
131843,378532,-22.59355184680748
131843,5000162,-22.60994759683203
131843,7552117,-22.621014581324452
131843,8304101,-22.63520160708024
131843,5943663,-22.67408124110058
131843,876325,-22.73060968486831
131843,7530937,-22.754823948385074
131843,7938324,-22.756603858342828
131843,8540485,-22.75843049497405
131843,611284,-22.77323557491305
131843,7084908,-22.776377301911722
131843,6502706,-22.78221784880475
131843,4738150,-22.784303113545832
131843,226353,-22.787548871238055
131843,4092755,-22.790522826673847
131843,226351,-22.79270050956987
131843,7901047,-22.801307161410527
131843,7589014,-22.80335443230759
131843,3243231,-22.80821700270564
131843,33360,-22.812122576302613
131843,1218821,-22.812122576302613
131843,7073518,-22.81300549062758
131843,4659524,-22.819142060047536
131843,1882256,-22.82589152893661
131843,826930,-22.83298992002825
131843,3634610,-22.836240507634006
131843,4889659,-22.83676241482845
131843,5801595,-22.844051019606944
131843,7060161,-22.85351472885916
131843,3299960,-22.86176335604118
131843,2750110,-22.86387007824529
131843,737566,-22.865103483302697
131843,7613010,-22.865103483302697
131843,2797946,-22.867171638336085
131843,86138,-22.870327640626307
131843,260319,-22.871825945006446
131843,23496,-22.88401355409445
131843,3265505,-22.902714896460374
131843,4994897,-22.907882633738264
131843,7588234,-22.90947235397106
131843,4911362,-22.91363112642152
131843,3752496,-22.917849601835403
131843,7530941,-22.91968322274448
131843,3426067,-22.924623039950525
131843,226350,-22.926291103189616
131843,7707249,-22.930885666022125
131843,5000167,-22.939782344240612
131843,2101178,-22.945631538339484
131843,8074471,-22.94926801299716
104861,409268,-20.904054208962776
104861,8259116,-21.034783005126755
104861,8141081,-21.31020469283655
104861,5405670,-21.531167054216212
104861,6436838,-22.37938953891613
104861,8286089,-22.554877449307853
104861,5379458,-22.96334941837978
104861,8260037,-23.194507456577817
104861,2958133,-23.197767786237996
104861,2958127,-23.207354134694057
104861,459676,-23.24669853287157
104861,5703400,-23.370550054212668
104861,6351571,-23.51248860075212
104861,4197096,-23.590462886898646
104861,5703401,-23.638795230480035
104861,1304632,-23.692271676063775
104861,459675,-23.75369518243422
104861,7204477,-23.778682981368398
104861,4930174,-23.820626527259613
104861,8495099,-23.94468781953799
104861,6658615,-23.947760514261475
104861,125332,-24.054041810463175
104861,1811410,-24.197752260420618
104861,2958131,-24.247854642669427
104861,8451639,-24.810210579184623
104861,5150431,-25.006661037982628
104861,6200735,-25.02220049401235
104861,4025903,-25.048989849130802
104861,8260035,-25.06980072644796
104861,11794,-25.075989846976675
104861,8273715,-25.081213164658255
104861,4275034,-25.102796001523327
104861,5667474,-25.149187627957716
104861,6056678,-25.370550894115976
104861,6207614,-25.39891153028865
104861,5667475,-25.528440920431997
104861,7766863,-25.565426209151774
104861,4760862,-25.570987855321928
104861,5641419,-25.570987855321928
104861,7298466,-25.637117657582294
104861,8437144,-25.637701826641255
104861,8334094,-25.726626455871067
104861,5801822,-25.74319263294738
104861,4864622,-25.745137396538983
104861,8516154,-25.77365810344609
104861,4019226,-25.811554875968017
104861,4017854,-25.873768523014416
104861,2932315,-25.88070188769603
104861,5864693,-25.912776401474822
104861,5110656,-25.947633358693803
104861,5399654,-25.965667948223256
104861,5641423,-26.001360899178138
104861,4452306,-26.047983062444636
104861,4019224,-26.071296914080904
104861,60304,-26.103405257334174
104861,439299,-26.112568880960104
104861,2127749,-26.119652016747594
104861,6788423,-26.135193125956793
104861,6566321,-26.13751863392686
104861,5966155,-26.203408590867525
104861,6653676,-26.22841953376719
104861,5864695,-26.244802623500846
104861,2497738,-26.270227800740532
104861,6008066,-26.278126783838232
104861,4017856,-26.32586808793593
104861,5138474,-26.32586808793593
104861,6241791,-26.35508433842574
104861,5864691,-26.362616608509107
104861,270266,-26.378777356070525
104861,1995989,-26.400822994064715
104861,4223386,-26.40228753278309
104861,5340890,-26.40228753278309
104861,8260038,-26.42340786295006
104861,6187055,-26.452961008070027
104861,5778133,-26.481253541529167
104861,629276,-26.489108044885732
104861,5248341,-26.48972109631868
104861,5399656,-26.490860017448227
104861,5776561,-26.523505666384242
104861,7034373,-26.538591142500074
104861,1046339,-26.576115036571174
104861,4017858,-26.585618266377026
104861,1767226,-26.591713508924755
104861,4936226,-26.591713508924755
104861,7888098,-26.662578712242226
104861,5101712,-26.6992663789511
104861,7972525,-26.6992663789511
104861,4017860,-26.774560068610942
104861,1750439,-26.78961172712344
104861,1378174,-26.805930733922054
104861,4936228,-26.805930733922054
104861,5138469,-26.826285380720844
104861,4936225,-26.844268245954055
104861,5860006,-26.844268245954055
104861,4936227,-26.85191010998188
104861,5688415,-26.871308219820243
104861,6056679,-26.883541402451193
104861,5755687,-26.92531297622994
104861,378435,-26.952764484836944
104861,6473842,-26.99393605218264
833860,115142,-33.51564727993699
833860,2702357,-34.996155402563865
833860,1579406,-35.42695191061079
833860,1524406,-35.52387720436006
833860,6230226,-35.57627288649679
833860,7826521,-35.65526055639161
833860,8683095,-35.74272109450598
833860,3775107,-35.89912064622519
833860,1524402,-35.96910749269843
833860,1900577,-36.239698047880744
833860,7647523,-36.308904699448505
833860,1969741,-36.357017714436424
833860,8344031,-36.38301581463045
833860,1524403,-36.412587189858634
833860,5759683,-36.45981751295176
833860,1524401,-36.47268905177888
833860,2386361,-36.516431015669795
833860,5178289,-36.52774300813511
833860,3437288,-36.7769116403888
833860,2829181,-36.78299870136098
833860,1971028,-36.84103267997402
833860,2829180,-36.88879162755047
833860,456068,-36.92616370940861
833860,1799623,-36.94780351920448
833860,7153355,-36.975016593937625
833860,6230227,-36.997107928196016
833860,1694695,-37.00770537519676
833860,1524644,-37.032876915308705
833860,3798217,-37.106316562043204
833860,2188108,-37.135936313355415
833860,5167513,-37.19516977625993
833860,7184644,-37.2167930611063
833860,8584923,-37.25164226995864
833860,5229080,-37.2589293582983
833860,3107240,-37.345766637780464
833860,3107242,-37.41563607753051
833860,6297606,-37.51721961963271
833860,7548520,-37.586450502013804
833860,1524399,-37.615005504222594
833860,7406141,-37.67122983180056
833860,8562779,-37.69492174443434
833860,280004,-37.730293380895546
833860,4736124,-37.73533171719613
833860,1875953,-37.830995398565214
833860,557588,-37.95237552628579
833860,5905054,-37.969194479540285
833860,2488236,-37.979554956219
833860,8160728,-38.004498732388036
833860,3597102,-38.061297407195816
833860,5417979,-38.064039778642275
833860,5417403,-38.10610633584008
833860,1799624,-38.10610633584008
833860,280008,-38.124953257851374
833860,456070,-38.12847729736883
833860,3437289,-38.16060912255667
833860,1160959,-38.20874901384468
833860,5967462,-38.21145525120502
833860,1127420,-38.25417778717584
833860,4788745,-38.271061771190446
833860,8742336,-38.272400629615625
833860,6521713,-38.275588656252204
833860,1160967,-38.27970704608523
833860,1160960,-38.29523634267841
833860,2443771,-38.2998601626511
833860,8469913,-38.31302893916846
833860,6277473,-38.335317367245494
833860,8112006,-38.36119250780759
833860,7131340,-38.36724737388697
833860,7406139,-38.40266459815695
833860,1210757,-38.42124938707051
833860,46390,-38.42611446991259
833860,6058740,-38.43505173294204
833860,3762030,-38.45624100910203
833860,612484,-38.457038901505285
833860,2488241,-38.4615379446813
833860,1913651,-38.48767070859912
833860,1579410,-38.50091700878056
833860,5962173,-38.53802972837741
833860,2544309,-38.540871184658734
833860,2386363,-38.63733319332343
833860,6822075,-38.71164057971917
833860,7413058,-38.73094366709571
833860,8170100,-38.74068523892361
833860,1579405,-38.794374885853486
833860,6277472,-38.8020291437158
833860,274216,-38.824478366878054
833860,2312315,-38.85766696252403
833860,546258,-38.86571418758146
833860,6216865,-38.893766201742835
833860,5994185,-38.90252257682152
833860,6886846,-38.90927168313568
833860,6822074,-38.92210802467495
833860,1733843,-38.928802353932916
833860,4286897,-38.95153886474364
833860,7747967,-38.97464914985212
833860,319490,-39.01845462133263
833860,8119467,-39.027522343840204
833860,3749613,-39.077567174775076
833860,7772054,-39.077688417220564
833860,3899039,-39.08918146214526
207786,8273755,-26.706779356219016
207786,6031630,-27.78498495128926
207786,8273763,-27.98704897000187
207786,7941579,-28.253536140400897
207786,3773663,-29.150426162362503
207786,8185064,-29.42929807969482
207786,8273757,-29.7468863048322
207786,8273759,-29.91762520018814
207786,8273758,-30.171094374115853
207786,8273754,-30.47198705544349
207786,2998723,-30.501484237065657
207786,3753001,-30.94389128532786
207786,3322528,-31.289721570437706
207786,4900221,-31.289721570437706
207786,7639366,-31.38648003734616
207786,7599318,-31.687661760716015
207786,8532111,-31.78372761408987
207786,493419,-32.00713117029668
207786,148199,-32.3173329928158
207786,2051015,-32.33857345287929
207786,524449,-32.48087033669785
207786,8273762,-32.576459694118746
207786,493416,-32.61692192211404
207786,4823378,-32.72998175406987
207786,2998726,-32.82227216807243
207786,7124120,-32.848415767501926
207786,4759183,-32.90718197366134
207786,1667542,-33.01915072500638
207786,493413,-33.12306140949516
207786,706234,-33.21134804644441
207786,5822375,-33.23167285496594
207786,3417308,-33.261735943571914
207786,1424715,-33.2702542701429
207786,493412,-33.342292071382374
207786,493415,-33.35908816958604
207786,5195205,-33.47671744441989
207786,4132737,-33.544640802947384
207786,2969229,-33.5679421233709
207786,2763917,-33.569014873706365
207786,493420,-33.57756000409161
207786,493414,-33.605621564897035
207786,2775840,-33.62584331369498
207786,1667536,-33.646049467468046
207786,8303694,-33.647548682679655
207786,4970125,-33.68754844752035
207786,2196953,-33.74355404684879
207786,4759180,-33.79097551731617
207786,8211374,-33.815188328080914
207786,2775838,-33.827434407291655
207786,7777867,-33.84055442323509
207786,6212642,-33.85738901016545
207786,1902147,-33.86325786418357
207786,6212643,-33.90802222204063
207786,6133373,-33.91473700679208
207786,7386394,-33.91483943534178
207786,7643818,-33.936083934157786
207786,4393129,-33.95842402719237
207786,187839,-33.97749356909715
207786,2969232,-34.00980540549371
207786,4900219,-34.02328952381767
207786,8051208,-34.06983346325046
207786,5415097,-34.09109900753185
207786,3377254,-34.13599557947944
207786,2440418,-34.13794833646862
207786,236200,-34.14879359224901
207786,8651150,-34.17758486963957
207786,1201445,-34.24089517112812
207786,7606562,-34.26571984081321
207786,350405,-34.3035456856021
207786,5076420,-34.31838466885541
207786,1759929,-34.32796825721016
207786,1973498,-34.34269969507209
207786,2467877,-34.35487774805855
207786,463790,-34.35487774805855
207786,4759179,-34.35971568699768
207786,5365946,-34.38996934497583
207786,4900218,-34.39641525631927
207786,817102,-34.4107190414979
207786,2051021,-34.4194091219835
207786,6822431,-34.427450844583575
207786,267077,-34.432875923059655
207786,6822430,-34.43992875376013
207786,1731873,-34.464570259298306
207786,163190,-34.48254213874226
207786,6882359,-34.54152938890648
207786,5170147,-34.54331569611912
207786,6942082,-34.54536993794603
207786,2970637,-34.564166235896664
207786,4754014,-34.571053620792135
207786,5005014,-34.58868870017591
207786,6371140,-34.59345714922695
207786,463793,-34.60754666015931
207786,6526580,-34.64116494279566
207786,2440415,-34.68210056588153
207786,2709806,-34.70029063932558
207786,403538,-34.72931023740106
207786,463796,-34.729999889946555
207786,4393128,-34.7433692403812
207786,4315348,-34.76709803047388
207786,7643812,-34.77881389526548
691330,8490462,-19.13980925752201
691330,8490463,-19.43710828136612
691330,8490460,-19.67259500752556
691330,807723,-19.959747788563355
691330,8490461,-20.16465712948335
691330,3692153,-20.851697466391645
691330,3346773,-20.978820722451786
691330,7004344,-21.036294033518818
691330,1257011,-21.037567215000593
691330,443525,-21.129966523028937
691330,8197717,-21.13267073176116
691330,7626873,-21.196394652329346
691330,1257015,-21.316882410224647
691330,2751554,-21.323026256373797
691330,5425396,-21.400631886805094
691330,7004347,-21.44742796604458
691330,2751558,-21.466311960405047
691330,5425399,-21.478479191723956
691330,3692150,-21.492339009281
691330,4211863,-21.671149526568954
691330,807724,-21.932542500601485
691330,807732,-22.042029164507348
691330,1257013,-22.072205199329787
691330,2751562,-22.21604792675222
691330,443524,-22.4771237017332
691330,8687224,-22.520581167766007
691330,7004346,-22.594039897818035
691330,443527,-22.649933259374155
691330,807727,-22.819029976236244
691330,2212945,-22.837733740207554
691330,984135,-22.861121912094372
691330,807730,-22.913030916925244
691330,1257017,-23.002278873720684
691330,8197722,-23.07083477999005
691330,8687222,-23.26563656550418
691330,7844620,-23.44766575710296
691330,443526,-23.506436977953474
691330,2780148,-23.59198940939425
691330,7004351,-23.69462953375084
691330,3416118,-23.78228888424087
691330,807728,-23.816928335184784
691330,3692154,-23.83099848695356
691330,807729,-23.86786067756102
691330,443528,-23.922833907644065
691330,3948233,-23.92360409923338
691330,6348196,-23.934541132961815
691330,1257016,-23.989740774264657
691330,7340503,-24.002310427224508
691330,3598688,-24.094617656329273
691330,412411,-24.208557430143962
691330,6794614,-24.212778305455448
691330,3024793,-24.231316059925938
691330,6943232,-24.31963807102911
691330,2018373,-24.334279468075685
691330,970896,-24.382157452046997
691330,5108715,-24.464832025903096
691330,3346767,-24.525302576365004
691330,4249707,-24.60389182829372
691330,913313,-24.676521035686903
691330,6875222,-24.69825725765829
691330,7645677,-24.726937616836416
691330,7060501,-24.777964415884206
691330,6097110,-24.862993894751146
691330,4388676,-24.869059998328456
691330,7060505,-24.87230683740612
691330,807725,-24.950198589488558
691330,3415148,-24.969203077299916
691330,1426073,-25.026291459320845
691330,956141,-25.13838059720196
691330,8757495,-25.14845406137743
691330,6881841,-25.174101463445993
691330,2262123,-25.175753839317196
691330,5480349,-25.202701522925416
691330,1949511,-25.205277100528267
691330,6098968,-25.21410767886964
691330,5688844,-25.229776816018585
691330,8186444,-25.28059022933427
691330,807726,-25.350162426352043
691330,1710001,-25.379828728904474
691330,8530992,-25.391789821383043
691330,8757498,-25.40417020786506
691330,4385036,-25.423790009516974
691330,4797825,-25.425019689790517
691330,8030443,-25.465805644466037
691330,2838825,-25.47695670831836
691330,1847844,-25.526468450059408
691330,3151203,-25.53282390012471
691330,2838822,-25.564370059216337
691330,6943235,-25.591338142747645
691330,1991267,-25.6053320556754
691330,2838820,-25.61425306555894
691330,8149413,-25.635383562150473
691330,1015912,-25.65466946920759
691330,1000369,-25.695246395307986
691330,8749067,-25.743061785111156
691330,4579025,-25.74804787848109
691330,5225735,-25.769728222601845
691330,1282445,-25.771983288586124
691330,6439928,-25.772946654397597
691330,2551824,-25.799701624750483
1103528,2758788,-12.278951343030926
1103528,2758779,-13.01362547267152
1103528,8223069,-13.432911299796995
1103528,2758782,-14.255161336721178
1103528,2758787,-14.859700188596824
1103528,8728328,-15.174047209287352
1103528,8223067,-15.29506925779567
1103528,8223071,-15.338413201791376
1103528,2758783,-15.380257475144683
1103528,8223065,-15.48129734875914
1103528,2758780,-15.546965398147673
1103528,8728323,-15.873157896010333
1103528,8223068,-16.051428157422734
1103528,2758784,-16.136741963384335
1103528,2758785,-16.20901760502916
1103528,2758781,-16.441177595875416
1103528,2758786,-16.47292392386703
1103528,1050825,-16.506864588958106
1132213,1030078,-33.314778988471346
1132213,6513388,-34.10722458086912
1132213,6513392,-34.27471766713559
1132213,1616866,-35.28885182802753
1132213,6505382,-35.59639388453892
1132213,1253776,-35.59996222632205
1132213,1030072,-35.65729603102121
1132213,1616864,-36.41333842308827
1132213,8334480,-36.43059692588245
1132213,4307694,-36.54376692033458
1132213,5491567,-36.80059908293828
1132213,5209556,-36.91850679349368
1132213,2427030,-36.988038273887355
1132213,2879508,-37.0374277416163
1132213,7670188,-37.06122654989476
1132213,5263346,-37.151403384541105
1132213,6661965,-37.243879726306815
1132213,987379,-37.27780876480658
1132213,5792528,-37.28572516372925
1132213,2099735,-37.48914487556121
1132213,2427029,-37.50904395542473
1132213,7557414,-37.780134907743786
1132213,5645087,-37.82366939777293
1132213,4335087,-37.92559541287458
1132213,2723525,-37.937748506324375
1132213,7041994,-37.99106436897537
1132213,6643552,-38.12043269982803
1132213,6440584,-38.162012040327106
1132213,7356816,-38.26002192436829
1132213,3246376,-38.36983041923171
1132213,3535109,-38.39150710600918
1132213,2537692,-38.48488707339763
1132213,8326716,-38.53641623794097
1132213,7684871,-38.5410187388444
1132213,2422564,-38.57456613405354
1132213,4458715,-38.57962329918086
1132213,8334473,-38.61080651537435
1132213,1600220,-38.723501607951505
1132213,5159053,-38.744345264988645
1132213,1081806,-38.76961668949239
1132213,4386332,-38.78642918544533
1132213,2723529,-38.78936508522146
1132213,3446803,-38.81517555038209
1132213,1986279,-38.81968501351734
1132213,7131650,-38.86411304201081
1132213,1019074,-38.893317402401536
1132213,1607351,-38.91930340049237
1132213,4767910,-39.00543986469092
1132213,1085452,-39.026409731935615
1132213,1135814,-39.02737412813529
1132213,3944456,-39.065356539332605
1132213,3367509,-39.07362230396973
1132213,1607355,-39.092901598115866
1132213,5160238,-39.11215503675516
1132213,5835984,-39.178592302254806
1132213,3367512,-39.19075810784544
1132213,7670187,-39.20358081684229
1132213,8334479,-39.237409056159386
1132213,1656015,-39.25608683343012
1132213,8268320,-39.27564713561965
1132213,5729192,-39.361789199071325
1132213,1986281,-39.42770252255305
1132213,6985656,-39.45502876917512
1132213,6906744,-39.47996264162387
1132213,1081801,-39.5107695251316
1132213,6581337,-39.520194353899726
1132213,3226451,-39.55251797282328
1132213,1616859,-39.60706580614608
1132213,6280714,-39.61047647786784
1132213,6381578,-39.62401497462617
1132213,1637902,-39.71740137976182
1132213,8326718,-39.740309999725774
1132213,2537686,-39.83026209669002
1132213,460732,-39.83048876556057
1132213,3101718,-39.84601662240126
1132213,1085450,-39.85608854758863
1132213,3171509,-39.91530973321801
1132213,6940535,-39.93028683896264
1132213,5792525,-39.930408264537945
1132213,7229137,-39.93188272470683
1132213,1030070,-39.953103877925926
1132213,6581339,-39.95589051604026
1132213,1977345,-39.98128151483168
1132213,6367284,-39.99685433401396
1132213,5746002,-40.03045134653067
1132213,2032466,-40.04806127933485
1132213,1030074,-40.10193576752343
1132213,1986277,-40.11310105147006
1132213,8753120,-40.15033811809014
1132213,8504767,-40.154676716520704
1132213,2537691,-40.16334960947059
1132213,7683055,-40.16714111830781
1132213,4335086,-40.180984085133446
1132213,8229409,-40.196137268154224
1132213,5775481,-40.19974755467321
1132213,4453009,-40.23567721329671
1132213,5620472,-40.30305433458369
1132213,4589259,-40.3084390964108
1132213,8055784,-40.31251438776049
1132213,8249046,-40.33306920119932
335594,4722772,-18.661614983024847
335594,5588114,-18.94481561626173
335594,4973685,-19.001300542860715
335594,6751755,-19.067902250928743
335594,5704363,-19.307217022354735
335594,5588115,-19.353436766406116
335594,6280308,-19.38282879766241
335594,6001032,-19.46561772520249
335594,3319018,-19.544466951013913
335594,6001037,-19.58738439954047
335594,1155674,-19.73018562664492
335594,68720,-19.74570966139616
335594,4125228,-19.765477397315124
335594,6001035,-19.812509792145754
335594,3291970,-19.916786515481704
335594,8835283,-19.970650574865328
335594,4864091,-20.01268361060047
335594,68717,-20.04973268611585
335594,5588113,-20.17156951605468
335594,3319016,-20.211370839467353
335594,3319024,-20.26714706603584
335594,7899635,-20.325649977980458
335594,3319019,-20.35320374428185
335594,2412515,-20.358941279386517
335594,4125231,-20.404645148550586
335594,4864090,-20.438420873619016
335594,3164988,-20.44178271749086
335594,8515789,-20.466955485563986
335594,8515794,-20.479413680599194
335594,6114040,-20.485982062237202
335594,5109214,-20.49588843565564
335594,2370399,-20.595162293390896
335594,3164985,-20.699936802041147
335594,3420791,-20.765249536527776
335594,7734602,-20.7928859656821
335594,4754365,-20.881603834396074
335594,1680064,-20.942435289306886
335594,5431639,-20.94725600226062
335594,936635,-21.054936205156274
335594,3420793,-21.056766410136508
335594,8515790,-21.09630041261807
335594,8457431,-21.183341738687325
335594,1551624,-21.191399564606094
335594,2412514,-21.2820964624478
335594,2812493,-21.301006107977162
335594,1383790,-21.325757483591207
335594,2406068,-21.33410519418112
335594,6280305,-21.352095311019163
335594,4722776,-21.451384579819166
335594,3015203,-21.54274943833789
335594,2412512,-21.570904685920688
335594,4125222,-21.728829500877463
335594,4441871,-21.728829500877463
335594,3319022,-21.774027721893194
335594,5791328,-21.856351887394027
335594,5791326,-21.872826642450473
335594,3420794,-21.881793653616487
335594,3291967,-21.99997221022963
335594,4166072,-22.0252891213517
335594,4666527,-22.07687500883598
335594,4770001,-22.166939118936654
335594,2812487,-22.20494231955066
335594,7734604,-22.24432095134327
335594,5791332,-22.326608559835318
335594,3291969,-22.47137471529064
335594,3420796,-22.47295460670306
335594,3319023,-22.51079758081226
335594,3489000,-22.534410389919046
335594,6280309,-22.57668649766847
335594,2412513,-22.58431997491931
335594,7734599,-22.63401005491354
335594,6517865,-22.666381219962428
335594,4166074,-22.694684154716327
335594,4166068,-22.78164410126195
335594,3291968,-22.79004937557832
335594,4166076,-22.824425257728944
335594,6009512,-22.832502057823696
335594,3291973,-22.83693283709345
335594,6280311,-22.89594663579212
335594,1583785,-22.90863889452027
335594,2412511,-22.965560694136613
335594,4129232,-22.991116043331214
335594,4421252,-23.055452117544846
335594,3319017,-23.071926872601292
335594,6427590,-23.074573862406034
335594,3488994,-23.08033214691766
335594,8515788,-23.121911692994047
335594,6001034,-23.123090387706007
335594,8515795,-23.143367744419947
335594,3546682,-23.143367744419947
335594,7734606,-23.143367744419947
335594,68723,-23.15113738178601
335594,1239899,-23.159542656102378
335594,3420790,-23.159542656102378
335594,7899639,-23.161114910488124
335594,6773401,-23.173391556850415
335594,6802786,-23.174704007049638
335594,1155679,-23.18661140883681
335594,1155673,-23.2293925653038
335594,7899638,-23.2293925653038
1134138,487623,-7.575885069766969
1134138,7083751,-7.619842883204519
1134138,1311431,-7.709836720415812
1134138,1311432,-7.739034319258117
1134138,1555414,-7.772106484242395
1134138,35742,-8.167766645597945
1134138,487626,-8.213223147753057
1134138,487620,-8.36464679122445
1134138,1032417,-8.386815285983298
1134138,6625007,-8.456841745984008
1134138,7504521,-8.561262951969788
1134138,1123714,-8.593480233938962
1134138,854486,-8.613897568604534
1134138,1123715,-8.630864499963266
1134138,4291539,-8.665182429831209
1134138,2174467,-8.66756277729966
1134138,4045844,-8.688757339803054
1134138,175307,-8.811589237877799
1134138,487619,-8.811589237877799
1134138,7083753,-8.834981317404182
1134138,1434734,-8.880437260157045
1134138,7644724,-8.890970756459662
1134138,2675736,-8.948005737930867
1134138,1123719,-8.948005737930867
1134138,3833678,-9.012876289437173
1134138,4628357,-9.116526425166345
1134138,4902462,-9.136627096873347
1134138,2204280,-9.195744701356437
1134138,1979157,-9.20622864486683
1134138,3077547,-9.2531649131213
1134138,80410,-9.271944393820977
1134138,1854316,-9.345347127521833
1134138,7977697,-9.379093656411442
1134138,6081498,-9.381062362321847
1134138,1361560,-9.433467107109895
1134138,467122,-9.450634594492678
1134138,1854315,-9.450634594492678
1134138,5914900,-9.484533711120225
1134138,189425,-9.484533711120225
1134138,393139,-9.501270210461257
1134138,4307923,-9.582914199501769
1134138,6846929,-9.598850538800122
1134138,3904198,-9.6303472527364
1134138,3909457,-9.706984981340673
1134138,3034157,-9.780794095211576
1134138,3034161,-9.809571570115775
1134138,3034163,-9.851975985416981
1134138,7145034,-9.90106579687608
1134138,667405,-9.934179336788084
1134138,2254852,-9.987162567682038
1134138,912777,-9.987162567682038
1134138,7145029,-10.274583818747724
1134138,7145033,-10.50064680290995
1134138,7145026,-10.572999572180697
1134138,8084734,-10.618284332601043
1134138,7145032,-10.660045040285889
1134138,3181081,-10.68098764002048
1134138,2528845,-10.72222621442595
1134138,3129915,-10.794498867621575
1134138,3953218,-10.794498867621575
1134138,8639682,-10.818451249715007
1134138,110653,-10.818451249715007
1134138,7886130,-10.818451249715007
1134138,1830167,-10.842120165009012
1134138,3455090,-10.888633889337548
1134138,7186683,-10.901422738726954
1134138,3324682,-10.911491280984793
1134138,1126706,-10.911491280984793
1134138,3929137,-10.93409039149266
1134138,8575996,-10.95643699268891
1134138,3387042,-10.95643699268891
1134138,3305938,-10.95643699268891
1134138,3074688,-10.964920135356113
1134138,7610692,-10.97853666506208
1134138,8131313,-10.97853666506208
1134138,8575991,-10.989288999674995
1134138,6248849,-11.000394806126462
1134138,1540024,-11.022016638334891
1134138,5900401,-11.022016638334891
1134138,2573741,-11.026463452689619
1134138,8511046,-11.026463452689619
1134138,8061516,-11.043407216568388
1134138,3543239,-11.043407216568388
1134138,1832598,-11.043407216568388
1134138,7790569,-11.043407216568388
1134138,6056731,-11.056539207418702
1134138,6847880,-11.056539207418702
1134138,2618360,-11.064571435229462
1134138,2462886,-11.085514034964053
1134138,2803364,-11.085514034964053
1134138,6302376,-11.085514034964053
1134138,4184445,-11.085514034964053
1134138,8043705,-11.085514034964053
1134138,1393721,-11.106239609035146
1134138,2924252,-11.115366977831288
1134138,5120048,-11.115366977831288
1134138,4693854,-11.115366977831288
1134138,7829094,-11.115366977831288
1134138,5751622,-11.115366977831288
1134138,1103473,-11.126752609369523
138632,6350715,-8.701768432498984
138632,1345752,-9.151524772665235
138632,2997002,-10.187466893295822
138632,1999976,-10.329899433569569
138632,7719411,-10.331578148757856
138632,4217237,-10.872819515382957
138632,569256,-10.876514016784002
138632,4879158,-10.888152508883707
138632,544254,-10.98342090279275
138632,1108967,-10.98342090279275
138632,1999972,-10.991396069673396
138632,1643837,-11.014486964934086
138632,5937966,-11.047430184157022
138632,7630355,-11.064687819944227
138632,5913736,-11.075713579827708
138632,5289649,-11.075713579827708
138632,7044454,-11.075713579827708
138632,2966699,-11.128152542916794
138632,5152933,-11.150683213030703
138632,8741211,-11.185351003097722
138632,7630353,-11.23849435993104
138632,7126508,-11.23849435993104
138632,6370300,-11.30727743694283
138632,4765707,-11.312027432228481
138632,439391,-11.313029193186505
138632,4000461,-11.329269332942175
138632,26026,-11.344616673594045
138632,1073611,-11.398239978044622
138632,8109448,-11.436285774080911
138632,7076105,-11.610922211368482
138632,1999971,-11.647710117593352
138632,6463126,-11.650506416978613
138632,597878,-11.653494470280403
138632,5659540,-11.66926470077139
138632,6509191,-11.670182132780825
138632,6956942,-11.6840774128939
138632,569252,-11.704402506505943
138632,5843592,-11.73557126673392
138632,5913739,-11.737469027598369
138632,3751751,-11.744172517577603
138632,7938757,-11.744172517577603
138632,7868704,-11.75764589180499
138632,4765705,-11.775799560481062
138632,36730,-11.794029061241902
138632,8613120,-11.796437285652281
138632,3298890,-11.854506441482219
138632,8135092,-11.860692017526395
138632,8312972,-11.860692017526395
138632,8113743,-11.886276371955248
138632,8111408,-11.896037321586878
138632,4341687,-11.972553051385496
138632,8135086,-11.972854613741255
138632,8312971,-11.972854613741255
138632,1693165,-12.027106834284229
138632,5943664,-12.040021515766018
138632,5485810,-12.049129309864945
138632,7126509,-12.057866857347097
138632,2270882,-12.077911187036182
138632,2270884,-12.107179711872277
138632,4379715,-12.122845865198677
138632,4125959,-12.14172617079306
138632,2270885,-12.16487379765594
138632,4748796,-12.16487379765594
138632,8187581,-12.174875679352816
138632,6509189,-12.180874755184565
138632,136054,-12.184064464441821
138632,7059984,-12.184072480092299
138632,1324791,-12.240095639262034
138632,225502,-12.244849492370104
138632,7059976,-12.277036393870802
138632,2996995,-12.308848670105036
138632,5025766,-12.351434227358371
138632,5838226,-12.397199595813982
138632,7602648,-12.397199595813982
138632,2272893,-12.417199433074249
138632,8209277,-12.463763320502462
138632,5843597,-12.493106761587825
138632,1354647,-12.571941613337152
138632,1310071,-12.770887763739267
138632,6967917,-12.805596098550117
138632,5630770,-12.8107760638883
138632,1196986,-12.98349036635948
138632,1909028,-13.039047509661192
138632,4499947,-13.047370326706556
138632,1999975,-13.061414998466082
138632,3114918,-13.160343851595742
138632,4765706,-13.160343851595742
138632,2272898,-13.165355249464637
138632,3114921,-13.168821719173959
138632,816970,-13.227959942409356
138632,4217235,-13.258417056801411
138632,3114922,-13.266554246429644
138632,5005594,-13.287246820468251
138632,3884881,-13.302366712995894
138632,3930355,-13.308152828416532
138632,4668221,-13.347589789326449
138632,7684088,-13.355707866989606
138632,5941616,-13.498413838473052
138632,4173094,-13.506030952225256
138632,119101,-13.514987466344712
671071,2660613,-40.85252391198817
671071,3089530,-42.60432545319884
671071,8632272,-42.72881154455352
671071,8302976,-42.85320510271694
671071,8632276,-42.85647325948113
671071,4823172,-43.00421492223715
671071,7615574,-43.027786800917625
671071,7615575,-43.211466645598485
671071,3049333,-43.26476572738268
671071,791573,-43.328497509197
671071,5092540,-43.394987361454746
671071,7615582,-43.5679488884539
671071,5092543,-43.62606204363522
671071,5092539,-43.71928424793051
671071,2800555,-43.85813798879678
671071,7682166,-44.01527024296297
671071,2605963,-44.03848772105164
671071,3076326,-44.281498718538984
671071,5092547,-44.38067870769183
671071,208813,-44.425366457004785
671071,4958939,-44.49148374744739
671071,2324701,-44.54036387114921
671071,8507309,-44.80201563110914
671071,513070,-44.833709810100245
671071,7873130,-44.97910578723671
671071,7863994,-45.01239650330061
671071,5417190,-45.204650421265185
671071,6236602,-45.26560221916723
671071,4172362,-45.30776487078641
671071,2336765,-45.39218325056831
671071,3529517,-45.4071183282663
671071,617788,-45.47761481411413
671071,5636766,-45.49406386876086
671071,2660323,-45.52600669773274
671071,8420534,-45.5269425824049
671071,5625875,-45.53642553708663
671071,6225480,-45.619932455607376
671071,7395000,-45.76239156254863
671071,634211,-45.797241872013025
671071,5518666,-45.8116517027064
671071,8261074,-45.8176283802971
671071,1241901,-45.92622022602282
671071,7484389,-45.97406308605152
671071,6699274,-46.07135350027512
671071,5108111,-46.249150834618405
671071,1426025,-46.40157870186322
671071,4606207,-46.41648603089616
671071,1280007,-46.436657616743986
671071,7231048,-46.466725368387834
671071,8236758,-46.560974693497535
671071,1256317,-46.56124741100676
671071,5636764,-46.575038654563755
671071,571893,-46.58218532395717
671071,4528960,-46.659583522337506
671071,7177175,-46.707691923206
671071,6704429,-46.72175955583074
671071,4838999,-46.73982999433527
671071,7863992,-46.75644825444063
671071,3766517,-46.78663407417367
671071,1441893,-46.803078862543224
671071,1698731,-46.81216675148557
671071,7796874,-46.82118610306259
671071,4649067,-46.82620106053601
671071,4521148,-46.85125910356409
671071,446270,-46.8605844757835
671071,594160,-46.861939981704694
671071,8632270,-46.86502881496056
671071,3675630,-46.87483776493758
671071,7425040,-46.90212691660835
671071,77580,-46.908247042196464
671071,3675631,-46.93022255510698
671071,6172684,-47.00174843847198
671071,7321706,-47.009416759823615
671071,2448084,-47.022592431964924
671071,7796876,-47.02573127352009
671071,948853,-47.05709523324835
671071,7663410,-47.08614110920793
671071,8236762,-47.087378868298856
671071,5090468,-47.135187552116015
671071,208812,-47.15857076011768
671071,8428103,-47.162411048167755
671071,3235583,-47.18972543044968
671071,8236759,-47.2060642613756
671071,514373,-47.2271728743142
671071,8420530,-47.24215827930448
671071,5547963,-47.24570325368231
671071,7948288,-47.25604288508558
671071,2546235,-47.26578216714574
671071,634210,-47.303126480530146
671071,7992035,-47.313742266382896
671071,5547962,-47.329424787643134
671071,1426023,-47.37241060791351
671071,3235580,-47.445666848334476
671071,4563307,-47.505618471158584
671071,6996223,-47.518779163274914
671071,1950592,-47.5298427070927
671071,948852,-47.577094253609154
671071,7297005,-47.59424514563473
671071,3252432,-47.61495085718752
671071,1781467,-47.61647588394619
705609,7674484,-22.526517075329508
705609,6299592,-23.24360422168212
705609,1452160,-23.473768906610978
705609,317358,-23.628440829532
705609,2543706,-23.820219103741824
705609,1875017,-24.006685375789903
705609,5472785,-24.213858760331572
705609,2085476,-24.220408374333722
705609,7915124,-24.28359351443043
705609,4101074,-24.45137721629781
705609,2060219,-24.490258668069956
705609,6539250,-24.56283870736199
705609,8377656,-24.59376280929198
705609,3907897,-24.602856190833993
705609,1013509,-24.61808312327721
705609,4581768,-24.635261563471733
705609,6615196,-24.70562494416499
705609,8466146,-24.77939756422099
705609,8466138,-24.877240553826777
705609,6927629,-24.88373712067143
705609,1881843,-25.034397260640368
705609,1717690,-25.138462246514433
705609,5870734,-25.180781419703024
705609,2092610,-25.20505741630005
705609,7980368,-25.218183573775413
705609,7560938,-25.23079318757771
705609,2933997,-25.234805474691434
705609,8258536,-25.246909622207077
705609,7708682,-25.260445367205314
705609,3159559,-25.305304147222834
705609,2698717,-25.3075687346126
705609,1795680,-25.322677671341374
705609,2412495,-25.32509896186901
705609,4893983,-25.344706485412743
705609,8424009,-25.35553271036962
705609,691822,-25.371539720671322
705609,2406210,-25.38410052175997
705609,5673993,-25.390622183067805
705609,6776269,-25.404824290671165
705609,1598854,-25.454174751760547
705609,2490258,-25.48626962926991
705609,1717682,-25.50679705282696
705609,1717685,-25.50679705282696
705609,1367528,-25.520473640901297
705609,4832209,-25.529422715271778
705609,3218859,-25.531052479047958
705609,8466144,-25.543434098480592
705609,1594952,-25.555129910596946
705609,5870729,-25.555594773977955
705609,274445,-25.56033249991165
705609,7345107,-25.589558035246398
705609,1374151,-25.601601746552255
705609,4958446,-25.60658917156978
705609,8466141,-25.60829959510589
705609,4805197,-25.611344919880377
705609,193594,-25.616801547494205
705609,422558,-25.620330082621354
705609,1839476,-25.624799891574074
705609,2965824,-25.625290314028593
705609,4607416,-25.63345721743246
705609,322222,-25.639021417119874
705609,7604580,-25.652731933164937
705609,4832217,-25.668039634238454
705609,724554,-25.679968221940012
705609,1717684,-25.697289242714447
705609,1717691,-25.720309790112218
705609,4805195,-25.780801881207132
705609,6682025,-25.781443664093207
705609,3805079,-25.78892659278087
705609,2490257,-25.80829792765451
705609,7578664,-25.810177848592467
705609,8580006,-25.828587152534837
705609,6649278,-25.833859102809715
705609,4447102,-25.83622051884354
705609,6152682,-25.852111976429466
705609,7674483,-25.858860930060548
705609,7024155,-25.860064431499147
705609,4755678,-25.860719745414194
705609,5003473,-25.88680135593992
705609,120061,-25.897690506592582
705609,7555069,-25.91709080645035
705609,640831,-25.917481137596052
705609,4522598,-25.927962859130695
705609,7578666,-25.946547355057803
705609,7116692,-25.976481012403916
705609,7196100,-25.97785578851071
705609,7840587,-25.997803418655025
705609,804356,-26.013315771364464
705609,3218861,-26.069740172504996
705609,1960291,-26.07669170318222
705609,2171460,-26.084688787131768
705609,2092602,-26.084688787131768
705609,1171247,-26.10109780194702
705609,7866186,-26.102445160174284
705609,7108680,-26.10446779822304
705609,6615200,-26.131853553274812
705609,6173901,-26.136365547015078
705609,7248183,-26.1450268443438
705609,7560936,-26.1450268443438
705609,2852794,-26.165136924092987
1114819,8022277,-30.526167082523244
1114819,1724528,-31.465741388323266
1114819,8754404,-32.2634483258915
1114819,771719,-33.15506627296917
1114819,8115440,-33.239027214012026
1114819,8754403,-34.31092723733692
1114819,1851540,-34.35343075099709
1114819,8754398,-34.41405359381338
1114819,8754400,-34.53547724501864
1114819,988373,-34.80486619540845
1114819,8088109,-34.816704007745024
1114819,7786792,-34.891385176007475
1114819,8754397,-34.9282150278828
1114819,8115434,-34.952520935788755
1114819,8022279,-34.9726379201356
1114819,5628952,-34.97498737237193
1114819,5521373,-34.97560406502703
1114819,8022281,-35.05543585185775
1114819,6900773,-35.06811802376123
1114819,812436,-35.091414964204816
1114819,1315998,-35.134701822569916
1114819,5342188,-35.19386783606025
1114819,3906952,-35.218022646503194
1114819,1002627,-35.25729575689954
1114819,8088111,-35.28613424187185
1114819,4890560,-35.324751966249245
1114819,8480574,-35.382643826783536
1114819,8096824,-35.382643826783536
1114819,1840730,-35.38988849615232
1114819,1344415,-35.44813453043171
1114819,783080,-35.56792014215564
1114819,6900767,-35.63646396561162
1114819,5165249,-35.689985656571984
1114819,8754399,-35.69579458066073
1114819,5156171,-35.70249621036174
1114819,1816958,-35.77959905706127
1114819,8115706,-35.86132437409348
1114819,461344,-35.95548785500184
1114819,6951105,-35.95701455780796
1114819,8115439,-35.960986342597906
1114819,8115435,-35.960986342597906
1114819,3144706,-35.97601448272166
1114819,1738242,-36.00831023127057
1114819,1724523,-36.01186640484509
1114819,752644,-36.03686417048095
1114819,8754395,-36.07978827060815
1114819,1315993,-36.08446748474416
1114819,5019830,-36.109318141606714
1114819,1315997,-36.15551311209071
1114819,3353671,-36.18474438342915
1114819,3781419,-36.238544120394906
1114819,8336232,-36.24484916001927
1114819,2590453,-36.28515955717195
1114819,2831393,-36.28954980111807
1114819,8115703,-36.2983919611479
1114819,1735443,-36.32677376374543
1114819,750446,-36.338464442462815
1114819,988369,-36.34138359282502
1114819,534362,-36.35173887119693
1114819,2926432,-36.372533402314545
1114819,8031756,-36.38458520989615
1114819,1419801,-36.389140265509575
1114819,7803429,-36.410047624180564
1114819,4671269,-36.426860697792414
1114819,5703157,-36.44324729946777
1114819,1315994,-36.45391681963029
1114819,6941478,-36.46440906325054
1114819,6988364,-36.47749653640675
1114819,8336223,-36.48717605825264
1114819,862869,-36.491927029371766
1114819,278876,-36.52451186565641
1114819,5521371,-36.526157673276174
1114819,1419798,-36.537705130176086
1114819,5019838,-36.561446728720625
1114819,2192065,-36.56279116020448
1114819,3484458,-36.572183887209235
1114819,6202321,-36.58787646715996
1114819,1724520,-36.588114900288424
1114819,988375,-36.61328370063067
1114819,1103684,-36.69476279071213
1114819,321030,-36.70022119531325
1114819,5628950,-36.7046216486726
1114819,7132895,-36.736017000750486
1114819,1589053,-36.74020426591985
1114819,7851754,-36.83065687722018
1114819,7851756,-36.83065687722018
1114819,8336231,-36.85088827062587
1114819,7132894,-36.87382307489883
1114819,5628956,-36.896038820222856
1114819,1009500,-36.93276054896822
1114819,7851750,-36.93752918213571
1114819,3224741,-36.9461119444434
1114819,4700106,-36.95141861141777
1114819,5019832,-36.95667904544952
1114819,126884,-36.96256382794401
1114819,7156443,-37.020873800569255
1114819,5718417,-37.023016744636955
1114819,3906959,-37.04175258531288
1114819,988370,-37.04515659177718
1114819,8508255,-37.05616195829378
855434,8185273,-37.74989459506769
855434,8269435,-37.808374143194804
855434,8304504,-38.34629053104979
855434,1607391,-38.8465729419237
855434,7105484,-38.94102853610405
855434,2082697,-38.95977845538361
855434,3648452,-39.08778502231579
855434,2364465,-39.647807250032805
855434,4274684,-39.676623931613676
855434,2674131,-39.99121665740658
855434,5043396,-39.99121665740658
855434,8114761,-40.21195784993371
855434,1542537,-40.24206437884427
855434,5842209,-40.28242244207053
855434,8162013,-40.30002531507047
855434,5208459,-40.30237899540241
855434,4408433,-40.345723404339104
855434,6974540,-40.40984414631714
855434,6522883,-40.49387560610015
855434,5208460,-40.60029629633399
855434,7821421,-40.6092034401681
855434,2987729,-40.64585903805845
855434,7506277,-40.6739920531234
855434,5228691,-40.6995210935062
855434,1801770,-40.71587105202903
855434,6210418,-40.71609489487766
855434,4687670,-40.860425612098055
855434,5350761,-40.93750709522732
855434,7052029,-40.990489798722045
855434,8409106,-41.01252513212099
855434,598181,-41.09946816215222
855434,7871790,-41.15828286622151
855434,8327651,-41.15828286622151
855434,6945960,-41.173231433323544
855434,5735182,-41.1955002774861
855434,6405045,-41.214375511431186
855434,3025772,-41.23862879081315
855434,3365333,-41.23917858314875
855434,6381901,-41.28236793741632
855434,5350760,-41.31192788988422
855434,2481114,-41.33333139358979
855434,5255927,-41.336479108097485
855434,1360432,-41.35612252200673
855434,7506271,-41.35720974098707
855434,3333345,-41.408711728508045
855434,4310792,-41.469881084805344
855434,6654182,-41.482824757654534
855434,2140588,-41.50092705555183
855434,1908360,-41.51167050251963
855434,6673740,-41.51558419303134
855434,2868945,-41.55839176310115
855434,1908357,-41.59550383984663
855434,4567715,-41.63574061640724
855434,2305191,-41.641309500949646
855434,4689202,-41.67834504337565
855434,786121,-41.68613888705448
855434,6338931,-41.69790127903746
855434,4059063,-41.759268042366344
855434,352731,-41.78733836930373
855434,1768441,-41.813988349687136
855434,976067,-41.88550279629478
855434,8121325,-41.90735873269018
855434,3625202,-41.93686231199308
855434,5076547,-41.94880101451641
855434,4749445,-41.96971799890048
855434,5047158,-41.98584262337539
855434,1180826,-42.029652719423346
855434,4018036,-42.053152927060964
855434,6215882,-42.119681484581236
855434,4296910,-42.155802793561385
855434,399737,-42.155802793561385
855434,4018035,-42.16253015238253
855434,7689463,-42.20867235693054
855434,1144293,-42.22403931487282
855434,1864147,-42.23230628728672
855434,1976655,-42.23412620393994
855434,931902,-42.2885488839482
855434,295368,-42.29287629480599
855434,2377749,-42.30100950936114
855434,1943891,-42.30264450486068
855434,6942492,-42.35850108830935
855434,7062933,-42.37989877322866
855434,2175613,-42.38169596273224
855434,3541282,-42.382849723833466
855434,7683518,-42.45161499447205
855434,8585761,-42.45852368091697
855434,2376374,-42.4662085078798
855434,4403273,-42.48032931100779
855434,3965441,-42.498767947015956
855434,8597060,-42.525503962938515
855434,6208779,-42.60229811707064
855434,4380267,-42.603766200446515
855434,8597059,-42.61452729535432
855434,5499280,-42.61645771183553
855434,1429736,-42.64114691376548
855434,672118,-42.64327601032308
855434,7620187,-42.64936948864673
855434,2004031,-42.681989625094616
855434,2384673,-42.695660901556046
855434,5961050,-42.706649268922064
1134463,8138506,-16.129011878439435
1134463,5626882,-16.938779726879307
1134463,8138503,-18.198152017834378
1134463,8138499,-18.942809350108785
1134463,1040028,-19.327383777402602
1134463,6835507,-19.799323959501578
1134463,8138502,-20.201652329467585
1134463,8138505,-20.44535355212308
1134463,2156811,-20.72215992370136
1134463,8779210,-20.7257653790932
1134463,1043598,-21.281760878319826
1134463,8138501,-21.460836647862077
1134463,8577979,-22.27941488891802
1134463,8138507,-22.2931766656397
1134463,1040029,-22.926786990719677
1134463,1040026,-23.0623931974224
1134463,1040031,-23.0623931974224
1134463,1040034,-23.10659254216874
1134463,3413218,-23.2786620825035
1134463,1040032,-23.320547281972683
1134463,5557757,-23.369034996562107
1134463,6469512,-23.44390495544682
1134463,1040035,-23.523377035865042
1134463,8613697,-23.55516355924571
1134463,5843044,-23.55516355924571
1134463,6693100,-24.12386151436788
1134463,8761240,-24.312131557799823
1134463,2156809,-24.447737764502552
1134463,2156808,-24.447737764502552
1134463,8577980,-24.491937109248887
1134463,6012708,-24.53565339137765
1134463,3263233,-24.578897055794513
1134463,2826663,-24.594362206446824
1134463,2991557,-24.82897848371985
1134463,1586421,-24.94240771440534
1134463,4812617,-24.987415036100032
1134463,4289941,-25.06434048381158
1134463,1040030,-25.06434048381158
1134463,8030653,-25.184906201671083
1134463,6256172,-25.35805035803085
1134463,5739152,-25.36384977703665
1134463,8761242,-25.46285984760695
1134463,798185,-25.53123758104415
1134463,7508395,-28.714924946602743
1134463,264871,-29.240397980910007
1134463,4725423,-29.32196213517982
1134463,5803816,-29.361513647450508
1134463,1852164,-29.38666007834522
1134463,4812773,-29.43822006692534
1134463,2312430,-29.448347353812515
1134463,4554574,-29.516901129237294
1134463,4005526,-29.519854311403453
1134463,8602280,-29.598770046811154
1134463,1322777,-29.647623653426525
1134463,2826569,-29.660984381385674
1134463,5309070,-29.669357811995017
1134463,2165757,-29.737299676695883
1134463,2964555,-29.779508321455005
1134463,4725426,-29.80577257685047
1134463,2225607,-29.841173390450486
1134463,3117437,-29.88771250499734
1134463,3235175,-29.89799356438476
1134463,1784322,-29.94016742912784
1134463,3584105,-29.94016742912784
1134463,1916488,-29.94016742912784
1134463,1928289,-29.940438342346127
1134463,5208712,-29.9551936679236
1134463,5315101,-29.977204073569478
1134463,1080140,-29.984860631520345
1134463,5268880,-29.984860631520345
1134463,8487025,-29.996169501614567
1134463,4077211,-29.996169501614567
1134463,4448468,-29.9983558582368
1134463,4900376,-30.024193547597257
1134463,4448466,-30.04995202339253
1134463,4872312,-30.09932747500077
1134463,8126788,-30.100938394654538
1134463,946152,-30.102932930392612
1134463,5848347,-30.193435177951645
1134463,4005524,-30.204607164162184
1134463,8133979,-30.20533950517932
1134463,6032295,-30.20614261149039
1134463,2165756,-30.20614261149039
1134463,6237348,-30.207431691722437
1134463,4691363,-30.21314619076847
1134463,3535778,-30.220527368218747
1134463,6512964,-30.22195916591829
1134463,8188498,-30.22608842050829
1134463,2965275,-30.24130367389962
1134463,3535777,-30.27707554078875
1134463,5865321,-30.28022341007112
1134463,5315102,-30.287018457194108
1134463,8452236,-30.287018457194108
1134463,8129835,-30.301570503292442
1134463,1322778,-30.308106107942816
1134463,1322780,-30.308106107942816
1134463,6817594,-30.311977239817633
1134463,1709045,-30.32549186488157
1134463,7343165,-30.33321800747557
1134463,5848349,-30.34162533520577
747511,8429262,-12.443696332316364
747511,8429265,-15.827930679220223
747511,8429261,-16.161607584550897
747511,2703318,-16.22044465808606
747511,7173480,-16.374895349602088
747511,8429264,-16.404163874438183
502261,8420334,-21.639086671693963
502261,8420330,-22.70577106097921
502261,8420332,-23.65838414386193
502261,8420326,-24.624548519433603
502261,8420329,-24.711250705628064
502261,8420331,-28.72397990566222
502261,1363478,-29.412322268124733
502261,1587591,-29.759394895876547
502261,1125600,-29.833428605407683
502261,6802345,-30.058013155671347
502261,6216989,-30.62741919650519
502261,7991867,-30.62741919650519
502261,2987380,-30.835532544432528
502261,7283070,-30.952005054955094
502261,155862,-30.952005054955094
502261,1018252,-30.952005054955094
502261,1117586,-30.952005054955094
502261,7837524,-30.952005054955094
502261,1593808,-30.978235165279333
502261,8367190,-30.978235165279333
502261,6775440,-30.98403159067181
502261,8367191,-30.98403159067181
502261,7991864,-30.992049682582998
502261,6216986,-30.992049682582998
502261,1124803,-30.992049682582998
502261,2233689,-31.001806945658178
502261,6551628,-31.003205598021406
502261,3974229,-31.06721831898332
502261,7365747,-31.09374171168527
502261,6157443,-31.09874049884632
502261,1011493,-31.09874049884632
502261,5851451,-31.10661053223958
502261,1632041,-31.10661053223958
502261,3100047,-31.14050223235537
502261,2689348,-31.14050223235537
502261,3714294,-31.14050223235537
502261,2918737,-31.14050223235537
502261,5273555,-31.14050223235537
502261,361075,-31.14050223235537
502261,3740846,-31.14050223235537
502261,4819259,-31.17811110303836
502261,8813395,-31.201863534062724
502261,1221622,-31.201863534062724
502261,3481139,-31.21732088927331
502261,1639380,-31.22393477147077
502261,3481136,-31.22393477147077
502261,855268,-31.22393477147077
502261,8661006,-31.22393477147077
502261,6683758,-31.22393477147077
502261,3740844,-31.22393477147077
502261,155853,-31.26119444038773
502261,5521109,-31.26174002752988
502261,6043242,-31.26174002752988
502261,7991871,-31.26174002752988
502261,5521108,-31.294773007166533
502261,641910,-31.30444635270274
502261,641915,-31.311826563294883
502261,8114284,-31.323257477263628
502261,7186809,-31.323257477263628
502261,6675269,-31.355279680254057
502261,4769235,-31.386280254390616
502261,8591211,-31.397859992710284
502261,7641069,-31.459653532377178
502261,7997694,-31.459653532377178
502261,7991866,-31.46093160889331
502261,8123190,-31.47241705921434
502261,1018251,-31.47241705921434
502261,2169820,-31.47241705921434
502261,7642954,-31.472435020456253
502261,7116761,-31.49912778274092
502261,313260,-31.52527385995918
502261,8123189,-31.52650603208645
502261,7365741,-31.542230758370827
502261,155859,-31.542230758370827
502261,6914726,-31.55691818684042
502261,1125719,-31.56757154347091
502261,1018259,-31.582029459447995
502261,622071,-31.582389940049808
502261,809931,-31.6085751243651
502261,7586515,-31.6085751243651
502261,5834406,-31.6085751243651
502261,5919422,-31.6085751243651
502261,5521117,-31.6085751243651
502261,5634022,-31.6085751243651
502261,5863365,-31.6085751243651
502261,7036457,-31.6085751243651
502261,852291,-31.6085751243651
502261,2168645,-31.6085751243651
502261,767232,-31.6085751243651
502261,8359331,-31.6085751243651
502261,7283069,-31.612218117469965
502261,155858,-31.612218117469965
502261,1117585,-31.612218117469965
502261,5678317,-31.612218117469965
502261,7954249,-31.612218117469965
502261,6802347,-31.638849985959922
502261,2989576,-31.659932320238966
502261,8001867,-31.662234758610843
502261,7853394,-31.668710873227624
502261,6775437,-31.69336626887004
183378,2533260,-16.12014115723754
183378,7952865,-16.368136108611328
183378,8079970,-17.424451979114263
183378,2068968,-17.56317902962923
183378,8079968,-17.57638317757053
183378,424997,-17.654870718707585
183378,324175,-17.663779879440366
183378,8577215,-17.816784767649132
183378,7878227,-17.82791082443127
183378,2095187,-17.833395325400517
183378,711450,-17.9021130013378
183378,7135097,-17.918535669275478
183378,5286899,-18.01641254003461
183378,1603314,-18.03953098135166
183378,2805325,-18.045956172297316
183378,229739,-18.11956610401662
183378,324178,-18.12105463626686
183378,6960777,-18.144325640766287
183378,5728400,-18.144325640766287
183378,8794308,-18.16638621641699
183378,5657854,-18.246746432489676
183378,2796241,-18.301429597318236
183378,324177,-18.32749079857125
183378,665785,-18.334433173247522
183378,2095179,-18.348195268256013
183378,4638380,-18.36186029001734
183378,952906,-18.36686592156017
183378,6569755,-18.458125233671844
183378,7315393,-18.462112016503912
183378,145653,-18.462112016503912
183378,719552,-18.486261668191062
183378,2978908,-18.529330197111854
183378,7132812,-18.551396994881934
183378,3576220,-18.565013664692238
183378,3576225,-18.565013664692238
183378,2655895,-18.57576032647909
183378,2978914,-18.57576032647909
183378,6295431,-18.58185410927399
183378,2095186,-18.5919905465327
183378,2863617,-18.612005116834492
183378,1603312,-18.61520400478198
183378,2978915,-18.62300539738351
183378,7504966,-18.629726893153276
183378,8764470,-18.629726893153276
183378,295459,-18.642551181060394
183378,892679,-18.66699445314895
183378,1261035,-18.67141299872303
183378,8756893,-18.691445436501628
183378,8209853,-18.70380473092439
183378,772180,-18.71572554043287
183378,2863620,-18.729667256294338
183378,2863619,-18.729667256294338
183378,2845571,-18.740168812521425
183378,5652928,-18.751654113573018
183378,5843332,-18.75837560934279
183378,6876205,-18.804879262832813
183378,3924767,-18.804879262832813
183378,5652927,-18.8222456058036
183378,5508903,-18.848675661096273
183378,4810797,-18.87345370799509
183378,5887828,-18.888119339399157
183378,4620359,-18.8912141604777
183378,129221,-18.89184187345257
183378,3773460,-18.897658046037407
183378,2863612,-18.92508516280722
183378,1111809,-18.9251128262395
183378,5745912,-18.9251128262395
183378,4652794,-18.9251128262395
183378,400861,-18.930663311578886
183378,2796242,-18.93439577842844
183378,2866200,-18.93439577842844
183378,1830741,-18.93439577842844
183378,719549,-18.949556098328053
183378,1036816,-18.958632728033873
183378,4296968,-18.958632728033873
183378,804584,-18.958632728033873
183378,8198010,-18.958632728033873
183378,7290410,-18.976354504352656
183378,4620361,-18.976354504352656
183378,3773463,-18.97865801500724
183378,8458194,-18.99178223659363
183378,5105265,-19.015798182655544
183378,1603316,-19.015798182655544
183378,1669919,-19.017734470749666
183378,3106589,-19.017734470749666
183378,4335309,-19.017734470749666
183378,2095129,-19.017734470749666
183378,7044134,-19.017734470749666
183378,8022481,-19.049012720278753
183378,7317657,-19.057002196502847
183378,8440424,-19.058551426917003
183378,7248224,-19.058551426917003
183378,6635337,-19.058551426917003
183378,1729199,-19.07243226663116
183378,3601500,-19.083016363263486
183378,4309301,-19.08908806385309
183378,2290413,-19.09882048791342
183378,29183,-19.09882048791342
183378,7278405,-19.108548432267213
183378,240262,-19.113531335941644
654723,6049653,-21.72336560536774
654723,6695217,-22.00152712683515
654723,1057423,-22.202816191258993
654723,7146572,-22.249600350311756
654723,1073430,-22.475649191365125
654723,3022503,-22.566099178276357
654723,8728630,-22.579384830653833
654723,8668528,-22.65160284482625
654723,5106705,-22.731055079311254
654723,1057431,-22.894101332091992
654723,7518498,-22.90911281236007
654723,6061912,-22.912885844613314
654723,6143594,-22.97342978309506
654723,7491074,-23.339003872532885
654723,4916217,-23.422340220144253
654723,3494940,-23.46336622081301
654723,5158929,-23.484852233363405
654723,5158927,-23.63331712799726
654723,6087307,-23.739337706760814
654723,7780411,-23.819958519308685
654723,8545844,-23.972884245305423
654723,7055345,-24.14122590592654
654723,631817,-24.720553312180517
654723,5577791,-25.16722022519933
654723,8174633,-25.211796770714876
654723,1107989,-25.22157338365451
654723,1057426,-25.22784140555473
654723,1100694,-25.492054644684906
654723,7463821,-25.544981770170885
654723,412172,-25.613682470304983
654723,6510448,-25.75089580051602
654723,5570810,-25.75089580051602
654723,708294,-25.771457346168916
654723,5396064,-25.82614180719005
654723,2060442,-25.859067852040084
654723,8181166,-25.969441675215172
654723,276929,-25.969441675215172
654723,7178417,-26.037563650256235
654723,5107085,-26.050501033208487
654723,7136228,-26.083805377970037
654723,5577795,-26.234659787495573
654723,5630102,-26.258724321533677
654723,3532738,-26.273505831469226
654723,2076235,-26.276456157294984
654723,1929041,-26.373626927571166
654723,7780408,-26.399170616402746
654723,4839611,-26.41770881161427
654723,2313321,-26.440573817840704
654723,2018864,-26.440573817840704
654723,8764415,-26.461135363493604
654723,2462329,-26.484773162587047
654723,1003090,-26.484773162587047
654723,6752141,-26.484773162587047
654723,8159506,-26.521007446341578
654723,6456139,-26.52848944471581
654723,583518,-26.52848944471581
654723,7780406,-26.542133387405848
654723,8159500,-26.56061565619271
654723,4414022,-26.57173310913267
654723,4207561,-26.57173310913267
654723,6540704,-26.5897779244443
654723,6286894,-26.600217955526297
654723,1513917,-26.601045058369657
654723,5353140,-26.608221007571288
654723,3052238,-26.61451426559966
654723,1644996,-26.634349403131203
654723,2258758,-26.69872790239099
654723,2583373,-26.773600026436007
654723,6882904,-26.79007050387832
654723,573809,-26.821814537058003
654723,7005059,-26.832788493549305
654723,3019360,-26.86201588047201
654723,2076231,-26.862086060625344
654723,2522097,-26.87798613075342
654723,3317318,-26.92122979517028
654723,5684691,-26.941226389656727
654723,3786677,-26.9562042400988
654723,3909003,-27.006339388959418
654723,8051257,-27.018898733085138
654723,380224,-27.018898733085138
654723,7575020,-27.022102325476908
654723,6485147,-27.028102809956852
654723,696148,-27.028102809956852
654723,2124250,-27.031842917236823
654723,2791190,-27.048224588428603
654723,2124251,-27.072492180411395
654723,1111187,-27.08967573657079
654723,4140411,-27.08967573657079
654723,5701082,-27.13070173723954
654723,8728627,-27.17976628492933
654723,5396061,-27.183065200251875
654723,5709267,-27.190189066825234
654723,7575024,-27.234072446038947
654723,2124247,-27.240620683709786
654723,570698,-27.27945594176898
654723,7075166,-27.28348888477618
654723,7126770,-27.374624155806526
654723,7148192,-27.436267172845813
654723,158712,-27.50164768935567
654723,80379,-27.51935673105414
1117387,5744592,-10.594934728071074
1117387,8091236,-12.337017542795218
1117387,8091238,-12.792131128400928
1117387,5744595,-12.935063311778368
1117387,43791,-12.984163719826896
1117387,8601196,-13.059056045644478
1117387,1410151,-13.307719025061783
1117387,7170936,-13.557923305998866
1117387,7170935,-13.837589632099732
1117387,5897422,-13.847304104561552
1117387,3033235,-13.940566039666791
1117387,8601194,-13.949008759588596
1117387,7170931,-13.95984720075549
1117387,7170937,-14.014945479744922
1117387,261158,-14.079464095407811
1117387,261156,-14.111210423399424
1117387,7170932,-14.142624323001309
1117387,261161,-14.142624323001309
1117387,5897420,-14.169722966576222
1117387,261154,-14.23493929900157
1117387,8494302,-14.263080218417386
1117387,7170933,-14.294941299121579
1117387,511889,-14.294941299121579
1117387,2958809,-14.353457732006492
1117387,372097,-14.365871244364776
1117387,3784538,-14.37144690113115
1117387,7170934,-14.382752446021918
1117387,261159,-14.424281891072425
1117387,3784542,-14.425271038533028
1117387,261160,-14.439897030934002
1117387,3784541,-14.4728910860019
1117387,192350,-14.514049510353505
1117387,1472111,-14.655252042927463
1117387,3784537,-14.657469637098776
1117387,7170938,-14.689538130398333
1117387,8601198,-14.756956697954507
1117387,8091233,-14.758215685704604
1117387,8091232,-14.775926516373307
1117387,1132240,-14.790106206514263
1117387,8091230,-14.790106206514263
1117387,3779722,-14.855326166423481
1117387,5897423,-14.887412033773725
1117387,3784539,-14.900422402388354
1117387,3784540,-14.928072367703129
1117387,3784536,-14.954397607354611
1117387,6541348,-14.98166062247386
1117387,261162,-14.98166062247386
1117387,4247531,-15.042887237367482
1117387,6541354,-15.073038244927986
1117387,2440155,-15.132354565072333
1117387,3139133,-15.190700384387831
1117387,8601195,-15.29342759902604
1117387,2656103,-15.380390209645796
1117387,3784535,-15.392258439017734
1117387,6349706,-15.413024300848996
1117387,8601192,-15.422944114621668
1117387,8601191,-15.422944114621668
1117387,2939570,-15.439691143100735
1117387,3599755,-15.480211160543961
1117387,8268650,-15.512998372140531
1117387,6541351,-15.512998372140531
1117387,2440160,-15.534450957381598
1117387,7005718,-15.587368824106651
1117387,5899668,-15.587368824106651
1117387,8403689,-15.587368824106651
1117387,857255,-15.606430204269646
1117387,261157,-15.609263315795033
1117387,2633223,-15.666320749058773
1117387,5147448,-15.666320749058773
1117387,5147451,-15.666320749058773
1117387,4476816,-15.743248040898788
1117387,4732741,-15.780984387519364
1117387,43785,-15.780984387519364
1117387,5505285,-15.792994191517188
1117387,4381450,-15.818251947515035
1117387,4732742,-15.818251947515035
1117387,3784543,-15.83696490004873
1117387,4176327,-15.85181960568232
1117387,4732740,-15.85506222529048
1117387,6830198,-15.860131038330461
1117387,4732743,-15.891426306887514
1117387,8091229,-15.891426306887514
1117387,2165391,-15.891426306887514
1117387,63156,-15.92735488002766
1117387,2656101,-15.92735488002766
1117387,6068839,-15.92735488002766
1117387,3457516,-15.962858252968669
1117387,7623890,-15.962858252968669
1117387,614476,-15.962858252968669
1117387,7098890,-15.962858252968669
1117387,3188549,-15.962858252968669
1117387,4977211,-15.997946372258243
1117387,4476814,-15.997946372258243
1117387,2088480,-15.997946372258243
1117387,7681181,-15.997946372258243
1117387,5359993,-16.032628839461474
1117387,8601190,-16.032628839461474
1117387,4918406,-16.032628839461474
1117387,6774533,-16.032628839461474
1117387,1074740,-16.039288742435325
479871,5757748,-11.438440260845471
479871,8016251,-11.835196915700934
479871,8613731,-11.876701754210627
479871,8811622,-11.891951776622522
479871,4423307,-11.896811992385818
479871,5447206,-11.933467289654876
479871,5176626,-12.004757238155886
479871,1161476,-12.022124951484098
479871,6669635,-12.04897099214838
479871,2273049,-12.152890470009803
479871,5447207,-12.167167190649456
479871,4691773,-12.167167190649456
479871,1567392,-12.187827159728293
479871,835872,-12.190559270175838
479871,3836968,-12.202893074420636
479871,6595041,-12.22274008247391
479871,2796241,-12.229065734133766
479871,1567399,-12.236538306625237
479871,5447205,-12.249370477061799
479871,6356344,-12.282282025468104
479871,1891128,-12.29073228618569
479871,6764071,-12.293802465865372
479871,8206417,-12.309028292907655
479871,3432150,-12.309028292907655
479871,1484949,-12.310156732068732
479871,2974712,-12.325441831766904
479871,7114870,-12.325441831766904
479871,5638923,-12.345811002384927
479871,5904069,-12.345811002384927
479871,3894501,-12.347063663975336
479871,3432147,-12.362364787071979
479871,4852085,-12.362364787071979
479871,4704488,-12.362364787071979
479871,3894494,-12.366946670276596
479871,835868,-12.370440194469646
479871,1567396,-12.383726909150575
479871,6356340,-12.386008965016753
479871,3818256,-12.388508950206683
479871,8713765,-12.39126750454004
479871,2237809,-12.410561060604495
479871,6660171,-12.411981529818558
479871,2957772,-12.41361410573629
479871,2142098,-12.41361410573629
479871,7175193,-12.414315759878498
479871,6414196,-12.414315759878498
479871,1567394,-12.431286634675589
479871,3619246,-12.43571377810946
479871,7869129,-12.439793811433358
479871,6660167,-12.441179128660863
479871,4263160,-12.451799635009968
479871,658986,-12.451799635009968
479871,891818,-12.451799635009968
479871,643650,-12.453582109250547
479871,3541464,-12.45757191917384
479871,6100476,-12.45757191917384
479871,8713766,-12.45757191917384
479871,8811619,-12.464084632315153
479871,5615234,-12.464084632315153
479871,891817,-12.472104377938003
479871,1567400,-12.472104377938003
479871,8638791,-12.477558964595936
479871,1116535,-12.481705891679463
479871,2273050,-12.484117053512124
479871,3421953,-12.484117053512124
479871,3012454,-12.484117053512124
479871,7687359,-12.484117053512124
479871,3042298,-12.489796415844193
479871,7687352,-12.489796415844193
479871,19408,-12.489796415844193
479871,2237804,-12.492205049645007
479871,2237805,-12.492205049645007
479871,8601841,-12.498325873548977
479871,1013917,-12.500584329615767
479871,4073543,-12.500584329615767
479871,44612,-12.500584329615767
479871,2239597,-12.500680609398088
479871,8638788,-12.500680609398088
479871,3901806,-12.512105711351342
479871,3541465,-12.514192808241205
479871,8571440,-12.514336601027821
479871,1165667,-12.51764554476017
479871,7912385,-12.538579322092511
479871,5940112,-12.538579322092511
479871,6715105,-12.542691148011432
479871,2561766,-12.543822979811486
479871,3982368,-12.543822979811486
479871,4165575,-12.5461371115532
479871,5447202,-12.548436689150797
479871,1567391,-12.551322654128095
479871,3708118,-12.555581197875817
479871,2668871,-12.562531704185943
479871,8571444,-12.562531704185943
479871,3552037,-12.562531704185943
479871,68028,-12.562531704185943
479871,7582347,-12.563088769334943
479871,1830484,-12.563088769334943
479871,7381820,-12.563416722082525
479871,891823,-12.568483712749451
479871,3901804,-12.570646475951568
479871,8773860,-12.573020578653791
541571,3566494,-15.511109634040807
541571,2611484,-15.530792741049108
541571,7473130,-15.572967495649014
541571,3566492,-15.57333334725801
541571,1867075,-15.610150721879599
541571,4196991,-15.63187391716166
541571,2430783,-15.699064172333948
541571,6140331,-15.714669180209384
541571,1867074,-15.766723364271835
541571,6766868,-15.795781779999801
541571,4196992,-15.8083823419735
541571,2430787,-15.834393024581733
541571,6176821,-15.834393024581733
541571,6176823,-15.904163611074535
541571,3316468,-15.938449698545403
541571,3813287,-15.963736835329088
541571,2983689,-15.977771740604657
541571,5333112,-15.997256737123465
541571,3813284,-16.071804986257906
541571,4196988,-16.104237734570553
541571,43989,-16.104586864030566
541571,2430791,-16.151099904573588
541571,3050891,-16.159523111759068
541571,8154225,-16.198862619954383
541571,4541822,-16.230572190620933
541571,3740113,-16.231685639078773
541571,43988,-16.2460258113841
541571,3813290,-16.26963230324656
541571,5831071,-16.274574122054112
541571,1011555,-16.307055865104413
541571,4784638,-16.344792211724993
541571,3261678,-16.351800805634564
541571,5687719,-16.351800805634564
541571,6896944,-16.381357694963597
541571,4370651,-16.382059771720666
541571,7541341,-16.383313972085787
541571,43984,-16.422547311452902
541571,6806409,-16.43100042355679
541571,8082472,-16.435579807919822
541571,544079,-16.443899714759496
541571,425726,-16.446065194121203
541571,6176820,-16.468320305583354
541571,1867076,-16.471062031816583
541571,3316465,-16.496756537446984
541571,6783556,-16.507469620574348
541571,201819,-16.522369517431645
541571,1352349,-16.54773868157077
541571,4541823,-16.564631963170896
541571,4541825,-16.596045862772783
541571,4769344,-16.60788035248803
541571,4541828,-16.635029859047787
541571,6176822,-16.665400821030616
541571,6140984,-16.679991182269692
541571,6111789,-16.68125327070939
541571,885762,-16.68125327070939
541571,8154220,-16.70226331601872
541571,2430790,-16.738827479494297
541571,4491068,-16.738827479494297
541571,4561,-16.738827479494297
541571,7505880,-16.741354244983484
541571,5898261,-16.74967146063329
541571,6717586,-16.77849852586172
541571,7776902,-16.778621804979156
541571,4513700,-16.778621804979156
541571,1867072,-16.784349530525937
541571,583078,-16.790062918615476
541571,43981,-16.807188253058182
541571,7041811,-16.807188253058182
541571,43982,-16.809701880929644
541571,2430788,-16.810368044375046
541571,3618575,-16.82636228938773
541571,3943297,-16.827720873689508
541571,7136427,-16.831142455494557
541571,8469497,-16.831142455494557
541571,4196983,-16.857776188989618
541571,2706910,-16.88772473749178
541571,3813286,-16.88772473749178
541571,479565,-16.888864550096258
541571,5713977,-16.893318570705475
541571,8416860,-16.920701344943602
541571,479566,-16.923228110432788
541571,3050888,-16.923228110432788
541571,6306245,-16.938542234514074
541571,8126582,-16.94939496974193
541571,5443247,-16.953614743715065
541571,2976815,-16.955171809529435
541571,1770864,-16.960778683165774
541571,3943296,-16.961203279082056
541571,6876312,-16.980242172550383
541571,3530850,-16.990351227503584
541571,8379620,-17.006673446987104
541571,2567728,-17.007663955563356
541571,3050894,-17.027284784396457
541571,6399385,-17.027284784396457
541571,1572005,-17.035814286019132
541571,4920979,-17.035814286019132
541571,8207400,-17.035814286019132
541571,8154223,-17.06118345015826
541571,4714454,-17.076450926288786
541571,6766870,-17.085790692134417
1106007,1334335,-7.873921425393421
1106007,5836920,-8.201697135603654
1106007,7726655,-8.462937500437782
1106007,2143418,-8.503342915072821
1106007,3537614,-8.581784341379384
1106007,2384069,-8.842472088916104
1106007,6942456,-8.867063600842094
1106007,7022723,-9.231706714430004
1106007,7456197,-9.251219064320733
1106007,6147546,-9.327883584102025
1106007,3672136,-11.36838965190661
1106007,7615110,-11.820949694580221
1106007,5279699,-11.822662756672875
1106007,2511437,-11.856548758570835
1106007,4089153,-12.053268682638251
1106007,7628460,-12.053740917973068
1106007,8204463,-12.054840043083612
1106007,2513608,-12.08276901316927
1106007,7549317,-12.094925793101071
1106007,1334336,-12.154633031621398
1106007,8348781,-12.201146755949933
1106007,1334328,-12.216562819218566
1106007,4173709,-12.216562819218566
1106007,8204457,-12.236867562146603
1106007,1455281,-12.288683614574289
1106007,5490907,-12.288902434127031
1106007,5490903,-12.31109438778412
1106007,7685383,-12.312907672738845
1106007,5315018,-12.317596004058162
1106007,7658752,-12.339942605254413
1106007,6650998,-12.347894087319311
1106007,1722475,-12.348873265032434
1106007,125200,-12.362042277627582
1106007,2452291,-12.366112638935672
1106007,1335682,-12.391270203349391
1106007,2041222,-12.416115243346505
1106007,7685380,-12.41791179622616
1106007,8264635,-12.440492337095023
1106007,5098774,-12.440492337095023
1106007,1335681,-12.440655428530135
1106007,5364287,-12.441580711520167
1106007,8204464,-12.459570218909944
1106007,8425825,-12.464898149594823
1106007,6350385,-12.464898149594823
1106007,3261871,-12.464972791046549
1106007,8141088,-12.464972791046549
1106007,447325,-12.470122508665305
1106007,6699898,-12.473214268167645
1106007,5594854,-12.489745221600648
1106007,1835667,-12.510951827495944
1106007,6753191,-12.51251944698226
1106007,8344743,-12.51251944698226
1106007,3913521,-12.51251944698226
1106007,2777112,-12.519276145209307
1106007,1096440,-12.530562964863064
1106007,29022,-12.530562964863064
1106007,2165342,-12.537164156717388
1106007,8199521,-12.558112316923511
1106007,4000699,-12.558112316923511
1106007,2133928,-12.559033171310794
1106007,5594856,-12.559033171310794
1106007,1193879,-12.570564298276402
1106007,926884,-12.577997211573233
1106007,4001949,-12.577997211573233
1106007,5237562,-12.58189056295804
1106007,7403120,-12.584439336345202
1106007,61159,-12.590268891162426
1106007,3390428,-12.599855352637615
1106007,2704004,-12.599855352637615
1106007,3427763,-12.599855352637615
1106007,125201,-12.604489673465906
1106007,7353630,-12.604489673465906
1106007,2624569,-12.604489673465906
1106007,1606278,-12.604489673465906
1106007,2624452,-12.604489673465906
1106007,4004166,-12.604874848100483
1106007,2838747,-12.609781241053154
1106007,5594852,-12.62483343584952
1106007,2344062,-12.62483343584952
1106007,29024,-12.626836274662157
1106007,4087075,-12.626836274662157
1106007,7170194,-12.629105062876627
1106007,3174638,-12.64286776307954
1106007,8199524,-12.64286776307954
1106007,2143419,-12.647886981268584
1106007,6674805,-12.648935947035326
1106007,4357831,-12.648935947035326
1106007,2503631,-12.664031981740614
1106007,5490900,-12.667201452818018
1106007,3350802,-12.670291250225597
1106007,2133931,-12.670794088099708
1106007,2464377,-12.670996572622258
1106007,2607856,-12.6736937909404
1106007,4204746,-12.6736937909404
1106007,1785018,-12.6829195289177
1106007,1646610,-12.684974581475206
1106007,148720,-12.684974581475206
1106007,3530021,-12.684974581475206
1106007,2186171,-12.684974581475206
1106007,7197993,-12.685980933517696
60235,4289596,-12.929463052532665
60235,4292611,-12.988817562214269
60235,6373390,-13.360360217199743
60235,3620540,-13.75598121876623
60235,4291626,-13.842367428631068
60235,5857163,-13.946736596497274
60235,5857161,-13.951079614579744
60235,5857162,-14.038995241454845
60235,7647373,-14.206122003108563
60235,4289597,-14.279435259887691
60235,7389159,-14.301975645601047
60235,6014619,-14.31333081140179
60235,3231717,-14.434724543714477
60235,7301139,-14.525339867558957
60235,485095,-14.612012315122083
60235,3231720,-14.625315443950669
60235,2033966,-14.634988400000294
60235,1527093,-14.709865304387876
60235,6570995,-14.756618151114264
60235,4699393,-14.843394728167187
60235,485093,-14.910395478384249
60235,6107034,-14.915276721470773
60235,1803403,-14.981190705482865
60235,5893459,-15.016676082510493
60235,1312851,-15.06212945330227
60235,8036857,-15.07178556786026
60235,1787104,-15.11008803060224
60235,5581203,-15.130800439921082
60235,6570997,-15.165014132168345
60235,1771395,-15.167657058864712
60235,3231721,-15.182598087142875
60235,1787100,-15.196570369237017
60235,8035016,-15.217760386466706
60235,6447025,-15.21885250163879
60235,4289600,-15.224406945841285
60235,1787102,-15.302869980255844
60235,5893464,-15.356309177482444
60235,196163,-15.466444620124662
60235,8310903,-15.487416173411575
60235,8310902,-15.605019948041406
60235,8314561,-15.665056815641215
60235,4552456,-15.67446016737209
60235,2336371,-15.74796780717186
60235,1787106,-15.748786131772246
60235,8310900,-15.80429443870041
60235,3231713,-15.808915819900115
60235,4007851,-15.815189726266924
60235,8038226,-15.91799630245221
60235,3165518,-15.93671523602346
60235,3214999,-15.943125807334821
60235,8612380,-15.966611193454987
60235,6027186,-16.013079205485084
60235,5857159,-16.02360770644137
60235,5464235,-16.124152173687307
60235,228141,-16.15783219982236
60235,4778407,-16.198573216997705
60235,8038227,-16.215954440804985
60235,4552451,-16.216750235185877
60235,1793872,-16.218252383035285
60235,4634346,-16.227644724806943
60235,5900792,-16.269006252080132
60235,1419394,-16.30829095691203
60235,1319496,-16.308323015731613
60235,4571528,-16.315973664308874
60235,4615145,-16.348256877489693
60235,1535217,-16.348256877489693
60235,1928431,-16.372825594070154
60235,3620537,-16.376058718846778
60235,2433126,-16.38174174504115
60235,5620015,-16.38344855319597
60235,5468192,-16.38766606326174
60235,6597503,-16.423256649930792
60235,830482,-16.45408195851826
60235,4634343,-16.457308753693265
60235,4016022,-16.50580835300773
60235,3620536,-16.51970447308572
60235,8035020,-16.584294501679416
60235,1787103,-16.617599356804693
60235,5841942,-16.679874351885466
60235,1535211,-16.72090035255422
60235,485094,-16.7382514370434
60235,8310901,-16.74734045981731
60235,5468194,-16.761509838410294
60235,1892419,-16.80056338676052
60235,2528926,-16.8017111818243
60235,6179825,-16.8017111818243
60235,6821165,-16.933475501925578
60235,5656415,-16.97962815034552
60235,1527091,-17.005736564310723
60235,5581206,-17.009110318331828
60235,956400,-17.059093230019133
60235,4778401,-17.06589102921194
60235,3969320,-17.1239717732769
60235,1527096,-17.124092501793648
60235,2063980,-17.13036948527383
60235,5595135,-17.229583688876186
60235,4615148,-17.25612243320412
60235,5523642,-17.263319677061027
60235,3389141,-17.352128387900542
60235,8314563,-17.36278210041334
180442,2784247,-25.026234310483154
180442,5139589,-25.94849633119764
180442,5139591,-26.908199120498267
180442,94164,-27.173506422698196
180442,5139590,-27.266514528708
180442,5139592,-27.36340222359377
180442,147379,-27.471839872467616
180442,5139595,-27.530136084698256
180442,5139593,-27.798370013300094
180442,5139594,-27.924427205004864
180442,94167,-27.92855226979823
180442,94163,-27.9768774250563
180442,2785377,-28.57544259358848
180442,2784245,-29.401452063596977
180442,3316088,-29.421431062654523
180442,321845,-29.848112539170213
180442,2784241,-29.925802148337628
180442,2726927,-30.050911798092542
180442,321849,-30.082362789665265
180442,7923181,-30.18742811840412
180442,2576947,-30.364184745052707
180442,7923185,-30.40444342563142
180442,7734528,-30.44089856396052
180442,2945036,-30.44348278635689
180442,4999656,-30.474063051396126
180442,5396535,-30.521357944587947
180442,7122834,-30.526451052477903
180442,7862611,-30.536228912456544
180442,7923186,-30.595446354336396
180442,1776679,-30.631903928070845
180442,1569225,-30.65627965832955
180442,56273,-30.666395024801055
180442,8164353,-30.692846674865944
180442,4399218,-30.72160086383178
180442,2945038,-30.76399583334593
180442,2825346,-30.82197113371951
180442,6447471,-30.854419717712375
180442,7125034,-30.889995374276317
180442,613053,-30.918865663781588
180442,1426325,-30.921977555171086
180442,7923183,-30.929111854207182
180442,2348059,-31.00742612665389
180442,8164360,-31.02626578179481
180442,94168,-31.040386572510087
180442,5982587,-31.048258563932798
180442,7923187,-31.050581103705444
180442,2945042,-31.078347984256204
180442,3412959,-31.079854606962087
180442,2558248,-31.08359207547628
180442,7886794,-31.092992915393374
180442,1167685,-31.09651973503528
180442,5196760,-31.100300627859763
180442,4804857,-31.10976678659892
180442,3734154,-31.113408902909214
180442,2784244,-31.134846295078976
180442,5550305,-31.137082103685742
180442,5363619,-31.142150192316414
180442,2214757,-31.184631823286786
180442,2784246,-31.188690722681123
180442,7287904,-31.19812180923751
180442,3024684,-31.201886098667725
180442,5274535,-31.224375349100903
180442,2844211,-31.24939089027356
180442,1298334,-31.259143638393684
180442,5474737,-31.27770617776659
180442,7901728,-31.309130504614835
180442,6736438,-31.31461300094767
180442,7114288,-31.32374873135642
180442,3024688,-31.35569927617126
180442,7180731,-31.382001572729482
180442,7155247,-31.398979160273868
180442,8304600,-31.410095900612703
180442,7549474,-31.41377352774152
180442,481747,-31.417241537630904
180442,6858844,-31.430091150808586
180442,6136292,-31.436259961497463
180442,4999652,-31.441604523358613
180442,8007382,-31.44174759573293
180442,4711761,-31.447281730957524
180442,4679438,-31.447776403069057
180442,8068695,-31.459347483371253
180442,6230401,-31.469278308592937
180442,5062965,-31.508175331609266
180442,6585219,-31.511342489443194
180442,1775591,-31.51531159872369
180442,1298336,-31.52020814315208
180442,4679440,-31.523249096310217
180442,2784243,-31.535693683480012
180442,5641292,-31.539055164807966
180442,7254159,-31.56747811860122
180442,5452532,-31.571111371658787
180442,7808941,-31.593855677376112
180442,2167250,-31.595718097211815
180442,3852526,-31.599080754891485
180442,6237842,-31.60382561185494
180442,7395788,-31.652379320933317
180442,2567850,-31.653959137890176
180442,5922383,-31.66598222525198
180442,2438468,-31.687969732046206
180442,8466413,-31.688573856246744
710347,1976092,-20.05842867298145
710347,4327099,-20.529433128684335
710347,6367424,-21.67276545541489
710347,6742354,-21.69369474283536
710347,2022385,-21.805897370953787
710347,6264174,-21.839519021659722
710347,4553948,-21.884272524686267
710347,7419563,-21.9397421688505
710347,3740486,-22.29775751498293
710347,2022387,-22.488502168958927
710347,455362,-22.572189203610456
710347,5722267,-22.624545702946936
710347,7568985,-22.646144306932
710347,224525,-22.646144306932
710347,8353769,-22.647792093816104
710347,1011075,-22.69382968865731
710347,6264172,-22.793135080355167
710347,6046669,-22.93993258757435
710347,6264170,-22.943504349193837
710347,1011074,-23.142139566976525
710347,6742355,-23.16030747445036
710347,1976089,-23.280719160054172
710347,4553943,-23.40106681210309
710347,6573124,-23.437929935644057
710347,5401098,-23.47276420905892
710347,6046672,-23.540903425893656
710347,6721335,-23.590770257632734
710347,8451312,-23.61857216602089
710347,952248,-23.67859578196769
710347,7419568,-23.70458426225188
710347,4617730,-23.729205616715234
710347,4553944,-23.78094211315759
710347,6264169,-23.822909969274036
710347,1240993,-23.84752683972748
710347,5722268,-23.858084400105618
710347,2325363,-23.880595307328015
710347,7705548,-23.99982287715102
710347,7705546,-24.049574531416866
710347,5215003,-24.088374486689816
710347,1817948,-24.09475816554127
710347,7705545,-24.098836013631917
710347,7705543,-24.098836013631917
710347,1439113,-24.115221618481453
710347,1439120,-24.18860225037167
710347,7705547,-24.195926442917433
710347,4215080,-24.24406729429724
710347,952255,-24.26751096024961
710347,8490212,-24.288725343746734
710347,4270203,-24.29786485492669
710347,952254,-24.369499135959472
710347,1439117,-24.459503193330736
710347,6046667,-24.491011041661235
710347,4438502,-24.537827500768856
710347,4453440,-24.58031953294451
710347,8825558,-24.732367082611397
710347,5190968,-24.77763584057002
710347,4656404,-24.82144243241982
710347,4656405,-24.82144243241982
710347,6367426,-24.830546387222704
710347,4617725,-24.83218838733428
710347,4327102,-24.833166545708437
710347,1483231,-24.844065192804585
710347,8490214,-24.86814491382122
710347,224523,-24.884393449339317
710347,5876546,-24.934716821736913
710347,4776382,-25.01594498569392
710347,6450737,-25.12663753138274
710347,5401094,-25.19411311487317
710347,5361733,-25.434965213263016
710347,153138,-25.481397101023983
710347,6071403,-25.56506572209486
710347,7419567,-25.569451699704203
710347,1011082,-25.69156206104744
710347,898854,-25.81112768672967
710347,6501323,-25.859159082025403
710347,3146466,-25.881974924416056
710347,3990150,-25.996797717247713
710347,2505776,-26.005240931532782
710347,1011077,-26.02925161884704
710347,7717409,-26.066816649282348
710347,5040300,-26.08354791350361
710347,5022296,-26.251133917464855
710347,8714217,-26.252150500160276
710347,224526,-26.30195439552023
710347,1537163,-26.354983428147715
710347,224524,-26.359168415709355
710347,3266564,-26.392622399797958
710347,4215079,-26.441820879799046
710347,224529,-26.4443628436821
710347,7717410,-26.4869680524922
710347,5602954,-26.546514035168418
710347,820573,-26.56193924148749
710347,4427082,-26.563105010842435
710347,1886547,-26.566697859701975
710347,4577147,-26.609578792452368
710347,8391055,-26.62043505329862
710347,3614079,-26.62043505329862
710347,3625056,-26.62043505329862
710347,2840595,-26.62043505329862
710347,2879828,-26.62043505329862
1124210,8026740,-16.72174546344853
1124210,2258595,-17.253401817859555
1124210,7806221,-17.596109771724255
1124210,7443586,-17.647268163904414
1124210,2728448,-17.647268163904414
1124210,1689639,-17.712039558527152
1124210,8087702,-17.72106046915167
1124210,2258594,-17.774725240005072
1124210,8026743,-17.891298926826853
1124210,8026735,-18.26207486092876
1124210,8650639,-18.2739864626782
1124210,2258591,-18.422034297584084
1124210,931165,-18.445304746193745
1124210,8026737,-18.46728003049083
1124210,2258597,-18.529381622522337
1124210,3162331,-18.57215441461734
1124210,2494577,-18.61458663491965
1124210,2258599,-18.717436964788817
1124210,2258596,-18.724081474389653
1124210,8492305,-18.726003234862713
1124210,7695217,-18.735003025838978
1124210,131190,-18.75208511154091
1124210,2258598,-18.758641664976114
1124210,2806527,-18.805618647918063
1124210,2089544,-18.865073270497554
1124210,7443588,-18.899341004031772
1124210,4002456,-18.90400194196529
1124210,2958020,-18.957853289306502
1124210,181175,-18.961799799838133
1124210,6636931,-18.984385559197694
1124210,8026738,-19.000181726628647
1124210,7443583,-19.04977753877727
1124210,2461683,-19.06182957630032
1124210,2433603,-19.087611047463717
1124210,8650642,-19.128078780748677
1124210,4942992,-19.15357347181166
1124210,3466959,-19.162490129184814
1124210,5664148,-19.19066869633367
1124210,2258592,-19.193635332796525
1124210,2650269,-19.1972479281488
1124210,8355483,-19.20535490417885
1124210,3517427,-19.245883909013518
1124210,6541864,-19.281946847676696
1124210,1244877,-19.317290301978147
1124210,2258593,-19.32980714311046
1124210,6181091,-19.363699349885422
1124210,8558068,-19.47598949807411
1124210,6233255,-19.48137133871673
1124210,4777681,-19.482724618098498
1124210,6891518,-19.519342218062164
1124210,2433604,-19.522822486858914
1124210,2433601,-19.522822486858914
1124210,3466956,-19.524640838860964
1124210,7942804,-19.53429559072166
1124210,5587711,-19.64304891614129
1124210,6146809,-19.677083248629902
1124210,2859501,-19.684320850316183
1124210,2433609,-19.68446064021042
1124210,5587710,-19.739005248446624
1124210,6737728,-19.7491123066091
1124210,5032711,-19.77906376595309
1124210,3263727,-19.779863650137703
1124210,4648414,-19.79149792245356
1124210,3225197,-19.79219175022877
1124210,7806222,-19.804078041888225
1124210,2685123,-19.84565357652606
1124210,3228226,-19.901168132672602
1124210,181177,-19.96736601996924
1124210,2604564,-20.007888933113126
1124210,6541866,-20.02736385521373
1124210,6507991,-20.037193093481417
1124210,6737733,-20.063132840594307
1124210,6636936,-20.069547630397302
1124210,6720368,-20.087415291819877
1124210,6507996,-20.092677396300193
1124210,1280828,-20.096525170281037
1124210,3225189,-20.119001822572837
1124210,3263731,-20.123839080606135
1124210,347571,-20.168772366423365
1124210,8802909,-20.188483243179828
1124210,6737729,-20.192795215904955
1124210,522220,-20.19808264656713
1124210,4616435,-20.233681464195566
1124210,8492302,-20.242160880758213
1124210,4618354,-20.29109782084602
1124210,8355477,-20.32321832842032
1124210,2399822,-20.324953518343435
1124210,8406413,-20.382259716775376
1124210,2825130,-20.39322531717394
1124210,6498977,-20.41969466267694
1124210,943794,-20.43140903511075
1124210,2494574,-20.432067473293564
1124210,6620551,-20.432067473293564
1124210,8547690,-20.463895203300204
1124210,6891517,-20.47271599433505
1124210,5098936,-20.473991232331198
1124210,2608221,-20.486689011458825
1124210,3289568,-20.50409654671421
1124210,7942807,-20.51996875003414
1124210,7203360,-20.520789349738624
287683,8299551,-34.33057739384613
287683,8299547,-42.37360490826181
287683,6915201,-43.23678538949716
287683,6915200,-43.87650644755474
287683,6915198,-44.05317010765862
287683,3162044,-44.54615447073009
287683,3162040,-44.859833099686604
287683,6915202,-45.136485023594076
287683,3162039,-45.34300793608301
287683,6550731,-45.759425570337385
287683,6550728,-46.30047302463421
287683,6550734,-46.356407170436945
287683,8299548,-46.36291480522667
287683,6550727,-47.076822782810204
287683,8299549,-47.16732808640393
287683,2339814,-47.59330743377847
287683,3685475,-47.79663012629502
287683,3023962,-47.876680009494045
287683,8206380,-47.96805316007087
287683,6550730,-47.97379148139299
287683,6915199,-48.42980067855608
287683,2338521,-48.44785834571527
287683,7483892,-48.52312536387912
287683,6378119,-48.63932988803646
287683,6915205,-48.89182341063418
287683,4688614,-48.898610886847074
287683,6915204,-48.953512039525435
287683,1175434,-48.954850697022124
287683,3781322,-49.06873610449654
287683,3095446,-49.08481177996461
287683,278826,-49.27105987027858
287683,3186446,-49.30008199326302
287683,6246638,-49.31033477958894
287683,1927534,-49.382719545403795
287683,7266462,-49.46209843230967
287683,2500104,-49.505872469579394
287683,4688610,-49.568941776906826
287683,7404419,-49.60072297689566
287683,3302610,-49.607910500901816
287683,6915206,-49.617548145177444
287683,3162041,-49.63592725178158
287683,3186443,-49.650184981360574
287683,7475657,-49.652393190946405
287683,8299550,-49.760229529072745
287683,5385461,-49.816544357505975
287683,8196939,-49.83813034381349
287683,2580971,-49.86066469318406
287683,7984227,-49.91158055037457
287683,4317495,-49.94233831522799
287683,4330419,-49.95698850455652
287683,4164220,-49.99884999998813
287683,1207649,-50.14473404765097
287683,2049561,-50.14669169101167
287683,3781321,-50.21354285362193
287683,5953684,-50.254008923262376
287683,3676377,-50.29715151736701
287683,2240057,-50.31012928628762
287683,7918079,-50.342462729856535
287683,7071443,-50.35351250656956
287683,3302616,-50.42494646151286
287683,4284703,-50.507100593083365
287683,6077384,-50.574837201046975
287683,3364628,-50.59843653038954
287683,7036002,-50.63454204040183
287683,662955,-50.64047709806774
287683,7984230,-50.65692117585887
287683,558572,-50.66180054127367
287683,4164218,-50.68063035212602
287683,3975517,-50.70934985902122
287683,1522762,-50.74180650542122
287683,589300,-50.782148491898496
287683,8513075,-50.83119291020623
287683,558571,-50.859494850337775
287683,7812647,-50.90632218999359
287683,4138775,-50.93481475057156
287683,3191199,-50.944588826710294
287683,4537853,-50.94771137226078
287683,4616568,-50.9685134319414
287683,5129597,-51.03606328135062
287683,7483890,-51.0386820810811
287683,5198086,-51.06576460458124
287683,4422355,-51.068059832543504
287683,2856221,-51.14191815039035
287683,1431871,-51.17768135588517
287683,3246809,-51.21996754995327
287683,7878780,-51.23941580261808
287683,3590563,-51.243777760471474
287683,2500107,-51.31871324705772
287683,1018580,-51.33870105014272
287683,2244231,-51.33870105014272
287683,3593930,-51.40424108549213
287683,5418967,-51.41004984643904
287683,8658656,-51.43040337559117
287683,4486705,-51.44964839701272
287683,2118385,-51.46731918487286
287683,3593938,-51.50173438520199
287683,157970,-51.573635830318565
287683,589296,-51.577183271483904
287683,8677802,-51.58903017767201
287683,5080355,-51.59340501255418
490595,1929910,-11.893072451546525
490595,7698193,-12.899263875667472
490595,1288938,-13.673253416329931
490595,4842897,-13.761929823054565
490595,3572702,-13.931821017713581
490595,3572695,-14.004971195332466
490595,7839904,-14.056469376645413
490595,7839906,-14.101237355707845
490595,4604269,-14.165092601761724
490595,2507917,-14.172433160804749
490595,1288943,-14.212819939280354
490595,1288946,-14.30312227466023
490595,2850740,-14.325338330691496
490595,1194055,-14.38496005417733
490595,3572698,-14.403989268933085
490595,3937197,-14.40614062696877
490595,805046,-14.452378621733509
490595,3937200,-14.459498985420558
490595,4737060,-14.479868555517958
490595,3403268,-14.484304944478797
490595,4737067,-14.500374501217113
490595,7839907,-14.518315341889835
490595,4842894,-14.518315341889835
490595,8485139,-14.547427441466084
490595,5359212,-14.548820336925338
490595,3572701,-14.640954502888974
490595,2788470,-14.64406643186908
490595,5247992,-14.733002467232435
490595,5112294,-14.759321314362781
490595,7385093,-14.761529452269155
490595,4763070,-14.79638340798935
490595,4737063,-14.802223390372848
490595,1894652,-14.821660738756187
490595,6412650,-14.825940297318384
490595,1288940,-14.857136575431621
490595,805048,-14.859336923282816
490595,1929911,-14.881486377802354
490595,1620438,-14.895652834248434
490595,4420107,-14.91529809220889
490595,2031793,-14.921117360706889
490595,8485138,-14.936344418549123
490595,4737065,-14.977823967940743
490595,1894653,-14.985635976369778
490595,4292443,-15.003972226518137
490595,5247999,-15.026993257430144
490595,829387,-15.026993257430144
490595,6742119,-15.029076975529685
490595,6742115,-15.039390952461575
490595,4737064,-15.049821791096074
490595,4842891,-15.05246295484282
490595,4737059,-15.071435686690771
490595,3403265,-15.086170206189854
490595,4737068,-15.106518471350855
490595,3937204,-15.106518471350855
490595,6845345,-15.153690491158386
490595,526093,-15.201587790974626
490595,4133272,-15.202907708983796
490595,805051,-15.213720184061804
490595,8709994,-15.214187615055414
490595,4842889,-15.23067006941258
490595,1894656,-15.23067006941258
490595,3403266,-15.242362987031472
490595,549465,-15.286184495856672
490595,7839903,-15.303217864226028
490595,6206562,-15.311740749299982
490595,3845163,-15.319427208932586
490595,7072536,-15.33693859642269
490595,7698194,-15.339146437366177
490595,549466,-15.367394361637524
490595,5359213,-15.367394361637524
490595,7598980,-15.374238132945486
490595,1473259,-15.374238132945486
490595,7839908,-15.374649810307185
490595,7839905,-15.374649810307185
490595,4737066,-15.379531991205159
490595,4842896,-15.386755667757779
490595,6976960,-15.39112449583922
490595,5633631,-15.39112449583922
490595,5128293,-15.398796458030894
490595,4842890,-15.421581610231271
490595,7839911,-15.42925357242295
490595,1194060,-15.429795276247198
490595,8544459,-15.438676187885452
490595,4763065,-15.438676187885452
490595,3833409,-15.456098494332576
490595,7340532,-15.47296227535632
490595,1288945,-15.512605150032655
490595,7704024,-15.54612505182703
490595,5633627,-15.564346974743252
490595,6976956,-15.57353035147225
490595,8485142,-15.605775072491749
490595,7704029,-15.624464426401584
490595,5488538,-15.670836178731712
490595,7072535,-15.6843605838071
490595,4737061,-15.68847267144959
490595,1391477,-15.712892388227086
490595,2197786,-15.732782912937186
490595,1530274,-15.732782912937186
490595,4771671,-15.739740615239745
490595,6618152,-15.76331250875922
291865,8260118,-30.116076329488312
291865,5454157,-30.47930147912023
291865,683071,-30.92494538958011
291865,7702979,-31.179312931352186
291865,3308321,-31.213252835272332
291865,3665621,-31.23527825891408
291865,4573519,-31.69792997686409
291865,7644029,-31.8536629381065
291865,351013,-31.88643789445201
291865,3357930,-32.006629401953624
291865,5933264,-32.046696507773994
291865,2223910,-32.1084766962793
291865,1200897,-32.43138120824396
291865,4664217,-32.447297347401545
291865,7867037,-32.450401637743504
291865,2819365,-32.4617815147664
291865,3452035,-32.536648538583634
291865,6037992,-32.614783134178836
291865,8328043,-32.62389318220743
291865,4238378,-32.663263413020196
291865,7867029,-32.68796863458235
291865,8719980,-32.73875652751261
291865,3357934,-32.73944004343508
291865,8260120,-32.746602375553906
291865,145055,-32.777562862183395
291865,1667720,-32.79494044424589
291865,7202272,-32.904417050941845
291865,249423,-32.90521324254072
291865,8423300,-32.966834510598666
291865,6037991,-32.96977636461025
291865,2796586,-32.98148402893536
291865,7202267,-32.981765904247936
291865,3286303,-33.015446299908206
291865,4946823,-33.052987865283654
291865,6810804,-33.07445942313768
291865,2310985,-33.10243939576395
291865,2218077,-33.11148382317717
291865,2889934,-33.117115169624014
291865,8330899,-33.141760160621146
291865,8163514,-33.1698151708446
291865,7665993,-33.1862039299225
291865,674975,-33.21186791215867
291865,2105830,-33.21872709223079
291865,428723,-33.23698717724734
291865,1200896,-33.24717156052459
291865,4858382,-33.32283544569014
291865,5326113,-33.35501480235447
291865,3308318,-33.39563969334458
291865,3452031,-33.41049665648158
291865,7138230,-33.43731454150728
291865,7205236,-33.441425202921906
291865,2105835,-33.46345120245067
291865,7966553,-33.464309133208715
291865,5015985,-33.471539716237025
291865,6995300,-33.54327700944775
291865,7772196,-33.56998327151713
291865,3308326,-33.57117053543642
291865,5418781,-33.59047703244392
291865,8679765,-33.617031700573285
291865,3588265,-33.63585039694563
291865,3582803,-33.69490281158387
291865,2664138,-33.69845192595458
291865,8423298,-33.704535492106416
291865,3598482,-33.718277639077996
291865,5933260,-33.72052670806387
291865,3588264,-33.73044643111269
291865,6595255,-33.78734688544404
291865,5909719,-33.79840935842985
291865,7700627,-33.82071104969959
291865,4009365,-33.87747335210141
291865,4219903,-33.884552772159154
291865,666891,-33.89343670745013
291865,1506819,-33.935360911928896
291865,2105836,-33.94879591462948
291865,5303023,-33.97098498487626
291865,1439235,-33.972112791605255
291865,428725,-34.00954374856439
291865,8260123,-34.01685738780487
291865,2493295,-34.02484779148115
291865,4206072,-34.02957929855659
291865,4702314,-34.03320669103689
291865,5289235,-34.03622661022438
291865,231157,-34.04467126301183
291865,454822,-34.048462589117584
291865,8260119,-34.07776724740755
291865,7155336,-34.09344170110997
291865,5939199,-34.104772566665986
291865,5348717,-34.10601539263251
291865,4219899,-34.11229003586006
291865,6095130,-34.13442645917262
291865,3947061,-34.143754957563
291865,6514286,-34.14685565750682
291865,7432323,-34.1626558598574
291865,273841,-34.169016677563754
291865,1503795,-34.23822924354792
291865,7700621,-34.293267158744996
291865,1830246,-34.300596094704346
291865,3939122,-34.31041048740691
291865,483682,-34.31689369108981
291865,1795000,-34.341505206881884
794725,8771934,-14.132204538592138
794725,8771939,-14.153428707334172
794725,8771940,-14.502977454449457
794725,5925952,-15.36563209122402
794725,8771942,-15.652201004666152
794725,8771941,-16.12984180693692
1103812,3843267,-29.428405134205004
1103812,8220086,-29.924935049704438
1103812,1659850,-30.279232459942442
1103812,1659852,-30.31460725175161
1103812,4401695,-30.572298857726615
1103812,6289840,-30.785764959309095
1103812,2332189,-31.302471766286395
1103812,59539,-31.64017390968513
1103812,1583317,-31.693387035341583
1103812,8220089,-33.08048534669353
1103812,3843263,-33.35420983364578
1103812,2360676,-33.5570873149558
1103812,2654471,-34.12668894516072
1103812,3843271,-34.449632757065935
1103812,8293805,-34.46614503165197
1103812,1241994,-34.537805987347
1103812,2945096,-34.54349388495806
1103812,1059165,-34.665505648410345
1103812,1059168,-34.67767349744093
1103812,8220087,-34.70803346651826
1103812,5634110,-34.71148113497829
1103812,3672744,-34.71382863552816
1103812,6103245,-34.954416861772145
1103812,8220081,-34.96231601712868
1103812,1527127,-34.97155491925607
1103812,2218071,-35.01427699215755
1103812,1614303,-35.03551317235703
1103812,7507311,-35.05090359262771
1103812,6766006,-35.08253099848885
1103812,1101246,-35.09752758915066
1103812,8759610,-35.129540811063514
1103812,5372067,-35.21016930441876
1103812,3708772,-35.23497054649664
1103812,3940091,-35.251598767263815
1103812,8220085,-35.270730202304335
1103812,4271423,-35.298338803955
1103812,3682762,-35.310078523028785
1103812,7285933,-35.33724393902687
1103812,5190505,-35.4195353974323
1103812,4780685,-35.425916501665675
1103812,4586998,-35.441806618979896
1103812,2177872,-35.507788780008006
1103812,3191301,-35.507788780008006
1103812,6759675,-35.518198134009
1103812,5130625,-35.574985339336386
1103812,4292848,-35.588635705479156
1103812,2177875,-35.588714536815544
1103812,2360674,-35.60065382897399
1103812,8157968,-35.65148883306173
1103812,2810815,-35.668715407580905
1103812,1101240,-35.684390591045
1103812,8220080,-35.7417978992498
1103812,3843270,-35.77070552184155
1103812,4648717,-35.802073977688664
1103812,5980975,-35.84966489801654
1103812,660292,-35.859833975801095
1103812,38158,-35.89012178478589
1103812,8138912,-35.9033742518514
1103812,8138914,-35.9033742518514
1103812,1226468,-35.904834082275045
1103812,6052153,-35.937159182484024
1103812,2972402,-35.937159182484024
1103812,8191882,-35.942873172608486
1103812,7971193,-35.979877745576744
1103812,4968799,-35.98696234041984
1103812,3843266,-35.99100198002999
1103812,5041210,-36.04769618369349
1103812,1993364,-36.05555415830625
1103812,6129977,-36.05555415830625
1103812,6159344,-36.09295903918434
1103812,4726841,-36.099414594648145
1103812,8224183,-36.10356332390571
1103812,4824831,-36.10682727399107
1103812,4015690,-36.13287936498918
1103812,2752967,-36.16425751956178
1103812,8084238,-36.16930796483583
1103812,1044558,-36.17234976595052
1103812,3650111,-36.17535478759173
1103812,5974245,-36.21374477460473
1103812,6052144,-36.2350764834156
1103812,6105281,-36.23516009563508
1103812,3199124,-36.27395491785157
1103812,5971389,-36.309093101532056
1103812,2283,-36.317925742332356
1103812,114812,-36.3306856836042
1103812,2746387,-36.34239826530006
1103812,8224181,-36.354398055840086
1103812,4870121,-36.35663973741722
1103812,8220088,-36.360527927165734
1103812,3514336,-36.36899528612561
1103812,4355090,-36.37998827608854
1103812,2092411,-36.42213005692746
1103812,2810198,-36.426366920876774
1103812,3672742,-36.43005335585656
1103812,5035852,-36.446493439564236
1103812,2232592,-36.44864573733571
1103812,6790264,-36.454744496817725
1103812,4680854,-36.480675188538385
1103812,4831577,-36.48130518461105
1103812,2530469,-36.488032857092236
436600,8473863,-21.62111058317675
436600,4541820,-21.684254308733507
436600,3813285,-21.799144946178316
436600,3050888,-21.932780932356877
436600,2925061,-21.967770804414187
436600,3943290,-22.154133164821722
436600,43980,-22.154133164821722
436600,8473865,-22.20316782645931
436600,2267986,-22.500209421985815
436600,5058933,-22.57182993112942
436600,6140978,-22.685286195542968
436600,174336,-22.803108214684727
436600,3050889,-22.84780141707723
436600,174342,-22.84780141707723
436600,4675582,-22.851045138239535
436600,7990254,-22.93886910249788
436600,3498519,-22.968435643669885
436600,174337,-22.97896070836919
436600,8473869,-23.021741864836184
436600,174338,-23.021741864836184
436600,3498524,-23.431106954402914
436600,6768410,-23.774740437981784
436600,3498525,-23.89610527517499
436600,3983588,-24.798397103253727
436600,1662519,-24.9946523356207
436600,2538721,-25.12208273222324
436600,3619643,-25.30439467446397
436600,2498263,-25.32081463061948
436600,2498264,-25.396519566431646
436600,7990247,-25.42821528134115
436600,174334,-25.546893161729706
436600,4450189,-25.58519633084496
436600,3450493,-25.68290170168907
436600,2366559,-25.685635393681267
436600,4450195,-25.73798087977778
436600,174341,-25.802705314219843
436600,2267981,-25.807238034614482
436600,2895676,-25.819096296879216
436600,3450494,-25.84186301628712
436600,253552,-25.863442443964605
436600,2498267,-25.868068330102822
436600,7484819,-25.880007633605423
436600,4450190,-25.89281802125904
436600,4435279,-25.906686108381464
436600,7505882,-26.033051036683165
436600,253554,-26.07513204978197
436600,174339,-26.09199806018971
436600,7484815,-26.106056474658793
436600,3050891,-26.142003760058778
436600,6176825,-26.142003760058778
436600,486137,-26.14945523243408
436600,1751703,-26.149772756787552
436600,7990249,-26.23677020313348
436600,4078685,-26.239951329477577
436600,7484817,-26.284030513886417
436600,8205931,-26.284030513886417
436600,3874845,-26.29797367826402
436600,2267987,-26.300625060719955
436600,2216106,-26.301389256640906
436600,2498269,-26.301872149950256
436600,486133,-26.35943294363489
436600,3498516,-26.366431340128024
436600,1230273,-26.374468329045524
436600,7267823,-26.392129536398535
436600,43988,-26.393802603818294
436600,8473867,-26.402488363273676
436600,1230270,-26.419666550061258
436600,2267989,-26.423991426359823
436600,3621571,-26.430432705513788
436600,5058930,-26.46435975245376
436600,7267818,-26.467603473616066
436600,8576242,-26.478407625381962
436600,4756281,-26.483299192543754
436600,1230269,-26.5085590972001
436600,253556,-26.510079354939784
436600,2267985,-26.51321445641702
436600,4541826,-26.52310051595643
436600,7990248,-26.571225224624282
436600,2705664,-26.57529528032085
436600,5398125,-26.582309570995008
436600,253557,-26.582309570995008
436600,661059,-26.582309570995008
436600,6711875,-26.582309570995008
436600,8354199,-26.59703930148541
436600,2255510,-26.720452064389804
436600,489735,-26.724027129479694
436600,7484814,-26.72403409474373
436600,2235564,-26.72403409474373
436600,3104994,-26.746721649914484
436600,1230271,-26.763964985146227
436600,43983,-26.77608446916544
436600,253559,-26.83083669542303
436600,1230272,-26.84560047167106
436600,43984,-26.851874768145095
436600,3452320,-26.87156344726081
436600,2827991,-26.885801815085067
436600,253558,-26.88732207282475
436600,7497259,-26.918583517202006
436600,486134,-26.926079290197904
436600,5942360,-26.944814721985715
1047259,2753185,-20.3746765313381
1047259,900401,-21.021623840290708
1047259,73658,-21.247771911408893
1047259,3430141,-21.728259272452902
1047259,900397,-22.467309976915598
1047259,3430136,-24.39380350954588
1047259,3087033,-24.75559488986372
1047259,8272100,-25.52634828900001
1047259,2516629,-25.74397554468114
1047259,2516631,-25.937745745510306
1047259,8475866,-26.217018499273244
1047259,73663,-26.235969656960023
1047259,2516628,-26.4180716587259
1047259,73657,-26.509168109671865
1047259,3430142,-26.523238523799957
1047259,73659,-26.62078423348231
1047259,2516630,-26.65002249450535
1047259,1960977,-26.746655688008218
1047259,8272097,-26.8486460565867
1047259,6936163,-26.85003538758242
1047259,8563479,-27.05023603287303
1047259,2516627,-27.052288922589078
1047259,3430144,-27.121938119276017
1047259,8272104,-27.13752395141006
1047259,6936162,-27.2502489259501
1047259,8272102,-27.428401970776754
1047259,6936158,-27.48444315817315
1047259,8272103,-27.581679275087517
1047259,1960978,-27.61585447992151
1047259,900404,-27.639483387092895
1047259,1468935,-27.746947471857172
1047259,6936160,-27.760756551548397
1047259,73662,-27.770326035624382
1047259,102371,-27.80896694674027
1047259,1468936,-27.878534013444042
1047259,73665,-27.899273981067374
1047259,6936157,-27.904451913471334
1047259,4887857,-27.919500043121296
1047259,5097978,-27.944645191672162
1047259,3434873,-27.972940259586256
1047259,4675273,-28.003817479907184
1047259,5128918,-28.003817479907184
1047259,73656,-28.026416705169996
1047259,3136841,-28.062297678723134
1047259,8272101,-28.06964007754503
1047259,5097976,-28.12010179072852
1047259,3534453,-28.13175267753782
1047259,5097973,-28.17724526984663
1047259,73660,-28.183497686336892
1047259,3239543,-28.1846489067048
1047259,900400,-28.233743046116295
1047259,3534454,-28.34076691883642
1047259,5097979,-28.344858730039846
1047259,2648999,-28.372763186627203
1047259,3430137,-28.385545378026276
1047259,8715867,-28.391542185855
1047259,4887855,-28.395206333455434
1047259,2614332,-28.399504082700798
1047259,3430140,-28.43124338544316
1047259,73664,-28.497250691611473
1047259,4606170,-28.546190976566656
1047259,8715869,-28.59156885892349
1047259,1468937,-28.602688752836322
1047259,1468934,-28.713804436759872
1047259,1468938,-28.768449789420824
1047259,73661,-28.79145319172613
1047259,5097975,-28.816412127396056
1047259,8272096,-28.866163781661896
1047259,8272099,-28.93230757655962
1047259,3430138,-29.022211453441123
1047259,8272095,-29.077833873579458
1047259,3534449,-29.083523790440555
1047259,3430139,-29.08434429752848
1047259,2610520,-29.107756668015934
1047259,4180287,-29.135106154848575
1047259,2974858,-29.158590534500224
1047259,1060426,-29.246852482389805
1047259,25321,-29.284370970596974
1047259,3534456,-29.284370970596974
1047259,900405,-29.37507456326685
1047259,1960970,-29.451511480331483
1047259,2939075,-29.459110154848748
1047259,8272098,-29.47670237473596
1047259,3239539,-29.491352328577367
1047259,900403,-29.9098474229606
1047259,7258838,-30.020276722961196
1047259,7208555,-30.19361150592285
1047259,7792749,-30.80288046768006
1047259,2296404,-32.57480219243777
1047259,2144101,-32.65634010372159
1047259,8731278,-32.657737680223846
1047259,7744020,-32.701655570451074
1047259,4375528,-32.767757926299424
1047259,1663961,-32.88669996785211
1047259,37398,-32.94587225608712
1047259,4936037,-32.9609043529682
1047259,7018755,-32.96134004642337
1047259,5333609,-33.07532927626976
1047259,2867161,-33.1248117417156
1047259,2306187,-33.13224697395412
964223,4368607,-21.434321027389807
964223,4569464,-21.817751165567163
964223,6103530,-22.059917024041127
964223,4835293,-22.53853942612794
964223,6466478,-23.08264670596254
964223,74637,-23.101691202611626
964223,2438493,-23.24267123484358
964223,2438492,-23.51071072905309
964223,6102704,-24.026662707779064
964223,8484204,-24.037465316379823
964223,7257075,-24.09176432949933
964223,8693528,-24.167309259311757
964223,2900159,-24.54177424857923
964223,7257073,-24.629551970168546
964223,2514717,-24.64882102819905
964223,3332984,-24.707951970859376
964223,6102706,-25.27515970514034
964223,7583485,-25.291581356278478
964223,55407,-25.420144908506536
964223,3425618,-25.4759513628638
964223,3396700,-25.479574721198656
964223,1780456,-25.513210356858316
964223,194195,-25.528491955493642
964223,2589978,-25.58061574410042
964223,3729093,-25.69558134362081
964223,3038807,-25.700780908877398
964223,4012667,-25.741699244317548
964223,3811563,-25.820058431818662
964223,3164036,-25.821699025552096
964223,55409,-25.86128900497441
964223,5163504,-25.88260186554725
964223,3164040,-25.888494673625498
964223,5613061,-25.911375519872813
964223,2372274,-25.958552202915747
964223,74638,-26.031207793035527
964223,2438593,-26.034059911537767
964223,6947761,-26.11086826255204
964223,3164038,-26.14202438717168
964223,6701074,-26.157724227103262
964223,7908709,-26.191582990311897
964223,5198566,-26.226373749260084
964223,4150688,-26.325348826405175
964223,6947763,-26.34008648146267
964223,4569468,-26.6598941419173
964223,8693529,-26.739089243596304
964223,5401935,-26.85016524260361
964223,7941987,-27.001109019700728
964223,74642,-27.187791164176364
964223,1186638,-27.204438649671555
964223,7742833,-27.2356890662494
964223,5804183,-27.287848425005294
964223,2874598,-27.37228168276812
964223,2289693,-27.419513289376674
964223,2345085,-27.65482185033889
964223,4545050,-27.880982464825113
964223,2494508,-27.900444776865243
964223,6614943,-27.99459024639864
964223,4368606,-28.08503023385805
964223,4368611,-28.102042811196263
964223,3867706,-28.202738127805368
964223,5163506,-28.220219514642153
964223,4507131,-28.233184162007866
964223,6103528,-28.254163943674197
964223,1423236,-28.317045197814352
964223,1926210,-28.440657419702703
964223,3470454,-28.462629662196733
964223,3719919,-28.501736863938287
964223,2245892,-28.531519603364295
964223,8831627,-28.538154249465084
964223,5322260,-28.539800422515093
964223,4507129,-28.5684669123746
964223,7859997,-28.593659039115142
964223,2319362,-28.712511840363646
964223,2372278,-28.71953381468753
964223,2345090,-28.836405226453486
964223,3171451,-28.884845695857482
964223,3719917,-28.884845695857482
964223,6291273,-28.965411789481468
964223,3321783,-29.133644801578235
964223,6905633,-29.18300181059179
964223,74640,-29.18752111608539
964223,2826502,-29.1890381074295
964223,2319358,-29.237240388800245
964223,6905732,-29.266814507754383
964223,2514714,-29.273021853908986
964223,2945707,-29.28321467440652
964223,4569471,-29.31973949078536
964223,3085741,-29.358609033391485
964223,4347776,-29.36273007216201
964223,8484203,-29.40914112412905
964223,2494510,-29.410243808166697
964223,7941988,-29.423133084887713
964223,3525562,-29.488214321936493
964223,3298213,-29.546185787406916
964223,4521100,-29.554820428973898
964223,2643220,-29.579603843149542
964223,7729837,-29.58014353038108
964223,8485896,-29.62127157224226
964223,4569462,-29.687241309455743
964223,723065,-29.699014884254378
564054,5879989,-26.73202814971943
564054,541053,-27.45996867050652
564054,3013336,-27.522541219767707
564054,2815944,-27.571503109237746
564054,1437409,-27.672422790501273
564054,541054,-27.870941209452692
564054,4766783,-27.87602771808921
564054,7469272,-28.144980098083018
564054,7241398,-28.594840894405976
564054,4328233,-28.852417908653614
564054,7140220,-28.95589796899894
564054,6946085,-29.103214616045804
564054,541157,-29.109795508144146
564054,1783613,-29.112416927086908
564054,541061,-29.120598919417922
564054,3957332,-29.44833566988908
564054,6946083,-29.497722881422487
564054,4766782,-29.667629324013163
564054,8429844,-29.673299704950978
564054,7241396,-29.68002759499724
564054,1783615,-29.681655270136847
564054,4328231,-29.746144027853504
564054,5182255,-29.79728637974151
564054,8663986,-29.82365858794952
564054,541161,-29.842306915955582
564054,541162,-29.908119056755584
564054,3255500,-29.93428991086971
564054,541163,-29.99194767162396
564054,1131875,-30.00189835342163
564054,3255505,-30.053246459987086
564054,4955014,-30.18847535061915
564054,3255503,-30.204070086702934
564054,7241392,-30.214618623878593
564054,5182259,-30.220453581402403
564054,4260080,-30.235460750022177
564054,3937228,-30.24418428281912
564054,4766785,-30.247331647952628
564054,8670562,-30.24837123611624
564054,8759160,-30.255220785537553
564054,3937226,-30.259865469991897
564054,1455723,-30.298667235809184
564054,1294974,-30.312532128376855
564054,4955013,-30.332253449527734
564054,3131600,-30.342670104177618
564054,7241395,-30.345439380335502
564054,5089066,-30.347890210203065
564054,4484647,-30.347890210203065
564054,3957331,-30.363194720848256
564054,4260081,-30.40234983890314
564054,362989,-30.40321034109092
564054,3079075,-30.41249931523592
564054,3957330,-30.41249931523592
564054,2893239,-30.42134688194227
564054,7405024,-30.426693049928357
564054,8834294,-30.427372717598384
564054,5182258,-30.433060522613847
564054,104503,-30.437706181285684
564054,362987,-30.46174739076311
564054,5783537,-30.46910874196871
564054,541055,-30.469649575955167
564054,4955012,-30.48539531873272
564054,104507,-30.493118163282134
564054,1437408,-30.503471778806865
564054,3255506,-30.50450032400699
564054,4260079,-30.515457353556542
564054,132547,-30.519718856233524
564054,3255501,-30.55369317278538
564054,1437417,-30.556440762107755
564054,1437411,-30.591891508221117
564054,5220078,-30.613162704642484
564054,4609958,-30.62027882685088
564054,3255502,-30.630059725003022
564054,104501,-30.647049586095772
564054,4260077,-30.652108915287528
564054,8759161,-30.654732755639042
564054,3314035,-30.661603211564866
564054,3131602,-30.66815056364097
564054,1455725,-30.68051827381814
564054,2815945,-30.68051827381814
564054,5017323,-30.682469217693935
564054,362994,-30.683540790281725
564054,104500,-30.694480663138457
564054,1302554,-30.697659321294815
564054,3314036,-30.70331492058238
564054,5089068,-30.70331492058238
564054,541155,-30.712959738356002
564054,4657638,-30.715576880408374
564054,3957327,-30.72795413014391
564054,6946084,-30.733539773060826
564054,4657642,-30.746160824130616
564054,1455728,-30.754759432403485
564054,8670566,-30.763837559112407
564054,132545,-30.767301236010205
564054,3957328,-30.77159068611839
564054,7525616,-30.774208651180594
564054,3937227,-30.784436414930838
564054,3583935,-30.806456023302683
564054,362990,-30.831206344956136
564054,2703421,-30.858535844458892
564054,541160,-30.895714983264256
87181,7666831,-17.254444590471255
87181,2986227,-18.64509603287689
87181,6484575,-19.14451888785905
87181,8614359,-19.180679983426643
87181,8614360,-19.2464704063142
87181,8476330,-19.250435294149046
87181,8082516,-19.350262316221105
87181,4632251,-19.5691966949149
87181,123547,-19.625269662814354
87181,5197130,-19.64372450708171
87181,7057928,-20.296287283719728
87181,8522403,-20.346538962987232
87181,742425,-20.527991590826186
87181,3216315,-20.648016610529126
87181,2307979,-20.731344168667874
87181,6774305,-20.73946972874955
87181,4786305,-20.781267605764995
87181,2556144,-20.854818505585918
87181,2530257,-20.874734609007234
87181,7112968,-20.945994032393543
87181,7112964,-20.945994032393543
87181,6969187,-20.95246761622778
87181,6685092,-21.16302504297841
87181,6484578,-21.22137433981957
87181,47212,-21.24141049798658
87181,4689523,-21.265069401134447
87181,5197135,-21.28064215201832
87181,1700168,-21.306377385299005
87181,1902826,-21.481687336874305
87181,6521360,-21.49672433882695
87181,8683181,-21.53634171061172
87181,3914970,-21.545209547729158
87181,47211,-21.64028987801479
87181,4632256,-21.740490745325932
87181,2556149,-21.775905622281208
87181,1692902,-21.884606765117713
87181,8151921,-21.92914392977937
87181,2763490,-22.074839726336755
87181,8534135,-22.123013049494702
87181,6928212,-22.202680708303756
87181,6521366,-22.2511714783146
87181,8332546,-22.293365821543922
87181,47210,-22.397141086594146
87181,921633,-22.428771838017322
87181,8332547,-22.482847193985208
87181,8183981,-22.515821135277598
87181,47207,-22.60386661756574
87181,8165403,-22.678567376490363
87181,8332551,-22.745652227917688
87181,4689525,-22.764047866511046
87181,7666828,-22.7806117346464
87181,1346115,-22.79261024237136
87181,1856235,-22.79261024237136
87181,8151919,-22.819750471105877
87181,8165398,-22.870351768910005
87181,47206,-22.90665834746805
87181,8183982,-23.016238428062515
87181,2530252,-23.067994305186605
87181,1961300,-23.071643682533978
87181,4689524,-23.23680455730164
87181,5197133,-23.287539905633928
87181,47203,-23.31074201197605
87181,8664069,-23.332199390089343
87181,8183977,-23.430184012652084
87181,803955,-23.45254198124488
87181,2596279,-23.489351773009744
87181,8246410,-23.506511516396543
87181,7139898,-23.612455093887338
87181,6262331,-23.719120134270604
87181,4042165,-23.74965531003227
87181,2556150,-23.758725752597496
87181,8542892,-23.897093355102157
87181,8738512,-23.89814845113868
87181,8565420,-23.91480409381831
87181,3423884,-23.936373217209635
87181,47208,-23.94876347817817
87181,2530227,-23.960788483989308
87181,1766470,-24.014946278016826
87181,2345225,-24.023714297523384
87181,7203296,-24.06556928467175
87181,1179100,-24.08424580934505
87181,8165404,-24.110524276323474
87181,8165400,-24.147145457975466
87181,8738510,-24.155283034094115
87181,6407824,-24.207752260637193
87181,8332554,-24.306275348840096
87181,6892383,-24.367977458880674
87181,8683178,-24.36901334319179
87181,6484576,-24.36901334319179
87181,8534130,-24.40764137867748
87181,1992881,-24.414975282022127
87181,6029788,-24.424262524124714
87181,2713030,-24.52918175791694
87181,5497677,-24.573718773595026
87181,123548,-24.592238849551638
87181,7046733,-24.59430526277529
87181,6896088,-24.612597573305525
87181,1519996,-24.61320483396663
87181,3198047,-24.639349449543168
87181,8332555,-24.666475282670877
1116052,8103709,-24.06396544327538
1116052,6764071,-27.097428832291445
1116052,5223711,-27.532326788559143
1116052,8082222,-27.661049753330275
1116052,5223712,-27.765365788456723
1116052,5380826,-27.772332313427874
1116052,577874,-28.305008327716124
1116052,7843939,-28.33318278286505
1116052,2114159,-28.576474278489325
1116052,3528118,-28.752611848169863
1116052,1567399,-28.917081844685313
1116052,4060942,-29.0078552125454
1116052,2239597,-29.32660693020204
1116052,577869,-29.347030449063034
1116052,7581762,-29.35086736001611
1116052,418068,-29.39061552448041
1116052,3948496,-29.394364878636072
1116052,2974712,-29.404579694781965
1116052,1512500,-29.411517417508044
1116052,5447205,-29.421784284772095
1116052,6039813,-29.438059775210437
1116052,2507138,-29.44163023915993
1116052,3948497,-29.520685333823067
1116052,502145,-29.579658337988675
1116052,3948498,-29.582862056036348
1116052,1316628,-29.58552039367568
1116052,6761383,-29.608180358987617
1116052,4561749,-29.60885951722654
1116052,1483537,-29.61180321950098
1116052,6551433,-29.64855595650662
1116052,8625660,-29.65164375274869
1116052,3948495,-29.657183220104386
1116052,7589633,-29.66190137230435
1116052,7846600,-29.667414166299906
1116052,4103885,-29.675980618006434
1116052,5737474,-29.677544484396122
1116052,5654082,-29.684291661968587
1116052,3948494,-29.712483150733927
1116052,8108491,-29.745517584708935
1116052,8108496,-29.745517584708935
1116052,1692005,-29.745517584708935
1116052,7145334,-29.745517584708935
1116052,7161866,-29.745517584708935
1116052,419283,-29.745517584708935
1116052,7498226,-29.745517584708935
1116052,5723873,-29.74868359978885
1116052,5118091,-29.755923451389958
1116052,2114161,-29.760305612206352
1116052,3279204,-29.761609082277296
1116052,7205934,-29.775860961190467
1116052,7162206,-29.778357367622984
1116052,6901054,-29.781831702788146
1116052,8418724,-29.84151963278758
1116052,6894933,-29.86137533237767
1116052,4263160,-29.861389270527916
1116052,2704942,-29.866362664030166
1116052,8453856,-29.866777792005742
1116052,5447207,-29.868412675215286
1116052,1567392,-29.87187247629567
1116052,1386590,-29.885882005747476
1116052,8064893,-29.885882005747476
1116052,3901806,-29.964571333535282
1116052,3710858,-29.99025706612597
1116052,2237804,-30.006010930729026
1116052,2237805,-30.006010930729026
1116052,2494311,-30.006985091476288
1116052,4124951,-30.00889996108805
1116052,3923459,-30.029034893812213
1116052,4042185,-30.029034893812213
1116052,8346865,-30.029034893812213
1116052,891818,-30.087591864772726
1116052,5655211,-30.130251548420617
1116052,511947,-30.136019925091095
1116052,3901804,-30.14019362733596
1116052,891817,-30.148506093556833
1116052,6356344,-30.152936151722635
1116052,4165575,-30.172428811796035
1116052,6039814,-30.188904052236836
1116052,7167119,-30.20077358451732
1116052,1183378,-30.2102670794801
1116052,8706384,-30.216730624883997
1116052,479227,-30.22321417679389
1116052,8638791,-30.225588608214533
1116052,1422091,-30.237119364339154
1116052,891823,-30.239468615384787
1116052,5447448,-30.256152740794537
1116052,376032,-30.270301506105543
1116052,6767035,-30.271298532855855
1116052,1272203,-30.275346499449626
1116052,6933118,-30.29219543647686
1116052,8638788,-30.294953542620988
1116052,5841784,-30.33632139179162
1116052,2729029,-30.35092052924963
1116052,3528109,-30.357618715261623
1116052,8263760,-30.37076569991428
1116052,4691773,-30.381591036106887
1116052,3746032,-30.390506322993673
1116052,3894501,-30.408102095192923
1116052,1891128,-30.417833355428243
1116052,444176,-30.42734578654222
554515,8345486,-25.216251394760757
554515,2943195,-26.300222050212323
554515,8345480,-27.213326382706608
554515,8345484,-27.363191438296543
554515,8345483,-27.54564270425997
554515,8345481,-27.66866568581583
554515,2943201,-27.96844366498847
554515,2421342,-28.237396090277127
554515,8465374,-28.788118616363263
554515,4591314,-29.213492001157366
554515,6416206,-30.410662868083143
554515,3512200,-31.378846605446086
554515,2943197,-32.1984858935191
554515,3872136,-32.384962147149366
554515,1675155,-33.14539768756881
554515,8345479,-33.49489900259378
554515,2421344,-33.61917618561006
554515,8345477,-33.6346510665251
554515,4591318,-33.72892760246746
554515,1182634,-34.16531582844793
554515,6543245,-34.16563138695703
554515,7582216,-34.23708247665802
554515,4410483,-34.31947682937138
554515,3172462,-34.51200671668038
554515,1711644,-34.64225398514124
554515,1182630,-34.85926963070316
554515,6855546,-34.872035663031156
554515,7582215,-34.91140815504096
554515,2943200,-35.367329302696504
554515,8772162,-35.40296773565309
554515,4423589,-35.430896312138636
554515,4591319,-35.5729359330353
554515,2047110,-35.682664530330484
554515,2943196,-35.73627500941653
554515,7200815,-35.903537674130774
554515,7336358,-35.9779645346356
554515,2357051,-36.04812298360514
554515,2049751,-36.10467788767508
554515,165128,-36.13432953175582
554515,4516937,-36.17101954976697
554515,1182635,-36.38205899457073
554515,2943193,-36.414515438794226
554515,388800,-36.528379229646355
554515,520574,-36.667552226821066
554515,5649963,-36.684189034498004
554515,5416478,-36.70193474966287
554515,7890996,-37.20149302179185
554515,4597212,-37.32915741247557
554515,7890995,-37.32915741247557
554515,2980259,-37.40917266854171
554515,5443844,-37.40972881189711
554515,322468,-37.41498456584934
554515,1736622,-37.44385675521765
554515,190326,-37.551387555818884
554515,165131,-37.55600955329057
554515,7269279,-37.66163888081405
554515,7441776,-37.693213432760196
554515,8572488,-37.69485523362056
554515,2064908,-37.75592014497774
554515,3579512,-37.772920399440316
554515,2943198,-37.855223282154114
554515,8667394,-37.87224145772055
554515,2328962,-37.96489087763888
554515,1273965,-37.9913488701297
554515,6755933,-38.01269736446616
554515,8069144,-38.05154063851393
554515,798524,-38.28177986386474
554515,6018915,-38.28987520396376
554515,718041,-38.36650924652541
554515,3341881,-38.36911546395462
554515,8833198,-38.51424812806197
554515,8304130,-38.527766829730325
554515,901549,-38.53257336751696
554515,1813620,-38.599329595562054
554515,2862299,-38.65178133924079
554515,8435452,-38.7712664537509
554515,7890993,-38.77776900540386
554515,977111,-38.782914128384974
554515,7109493,-38.78395954756258
554515,8101379,-38.82096222334443
554515,1584445,-38.821502331284314
554515,2406624,-38.82175681980593
554515,4945804,-38.83563188105357
554515,6689165,-38.84604276444465
554515,455374,-38.86567419974818
554515,3377554,-38.895152851587014
554515,1761422,-38.92511872073681
554515,1308407,-38.92842754673099
554515,2095425,-38.931474760389214
554515,8535547,-38.96751767104733
554515,5533936,-38.97889873267545
554515,5381106,-39.019112706303844
554515,2495667,-39.05130363197473
554515,2072951,-39.05286930407966
554515,3400364,-39.087832914521194
554515,1256206,-39.09019376573685
554515,4846383,-39.113330232942936
554515,2157711,-39.13371734131816
554515,5410684,-39.13371734131816
554515,5665872,-39.176122176102545
443396,456708,-16.526752653280557
443396,4792650,-16.747592391088656
443396,7922077,-17.081232765483154
443396,8079040,-17.1188130745385
443396,8536121,-17.371113272550367
443396,279294,-17.584852924029928
443396,6397543,-17.944278982838497
443396,453706,-17.944278982838497
443396,7620276,-18.040543926492997
443396,7746189,-18.04420367785815
443396,456707,-18.103046187201524
443396,5741221,-18.229245266655013
443396,3746439,-18.288884799247846
443396,4643887,-18.349894862269952
443396,769303,-18.355966562859557
443396,969252,-18.39337403910592
443396,7422742,-18.397399755077096
443396,7256965,-18.410511768260847
443396,8204777,-18.446637042436116
443396,8022343,-18.446637042436116
443396,6827156,-18.447717891766523
443396,6701137,-18.493842531180277
443396,1289940,-18.533023035844447
443396,5538838,-18.53895201843638
443396,8718977,-18.541592774013818
443396,5310878,-18.545229032583464
443396,3038048,-18.56910302599688
443396,1577268,-18.610848827443334
443396,4336498,-18.636459367998228
443396,4057475,-18.636459367998228
443396,5212734,-18.672823449595263
443396,5635124,-18.672823449595263
443396,3501795,-18.68896502748014
443396,7081338,-18.697431521886784
443396,573173,-18.70875202273541
443396,6339713,-18.70875202273541
443396,1411617,-18.736920347807246
443396,4128740,-18.736920347807246
443396,171466,-18.74425539567642
443396,4336500,-18.74425539567642
443396,6973771,-18.74425539567642
443396,4057466,-18.762141388324007
443396,8413373,-18.762141972198172
443396,7986501,-18.76886346796794
443396,7081340,-18.76886346796794
443396,6858533,-18.779197393191975
443396,395172,-18.790976385891145
443396,2094898,-18.800702457604384
443396,5996579,-18.803951587257515
443396,820395,-18.81402598216922
443396,820393,-18.81402598216922
443396,7426267,-18.83863405446074
443396,4379126,-18.83863405446074
443396,1172964,-18.848312069640087
443396,8174933,-18.848312069640087
443396,5905952,-18.848312069640087
443396,8111412,-18.84910458281793
443396,975552,-18.84910458281793
443396,3577882,-18.858148962820877
443396,7170697,-18.861310579556942
443396,2977615,-18.881578829934828
443396,8058577,-18.881578829934828
443396,7967371,-18.88218307196961
443396,302348,-18.88218307196961
443396,990166,-18.882210735401888
443396,4602798,-18.882210735401888
443396,7120246,-18.891658487793798
443396,7793274,-18.891658487793798
443396,2986788,-18.906818807693412
443396,1840155,-18.906818807693412
443396,345100,-18.916974376986005
443396,5603622,-18.933617213718016
443396,260703,-18.935755924169634
443396,8724908,-18.940338709487786
443396,648202,-18.945960109721216
443396,8813268,-18.94888014575602
443396,3577885,-18.94888014575602
443396,4582259,-18.94888014575602
443396,4767005,-18.973488218047542
443396,2902686,-18.981667357352592
443396,8204775,-18.981667357352592
443396,5048839,-19.00450522129483
443396,2452369,-19.006275429644113
443396,7410574,-19.006275429644113
443396,4085829,-19.014100105665236
443396,573169,-19.014100105665236
443396,6668536,-19.014100105665236
443396,1664419,-19.015814136282362
443396,2038000,-19.02683879211922
443396,8079046,-19.02842781907599
443396,598786,-19.031273915682817
443396,6714988,-19.038708177956757
443396,7961685,-19.04618597301548
443396,5048838,-19.049960636356637
443396,1115723,-19.05200219098102
443396,8695913,-19.05608319727878
443396,475813,-19.05608319727878
443396,4582258,-19.077932301007092
443396,6432727,-19.095818877528842
443396,6497076,-19.095818877528842
1123581,4176063,-33.794719535163864
1123581,4536392,-33.94936976894003
1123581,7934232,-34.39761378208233
1123581,7064021,-34.78120883474783
1123581,7064018,-34.92513394714406
1123581,4648017,-35.50267081931074
1123581,8509692,-35.53664239831873
1123581,8410944,-35.604325463163434
1123581,3884635,-35.71700591687331
1123581,3232958,-36.155446993293154
1123581,5053261,-36.26345747917071
1123581,5511173,-36.41717535534739
1123581,365653,-36.5617430463411
1123581,4113208,-36.58890766602581
1123581,2567940,-36.666844547777494
1123581,5959124,-36.734347236823126
1123581,6357063,-36.81238448968157
1123581,2567935,-36.85345192114507
1123581,3911881,-37.00954713817027
1123581,4646966,-37.03004248091367
1123581,3716397,-37.0403419393895
1123581,5153126,-37.04052567304051
1123581,5645115,-37.06452318833989
1123581,6952847,-37.140447022966256
1123581,1778927,-37.21848718124496
1123581,2317848,-37.402753229235536
1123581,6061706,-37.41428413439205
1123581,2523907,-37.42839113180709
1123581,1466510,-37.47052516152825
1123581,70468,-37.48699179799398
1123581,3146135,-37.49249723857893
1123581,3308478,-37.51914512888283
1123581,3458679,-37.54114922149183
1123581,4645466,-37.54587544264968
1123581,4345574,-37.57019492499923
1123581,922274,-37.726491897662754
1123581,3914810,-37.7611614578076
1123581,1303678,-37.81191352701971
1123581,1476698,-37.81299383091446
1123581,4291712,-37.81557835297312
1123581,3540919,-37.81991461799144
1123581,5588094,-37.83683787053712
1123581,4170936,-37.83683787053712
1123581,3232957,-37.944266886541925
1123581,8240508,-37.96019270381884
1123581,7512898,-37.96605266732507
1123581,5975782,-37.99833754434271
1123581,4279660,-38.01664103171386
1123581,659667,-38.02004882206632
1123581,1221458,-38.14898338750695
1123581,8811903,-38.21679330693607
1123581,4675958,-38.2626851298687
1123581,4074934,-38.314159163146726
1123581,5153296,-38.329158185860734
1123581,3096893,-38.36683681298996
1123581,4279553,-38.37235526442903
1123581,6481368,-38.43314459711921
1123581,5625337,-38.43693246387452
1123581,2732144,-38.491383819036756
1123581,6596701,-38.56422548714855
1123581,1303675,-38.81508959114021
1123581,4117178,-38.81857444539464
1123581,5027766,-38.81857444539464
1123581,4121605,-38.833194052802696
1123581,3884637,-38.862871346633014
1123581,8509889,-38.8766660650975
1123581,922277,-38.89719210681399
1123581,7497837,-38.94556842528228
1123581,5220903,-38.96217766975321
1123581,6768859,-39.015432639082505
1123581,5478866,-39.03253002072773
1123581,424614,-39.03645057070709
1123581,6004860,-39.043558170107445
1123581,4291714,-39.043558170107445
1123581,651039,-39.05333901351063
1123581,867060,-39.066559158419274
1123581,4291715,-39.07027092380875
1123581,1303673,-39.10432840703642
1123581,3884638,-39.10432840703642
1123581,8033028,-39.12241027316929
1123581,8559029,-39.12241027316929
1123581,1791636,-39.16010559458066
1123581,5588093,-39.16010559458066
1123581,2728866,-39.171148411800985
1123581,5844974,-39.17330512607595
1123581,8327763,-39.20682015095595
1123581,2317845,-39.21544185113046
1123581,5676641,-39.23944163641853
1123581,1180609,-39.272953709716035
1123581,3666363,-39.33801860794732
1123581,878960,-39.33801860794732
1123581,3544735,-39.37209199065358
1123581,877120,-39.37631163781535
1123581,5829977,-39.37663656181816
1123581,3372298,-39.376674521374795
1123581,7180087,-39.38534813726216
1123581,5303438,-39.4028406035404
1123581,5505324,-39.42375623417212
1123581,3112855,-39.451699344943975
1123581,6441270,-39.47070551264814
714453,3277744,-25.36208791280815
714453,5912909,-26.810625766809494
714453,1965765,-26.861397841068115
714453,3226963,-26.886204176572594
714453,6428126,-27.031206117317424
714453,7667978,-27.207845212032044
714453,3206847,-27.360211901160557
714453,5924526,-27.548987491313795
714453,8537059,-27.623761158589854
714453,7162699,-27.685609376533254
714453,8455841,-27.726632321032035
714453,8430463,-27.72748877896567
714453,7633198,-27.821552403380952
714453,569053,-27.904841592414936
714453,2771893,-27.908635740543083
714453,5087833,-27.961956599951726
714453,78822,-28.074977178522406
714453,6235278,-28.12304394153434
714453,6263180,-28.30116061737794
714453,917670,-28.302100607570875
714453,8837367,-28.34393611512606
714453,7638695,-28.40342792951172
714453,7162695,-28.514182595151812
714453,7581597,-28.56998043306083
714453,6976644,-28.622917119161766
714453,8430459,-28.63336230908748
714453,2437772,-28.63826752870633
714453,8292316,-28.874552367224773
714453,5296666,-28.87838661510345
714453,8584761,-28.90069239294207
714453,6499547,-28.90365264903895
714453,5737413,-29.01393734586789
714453,2198040,-29.096249836201817
714453,2991383,-29.120204082038047
714453,5737420,-29.13394134610791
714453,7401088,-29.173849169516444
714453,6433863,-29.22675397707557
714453,841711,-29.370948061937014
714453,4791311,-29.38770799401032
714453,7981530,-29.431902165565244
714453,2890244,-29.495220282953312
714453,7141880,-29.550886381087114
714453,841710,-29.617364306207143
714453,8113808,-29.75896041631885
714453,8644609,-30.04654555569439
714453,8837370,-30.097589892498306
714453,4355678,-30.17613558830177
714453,3260657,-30.177401241200332
714453,7880570,-30.19740726781984
714453,1451122,-30.237315091228375
714453,2626736,-30.24288768126624
714453,971844,-30.36892464584504
714453,2042525,-30.42238766767625
714453,5737414,-30.425052552376957
714453,280181,-30.429471385228194
714453,4345262,-30.448263434593926
714453,369724,-30.494908109809778
714453,7505877,-30.59446152777842
714453,5659003,-30.67868880419282
714453,5031285,-30.84363469876182
714453,1607412,-30.932007724156595
714453,8475117,-30.96023023438942
714453,6235275,-30.972769911811238
714453,1871459,-31.046042480286978
714453,1607418,-31.176939691278122
714453,4795572,-31.19654741476366
714453,4168233,-31.280979150844193
714453,6235279,-31.394937456698674
714453,6428128,-31.412745184549614
714453,4791459,-31.45829679191223
714453,685012,-31.45829679191223
714453,8452298,-31.522468526612712
714453,530927,-31.567489979296113
714453,4068267,-31.59715859919568
714453,5764815,-31.600198575399933
714453,444836,-31.605467347777555
714453,3226962,-31.750425213578247
714453,5924522,-31.77169672067055
714453,8584763,-31.819110679782877
714453,6283678,-31.822061717834938
714453,7638699,-31.832091066711367
714453,3271697,-31.85672877716061
714453,490201,-31.85800349669442
714453,490198,-31.89129724232992
714453,3206849,-31.916931976311872
714453,1354430,-31.984729307835472
714453,6747834,-32.00167713263956
714453,2045020,-32.00283912321008
714453,6336816,-32.01898573903307
714453,5756965,-32.05879059497403
714453,2025432,-32.063718172443444
714453,967111,-32.113606251823136
714453,4018996,-32.11733755902493
714453,2045028,-32.13767625832243
714453,4479296,-32.195199926766676
714453,971845,-32.211890538740874
714453,7667975,-32.226780110124004
714453,7010266,-32.23093876362271
714453,8379432,-32.24006829198757
714453,7044985,-32.29405543359633
972007,4221450,-29.491528080368756
972007,8011988,-33.47465565042854
972007,4646626,-33.503781674243946
972007,6497816,-34.459216062441996
972007,7258397,-34.50618125131223
972007,8119173,-34.844867690311204
972007,4221455,-34.90158574460207
972007,5269896,-35.58205076437197
972007,8011980,-35.58239129991599
972007,4335551,-35.59101806338765
972007,1230599,-35.71291700155044
972007,2356275,-35.905742882671305
972007,7258398,-36.39109369829441
972007,1152364,-36.551301543705534
972007,5986268,-36.6104953001729
972007,5986262,-36.627568038907334
972007,4688412,-36.71461565968541
972007,5631818,-36.76326470725485
972007,5648250,-36.79619806031287
972007,7892692,-36.80627243630447
972007,4519503,-36.9476913875271
972007,1027580,-37.08630977860035
972007,2356270,-37.09440246803917
972007,4912907,-37.22412271241919
972007,3483826,-37.29067863109861
972007,8218296,-37.30110043251053
972007,8700535,-37.30640182132113
972007,4578581,-37.36366643383374
972007,8700536,-37.375367896422205
972007,6867368,-37.76276759666733
972007,6867372,-37.76276759666733
972007,3751298,-37.822210949432694
972007,7844581,-37.839993379036315
972007,8704416,-37.988410568290966
972007,6484210,-38.03729865210626
972007,8186626,-38.108276358087494
972007,7258400,-38.17198167585049
972007,108101,-38.22899924002793
972007,6142341,-38.27568954117685
972007,555,-38.30861881886985
972007,4688415,-38.32455178613934
972007,4382255,-38.353293921594805
972007,4065494,-38.45442265521301
972007,1587056,-38.52269059995606
972007,3275654,-38.625035812658496
972007,2356276,-38.629322415792906
972007,7682633,-38.65452645904635
972007,2356273,-38.66098362032498
972007,98092,-38.67523556000063
972007,98095,-38.67683654847776
972007,7773175,-38.6812627593521
972007,3751292,-38.74531349556067
972007,4382256,-38.74818319303402
972007,6055142,-38.75622824126667
972007,4076510,-38.79143710686947
972007,4991276,-38.79233392823836
972007,8704419,-38.8402099086159
972007,7258403,-38.875832882344966
972007,7509091,-38.95664968182213
972007,7258399,-38.99367565170735
972007,1958701,-39.09073620612337
972007,2181493,-39.11723566247808
972007,5000052,-39.24488136291324
972007,2463408,-39.278172312188964
972007,8690661,-39.2895431133138
972007,554,-39.32539505039387
972007,5657795,-39.35742340228175
972007,1027578,-39.37398524070291
972007,4469302,-39.38272922083199
972007,1308647,-39.38527108396648
972007,3318399,-39.43294846268701
972007,5269899,-39.455911710351685
972007,4469296,-39.466562558159005
972007,8704421,-39.50909951950943
972007,8186625,-39.51060722938311
972007,8704423,-39.5124027191746
972007,7258395,-39.544349291227135
972007,4203620,-39.59736481949374
972007,2520226,-39.605921345366696
972007,4688416,-39.618997899345366
972007,8704422,-39.65493812782932
972007,3637150,-39.68286397250223
972007,2356268,-39.71220179683789
972007,6210250,-39.71596530535397
972007,2520229,-39.718870092213194
972007,2356274,-39.73240766201228
972007,5986266,-39.75391228729022
972007,6813876,-39.76581567856734
972007,3337713,-39.77992452691826
972007,4991280,-39.78265995786978
972007,921664,-39.83340740904898
972007,8229313,-39.8410092582856
972007,2128541,-39.85603139623798
972007,4603402,-39.85642153697223
972007,8704417,-39.85902141369579
972007,8011981,-39.87129955438079
972007,98094,-39.88391536453292
972007,7518339,-39.89497946318855
972007,3507875,-39.89497946318855
972007,823592,-39.901466015450644
929033,3291619,-20.693718878837725
929033,8194487,-20.75847876489603
929033,8201551,-21.4642450657196
929033,7633901,-21.97445364588257
929033,1926259,-22.157077489550186
929033,3434193,-22.199363106263597
929033,8660590,-22.22416971623301
929033,5521712,-22.446939316591408
929033,4548810,-22.465036992216987
929033,7812256,-22.541672103353413
929033,4548811,-22.597553248692705
929033,5920700,-22.6741281652162
929033,26412,-23.4109201653261
929033,3434188,-23.51898204892925
929033,2946275,-23.521333468451957
929033,5947957,-23.717000356989026
929033,8027434,-23.7778156861325
929033,26413,-23.83237266897716
929033,5300001,-23.894810496892987
929033,8199214,-23.95785262522707
929033,6314115,-23.962452801480868
929033,7277387,-23.98951656489031
929033,1054195,-24.039315834360824
929033,7664729,-24.102994643250437
929033,5920699,-24.13943823779538
929033,5139631,-24.29171878081665
929033,7276715,-24.332678521309383
929033,1484269,-24.40934252782462
929033,4304535,-24.413612650817523
929033,4160393,-24.491410636796957
929033,5300000,-24.49440119481865
929033,5947952,-24.606212272148877
929033,4838707,-24.621462660027873
929033,6787955,-24.662219366102278
929033,64138,-24.6636624031822
929033,8660587,-24.67427474119677
929033,1926254,-24.72572251301693
929033,2465141,-24.77118436166615
929033,1484273,-24.794801438790387
929033,7276711,-24.806641459077873
929033,1484270,-24.83676746507427
929033,1400771,-24.915589290739312
929033,6787951,-24.93150505772989
929033,2694446,-24.94044005769581
929033,5207735,-24.958168206554518
929033,1400768,-25.02687138157662
929033,2946273,-25.02697712545389
929033,5300002,-25.08557501286959
929033,7276713,-25.092764629937413
929033,8660594,-25.116830952686232
929033,1484265,-25.12096315523102
929033,4838708,-25.138245075166072
929033,2237411,-25.14156906328563
929033,5349130,-25.15323812978979
929033,4795507,-25.213301703564046
929033,1484266,-25.22165396377124
929033,26414,-25.226852317794055
929033,5353351,-25.23042374565879
929033,1467975,-25.242029445685823
929033,8660588,-25.251886330553855
929033,1484274,-25.25571109699723
929033,6787952,-25.258418854044145
929033,961794,-25.271453233241754
929033,1926253,-25.273938021664595
929033,4984203,-25.33876552473832
929033,3592036,-25.352381011279583
929033,7276708,-25.409569390331
929033,3140802,-25.451579529980357
929033,3362275,-25.451579529980357
929033,7583328,-25.455049835559656
929033,8618320,-25.471434254748175
929033,5076685,-25.505382630692026
929033,4511714,-25.518238102748946
929033,2465143,-25.53403939352017
929033,8660592,-25.542238120340855
929033,4396802,-25.593002875327628
929033,1926258,-25.606781852683664
929033,64144,-25.701359820957293
929033,2084137,-25.734452127531945
929033,4055746,-25.773369999889482
929033,4094356,-25.83013863865884
929033,3434186,-25.863631160137373
929033,961786,-25.871003538524732
929033,845266,-25.879173920907604
929033,3592038,-25.88195257383657
929033,8618319,-25.89489370028945
929033,2694449,-25.940776869085497
929033,8751546,-25.990596754207083
929033,3250796,-26.00947353775191
929033,1467972,-26.01355325883312
929033,4770197,-26.014380508978867
929033,8683319,-26.01473485921187
929033,8260662,-26.02012247695424
929033,2578981,-26.027562430299298
929033,8660586,-26.027562430299298
929033,4304537,-26.027562430299298
929033,3944427,-26.034248611260114
929033,2128311,-26.043758734912977
929033,64145,-26.06807614713781
929033,7664734,-26.069202950714686
433234,5000064,-13.484705848786982
433234,5842058,-13.714506364506615
433234,104881,-14.675428263810186
433234,3212354,-15.942168215359034
433234,2870580,-15.949038570960695
433234,1621267,-16.24499796173673
433234,6397075,-16.41520185822924
433234,2210356,-16.421719232756086
433234,7262413,-16.450019444723093
433234,3880691,-16.450910430250193
433234,7933975,-16.477750519036643
433234,3146260,-16.490687787430183
433234,6256696,-16.490687787430183
433234,2755160,-16.53017333889538
433234,6538375,-16.55810635498636
433234,7137177,-16.57490178793198
433234,6397074,-16.613909573000583
433234,3555301,-16.648570535287178
433234,4990530,-16.675083132658354
433234,7709217,-16.71204720434469
433234,6397079,-16.727984889202467
433234,3555298,-16.757673467799805
433234,80302,-16.77667694714884
433234,642623,-16.80639456566739
433234,3880695,-16.877843947215656
433234,3555299,-16.884924015315498
433234,8763878,-16.893779834952962
433234,8239396,-16.929017020051347
433234,7838928,-16.992274806243785
433234,7936419,-17.021248611009838
433234,7309296,-17.022414130465307
433234,5937141,-17.04015032746126
433234,7130293,-17.045724109675362
433234,6402441,-17.045724109675362
433234,2085776,-17.046726471045424
433234,6313749,-17.051878021364118
433234,2439174,-17.051878021364118
433234,1342329,-17.051878021364118
433234,5318724,-17.062458576425307
433234,25835,-17.066557454216056
433234,7648782,-17.07200456023183
433234,3415965,-17.0724850862595
433234,6827376,-17.07713800927725
433234,4922524,-17.077588612205385
433234,7561301,-17.10549579019233
433234,3663038,-17.105773698918114
433234,5178735,-17.1234694383607
433234,3685014,-17.16400378529375
433234,1875522,-17.17629401362796
433234,247483,-17.17629401362796
433234,6264698,-17.179710374365936
433234,3588329,-17.197547276131814
433234,7540211,-17.204780205281267
433234,498077,-17.220437337378705
433234,172078,-17.22068824399647
433234,6756859,-17.23391135772885
433234,1323875,-17.2490065863283
433234,3569397,-17.2490065863283
433234,5919383,-17.25901187472655
433234,1854263,-17.25901187472655
433234,6372133,-17.26264696992069
433234,2210360,-17.267697454003155
433234,2210359,-17.273423984195084
433234,424219,-17.278155358212175
433234,1264053,-17.278438125089224
433234,2966961,-17.27991863685643
433234,7821243,-17.280278450481866
433234,3451707,-17.288280399562645
433234,1551599,-17.295696253767254
433234,7561297,-17.297715614892944
433234,3128485,-17.31306566207844
433234,106190,-17.317266132297856
433234,6256695,-17.341377282220122
433234,1535814,-17.345623913212936
433234,7040746,-17.346219162058706
433234,690301,-17.358070501595105
433234,7269303,-17.366807829887
433234,759183,-17.366807829887
433234,498074,-17.366807829887
433234,3653767,-17.37441071720994
433234,3729110,-17.391659109037764
433234,5993131,-17.393255998366836
433234,7838922,-17.4056814655625
433234,6227628,-17.410882298268763
433234,6264691,-17.419309074352537
433234,7309300,-17.42484863373152
433234,8110167,-17.426006564707947
433234,3292671,-17.437095365164385
433234,4358767,-17.437399322117585
433234,441237,-17.446048980785786
433234,6470965,-17.44647374560989
433234,5982313,-17.462224553040933
433234,488165,-17.47116524301944
433234,8579460,-17.472081789320814
433234,5840669,-17.495230410112818
433234,5592359,-17.496123218802733
433234,6256693,-17.498638949280693
433234,6213679,-17.500762041550388
433234,250442,-17.500762041550388
433234,6416250,-17.502602366943034
1121709,8049583,-22.75078643143081
1121709,8049586,-23.179198826964196
1121709,8049585,-23.35483924435543
1121709,8049582,-23.597932173031193
1121709,3423063,-23.696211493755797
1121709,8049584,-24.21347718808112
1121709,3423067,-24.533403203503568
1121709,3423059,-24.727023472864232
1121709,3200100,-26.026117516985753
1121709,4256104,-26.255777871598713
1121709,1752809,-26.705244451580075
1121709,8171653,-26.777121230566735
1121709,8730991,-26.964933798777697
1121709,7590689,-27.139974694740914
1121709,3897030,-27.142283493544426
1121709,1752813,-27.16220190049498
1121709,2940488,-27.2242046859352
1121709,7002616,-27.345756218387486
1121709,3897025,-27.408689294035494
1121709,3145979,-27.501767278868847
1121709,6612660,-27.522330549423273
1121709,3145987,-27.587557664627326
1121709,5611203,-27.651802407248457
1121709,8171656,-27.79511600677293
1121709,3145978,-27.913324365247334
1121709,3015619,-27.967162939920065
1121709,8357463,-28.001534778177717
1121709,5611207,-28.236016970935193
1121709,3897028,-28.388373340166545
1121709,2239280,-28.537729473757167
1121709,5961613,-28.572896124843805
1121709,5611202,-28.963190262680456
1121709,5611206,-28.96517007029536
1121709,5790466,-29.043019994163792
1121709,7503527,-29.378210722570934
1121709,7686607,-29.501738075439096
1121709,5594593,-29.501738075439096
88073,7112950,-30.467796595321047
88073,5553213,-30.9318804960972
88073,748612,-31.04107833720971
88073,1566922,-31.169923581096224
88073,4975524,-31.249359452780045
88073,5444023,-31.251338098873177
88073,290106,-31.339768060367597
88073,1390178,-31.364219850221964
88073,8720919,-31.37823777916389
88073,5542149,-31.442038327000347
88073,847201,-31.53515152197979
88073,5912961,-31.590837036636366
88073,6760592,-31.60922799371512
88073,5501708,-31.666371472833234
88073,2719293,-31.690236675518257
88073,4566730,-31.752577081678485
88073,5932559,-31.765220381176167
88073,658758,-32.1152045061026
88073,8302651,-32.19912812339242
88073,4669332,-32.30553833038266
88073,3792697,-32.350436931675965
88073,1728819,-32.361632590586204
88073,5970673,-32.3717785616164
88073,4780225,-32.38397092249835
88073,2360077,-32.39765381214759
88073,7177886,-32.40821972942804
88073,1980474,-32.4100006603909
88073,1269980,-32.44368755508448
88073,1711965,-32.456083935915515
88073,3189412,-32.4718552932876
88073,5137415,-32.48013595162233
88073,4566726,-32.54948915122982
88073,2373022,-32.59185297872891
88073,4646923,-32.592428713067235
88073,1170721,-32.63611596451097
88073,7334306,-32.692102098012946
88073,4520250,-32.76655701756209
88073,1578367,-32.77313239092361
88073,7170543,-32.82445305690337
88073,3348121,-32.848489594863395
88073,5829116,-32.87707814046061
88073,3792696,-32.950210820625614
88073,4212190,-32.95691373518761
88073,4447214,-33.0311805810339
88073,6699171,-33.21767754259078
88073,3761356,-33.331153170475595
88073,1269978,-33.40774868239028
88073,4905744,-33.66331588047578
88073,462594,-33.66545111300764
88073,3879710,-33.66898912456226
88073,887827,-33.678914774785255
88073,3879712,-33.78096913759887
88073,6549165,-33.811053379637116
88073,389830,-33.8294002271226
88073,41133,-33.886624551281585
88073,4355187,-33.9124093478924
88073,276707,-33.94006635589161
88073,5569144,-33.96358938548731
88073,575156,-33.982177656584994
88073,3192637,-34.058398638847024
88073,3347435,-34.08605140380436
88073,3960089,-34.097958278942215
88073,3879713,-34.13591957152685
88073,2256633,-34.187891025928195
88073,6238778,-34.19051373381261
88073,6062968,-34.245396324012106
88073,4708601,-34.3124709994334
88073,6651381,-34.36183603611937
88073,4883572,-34.37826245244241
88073,6111713,-34.43451574503496
88073,7612735,-34.438225595167296
88073,5250035,-34.521596129596574
88073,3041550,-34.57346359701072
88073,7120570,-34.57738260725524
88073,8760558,-34.582460109056356
88073,1655650,-34.591074622020024
88073,1398174,-34.632431246890576
88073,612953,-34.64632380295295
88073,4883571,-34.66565363766472
88073,6505334,-34.68554524371153
88073,6505335,-34.68554524371153
88073,4708606,-34.68554524371153
88073,944743,-34.714440839598744
88073,7085865,-34.74604365326019
88073,8788508,-34.75680466709784
88073,56269,-34.75680466709784
88073,8526644,-34.77256549303466
88073,7811472,-34.78377277807612
88073,8559287,-34.78392887867646
88073,7936445,-34.78470688113331
88073,7152997,-34.79139278383707
88073,612948,-34.80850018171872
88073,3781099,-34.817047827124455
88073,697335,-34.82721084569561
88073,41131,-34.82815142939573
88073,8570119,-34.84428873528443
88073,2734966,-34.84428873528443
88073,292784,-34.84853626295518
88073,5258310,-34.85396246109621
88073,438714,-34.87323520268202
87452,8819113,-16.002700652118605
87452,8081937,-16.641612151124203
87452,8819114,-16.877133657042037
87452,186939,-18.68753317541104
87452,1642159,-18.923454701330204
87452,7965004,-19.06337326374468
87452,5751686,-19.102971443854166
87452,7965007,-19.181435266951443
87452,6018163,-19.273123081317273
87452,7542008,-19.32603888753234
87452,3732121,-19.363730531577843
87452,8152222,-19.3679088046766
87452,4634899,-19.408934805345357
87452,7843982,-19.5521146648208
87452,8436578,-19.568956143800154
87452,7965011,-19.57250787904345
87452,6018161,-19.574208659395367
87452,1150485,-19.651660379884447
87452,6018160,-19.661255663679572
87452,8819111,-19.689286022892926
87452,4583410,-19.715402642901818
87452,6018167,-19.75915380054763
87452,8819116,-19.765872623473335
87452,3161807,-19.768383549901902
87452,8333919,-19.81237265755994
87452,8436572,-19.84706942742273
87452,6386830,-19.893348511546346
87452,8333912,-19.89769048342011
87452,6018166,-19.962442366424597
87452,7542004,-19.970809209940125
87452,3808783,-20.00945685358707
87452,5280076,-20.012264767861637
87452,8436579,-20.047734657651677
87452,8333921,-20.07232717781359
87452,4872055,-20.12239184155786
87452,6581302,-20.13655202134269
87452,5286924,-20.15638570973791
87452,8081930,-20.166181511652482
87452,1382780,-20.178003169484878
87452,5408101,-20.219029170153632
87452,7843984,-20.254491213330162
87452,1395625,-20.282777473607
87452,2026777,-20.320589622895305
87452,7133328,-20.339641322836382
87452,2205470,-20.354797446669405
87452,8055167,-20.378223315825565
87452,1395633,-20.399995667685136
87452,4404198,-20.399995667685136
87452,5851090,-20.421587399598614
87452,3499427,-20.42880546044242
87452,8152220,-20.451230457074196
87452,8436577,-20.46261340026737
87452,3262989,-20.49500065610144
87452,2624886,-20.49500065610144
87452,3161812,-20.53260449695274
87452,8152225,-20.53260449695274
87452,8436576,-20.532868202519634
87452,6798421,-20.532868202519634
87452,5851095,-20.532915631919618
87452,5732043,-20.54181319637928
87452,7836836,-20.58322555295012
87452,1424429,-20.58322555295012
87452,1176095,-20.61474391103441
87452,5593932,-20.618629317836593
87452,6018169,-20.621035003589448
87452,2389540,-20.622634738722166
87452,3919937,-20.622634738722166
87452,3505336,-20.648141712442857
87452,6050915,-20.702842954627922
87452,7166746,-20.711613724351157
87452,7166751,-20.711613724351157
87452,7166743,-20.711613724351157
87452,88525,-20.726342883259804
87452,5593930,-20.74429410277011
87452,6018168,-20.788899363876595
87452,7836838,-20.825929589294937
87452,3809017,-20.842733923701807
87452,7166749,-20.84277301564312
87452,5836705,-20.847104949832783
87452,4502603,-20.850524255460986
87452,5219890,-20.85885715207199
87452,8812716,-20.86613093270894
87452,5180105,-20.936670698418872
87452,7499676,-20.947069837015473
87452,3809016,-21.05003419516015
87452,8126315,-21.05224495771239
87452,3505332,-21.055272489682626
87452,8838176,-21.087827958999284
87452,180903,-21.102207326063564
87452,4557550,-21.10841608965898
87452,5746165,-21.12976633742258
87452,6018164,-21.14967959016352
87452,8213478,-21.168036174905037
87452,3809018,-21.17041123697321
87452,6145994,-21.192414204680546
87452,5987443,-21.213352039015177
87452,8776987,-21.22371843108313
87452,5296736,-21.22473776201541
87452,2035306,-21.248548296683964
87452,7304538,-21.300049067648583
1005165,8211327,-43.259224271809686
1005165,2095586,-46.447306217884574
1005165,2095590,-47.45626621901831
1005165,1168453,-48.56943132051539
1005165,6226570,-48.679786409272516
1005165,2516023,-49.72132451372896
1005165,4174254,-50.69899772047267
1005165,4174256,-51.072819828793364
1005165,188617,-51.7384724332861
1005165,8722221,-51.78932284638431
1005165,5980173,-51.795753271012416
1005165,5343916,-51.99992956790785
1005165,3314283,-52.41700284067334
1005165,5343908,-52.45362647586718
1005165,8722226,-52.68083128619382
1005165,5205784,-53.2217282338833
1005165,7272760,-53.25954162742859
1005165,5337888,-53.3885035496985
1005165,5465086,-53.418961716771975
1005165,2424152,-53.42981664265702
1005165,5465082,-53.52895942691162
1005165,1453874,-53.59523845289873
1005165,3552101,-53.59523845289873
1005165,2515923,-53.59827137203125
1005165,2515922,-53.72248746175739
1005165,2515807,-53.843747376064144
1005165,2095588,-53.987450758654134
1005165,5337887,-54.003315191542455
1005165,643663,-54.13813226831449
1005165,3552097,-54.227541940845114
1005165,8835991,-54.28282635296085
1005165,6226567,-54.46242138792861
1005165,8211280,-54.46998059087754
1005165,2657978,-54.52486217061438
1005165,4459499,-54.52632057835642
1005165,3451293,-54.56690861136016
1005165,8211329,-54.679431301921646
1005165,860515,-54.69827608368598
1005165,2913846,-54.69827608368598
1005165,7272761,-54.787761885801665
1005165,6330354,-54.79647913186827
1005165,5980171,-54.79975243478935
1005165,5465085,-54.812821359784685
1005165,398993,-54.90661695271441
1005165,4439056,-54.9547426695701
1005165,3334946,-54.98567084854232
1005165,4650258,-55.05937444336557
1005165,7272763,-55.186065043017834
1005165,897617,-55.240767415580606
1005165,5285624,-55.241088037520704
1005165,8565565,-55.241431591260074
1005165,860517,-55.30737209305691
1005165,692296,-55.31877457954536
1005165,5285621,-55.530211028068074
1005165,467859,-55.553640323099934
1005165,5285626,-55.564581800638265
1005165,1025859,-55.57036357121403
1005165,2657979,-55.604720949817384
1005165,5337892,-55.62025939475346
1005165,6279036,-55.624411566448295
1005165,4174258,-55.66672143689855
1005165,2515803,-55.6937281715404
1005165,6279037,-55.70809406315346
1005165,2515926,-55.7495310749902
1005165,4650260,-55.79419396324434
1005165,6330356,-55.86160677641894
1005165,2095585,-55.91389335788099
1005165,7272764,-55.93216137343628
1005165,2657980,-55.93690682387383
1005165,2448103,-55.94931694851019
1005165,2144664,-55.956586468040015
1005165,2144657,-55.956586468040015
1005165,7272766,-55.97707822470614
1005165,8211282,-55.99486546020719
1005165,4719713,-56.014396768996974
1005165,2643832,-56.035721567521875
1005165,5337886,-56.07451826499323
1005165,1714067,-56.13252876791779
1005165,897619,-56.14309969590118
1005165,4650253,-56.15410106944836
1005165,643666,-56.19022297454205
1005165,7272768,-56.244623410541365
1005165,5938849,-56.25418817167322
1005165,5337894,-56.309689975482264
1005165,860512,-56.32223295419088
1005165,8722220,-56.357734718320316
1005165,8213528,-56.5936598445907
1005165,2448108,-56.600183748497074
1005165,5337891,-56.60842232936482
1005165,5465083,-56.6519188675714
1005165,2448101,-56.67712959069573
1005165,2571427,-56.69482928300596
1005165,8428897,-56.826815874763724
1005165,6330355,-56.84621955070282
1005165,2515801,-56.8574664142927
1005165,3474953,-56.88419358994886
1005165,5503494,-56.93714348413304
1005165,5337889,-57.02175724037273
1005165,7880506,-57.03908163947796
1005165,2318980,-57.05290264564636
1133249,8346450,-13.329696414060047
1133249,3019349,-14.227668294173803
1133249,7566545,-14.446347066209885
1133249,3433412,-14.530744238421505
1133249,2898966,-15.01240074092326
1133249,7462407,-15.096536005185193
1133249,4591414,-15.124382153882099
1133249,8603217,-15.129112696746859
1133249,1074202,-15.156556084565208
1133249,3698411,-15.188944736084146
1133249,8807065,-15.250148380094565
1133249,4503308,-15.301305800393655
1133249,7167894,-15.409885657335376
1133249,4203252,-15.482882560480077
1133249,2706887,-15.490312275693885
1133249,1854477,-15.525571906605062
1133249,1487943,-15.572203048718631
1133249,2898961,-15.699142722120808
1133249,7300200,-15.70484714835432
1133249,5243845,-15.738019060645566
1133249,4506468,-15.914507553883166
1133249,3682213,-15.995113158748989
1133249,3321090,-16.01678884640392
1133249,6906454,-16.021844634970883
1133249,2546837,-16.049119907723377
1133249,6906461,-16.059759610789058
1133249,29800,-16.16432185731905
1133249,8346561,-16.262422393875884
1133249,8726286,-16.35079702791877
1133249,3706041,-16.493255664358472
1133249,6437809,-16.50644664478853
1133249,8825905,-16.52323338659367
1133249,8346564,-16.523274815250865
1133249,2930257,-16.547277399304082
1133249,3026633,-16.701161769700708
1133249,7462409,-16.73220557524315
1133249,2655366,-16.776295306467986
1133249,7226761,-16.922803546092727
1133249,524756,-16.947429019905304
1133249,7462405,-16.947790494090743
1133249,4049449,-16.94916437507343
1133249,7392889,-16.96611575963028
1133249,8807060,-16.999315345862136
1133249,524754,-17.154194902132495
1133249,4849928,-17.17346081089414
1133249,2204619,-17.17818407354165
1133249,6491302,-17.183565721914764
1133249,8090732,-17.1887172998672
1133249,4849933,-17.216347705441255
1133249,2611859,-17.24304644227255
1133249,3321094,-17.26796132478489
1133249,3396444,-17.272710178139427
1133249,2930255,-17.33056830944836
1133249,5705062,-17.39487954794187
1133249,360703,-17.39850125862307
1133249,1993958,-17.428110727173145
1133249,4916606,-17.449283389927533
1133249,7040041,-17.46145767762599
1133249,3945548,-17.559068436884488
1133249,4942899,-17.57963026215129
1133249,6526778,-17.610911337699626
1133249,8833369,-17.620470359809772
1133249,2667385,-17.628589090384608
1133249,3396446,-17.650609423789554
1133249,6605771,-17.654017028398442
1133249,5832135,-17.667622411455287
1133249,5915735,-17.684502055149196
1133249,8051083,-17.720164033436248
1133249,1522297,-17.79845717766809
1133249,8825907,-17.802042606583736
1133249,7718246,-17.804622313991707
1133249,4005458,-17.811238203563995
1133249,7117722,-17.8158376513685
1133249,4883125,-17.855144998031545
1133249,4883129,-17.855144998031545
1133249,595715,-17.8649260547392
1133249,5371451,-17.873615679868873
1133249,114962,-17.882443103867608
1133249,2181690,-17.88456404409392
1133249,5922742,-17.919574488892202
1133249,7462411,-17.923041204443745
1133249,6289210,-17.930452235327277
1133249,524750,-17.969442102024423
1133249,7462412,-17.972281064258922
1133249,5367981,-17.987986038900978
1133249,712642,-18.008015573985006
1133249,7478820,-18.01373221240111
1133249,5367986,-18.031086976050105
1133249,6173284,-18.031086976050105
1133249,1266035,-18.036285515543554
1133249,5438930,-18.044731606188265
1133249,2524442,-18.057337920477835
1133249,5915733,-18.057829814318076
1133249,6553568,-18.058234299525235
1133249,2655365,-18.067196548085697
1133249,5174820,-18.068426825261184
1133249,4504381,-18.072593103477313
1133249,7392886,-18.072593103477313
1133249,758452,-18.088827563597867
1133249,3706042,-18.10188339837178
953067,3646159,-27.47052994800635
953067,3646162,-27.718723200223394
953067,7109632,-27.766740521349462
953067,6251817,-27.88918351875051
953067,1252243,-27.903882645117523
953067,2766309,-27.954459645331447
953067,7109633,-27.959415549506524
953067,7060025,-28.12359350831606
953067,421708,-28.76919216946957
953067,7109639,-28.832342543927496
953067,6656000,-28.861299423457982
953067,3261691,-28.88178203145819
953067,5332276,-28.930977434507508
953067,7109636,-29.049976653417716
953067,6656001,-29.203993027532924
953067,3276503,-29.22644467622682
953067,8748785,-29.26725379172814
953067,1620992,-29.32098175090244
953067,6251808,-29.329964154325616
953067,2546085,-29.366092357272944
953067,3364845,-29.385519636793973
953067,8748783,-29.402178241619147
953067,6251809,-29.429256599269312
953067,3098564,-29.465940596713317
953067,6655993,-29.572545531452
953067,4809005,-29.62516846813267
953067,2439542,-29.6428775435952
953067,7449816,-29.841869672060987
953067,8332494,-29.900462356771566
953067,6457238,-29.911361687332956
953067,671236,-30.03132304253179
953067,8748784,-30.154055297355512
953067,8748782,-30.268235797907355
953067,8332486,-30.551233965288496
953067,6775081,-30.58387026503984
953067,8653966,-30.616177265861243
953067,6655994,-30.672969927282967
953067,4741333,-30.72657931628548
953067,5564945,-30.75248432893844
953067,6457237,-30.85165966542776
953067,4868307,-31.131854935279538
953067,8653964,-31.140486423073064
953067,1878790,-31.152906184558688
953067,6655995,-31.16818567821102
953067,4868308,-31.465251278204313
953067,3206292,-31.51533137691752
953067,1631823,-31.642793528249516
953067,1631822,-31.699473999877856
953067,6546495,-31.704544726934596
953067,3804911,-31.74123233818532
953067,6775083,-31.754361227018016
953067,3646158,-31.757188487846882
953067,5744635,-31.79608663365338
953067,183895,-31.91408373754646
953067,6405694,-31.96951663196003
953067,41826,-32.03075797525982
953067,5988576,-32.0536570052329
953067,6251813,-32.06262973226267
953067,6649957,-32.1084429627516
953067,6811290,-32.12813537199817
953067,4255738,-32.1668042764394
953067,2684908,-32.24059957608394
953067,7025003,-32.30855320608284
953067,408193,-32.31610086671225
953067,764101,-32.33819517901479
953067,6775085,-32.37699362913349
953067,8473623,-32.39868568254235
953067,1376012,-32.42945704059784
953067,1855855,-32.4910321339254
953067,6775084,-32.496280986307895
953067,5332281,-32.50009437288405
953067,6655997,-32.547927310364955
953067,1137577,-32.587425003624574
953067,6923510,-32.61249636052608
953067,6838432,-32.62106227273283
953067,6838435,-32.62106227273283
953067,6649953,-32.62492945457034
953067,6655998,-32.63742071119864
953067,4229194,-32.67363483680702
953067,5210520,-32.69737452505733
953067,7532165,-32.70970990389448
953067,7197727,-32.77619072426347
953067,4892773,-32.78130616059169
953067,4536814,-32.8169117492988
953067,2421782,-32.82091871876634
953067,1631829,-32.826835453504195
953067,6251811,-32.836898833070464
953067,7030522,-32.852821882069385
953067,6655996,-32.8624667826586
953067,8111091,-32.87140687373976
953067,5349303,-32.89056905585421
953067,6811287,-32.893779946132
953067,6546498,-32.93811772951914
953067,7955724,-32.950464606871336
953067,482768,-33.02859685164832
953067,6994132,-33.03762421707263
953067,2608389,-33.04413060073348
953067,3646163,-33.06059354744612
953067,1772455,-33.09735250790931
953067,7838371,-33.10971396224629
101169,8408327,-14.86184335038607
101169,2194351,-14.96495448861231
101169,7381743,-15.499698396450587
101169,4535875,-15.6303197208422
101169,2194348,-15.6303197208422
101169,7381742,-15.720749111150784
101169,3353296,-16.105651182414594
101169,6243304,-16.137759606835573
101169,2194347,-16.16721938771604
101169,3710040,-16.36021028400069
101169,1648336,-16.362252858309425
101169,803905,-16.384360619467174
101169,1510217,-16.388492338936725
101169,1961313,-16.4473995468237
101169,5829188,-16.46345459785323
101169,268396,-16.499902413387122
101169,1510210,-16.591581640430416
101169,6270046,-16.598545140622388
101169,268390,-16.776409868549173
101169,1648335,-16.805778874361867
101169,2527316,-16.825010248851793
101169,4544586,-16.925737006102885
101169,4577683,-16.97740825680236
101169,6751533,-16.998725528686727
101169,1648334,-17.01032835573422
101169,8621280,-17.10210397112779
101169,1909118,-17.147853708187057
101169,1002426,-17.1696548211401
101169,2478981,-17.173473247606264
101169,4194383,-17.264750811787575
101169,8030623,-17.410980589492603
101169,545834,-17.42840803788715
101169,4743118,-17.43409067031437
101169,4743111,-17.4702864401405
101169,6270049,-17.49364407830041
101169,5110296,-17.512140841274505
101169,8263699,-17.51730058502599
101169,2802877,-17.54579876019084
101169,2802879,-17.5667786849799
101169,6677589,-17.590766661829523
101169,4779750,-17.62918275039334
101169,5749077,-17.72652128153016
101169,8263692,-17.752856895241
101169,4941249,-17.78124144917911
101169,6441333,-17.79130324532999
101169,2053513,-17.82182395016455
101169,5670264,-17.87012347136981
101169,5878883,-17.916944682124058
101169,5878881,-17.920849955585407
101169,1663153,-17.931299488937434
101169,2527313,-17.97573496608613
101169,3423265,-17.976842924297106
101169,1706143,-17.99311802157895
101169,8710099,-18.015421603529198
101169,6441329,-18.023473222097223
101169,5670265,-18.023757508204273
101169,8621279,-18.10651754401163
101169,8263693,-18.115116566151823
101169,4194382,-18.12085946578854
101169,4743116,-18.124350311156142
101169,3710990,-18.124350311156142
101169,1165446,-18.16122271973532
101169,6441330,-18.19185669762128
101169,3161733,-18.20879168972791
101169,3710991,-18.21526331546637
101169,7324467,-18.217050124227367
101169,3710992,-18.22853629764489
101169,5670261,-18.23158204138043
101169,648913,-18.23158204138043
101169,1648339,-18.232689571338526
101169,2527738,-18.250450769435503
101169,2711277,-18.255859371956916
101169,1594132,-18.272604394969697
101169,5570173,-18.30979926473397
101169,1165440,-18.319035560463014
101169,5670262,-18.348895356587544
101169,6443555,-18.370434628817108
101169,6622672,-18.38800228002197
101169,8263698,-18.392139021004407
101169,4194379,-18.403574442868535
101169,4074847,-18.41829908810279
101169,6441336,-18.43057281516031
101169,4194384,-18.441739002242088
101169,4600453,-18.472434690271463
101169,2802876,-18.508078507562246
101169,5878886,-18.55671686628201
101169,5276951,-18.5735239303108
101169,2802880,-18.57414763473475
101169,2527317,-18.619567432772136
101169,5878878,-18.636690261111013
101169,8024473,-18.689215028283108
101169,308289,-18.700593105201943
101169,1161027,-18.713195787385803
101169,1161023,-18.713195787385803
101169,6017538,-18.7152730749704
101169,1505683,-18.722223115756417
101169,1165441,-18.72845032578383
101169,4194386,-18.730780525454076
101169,1648331,-18.751889392844873
101169,3211618,-18.7679463694327
855410,8651771,-24.643251173360568
855410,8651776,-26.700090094073452
855410,8651770,-27.262248990402043
855410,8651772,-27.438995406554955
855410,8651775,-27.80173639724036
1121276,8053899,-15.387870049562354
1121276,8053893,-18.99497748713428
1121276,5594668,-19.934161150892024
1121276,3519772,-19.966417550683975
1121276,7132269,-20.02111394064176
1121276,1459366,-20.173692199736912
1121276,7011499,-20.599213813971204
1121276,1501659,-20.647403525852184
1121276,442171,-20.744664909763582
1121276,3287213,-20.75560756520504
1121276,293357,-20.92650285986009
1121276,1199395,-21.079744442025415
1121276,7269993,-21.30381089133502
1121276,5494370,-21.311310516007886
1121276,1660162,-21.371814968995828
1121276,1660157,-21.371814968995828
1121276,1660161,-21.371814968995828
1121276,5494374,-21.371814968995828
1121276,8547889,-21.393748109214556
1121276,6602513,-21.41068983825998
1121276,1548310,-21.41650817138833
1121276,1548307,-21.41650817138833
1121276,1548303,-21.41650817138833
1121276,7519426,-21.439418394329927
1121276,7519427,-21.439418394329927
1121276,7519431,-21.439418394329927
1121276,5494376,-21.439418394329927
1121276,7504280,-21.439418394329927
1121276,1660160,-21.439418394329927
1121276,1660156,-21.439418394329927
1121276,7504275,-21.439418394329927
1121276,7519428,-21.439418394329927
1121276,6602520,-21.457473997312746
1121276,8719208,-21.460647969485123
1121276,7504277,-21.488498764697184
1121276,5494371,-21.492559578400858
1121276,8273507,-21.498937855093047
1121276,6711261,-21.52874986631251
1121276,1548308,-21.53698420682656
1121276,1660158,-21.584888971013427
1121276,5494369,-21.595604951897396
1121276,1548305,-21.638045134729783
1121276,7519422,-21.674738462722672
1121276,1660159,-21.674738462722672
1121276,8055659,-21.724351751991662
1121276,8622639,-21.731389450087825
1121276,4720097,-21.73483091146263
1121276,8053891,-21.78692740073506
1121276,962934,-21.857049665152154
1121276,4861400,-21.99877923036731
1121276,922155,-22.011261817466966
1121276,922157,-22.056460038482705
1121276,6711263,-22.068035048566436
1121276,922152,-22.14449517262578
1121276,534902,-22.1681990282162
1121276,4130946,-22.1681990282162
1121276,376918,-22.27100371724285
1121276,534901,-22.34793994333368
1121276,1678127,-22.370773959491224
1121276,7640263,-22.38598227607636
1121276,1678128,-22.41985432985848
1121276,534907,-22.470946847989843
1121276,2211572,-22.50929181841186
1121276,6971352,-22.523043922636774
1121276,3229243,-22.573124019000097
1121276,8826621,-22.62403005772729
1121276,4130940,-22.628456976692114
1121276,8053896,-22.68386310410234
1121276,1767215,-22.68899997925921
1121276,5770596,-22.70177204786431
1121276,248379,-22.728771264058867
1121276,1767211,-22.72960946511528
1121276,2201349,-22.744619506540026
1121276,7318354,-22.74752281973003
1121276,51764,-22.786174594320542
1121276,6711266,-22.869593274917747
1121276,4720100,-22.880131648997626
1121276,4130944,-22.882696747967806
1121276,2847519,-22.89144326538303
1121276,317275,-22.895376674202467
1121276,4782540,-22.895666598491523
1121276,8560885,-22.966156469881483
1121276,5865578,-22.974248046975667
1121276,6540412,-22.98527255404089
1121276,155255,-22.98589192034716
1121276,5271643,-23.032699451556475
1121276,5271640,-23.044256161625633
1121276,388969,-23.044460056417908
1121276,3643778,-23.04941733631144
1121276,2045234,-23.04941733631144
1121276,6472636,-23.073292761690062
1121276,8343138,-23.073292761690062
1121276,7113371,-23.091302535780624
1121276,1419401,-23.15429287829316
1121276,4782543,-23.1651417973846
1121276,4186969,-23.210365237839355
1121276,3786698,-23.219144559718906
1121276,4979357,-23.219144559718906
1121276,8055658,-23.242216364399155
1121276,8055664,-23.242714604855543
1114646,8117094,-23.666299579104702
1114646,2911040,-26.424494637075163
1114646,4270203,-26.894632584975607
1114646,4908869,-27.126059020927563
1114646,4438502,-27.13459523081778
1114646,4908870,-27.166875574123363
1114646,4453440,-27.17708726299343
1114646,3184851,-27.26573587739503
1114646,5640856,-27.27648781574871
1114646,8825558,-27.329134812660314
1114646,3699874,-27.406083987142292
1114646,4656404,-27.41821016246874
1114646,4656405,-27.41821016246874
1114646,7174016,-27.56482747871519
1114646,4776382,-27.612712715742845
1114646,5640859,-27.637345240427106
1114646,6704400,-27.686591403387283
1114646,3184850,-27.726469952916464
1114646,2676807,-27.970496599102812
1114646,5279567,-28.064551787358994
1114646,153138,-28.078164831072904
1114646,1864741,-28.127242292101563
1114646,6704401,-28.17049868279441
1114646,7984234,-28.266025196302376
1114646,7950140,-28.30576644374443
1114646,898854,-28.407895416778587
1114646,8117093,-28.410653319590708
1114646,6501323,-28.455926812074324
1114646,509101,-28.467543561564064
1114646,7012106,-28.48196067572302
1114646,579554,-28.49044516672305
1114646,8181051,-28.499749916723424
1114646,771368,-28.567769416257434
1114646,2505776,-28.6020086615817
1114646,5041692,-28.6730364622466
1114646,444375,-28.67919320998952
1114646,2647994,-28.67982260889625
1114646,3467664,-28.731455675812434
1114646,7196961,-28.795255136854614
1114646,8714217,-28.848918230209193
1114646,8117088,-28.939048878805178
1114646,8117095,-28.961381242021552
1114646,4332918,-28.989810736125268
1114646,6168449,-28.995836077310212
1114646,6348309,-29.072496925945106
1114646,5602954,-29.14328176521734
1114646,8117087,-29.144471378021205
1114646,820573,-29.158706971536407
1114646,4427082,-29.15987274089136
1114646,4577147,-29.206346522501292
1114646,8391055,-29.217202783347542
1114646,3614079,-29.217202783347542
1114646,3625056,-29.217202783347542
1114646,2840595,-29.217202783347542
1114646,2879828,-29.217202783347542
1114646,7575866,-29.217202783347542
1114646,410911,-29.217202783347542
1114646,1102979,-29.217202783347542
1114646,7586700,-29.217202783347542
1114646,8340579,-29.217202783347542
1114646,904870,-29.217202783347542
1114646,7018539,-29.217202783347542
1114646,4327099,-29.22465131689063
1114646,4603841,-29.23783410066095
1114646,1544838,-29.250149844208096
1114646,6669229,-29.271871297815473
1114646,7317618,-29.27931538334033
1114646,2608559,-29.27931538334033
1114646,5507534,-29.27931538334033
1114646,7196956,-29.30308749912195
1114646,5661840,-29.308034916053135
1114646,1760178,-29.31357959392966
1114646,5558261,-29.3406658462994
1114646,3558322,-29.3406658462994
1114646,4329090,-29.3406658462994
1114646,2910558,-29.35584544976119
1114646,1597713,-29.360226268804794
1114646,4479459,-29.366087533561604
1114646,7931529,-29.398155826908877
1114646,5191493,-29.401272648961122
1114646,8120447,-29.401272648961122
1114646,5569142,-29.402491204849163
1114646,4314094,-29.40250062807158
1114646,3608313,-29.416903949251928
1114646,1240998,-29.45593269936846
1114646,5558259,-29.461153604194703
1114646,3286152,-29.461153604194703
1114646,8486192,-29.461153604194703
1114646,8117092,-29.462159025308054
1114646,2911039,-29.470700959315174
1114646,5279669,-29.472590548065085
1114646,444382,-29.49344048855377
1114646,1884059,-29.49544064414538
1114646,2016858,-29.499760399352635
1114646,2190458,-29.499760399352635
1114646,3422947,-29.519242121331327
1114646,4867765,-29.562408175274243
1114646,4460731,-29.564133224036834
1114646,759606,-29.578806091245667
1114646,3664749,-29.582633242234756
19335,8635981,-16.935067164360106
19335,7267248,-18.76417282160697
19335,5078867,-20.138594118587537
19335,3683653,-20.28201408047537
19335,527698,-20.328910270578692
19335,3260688,-20.708548949236636
19335,5711213,-21.080075380058666
19335,1958102,-21.08185219019883
19335,354219,-21.817148226766648
19335,1958100,-21.85632053809271
19335,3366913,-21.894332816857474
19335,1577636,-21.967197830821963
19335,3656967,-21.9785464536488
19335,7009818,-22.01073983500733
19335,2966377,-22.01344904193669
19335,5365657,-22.0184324711522
19335,3366911,-22.019997601790987
19335,736391,-22.019997601790987
19335,8120473,-22.0304368494436
19335,8209494,-22.050635663170155
19335,429852,-22.05737443832356
19335,5459549,-22.068727566097177
19335,7954314,-22.07823264767145
19335,772232,-22.08282904452868
19335,5829205,-22.108287245495536
19335,1720395,-22.12959771064115
19335,8782570,-22.143118372459455
19335,1906594,-22.15737964714523
19335,416990,-22.170119133944297
19335,1720389,-22.174795931656885
19335,7954313,-22.196593469905963
19335,7886000,-22.201252030964344
19335,7954315,-22.201252030964344
19335,8120477,-22.202736719247135
19335,8107928,-22.20867934343666
19335,2304006,-22.225270545194107
19335,4856832,-22.232856892599823
19335,2699656,-22.24169571739034
19335,2610812,-22.247612408592513
19335,3714132,-22.278963973871626
19335,501588,-22.286153499711702
19335,1967031,-22.290967392828293
19335,771851,-22.29564617397708
19335,6902383,-22.300958668437296
19335,3909640,-22.317030209023354
19335,7206430,-22.32497718266706
19335,7868947,-22.33363722947637
19335,4955678,-22.33381343188931
19335,920924,-22.342472851692584
19335,566655,-22.369434869314706
19335,7013943,-22.374396656014756
19335,6784591,-22.375965666798514
19335,5293908,-22.378692636098364
19335,8204084,-22.40970127104881
19335,4955681,-22.413790774256633
19335,6369174,-22.417920311444085
19335,5668548,-22.424330400465998
19335,1363067,-22.42498239148873
19335,6487783,-22.431536779735847
19335,7732917,-22.43508466382647
19335,4430097,-22.44632094936087
19335,946392,-22.44632094936087
19335,6510257,-22.450044247626224
19335,8107929,-22.450044247626224
19335,5835775,-22.460574933309395
19335,8677296,-22.468133967582016
19335,8175521,-22.46880732288603
19335,8119035,-22.471017154146477
19335,993676,-22.48654521669403
19335,7778619,-22.488311702578425
19335,3058990,-22.4889302863683
19335,4480947,-22.498529689755603
19335,7332885,-22.50032801507864
19335,5692842,-22.512948800598064
19335,1720388,-22.513724752838534
19335,2053766,-22.532061744930616
19335,2054990,-22.533855114187954
19335,3063551,-22.536263155003336
19335,3131245,-22.538279332793103
19335,4486321,-22.541159361079576
19335,3559596,-22.546434453942464
19335,6773977,-22.548381928221023
19335,1335679,-22.5581470216138
19335,1572913,-22.560120367410615
19335,6568700,-22.567502758835193
19335,7146124,-22.570452968172226
19335,467055,-22.581060489260093
19335,7787893,-22.581138844348718
19335,8725335,-22.58234055631734
19335,1455057,-22.589244062003417
19335,1902332,-22.589244062003417
19335,4480942,-22.606190354876027
19335,997156,-22.616559407036053
19335,4095467,-22.61859701873931
19335,7158441,-22.61927925825117
19335,958928,-22.62366537160879
19335,7278403,-22.633056086580936
19335,8209496,-22.64055644358324
19335,7367407,-22.643184910257645
19335,7545935,-22.664574957813002
789700,6939903,-10.511526680831832
789700,4273580,-12.23576911648163
789700,1437501,-12.866246317387606
789700,4273589,-14.171213259596769
789700,7301424,-14.270998462659943
789700,6939905,-14.366741375362409
789700,8197220,-14.705116011249798
789700,6939898,-14.705162725182838
789700,6834597,-14.832841568439227
789700,6939899,-14.863929929545865
789700,6834593,-14.90072069793855
789700,4273582,-14.902902935718993
789700,338319,-14.935643433382523
789700,6834592,-14.96879294194228
789700,6939904,-15.034012901851495
789700,6834598,-15.052934197442978
789700,6939901,-15.052934197442978
789700,6834594,-15.125226852180159
789700,1698200,-15.230500811613968
789700,4273584,-15.264786899084838
789700,6834590,-15.339279402039708
789700,4273583,-15.39814218679734
789700,6834595,-15.411875623716167
789700,6834596,-15.436585229299169
789700,1260652,-15.468331557290778
789700,4273587,-15.49440713045184
789700,4273585,-15.49440713045184
789700,6834599,-15.499745456892665
789700,3272322,-15.525821030053727
789700,4492312,-15.556909391160367
789700,698486,-15.608023901504723
789700,768317,-15.618136006053987
789700,1533753,-15.618136006053987
789700,1590503,-15.61837787852875
789700,8598565,-15.7921307406336
789700,6939902,-15.82309373798642
789700,1563909,-15.827634113574607
789700,4273588,-15.965589453300076
789700,1590507,-16.015296227672643
789700,1260650,-16.065046075250777
789700,1142252,-16.065046075250777
789700,302463,-16.152038757707018
789700,8829257,-16.16131101890528
789700,1563907,-16.16131101890528
789700,8829258,-16.192724918507167
789700,8299302,-16.223813279613804
789700,6834591,-16.25458278011537
789700,7639308,-16.285039894507428
789700,5471744,-16.374598783956472
789700,8302630,-16.374598783956472
47923,8348762,-28.3048817762818
47923,1868437,-30.55256488517943
47923,8418683,-32.00634983596768
47923,6241150,-32.91997886178477
47923,1681336,-32.959750976459866
47923,5417582,-33.022199763091926
47923,6241152,-33.2823884760334
47923,1681334,-33.467847779106236
47923,6241147,-33.636533193033664
47923,1868438,-33.71921568802644
47923,99926,-34.36739210779672
47923,618556,-34.4951382548777
47923,2569321,-34.56354135642478
47923,5032362,-34.625377414786925
47923,4297620,-34.72111748848814
47923,1960681,-34.75713520987898
47923,3438013,-35.015769680578046
47923,7914498,-35.20098780536786
47923,6919836,-35.226962141904565
47923,4202490,-35.37729062915265
47923,6643066,-35.477170737939446
47923,2135499,-35.61670209790037
47923,5586331,-35.71861171639064
47923,611017,-35.727814111305854
47923,5147526,-35.78635956217246
47923,727614,-35.915154636691156
47923,8418679,-35.995340090667035
47923,1023866,-36.0858300478016
47923,3719511,-36.13412285429894
47923,611018,-36.17885516701739
47923,5147529,-36.23232186229402
47923,1023864,-36.237573692905976
47923,5417584,-36.241047468365416
47923,3348838,-36.38411820674385
47923,5032364,-36.44383179530786
47923,1681332,-36.44383179530786
47923,8619126,-36.450530015984285
47923,6176198,-36.54117075990139
47923,264754,-36.54117075990139
47923,436332,-36.58049206306805
47923,953306,-36.58621947774965
47923,3217351,-36.614037118757125
47923,8418678,-36.62210550688167
47923,6244013,-36.66803321899204
47923,99928,-36.6822215258283
47923,4140319,-36.6822215258283
47923,3348834,-36.73463680768758
47923,5147527,-36.77825898328
47923,8619129,-36.7852170793799
47923,473809,-37.02681428602975
47923,3217354,-37.06995256062466
47923,2831044,-37.18795503085805
47923,5417580,-37.21323199550892
47923,3784249,-37.27678469245539
47923,6241151,-37.31744084548004
47923,2838662,-37.40321783416259
47923,1827452,-37.476438192654506
47923,1868442,-37.5486706440651
47923,1964653,-37.61332149236165
47923,4046927,-37.66762050548115
47923,3772540,-37.66762050548115
47923,7644552,-37.84831946499553
47923,3832224,-37.9834829063937
47923,8418681,-38.06058585287063
47923,7081673,-38.09848615864016
47923,1161940,-38.2129152177752
47923,3246975,-38.38669066057745
47923,8641107,-38.492199129130434
47923,6213241,-38.49598247188737
47923,6213242,-38.529540235298946
47923,1892040,-38.651895257358746
47923,8200714,-38.75255380696996
47923,1488916,-38.79706952827775
47923,1296110,-38.90875892251523
47923,611271,-38.9983883797635
47923,3883233,-39.04988110073617
47923,2148997,-39.16489148902795
47923,2235638,-39.27240352520423
47923,169255,-39.31269283915635
47923,7417272,-39.351818245616776
47923,8510171,-39.37828738460623
47923,3883232,-39.52403715756202
47923,8641104,-39.52716208466915
47923,473807,-39.52716208466915
47923,6241153,-39.60121233768146
47923,8625734,-39.62290913832382
47923,3978158,-39.63179237469065
47923,1681331,-39.662126566465574
47923,284591,-39.72215630649518
47923,4991357,-39.76240602637842
47923,1354790,-39.775532233873676
47923,84017,-39.775532233873676
47923,2655670,-39.82415880833618
47923,1346412,-39.88770002318614
47923,6089359,-39.90424682845363
47923,6672697,-39.93189085839826
47923,5014461,-39.93189085839826
47923,8659158,-39.9414581372724
47923,3046562,-40.00441336882743
47923,4256778,-40.022987125757254
301524,5585186,-25.08018133774632
301524,1825974,-27.902821652108507
301524,5585190,-28.775269670117897
301524,3115772,-29.604871137998376
301524,3664991,-30.356850859433425
301524,5794161,-31.149094405851933
301524,5585184,-31.15666003518611
301524,6169217,-31.79791590222796
301524,7499913,-31.81226653292391
301524,7499908,-31.81226653292391
301524,8745829,-31.81493452357185
301524,7499912,-31.828198578988513
301524,6391534,-31.833313155870243
301524,5660547,-32.02416863850439
301524,4322234,-32.254445895179394
301524,3185150,-32.59225473209037
301524,7524163,-32.7472673987174
301524,8731137,-32.88468710182435
301524,8731138,-32.88468710182435
301524,5498040,-32.88720775186346
301524,6391532,-32.951726905413096
301524,2743165,-33.2053980164828
301524,7499907,-33.416353904351006
301524,5703889,-33.47114097940572
301524,1633284,-33.5299272274764
301524,5831797,-33.578683901513855
301524,7825902,-33.64130466633125
301524,7499911,-33.65979476888022
301524,8731133,-33.70760368345076
301524,5633393,-33.70764787591293
301524,5119196,-33.78122769903511
301524,8745828,-33.812282038942186
301524,1825969,-33.8422976581248
301524,5794158,-33.98726050363099
301524,8312845,-34.06447057507525
301524,3664994,-34.13659994347863
301524,8458062,-34.14259343055932
301524,3664995,-34.19066981368508
301524,5596289,-34.2187401951254
301524,5498037,-34.4155631937502
301524,7524159,-34.4745795959141
301524,3069472,-34.48675535564604
301524,4322237,-34.621577266689776
301524,5715270,-34.67882153909273
301524,2293168,-34.847620173294274
301524,8745827,-34.90621137970591
301524,7524156,-35.031110490805766
301524,3067457,-35.18533147351527
301524,3067456,-35.32016860862762
301524,2987535,-35.38646762574713
301524,6777580,-35.447914007263385
301524,1365087,-35.52393199434377
301524,4713303,-35.531572593966274
301524,1365086,-35.61553587488933
301524,2438538,-35.74213046770906
301524,5782216,-35.987488035833806
301524,8745825,-35.98930217267791
301524,6010946,-36.00974636954577
301524,8023625,-36.04130304968793
301524,7467707,-36.04995177461417
301524,1812641,-36.10547478438843
301524,5648693,-36.13540209414172
301524,4231267,-36.141619809858426
301524,7825896,-36.14519501749708
301524,5498039,-36.17338524480394
301524,1825973,-36.25937312629816
301524,7602588,-36.2939719617887
301524,1010736,-36.30025257986542
301524,1719275,-36.352851345670885
301524,2699237,-36.384969952329044
301524,596635,-36.39350640464386
301524,7602592,-36.41642519157594
301524,1825972,-36.420256580105445
301524,7825901,-36.48727262949056
301524,2915792,-36.53790740843569
301524,6980221,-36.63479783941579
301524,1258572,-36.654080020146225
301524,7825898,-36.73451973368304
301524,8665817,-36.79485378458122
301524,5794159,-36.81420576576838
301524,5794160,-36.8642042315264
301524,5585189,-36.86737711099633
301524,3664992,-36.87026633080042
301524,5455602,-36.878398541750876
301524,2878749,-36.92891611199947
301524,3735866,-36.98155521979741
301524,6010943,-37.11943572343751
301524,1825970,-37.16314346407289
301524,982597,-37.30176130874321
301524,8074022,-37.34287334092117
301524,4594122,-37.36741402022119
301524,6010944,-37.36967268525921
301524,1758998,-37.38034639507595
301524,1875729,-37.38921863610619
301524,539346,-37.4249537089558
301524,289131,-37.49816638286657
301524,3538626,-37.537843322310664
301524,5782214,-37.59116989489152
301524,2987532,-37.63038257347935
301524,4402123,-37.63987072488742
405717,8433854,-24.350922453584428
405717,2747492,-25.909942199607197
405717,2616168,-26.522526547095513
405717,7447941,-26.722912277036215
405717,3033900,-26.956324269445986
405717,5638740,-27.045022443341267
405717,7896211,-27.070853861190432
405717,6654655,-27.08308432978789
405717,8433858,-27.10270153199521
405717,6786304,-27.133448786193057
405717,4828118,-27.199358144715273
405717,2702419,-27.221122098663134
405717,5079482,-27.3811392386193
405717,4704978,-27.45855354252003
405717,6442862,-27.586399918902366
405717,7896212,-27.69810279222515
405717,8156519,-27.73044052136186
405717,6419725,-27.753119754380577
405717,3514259,-27.80862308349058
405717,7170626,-27.931653046499793
405717,2365659,-27.964103183195096
405717,1849743,-28.04105763097048
405717,2642838,-28.070347981636722
405717,1619423,-28.257239990131904
405717,2365660,-28.32348312482813
405717,7589975,-28.355229863088105
405717,702386,-28.45097878090004
405717,4704975,-28.457694491780607
405717,2747488,-28.463476200541667
405717,2747484,-28.58629417380512
405717,3986305,-28.61217172097636
405717,931517,-28.63696477355721
405717,2747485,-28.692736199125644
405717,7170630,-28.71280403357754
405717,2365661,-28.747180941967272
405717,7728831,-28.75904507888491
405717,5668741,-28.759166653224895
405717,3986308,-28.827763776332738
405717,2747486,-28.87208900520251
405717,3986307,-28.89794001491189
405717,1589738,-28.956410341528084
405717,7288996,-28.973345535314003
405717,846414,-28.989856170937298
405717,758582,-29.02801894949238
405717,4326699,-29.16626607362173
405717,6741362,-29.35813480522082
405717,758586,-29.38303585524435
405717,2747489,-29.477043743015898
405717,4489666,-29.495117586994084
405717,234955,-29.495930124094464
405717,4577231,-29.51169013722248
405717,4704973,-29.54608905010321
405717,3986303,-29.557945386197858
405717,4432155,-29.584754702144412
405717,7447943,-29.59859049793225
405717,7447942,-29.618731933197992
405717,2702423,-29.618731933197992
405717,2747491,-29.642673330030092
405717,2125641,-29.68831811298172
405717,506336,-29.71022250484482
405717,5690233,-29.719803485149818
405717,3986309,-29.80287735331939
405717,5079486,-29.89561885304041
405717,702383,-29.920939637381682
405717,7631901,-29.927827489966415
405717,2365663,-30.01365560034894
405717,2879960,-30.128173441642446
405717,7170624,-30.152963412713884
405717,5690234,-30.179043947883827
405717,5690237,-30.241871747087593
405717,4489661,-30.27635191367699
405717,3033904,-30.28719482175512
405717,3274918,-30.300558498868128
405717,758581,-30.321526123451353
405717,3274915,-30.359095548540314
405717,5274649,-30.36123640104987
405717,2768521,-30.386946229697806
405717,7170629,-30.389784574461608
405717,758585,-30.410498837791888
405717,2365665,-30.54332065796572
405717,7965240,-30.571263978999443
405717,2413458,-30.605826552025896
405717,2413461,-30.668654351229662
405717,28368,-30.72952651287143
405717,576346,-30.758415292667046
405717,273851,-30.97573820969078
405717,8433856,-31.080200553170332
405717,4232833,-31.154142349729298
405717,2365662,-31.31953820919409
405717,3040883,-31.49066132949321
405717,5041497,-31.561754707144253
405717,8433852,-32.06921920903649
405717,5921487,-32.119010935954094
405717,28367,-32.198609936613224
405717,4252076,-32.258222794241014
405717,8610271,-32.35850817430834
405717,2514108,-32.58494946693563
405717,4500033,-32.61356275039048
405717,4776926,-32.75204638007642
405717,3274947,-32.86804879654372
165633,8342630,-18.1191553875475
165633,6160623,-21.65170983558693
165633,5689373,-21.92601711269689
165633,5689372,-22.002971587715518
165633,1908533,-22.183364227971364
165633,6228229,-22.239096881235238
165633,6450707,-22.472519168159888
165633,4443764,-22.49758803865364
165633,3720078,-22.700673469494028
165633,6450704,-22.886422641821973
165633,2882238,-22.97091329697384
165633,6160626,-23.94921001341111
165633,6160628,-25.07617785292318
165633,675168,-25.152296584050465
165633,4870562,-25.216413437789484
165633,2006568,-25.28130129854447
165633,8329314,-25.342823282647803
165633,2172292,-25.467381361084037
165633,8342625,-25.567209378319973
165633,2006569,-25.72750740315042
165633,2512110,-25.94070661940424
165633,404254,-25.999439829765123
165633,5616823,-26.046856734660746
165633,1030511,-26.11334846790067
165633,1895108,-26.159063251195157
165633,675163,-26.173875503801312
165633,404252,-26.201464860835713
165633,1030509,-26.204261472210895
165633,6160624,-26.230138818750163
165633,4086110,-26.248954674603397
165633,4086111,-26.293154019349736
165633,7413339,-26.313622232655433
165633,7077632,-26.422895122362355
165633,1486171,-26.465223559684496
165633,18386,-26.465223559684496
165633,1972001,-26.465223559684496
165633,2006567,-26.50710875915368
165633,440452,-26.548559907295868
165633,4198330,-26.548559907295868
165633,4626635,-26.57756006938358
165633,8342626,-26.60390500399478
165633,675164,-26.670396737234704
165633,2172293,-26.670396737234704
165633,638194,-26.71019806064738
165633,5929918,-26.768447656801584
165633,1486174,-26.78863194620088
165633,8274266,-26.83910816545923
165633,8274268,-26.884306386474965
165633,4460733,-27.213263791329492
165633,3487778,-27.267048843800033
165633,4215354,-27.39586999690329
165633,3334630,-27.39594617565308
165633,913391,-27.47758166217791
165633,4951677,-27.488305525501723
165633,4374794,-27.526648765265815
165633,715096,-27.559171947610654
165633,6266751,-27.60123285527873
165633,6740363,-27.657386549070164
165633,4374792,-27.668675519093455
165633,8274265,-27.68431051309513
165633,8274267,-27.732215277281995
165633,4078178,-27.77458345984606
165633,5150065,-27.79456458813809
165633,8838916,-27.805831813007984
165633,7957303,-27.82013403508426
165633,7047020,-27.82633726692277
165633,7852410,-27.83384380298662
165633,4078182,-27.863147963354916
165633,5789035,-27.892859938511084
165633,7047019,-27.914932975253315
165633,7147096,-27.92499597288488
165633,675160,-27.938440642275587
165633,8274271,-27.944496383364385
165633,5150061,-28.02539785862068
165633,2217892,-28.15013024809295
165633,7846340,-28.15028984053867
165633,6916150,-28.176464012304727
165633,6916147,-28.176464012304727
165633,5659317,-28.182127210988757
165633,5461115,-28.226779141132162
165633,5659313,-28.226779141132162
165633,1030508,-28.231765734617785
165633,884432,-28.369108088226604
165633,8627335,-28.374035033623027
165633,5150059,-28.42193979780989
165633,7047017,-28.42193979780989
165633,5689375,-28.45603980963008
165633,78991,-28.46943014927378
165633,5929920,-28.46943014927378
165633,4140840,-28.516061787450667
165633,6719091,-28.547864034827285
165633,6719099,-28.547864034827285
165633,6916144,-28.56230507705497
165633,884437,-28.606801770109804
165633,2324443,-28.632298844530997
165633,2081405,-28.72100095685532
165633,307906,-28.914180168838804
165633,2091042,-28.950497894619836
165633,3231963,-28.956065368307982
165633,1890741,-28.956065368307982
952774,1449047,-12.31054672967407
952774,6304505,-12.54868706271992
952774,4557559,-12.55347855221453
952774,5358968,-12.716610920509348
952774,1449055,-12.751788066727357
952774,4227962,-12.801800998668053
952774,4573402,-12.802063854283267
952774,3470170,-12.970208644745256
952774,6825750,-13.024331936933178
952774,5358971,-13.068684276579301
952774,8765815,-13.087855575050186
952774,4573400,-13.141109383946569
952774,2619548,-13.162770711168845
952774,6304502,-13.230956052598348
952774,4342621,-13.280949397033519
952774,1028815,-13.328694880273979
952774,2506693,-13.335789011317127
952774,6092207,-13.375466605603682
952774,3190359,-13.419138040758043
952774,7812728,-13.461062953533634
952774,8765818,-13.506846207785099
952774,1711073,-13.532449444625382
952774,4665970,-13.532449444625382
952774,6092204,-13.576375756447273
952774,5677309,-13.58738594937029
952774,56289,-13.604060992019255
952774,4810097,-13.610789679325539
952774,2480749,-13.681430796125497
952774,186681,-13.696541721757017
952774,1970974,-13.696977722274521
952774,3470175,-13.698486851142471
952774,3238119,-13.863903014496945
952774,3191935,-13.89629877341066
952774,5677306,-13.897265206182954
952774,7297431,-13.947979135898107
952774,3700478,-13.958067638187892
952774,5117724,-13.966690699989647
952774,3190354,-14.019466690424448
952774,4032456,-14.040668860622922
952774,5382073,-14.04080990317545
952774,3087303,-14.044014085229135
952774,2619552,-14.085362222077894
952774,18932,-14.110834743504594
952774,1218880,-14.141876862162512
952774,8735068,-14.197540087153046
952774,5014872,-14.215484535152974
952774,7277340,-14.319829027784891
952774,1686964,-14.320478780609493
952774,6426311,-14.330898450115262
952774,1560842,-14.337918169157614
952774,7236719,-14.35638872911995
952774,7081438,-14.461745698803222
952774,1218877,-14.471824905262412
952774,1028816,-14.47772677310805
952774,3238124,-14.482570157449677
952774,3491005,-14.52644593661606
952774,5703930,-14.609788081131603
952774,3238120,-14.640426366316449
952774,790350,-14.652335278710604
952774,688431,-14.665958350415451
952774,4916405,-14.678388088086983
952774,5172401,-14.747196107268477
952774,3964938,-14.747304045892719
952774,4810098,-14.77307233545245
952774,5172399,-14.775835349049622
952774,4047906,-14.805049266518152
952774,5804229,-14.80794625115869
952774,4135088,-14.8558380158763
952774,4916401,-14.85733682734611
952774,147190,-14.908504079059474
952774,8703904,-14.925590975694197
952774,3994186,-14.926826314328864
952774,6375266,-14.930066103678872
952774,3596992,-14.968424599223102
952774,548181,-14.971017486563465
952774,6825753,-14.974401574287752
952774,5380524,-15.011197349141357
952774,2654293,-15.018728176284341
952774,4585435,-15.022156333238845
952774,7847298,-15.043635916460754
952774,4065076,-15.055832831314774
952774,7884539,-15.05730759222441
952774,6106505,-15.066397427794652
952774,18934,-15.075546248610639
952774,2480752,-15.0989129564986
952774,5750311,-15.100002753420162
952774,3890255,-15.104275824887381
952774,2480753,-15.126404473649648
952774,2654289,-15.141036762118166
952774,6182826,-15.155277300053495
952774,7543346,-15.160071154242532
952774,4389120,-15.160585299107886
952774,8516882,-15.18091755107064
952774,4153023,-15.223817755078272
952774,437300,-15.24993900699442
952774,3490999,-15.275351020018643
952774,6304499,-15.277767403366866
952774,6825748,-15.299723750087976
952774,2654295,-15.317719184170821
952774,6375264,-15.323388347587354
766511,6620365,-20.702417056267617
766511,1686104,-22.634732508982808
766511,7218655,-22.88945185850696
766511,5365545,-23.069933599628836
766511,73996,-23.128328797313447
766511,2653079,-23.1743173382711
766511,5332523,-23.204372169515164
766511,7582727,-23.365158027633118
766511,6473883,-23.427859152246242
766511,284665,-23.488792156683466
766511,8479075,-23.531065158459853
766511,5365546,-23.586109215280867
766511,3081708,-23.592694102296512
766511,4361060,-23.642538085042062
766511,3969589,-23.663130295931253
766511,3192263,-23.693965334233674
766511,8402036,-23.700783656135947
766511,2421133,-23.70452657995223
766511,73992,-23.720009317619937
766511,1373960,-23.72492390596529
766511,13024,-23.736837488082276
766511,6368776,-23.756347672956053
766511,5678236,-23.78609370835922
766511,5993278,-23.79447820298562
766511,5365543,-23.81877976798142
766511,4801077,-23.81877976798142
766511,4455656,-23.900066818689876
766511,4801078,-23.925738718278943
766511,3612098,-23.925738718278943
766511,5365542,-23.925738718278943
766511,2750982,-23.968519874745937
766511,1686105,-23.972622179794072
766511,3882251,-23.972622179794072
766511,7606123,-24.010848312068084
766511,3925127,-24.010848312068084
766511,73989,-24.020644431971416
766511,8594381,-24.023231578320445
766511,8385585,-24.101250036837236
766511,7229730,-24.103244329344037
766511,7099413,-24.123527175261728
766511,8141041,-24.123527175261728
766511,2724046,-24.135210660348207
766511,1617759,-24.135210660348207
766511,5025844,-24.14644825785297
766511,5994152,-24.151584836526446
766511,4455660,-24.186687122448067
766511,3375154,-24.195940586423696
766511,2750983,-24.216021489618285
766511,1102432,-24.234921184137814
766511,3952207,-24.254217066644905
766511,4615758,-24.255822813030957
766511,4615752,-24.255822813030957
766511,2010312,-24.2604727839855
766511,5916422,-24.30663301333567
766511,3925120,-24.322300751537433
766511,3271507,-24.376077329450172
766511,8479074,-24.38058875347635
766511,1686102,-24.386913206073377
766511,8569577,-24.39655933748932
766511,6480198,-24.418268165803976
766511,2802329,-24.419793611578935
766511,4853408,-24.4216913872784
766511,2739192,-24.449295544795756
766511,6543235,-24.449295544795756
766511,4177139,-24.464702709551673
766511,1330104,-24.486656083513545
766511,4037247,-24.49074669293794
766511,2678052,-24.50512720386632
766511,6789135,-24.50512720386632
766511,5720329,-24.506857953142212
766511,5364049,-24.513315671510163
766511,2772733,-24.59003206925412
766511,8131262,-24.612583522876776
766511,2629950,-24.6336005641717
766511,5227327,-24.713118703921133
766511,6077340,-24.71966949190368
766511,4965891,-24.769466375489902
766511,4037250,-24.813352146306407
766511,7909993,-24.85804534869891
766511,6130842,-24.880871063702266
766511,6550018,-24.90224469344525
766511,4166937,-24.920427687421288
766511,7561397,-24.94848070401287
766511,3034263,-24.954088670764772
766511,3173562,-24.957294307840986
766511,1235703,-24.96333431772024
766511,6420337,-24.998781873157274
766511,4915703,-24.998781873157274
766511,7141876,-25.012032854439383
766511,7157811,-25.016101380518567
766511,6543229,-25.031985796457867
766511,7649982,-25.074314233780015
766511,3001671,-25.086697500032376
766511,7156931,-25.098030832299347
766511,1475997,-25.119239452511245
766511,8515073,-25.12994116444924
766511,3787827,-25.12994116444924
766511,1677427,-25.14537853550975
766511,1483065,-25.15765058139138
766511,7716873,-25.166248265913172
1106293,7260300,-16.96669961324131
1106293,2309385,-18.58261647070634
1106293,2309383,-18.98289009942353
1106293,8196725,-19.05806128221326
1106293,2332752,-19.232971527348866
1106293,8199433,-19.46164452781619
1106293,2332751,-19.506248503258774
1106293,7260335,-19.530022261253386
1106293,2332966,-19.630445945777694
1106293,7260308,-19.97849145373621
1106293,7260298,-20.275830243279312
1106293,2332756,-20.48480866902488
1106293,7260305,-20.62760796643818
1106293,2332643,-20.84823361784201
1106293,2332860,-21.03431368038158
1106293,7260306,-21.58564887991896
1106293,7260323,-21.889738454301224
1106293,2332637,-21.974432857113587
1106293,6101864,-22.077453502312892
1106293,3445111,-22.238109127830164
1106293,7260336,-22.32798726434733
1106293,2332861,-22.439622416815638
1106293,8199428,-22.476152351068727
1106293,8199430,-22.621153870653018
1106293,2332508,-22.624000995535425
1106293,2333201,-22.708272141925974
1106293,7300563,-22.725654440529148
1106293,7861145,-22.873091492546934
1106293,5997644,-22.889013527143987
1106293,5933431,-22.97706950545739
1106293,7745446,-23.135119803804027
1106293,5933474,-23.151811175098892
1106293,2309382,-23.258462256698664
1106293,8199429,-23.29733665040812
1106293,2332862,-23.32918438493535
1106293,3610589,-23.34685728960655
1106293,4133771,-23.354852463014904
1106293,3445106,-23.398511568088693
1106293,2332510,-23.420240341463522
1106293,2332750,-23.481310229986672
1106293,2332509,-23.50810532998404
1106293,2431595,-23.53020213154963
1106293,3635556,-23.569136694225794
1106293,8753851,-23.631765037722946
1106293,2266400,-23.65911728027001
1106293,8192781,-23.664592254093783
1106293,6463982,-23.67580968255444
1106293,4979774,-23.752507880968885
1106293,6101861,-23.76166158030688
1106293,8441356,-23.795751545385748
1106293,6128010,-23.795751545385748
1106293,3436362,-23.830667731277202
1106293,8790253,-23.83853270185274
1106293,2332863,-23.847703105129984
1106293,2422081,-23.88086113917489
1106293,7260299,-23.898800987862913
1106293,2343965,-23.915526703618063
1106293,3855108,-23.922746338644068
1106293,7260312,-23.953393281942105
1106293,8358872,-23.964197486786254
1106293,2332754,-23.992643716026215
1106293,4397535,-24.00522348745501
1106293,4386067,-24.007128411059192
1106293,7936885,-24.028238752595506
1106293,7260301,-24.034106509327188
1106293,2309384,-24.045786300648544
1106293,5942272,-24.070559888542935
1106293,3684842,-24.088763897584016
1106293,8067745,-24.12348134737038
1106293,4417049,-24.124996809833263
1106293,3383397,-24.165244825909806
1106293,4938105,-24.168766564410696
1106293,653991,-24.17072871953745
1106293,5439195,-24.204269525691267
1106293,2737370,-24.21650879602745
1106293,2332965,-24.240946957326273
1106293,4893045,-24.241498840622793
1106293,5307205,-24.250676079646745
1106293,2897481,-24.26222357932194
1106293,4065582,-24.281194973402815
1106293,4417051,-24.287706685987303
1106293,7260311,-24.300487880570724
1106293,3143616,-24.307421800337675
1106293,4250552,-24.307421800337675
1106293,2274008,-24.307421800337675
1106293,7734702,-24.319109949220994
1106293,5045791,-24.352115002730176
1106293,5070749,-24.352115002730176
1106293,2332638,-24.357151935905023
1106293,2582327,-24.366633027380377
1106293,4582049,-24.370183834798244
1106293,222947,-24.396314347476515
1106293,4882412,-24.440030629605275
1106293,7262834,-24.440578332417445
1106293,3730077,-24.444932509556757
1106293,2332755,-24.450994664068322
1106293,7260304,-24.455849257196945
1106293,6931221,-24.483274294022138
1106293,8199642,-24.493296287842238
1106293,3656982,-24.52605545048913
452431,8720583,-14.184971932328011
452431,489111,-14.30747406362471
452431,470914,-14.380640332432947
452431,3399113,-14.413695930408485
452431,7519416,-14.419539075958143
452431,1898634,-14.552482949834403
452431,5642853,-14.871588297126522
452431,3461995,-15.010027069698314
452431,7520147,-15.052549772722603
452431,3717859,-15.070776977984059
452431,343316,-15.16812066126015
452431,1193055,-15.296407800485573
452431,3698287,-15.333250045658243
452431,1948854,-15.389984243078263
452431,938092,-15.437352524053278
452431,2004963,-15.47332059068963
452431,7751023,-15.539155056677373
452431,8498479,-15.589388348227072
452431,5621673,-15.67360005913773
452431,2576518,-15.853827016535094
452431,1484503,-15.91145801174542
452431,823822,-16.07755473307578
452431,8802016,-16.133134133077856
452431,153567,-16.21669919741744
452431,3168072,-16.220985186923937
452431,7492694,-16.296213297984902
452431,753416,-16.40016442277154
452431,8147865,-16.428798200637278
452431,6281529,-16.441926008665927
452431,1336033,-16.572836979284276
452431,1036671,-16.58740622972519
452431,1512773,-16.69227889319481
452431,8802012,-16.727796762129543
452431,1193051,-16.77847479439182
452431,996347,-16.798195192437834
452431,4872591,-16.85783932854073
452431,4193277,-16.87917909681901
452431,2144139,-16.90994420904402
452431,4600300,-16.98467006610269
452431,3219602,-17.19488070301169
452431,5621674,-17.19488070301169
452431,6281523,-17.215342880305386
452431,2220518,-17.255673840124068
452431,2765214,-17.311391349222532
452431,3627601,-17.31972030425632
452431,2004960,-17.382765738706652
452431,7478656,-17.40461991715614
452431,2610523,-17.475687448967747
452431,2610524,-17.517138597109934
452431,2619409,-17.530949379293535
452431,8438344,-17.598286630587317
452431,2753270,-17.598715274531735
452431,1193054,-17.598774083634765
452431,2610529,-17.598774083634765
452431,6972386,-17.714187523418712
452431,597335,-17.71818593623349
452431,154488,-17.729165885665747
452431,4915373,-17.807228012175887
452431,1562057,-17.80795809192316
452431,5121285,-17.812644508025922
452431,8498474,-17.842065787736686
452431,2644506,-17.91391573996308
452431,2543001,-17.946819591593282
452431,6709585,-18.01179696078289
452431,1036665,-18.02602307446979
452431,7637822,-18.028295313913155
452431,5450907,-18.029307169053396
452431,7374791,-18.06898531151944
452431,7237508,-18.108635399033922
452431,5740517,-18.10984238667737
452431,4872587,-18.113950258752357
452431,1046416,-18.11419578124071
452431,4643486,-18.134536178984227
452431,6050442,-18.148717601578063
452431,5917624,-18.15173013949687
452431,7165545,-18.19151160712878
452431,3627593,-18.202802971957794
452431,1441986,-18.248548906950838
452431,129271,-18.248791358141077
452431,3466597,-18.25941424606466
452431,3627598,-18.26206331509836
452431,5306303,-18.30538069306783
452431,2896153,-18.340260734946767
452431,6936340,-18.35271852365584
452431,1466203,-18.356527876299737
452431,5655382,-18.393727683473664
452431,2610526,-18.400699375005757
452431,958510,-18.405405653996997
452431,3046441,-18.405821476798128
452431,1965730,-18.44574597231291
452431,6991173,-18.48087959121453
452431,737469,-18.49579742127552
452431,1036667,-18.503007936598685
452431,4889896,-18.5088706296851
452431,6614996,-18.51710623586979
452431,154487,-18.528454638492654
452431,1888185,-18.535162172135813
452431,1193053,-18.56049782547731
452431,7371848,-18.5913881189409
452431,6178017,-18.599043566160017
1109818,3229195,-19.738984197839372
1109818,8164359,-19.812743624208938
1109818,8751842,-20.46281640570676
1109818,8164362,-20.484431565352757
1109818,5346954,-20.5452935545177
1109818,8164358,-20.54932250347731
1109818,8164355,-20.719560961152496
1109818,1904596,-21.209302800881034
1109818,8164328,-21.277470072279904
1109818,673709,-21.286975144309437
1109818,7826065,-21.31771307584789
1109818,1175892,-21.45342826467272
1109818,5895153,-21.591908654581488
1109818,5081535,-21.64753168611121
1109818,6123256,-21.72402063565495
1109818,5173399,-21.74009597177989
1109818,1175890,-21.808340727107456
1109818,226116,-21.88575463015892
1109818,7303138,-21.892573730130913
1109818,2972502,-21.959936547680243
1109818,7826068,-22.01877390676151
1109818,8784126,-22.110662589384695
1109818,2709384,-22.185291618555112
1109818,1058659,-22.235001536932494
1109818,3875441,-22.274410722704538
1109818,8544421,-22.300770747547592
1109818,8164353,-22.33155332900562
1109818,4788453,-22.388962987008817
1109818,6066160,-22.428275846015723
1109818,7721307,-22.43196478189646
1109818,7345185,-22.44533084137384
1109818,521617,-22.48392374191278
1109818,4158623,-22.492149760634597
1109818,8164360,-22.553832733624862
1109818,7225336,-22.648891913084
1109818,4078762,-22.65097363791368
1109818,2895075,-22.660505721953506
1109818,7225312,-22.693393218297103
1109818,2709387,-22.693393218297103
1109818,6830034,-22.718731894087103
1109818,8213171,-22.764407667566548
1109818,4550451,-22.799771613077866
1109818,4222005,-22.857257967430115
1109818,3836265,-22.87185062999201
1109818,4079162,-22.950952686689803
1109818,5273068,-22.963982425512675
1109818,8255082,-23.049092019301813
1109818,1637457,-23.06083955618144
1109818,4939749,-23.06083955618144
1109818,4447043,-23.08504345484438
1109818,3274556,-23.093353246881648
1109818,6583858,-23.1594865360684
1109818,1349919,-23.16033449405169
1109818,8496031,-23.210434776082103
1109818,1732391,-23.22535378236733
1109818,6583861,-23.250399540378623
1109818,3660267,-23.252284678647058
1109818,1777858,-23.254265196852018
1109818,4733598,-23.29211783973674
1109818,5815012,-23.294066520264685
1109818,8564131,-23.294066520264685
1109818,8670826,-23.36642312786484
1109818,3806806,-23.372500405818194
1109818,5067055,-23.391347527896556
1109818,3017652,-23.41114804946514
1109818,7468967,-23.424726669004347
1109818,6424090,-23.426091094534492
1109818,8164357,-23.438163403733924
1109818,7509764,-23.467970333421206
1109818,1413306,-23.469033190530077
1109818,5677224,-23.4703282833302
1109818,707344,-23.470991984765945
1109818,7767448,-23.47422095581767
1109818,3695052,-23.5107514898882
1109818,5087663,-23.5107514898882
1109818,2713626,-23.553079927210348
1109818,5943597,-23.56161157595845
1109818,1623775,-23.562109361396526
1109818,6783391,-23.562109361396526
1109818,195300,-23.585856108285977
1109818,1113904,-23.594965126679526
1109818,570732,-23.594965126679526
1109818,3370946,-23.598975981816224
1109818,1113906,-23.635505916069313
1109818,1236830,-23.636416274821713
1109818,8040371,-23.67744227549047
1109818,5173996,-23.688760630392274
1109818,3285988,-23.70559941987507
1109818,3686634,-23.70559941987507
1109818,2176987,-23.718051761346544
1109818,4020952,-23.718051761346544
1109818,1353376,-23.725613643777017
1109818,6618884,-23.734231017803886
1109818,1957960,-23.741417127407516
1109818,8454719,-23.777901970046425
1109818,5829052,-23.778378246477633
1109818,774684,-23.778378246477633
1109818,1575273,-23.797418435449814
1109818,6783396,-23.79805442817322
1109818,4306437,-23.79805442817322
1047902,8829164,-39.43729543530364
1047902,8829166,-40.41326452348149
1047902,3578817,-41.003307306682224
1047902,3870188,-41.66616802204191
1047902,4458881,-42.145189435387955
1047902,5321215,-42.366251264826786
1047902,8778402,-42.456653507194574
1047902,4907907,-42.704355587663585
1047902,5406763,-42.75799558065697
1047902,4887380,-43.09126912731103
1047902,4458874,-43.25566703244308
1047902,6580611,-43.318074156495165
1047902,5321213,-43.60677486623351
1047902,3969859,-43.79392479631951
1047902,2129923,-44.08500957407585
1047902,7930254,-44.111517477264286
1047902,4956714,-44.2792126923052
1047902,4983543,-44.6519046052031
1047902,4214537,-44.67539814205037
1047902,4793518,-44.685162940690574
1047902,4907903,-44.78361166811937
1047902,8829163,-45.37590121140201
1047902,4978061,-46.23402309417952
1047902,3279340,-46.285553483323014
1047902,4209850,-46.28974100701433
1047902,3578820,-46.32105526364673
1047902,1577416,-46.43278898893092
1047902,3606070,-46.44858729574062
1047902,4061523,-46.87181275457235
1047902,3606074,-46.95136743773941
1047902,7860048,-47.0155227832873
1047902,3679662,-47.18218489734555
1047902,3578813,-47.21845629559104
1047902,3520610,-47.32716253449017
1047902,5240054,-47.46199501555773
1047902,4458875,-47.51563353726891
1047902,4824537,-47.63100130625183
1047902,3039788,-47.63395454530855
1047902,2837682,-47.63395454530855
1047902,5783126,-47.773593197292215
1047902,3059788,-47.81885501470588
1047902,8016381,-47.82497234663302
1047902,8777662,-47.89283800727036
1047902,2540393,-47.919708506950336
1047902,2961144,-47.92009182306926
1047902,4824533,-47.96556946647941
1047902,4173998,-47.98777038178288
1047902,5201393,-47.999681350804046
1047902,1335199,-48.02286134141722
1047902,8798420,-48.04779831925727
1047902,7844514,-48.058326898023594
1047902,4434610,-48.117533011510496
1047902,4434607,-48.18582623612805
1047902,2897674,-48.233783641187316
1047902,3559117,-48.25827342148906
1047902,8216250,-48.37783539104497
1047902,5333139,-48.37893359054408
1047902,7718304,-48.42154458167612
1047902,3520615,-48.44999727723285
1047902,6275905,-48.50201931889225
1047902,6342587,-48.52947702709082
1047902,3387333,-48.54692923002327
1047902,3625197,-48.60355179240458
1047902,5931023,-48.677030962834515
1047902,3893270,-48.690276383560146
1047902,74753,-48.806857276381
1047902,8218328,-48.82715318449648
1047902,5439176,-48.84175662900941
1047902,1819929,-48.865824671040876
1047902,1414760,-48.873167329052784
1047902,1414764,-48.873167329052784
1047902,2383101,-48.87582335148208
1047902,8226810,-48.8876497499979
1047902,5032007,-48.94411657609963
1047902,7615770,-48.94411657609963
1047902,3578814,-48.97213149755038
1047902,8216251,-49.00734246424413
1047902,819372,-49.00964539152822
1047902,8024501,-49.0117499524818
1047902,2819938,-49.056894241078155
1047902,3355847,-49.07693088374869
1047902,4273192,-49.08406908385407
1047902,8839900,-49.10422052440698
1047902,5224444,-49.18958207479513
1047902,5124259,-49.20194366889121
1047902,7773469,-49.20817746760948
1047902,2342572,-49.21081549972553
1047902,3861721,-49.254598697461304
1047902,8216248,-49.25969024248212
1047902,5988399,-49.27054244032438
1047902,8172289,-49.30881597380674
1047902,6801599,-49.30924839413612
1047902,5069718,-49.360217926130076
1047902,3178336,-49.361848593975424
1047902,4008895,-49.37141047961796
1047902,26371,-49.4043762190391
1047902,2643680,-49.41408111535851
1047902,5406768,-49.43590192732028
1047902,4543316,-49.44786678520938
1047902,8226815,-49.457569229166474
306076,1663914,-49.69089997648795
306076,6414937,-50.57634824226457
306076,6414936,-55.31515547668123
306076,4143929,-55.60548191372735
306076,6152152,-55.68371742672835
306076,2874001,-55.686454919846156
306076,6385398,-55.941651171016424
306076,211462,-56.23365428157101
306076,6152153,-56.24786785956349
306076,6385397,-56.2548470358337
306076,4143926,-56.734037038263274
306076,4143927,-56.89236612550792
306076,6414938,-56.99227441441701
306076,211461,-57.17380310811162
306076,8236527,-57.294740984372865
306076,7043775,-58.076871819349556
306076,3295471,-58.57380604934139
306076,3256033,-58.615829095255165
306076,1453370,-58.616348811316165
306076,2335737,-58.664420756876204
306076,745763,-58.84316097054626
306076,427027,-58.84316097054626
306076,3100218,-58.89860183100044
306076,1663911,-58.902856570459164
306076,539515,-58.93019828451838
306076,6163017,-59.0351101501645
306076,2939790,-59.065390751038976
306076,6677853,-59.11362918550888
306076,3295464,-59.116974448667534
306076,7738432,-59.28171371977779
306076,8566079,-59.283219651296946
306076,4078388,-59.289496470048476
306076,1662942,-59.29882098045469
306076,2193180,-59.29882098045469
306076,1621637,-59.39689541765575
306076,6254541,-59.47990691130647
306076,4902093,-59.71378952469138
306076,3158158,-59.842808999696786
306076,796183,-59.8614752148509
306076,4264405,-59.91983412266844
306076,3169818,-60.01521990048273
306076,3169822,-60.128821896617886
306076,539523,-60.16913142115344
306076,6424595,-60.195999255110294
306076,3169816,-60.277946284614984
306076,3693321,-60.28653474561196
306076,992029,-60.28653474561196
306076,3256034,-60.358355508277796
306076,800567,-60.37633116264273
306076,7307579,-60.42705776537343
306076,4553138,-60.55627262883524
306076,3432676,-60.63064540189102
306076,3810020,-60.6499361529613
306076,3402599,-60.695794439377
306076,902655,-60.755200114138965
306076,66490,-60.75812807461143
306076,8695573,-60.79080890453987
306076,7396216,-60.814636156661905
306076,3432675,-60.85041802651922
306076,4143928,-60.85126318104703
306076,902652,-60.85946629763894
306076,4032026,-60.941054339799315
306076,6019960,-60.94420363855299
306076,4308924,-60.95008708107996
306076,4727588,-60.97082378690582
306076,5346079,-61.0200079940815
306076,2857846,-61.054702655351576
306076,3810019,-61.06507976077262
306076,1882476,-61.12111537045129
306076,1860292,-61.157234830229996
306076,5728301,-61.31203731063447
306076,4032027,-61.34602163738398
306076,6347725,-61.353094715720246
306076,8361569,-61.36224373869668
306076,8820454,-61.521633252498255
306076,378698,-61.53701986337899
306076,5681295,-61.55740840682998
306076,6471367,-61.56209343765551
306076,3247369,-61.6349513396224
306076,8820455,-61.6431814505507
306076,755855,-61.64422377313373
306076,439634,-61.64690725272394
306076,6414934,-61.65536907061756
306076,2623308,-61.66022320621406
306076,1370584,-61.71035366009723
306076,1977548,-61.75587164489334
306076,1882475,-61.76278191280559
306076,2077660,-61.826890462437845
306076,5693668,-61.82927169070578
306076,5291339,-61.89119376664255
306076,7815200,-61.90964263775032
306076,8820453,-61.99996948383538
306076,6514085,-62.1145478912593
306076,5785845,-62.13079932789735
306076,5210484,-62.15707864441067
306076,4670007,-62.24392871423603
306076,6543858,-62.288509979523425
306076,8013402,-62.32695314555004
306076,2831094,-62.36246211532627
306076,6414933,-62.36632642038239
551040,8088537,-44.958376361950975
551040,5334406,-46.00113641108196
551040,8632291,-46.48369024978014
551040,5146155,-46.863251012136345
551040,7775211,-47.18949283563432
551040,5809988,-47.59915744648148
551040,331995,-47.69579084475508
551040,1731966,-47.85493053443861
551040,5809996,-47.93609621942275
551040,7775213,-48.141863983093536
551040,3796910,-48.21685232323041
551040,6617685,-48.33100897806444
551040,5930514,-48.35759182800086
551040,7775210,-48.40529742379456
551040,8147204,-48.54704216404927
551040,5930516,-48.666633575716375
551040,1247052,-48.72796006952635
551040,4593398,-48.78131866569981
551040,3065968,-48.803403276043895
551040,5334411,-48.85089420379529
551040,5334414,-48.95494160540497
551040,1515283,-49.181356125006914
551040,1515277,-49.19226072814706
551040,8486075,-49.20426168261542
551040,1876526,-49.21741859321007
551040,5930515,-49.40420125272745
551040,1515280,-49.473827059912935
551040,4283635,-49.68843836355447
551040,3149269,-49.69531341240933
551040,224175,-50.08345147744396
551040,8486068,-50.114238103340725
551040,5223443,-50.13625613779632
551040,3042012,-50.319444445235945
551040,1804176,-50.396585813688795
551040,4917934,-50.44360118858255
551040,4593455,-50.700325276669716
551040,6251932,-50.721440487319796
551040,1515274,-50.724446299400626
551040,323573,-50.73915660727752
551040,5943303,-50.80843559514882
551040,8274768,-50.86285177305027
551040,5542813,-50.908927894030775
551040,1305385,-51.018870069004535
551040,8274769,-51.066795857480656
551040,7684445,-51.07514370651181
551040,5943299,-51.09117831210502
551040,8274767,-51.09117831210502
551040,2938498,-51.140129241727
551040,1247060,-51.22089806139671
551040,8486072,-51.27709605077951
551040,3042013,-51.29281625324362
551040,8147207,-51.44505056676503
551040,3457268,-51.50978358654495
551040,4163541,-51.51311565698249
551040,5107712,-51.59225214637744
551040,2410356,-51.60127071051812
551040,5542820,-51.71561735806954
551040,6251928,-51.76185440419731
551040,5758130,-51.79116732641662
551040,7437196,-51.79890785851684
551040,3988211,-51.882562646169916
551040,6689987,-51.99698076941973
551040,501417,-52.04613574740538
551040,8632294,-52.05669475993559
551040,3388911,-52.13746451067883
551040,1350287,-52.171310702800284
551040,1340504,-52.19275134342927
551040,224179,-52.24004681531148
551040,7323527,-52.28039070005827
551040,2410364,-52.306170243891785
551040,7930522,-52.34105401709771
551040,6069542,-52.35508790748876
551040,6810004,-52.39152741271034
551040,8486074,-52.43073350788034
551040,6666426,-52.48310220374996
551040,6801363,-52.49252238038691
551040,6505427,-52.51214149180364
551040,6014051,-52.51292434150495
551040,2859408,-52.617895808196025
551040,26669,-52.6286327664541
551040,2146326,-52.63236015989275
551040,5308953,-52.65231269277255
551040,2107062,-52.6611262492996
551040,1570377,-52.661562302391665
551040,6397371,-52.667269040245884
551040,5518182,-52.668409147960375
551040,5782320,-52.68554908671198
551040,6666433,-52.76071764946509
551040,6429126,-52.799764102239536
551040,224177,-52.81969713455838
551040,1234253,-52.83259441930019
551040,3213822,-52.841304780418966
551040,4593456,-52.84603962270558
551040,6175722,-52.8647257792068
551040,501415,-52.90415435494311
551040,5775594,-52.969236205317706
551040,7702608,-52.98341121640861
551040,8265043,-52.9883185855719
551040,5040703,-53.009363045342425
551040,1980740,-53.052823124902204
1059231,4215155,-41.39528861761029
1059231,5062380,-43.14478593576729
1059231,4848114,-44.21074713801056
1059231,8232309,-45.38031129889597
1059231,2711018,-45.61050573646012
1059231,2625279,-46.00550718529743
1059231,8232277,-46.39046634151322
1059231,7952480,-46.50837288829673
1059231,3301160,-46.568848797013565
1059231,3865940,-46.609269980779345
1059231,4895448,-46.670866499591725
1059231,2924997,-46.68949599038424
1059231,4306640,-46.71473099021855
1059231,5209990,-46.87543289782548
1059231,5378724,-46.93253464205446
1059231,5003837,-47.05342667040467
1059231,5114206,-47.289725971710645
1059231,4390621,-47.38262941518866
1059231,4013987,-47.404368890667044
1059231,3264948,-47.49706173402749
1059231,3946650,-47.553666124252054
1059231,2651813,-47.611831425644944
1059231,5355610,-47.617756469425416
1059231,8323984,-47.64145948936502
1059231,2695184,-47.82834321989999
1059231,4587677,-47.83475112893535
1059231,8328704,-48.010875607740566
1059231,3695322,-48.01903885161403
1059231,3865943,-48.04694126125181
1059231,4979270,-48.127824226969814
1059231,2924992,-48.26734645429286
1059231,3460930,-48.44431552221691
1059231,8737908,-48.44916735611613
1059231,2662421,-48.56885142269142
1059231,4895447,-48.586619581967476
1059231,4290987,-48.5923545903772
1059231,4115002,-48.631947037976325
1059231,2826208,-48.715595406219194
1059231,3862068,-48.742626421543115
1059231,3408312,-48.74645069191657
1059231,4056722,-48.75936799501234
1059231,4447138,-48.83116510920183
1059231,6752395,-48.85719361415037
1059231,4529005,-48.882023898994
1059231,3272276,-48.955493694746444
1059231,7488136,-48.969238644699054
1059231,2813725,-49.00336458452751
1059231,3530330,-49.006538856275725
1059231,4171290,-49.099190917456944
1059231,4690061,-49.110053909562716
1059231,7233453,-49.14666969972572
1059231,4043412,-49.190755667132
1059231,8528328,-49.21210695179242
1059231,5291402,-49.22839098132726
1059231,4865107,-49.23227672493814
1059231,2531908,-49.236873862102144
1059231,8669584,-49.26079229578321
1059231,2274788,-49.29793715437134
1059231,2559488,-49.312194698082635
1059231,7488141,-49.31543517214922
1059231,3507644,-49.3912731576019
1059231,8737906,-49.43522717871986
1059231,4638367,-49.45792873378588
1059231,3707950,-49.48968481446962
1059231,2844212,-49.49220676060883
1059231,8434039,-49.57273207506561
1059231,4878730,-49.61504470845598
1059231,4878723,-49.67380462906276
1059231,3447188,-49.683661900739004
1059231,3236685,-49.68454134991723
1059231,4605023,-49.69614668471633
1059231,8778628,-49.71946055881487
1059231,2814611,-49.750936278125614
1059231,8548234,-49.75463143547192
1059231,3608323,-49.78652862701756
1059231,983862,-49.80739654843963
1059231,3593011,-49.85267518734584
1059231,2863979,-49.85379454053822
1059231,2274784,-49.87025016097838
1059231,2555941,-49.89984879503689
1059231,7949132,-49.90670122539898
1059231,8192324,-49.91509446386493
1059231,4690058,-49.9165633377699
1059231,2393332,-49.9233815131969
1059231,8664514,-49.92531494994728
1059231,2814510,-49.92792304474557
1059231,7294785,-49.9920928767417
1059231,8826134,-50.01108544458959
1059231,4216666,-50.02283003887616
1059231,2723492,-50.04777540791675
1059231,5065075,-50.054516470140506
1059231,2764961,-50.056050243206755
1059231,4287637,-50.05716115709778
1059231,7935651,-50.083968301664115
1059231,2924999,-50.084472103478824
1059231,2443981,-50.09073382204153
1059231,4287634,-50.09153523098733
1059231,2704207,-50.09717335305373
1059231,2262617,-50.10477374975441
1059231,5291407,-50.10852694127607
182539,57444,-13.805749082618565
182539,57447,-14.72094323672788
182539,3760957,-14.880751614491711
182539,57443,-15.80961426686895
182539,8757178,-18.07680384030425
182539,57448,-18.0905635732573
182539,8757181,-18.625616690973818
182539,7371262,-18.948683584041124
182539,1638690,-19.080670920223223
182539,1638687,-19.11734191839013
182539,1307234,-19.383079387377208
182539,1638691,-19.420906483008867
182539,1307235,-19.426945109201668
182539,8757180,-19.474049976744332
182539,8299665,-19.518818541890575
182539,2909960,-19.526073442445476
182539,1638689,-19.61487308623848
182539,1307232,-19.78819902885133
182539,7154102,-19.834498481868692
182539,4730803,-19.847058982846622
182539,2909961,-20.050207457636084
182539,8757179,-20.121801420153716
182539,8299661,-20.171921355572508
182539,5567729,-20.229903621254227
182539,2092202,-20.277160753418773
182539,8757183,-20.292460168760854
182539,738025,-20.35801653127892
182539,7583024,-20.37593172430998
182539,57450,-20.46676849464647
182539,2751871,-20.472880935923932
182539,7303730,-20.48110316594593
182539,2053701,-20.60611314636666
182539,7637811,-20.63756466239852
182539,7371255,-20.666149262574667
182539,6037973,-20.881566131233598
182539,7371259,-20.923221721716153
182539,8299659,-20.999978033109812
182539,3883077,-21.082075645517097
182539,1243171,-21.805050125612617
182539,289979,-21.96098163966648
182539,8299668,-21.999823012316533
182539,8180618,-22.11305923745177
182539,5850971,-22.16085426360622
182539,7905475,-22.277876011878483
182539,1642207,-22.328016303384786
182539,3895604,-22.379156356461277
182539,7037499,-22.474582708985757
182539,6662217,-22.561979584723876
182539,169626,-22.593547166194963
182539,7037507,-22.612353642683676
182539,1418769,-22.62040631727857
182539,8658776,-22.650023838317864
182539,405814,-22.688004860754518
182539,2009629,-22.724011818512167
182539,1924234,-22.74255542624758
182539,6444177,-22.777358022550153
182539,1993088,-22.800038893265146
182539,4835993,-22.812001582376574
182539,7088549,-22.812305028832498
182539,5238129,-22.821148964884074
182539,6816574,-22.83385135735255
182539,6282909,-22.837498811324437
182539,6135907,-22.8429822648642
182539,3025028,-22.843094907552953
182539,8112554,-22.8639905473923
182539,8645854,-22.913717996889105
182539,8714205,-22.930608694084707
182539,1924238,-22.947850637399753
182539,6895490,-22.966510305777906
182539,4827429,-22.98003191419027
182539,1924235,-22.99768291548584
182539,1863340,-23.007134561461577
182539,876671,-23.024790784764043
182539,1638694,-23.025774476053524
182539,6895496,-23.04219967958427
182539,1016580,-23.06966814076378
182539,738028,-23.078347432041127
182539,771921,-23.087563078635096
182539,1243169,-23.08889822080988
182539,6343415,-23.09814088476108
182539,5269379,-23.10154592924019
182539,3693769,-23.108079193327313
182539,8459324,-23.127309273373413
182539,374133,-23.145644564375438
182539,2888995,-23.1504507587452
182539,1642204,-23.166966989908627
182539,8574551,-23.16919447284259
182539,5828294,-23.184600119608834
182539,6287434,-23.190702671449372
182539,8623469,-23.211137513596583
182539,7088554,-23.242039277151292
182539,7579347,-23.248166116846637
182539,5580500,-23.251671621653536
182539,563693,-23.255697421069115
182539,1525576,-23.26318848513124
182539,8580802,-23.265867770118852
182539,6524924,-23.281438393835796
182539,5137641,-23.28357019895633
182539,1690681,-23.285669597479455
182539,8645864,-23.29228110750961
1115569,8108289,-13.812927918602524
1115569,1627668,-17.60039866183016
1115569,8108283,-17.661445285347256
1115569,4042818,-19.218890670309882
1115569,1360548,-19.235862758303057
1115569,8108284,-19.78923039222389
1115569,4948545,-20.325792898261803
1115569,4303203,-21.129912895033122
1115569,4299967,-21.210899533039598
1115569,2103194,-21.383848851927326
1115569,4948548,-21.46586871839099
1115569,2103197,-21.500545252892977
1115569,8108287,-21.50828577115906
1115569,581954,-21.525718020966103
1115569,1743110,-21.63106789006349
1115569,2926625,-21.75869933744326
1115569,7482695,-21.785471862606666
1115569,7306396,-22.040196820500967
1115569,2787846,-22.23087414757675
1115569,3769800,-22.31090736838287
1115569,2787840,-22.34059431688714
1115569,3435496,-22.34804098504548
1115569,2787843,-22.439617160259033
1115569,8108281,-22.487867762974425
1115569,2787845,-22.49283676968259
1115569,3813475,-22.67252624711076
1115569,3596266,-22.692878451981237
1115569,5026479,-22.78243283399207
1115569,7749627,-22.86398356156753
1115569,2787844,-22.86398356156753
1115569,8056399,-22.88939880294108
1115569,7500714,-22.902225728357326
1115569,110285,-22.920753287451355
1115569,7634763,-22.929633937542558
1115569,7227092,-22.948237862200017
1115569,1627662,-22.990670034878242
1115569,8800646,-23.007498205340582
1115569,5208406,-23.020546941852785
1115569,7306398,-23.020546941852785
1115569,4044810,-23.03382671211663
1115569,2365836,-23.04036011487247
1115569,3718346,-23.04036011487247
1115569,3024289,-23.064997670944855
1115569,4802478,-23.065240144245287
1115569,2365838,-23.089440485239727
1115569,7634758,-23.109439488991626
1115569,8108288,-23.137925927369107
1115569,6563746,-23.163280230225702
1115569,3786083,-23.180186892801416
1115569,1514540,-23.18583069155597
1115569,4816381,-23.18583069155597
1115569,1360545,-23.18583069155597
1115569,1627665,-23.196399435537252
1115569,3769802,-23.203481573639706
1115569,4816379,-23.203481573639706
1115569,2651643,-23.207753280770426
1115569,4525206,-23.207753280770426
1115569,5208409,-23.23072643372076
1115569,5374353,-23.23918059200424
1115569,8108286,-23.239202304094686
1115569,2651641,-23.279952681196747
1115569,3810888,-23.279952681196747
1115569,2365845,-23.279952681196747
1115569,8056402,-23.279952681196747
1115569,3582649,-23.279952681196747
1115569,8108282,-23.279952681196747
1115569,3663340,-23.281509029326386
1115569,967918,-23.281509029326386
1115569,8056407,-23.29130514922972
1115569,8452684,-23.300780729427494
1115569,3083171,-23.321716782605883
1115569,8083702,-23.32339422879557
1115569,6348668,-23.32619597080105
1115569,6755577,-23.32619597080105
1115569,2929559,-23.32619597080105
1115569,7292364,-23.32619597080105
1115569,5208410,-23.364845376937758
1115569,7602598,-23.371910754095545
1115569,1627670,-23.399419838781398
1115569,781126,-23.405871377606513
1115569,1743112,-23.446480863462583
1115569,3578978,-23.446480863462583
1115569,4906505,-23.461802177503778
1115569,4067801,-23.461802177503778
1115569,1627667,-23.48668220687659
1115569,5731687,-23.48668220687659
1115569,3679405,-23.506001522250116
1115569,5231846,-23.526483530289262
1115569,2649794,-23.526483530289262
1115569,8192877,-23.531850569189864
1115569,7634759,-23.56589271606131
1115569,5368040,-23.592961468795743
1115569,305013,-23.592961468795743
1115569,7634761,-23.60491741584277
1115569,2462452,-23.60725879450424
1115569,7227093,-23.60725879450424
1115569,3435498,-23.610327383889178
1115569,7695602,-23.62092163493668
1115569,6502482,-23.63574262526273
1115569,7051410,-23.63574262526273
351697,8303857,-30.774313437771983
351697,7764920,-38.48469616240611
351697,5332912,-39.6622288527075
351697,6712600,-40.771995765383245
351697,7764918,-41.317787448481006
351697,8303858,-41.65388923752874
351697,1779706,-41.820730196526824
351697,2144452,-42.31640859232399
351697,5662921,-42.63928551131959
351697,1716516,-42.75026736050445
351697,3708177,-42.7886079457691
351697,6522643,-42.81696312170178
351697,2915793,-42.94056259718719
351697,5876033,-43.04985843449504
351697,470705,-43.41122563652733
351697,8303856,-43.49281885558186
351697,6283688,-43.51506145972413
351697,6715580,-43.545128405686036
351697,5669827,-43.60396016654872
351697,2538787,-43.615880785271955
351697,6483310,-43.733849913562956
351697,7513169,-43.740506115999146
351697,3977092,-43.746920966349336
351697,2609617,-43.80976765674424
351697,2109693,-43.90409356144417
351697,301540,-44.27770886710469
351697,8033396,-44.280889741712215
351697,7432677,-44.298086026557094
351697,3464077,-44.42508442189674
351697,5735753,-44.43749143009295
351697,8302271,-44.56612075458759
351697,5332911,-44.67129418768135
351697,5551623,-44.68751782518635
351697,8455415,-44.743174517865654
351697,3464076,-44.74922941024919
351697,6402977,-44.81608045667654
351697,5735749,-44.82074500955242
351697,5269134,-44.92685546090893
351697,7334753,-44.935707043734155
351697,6433264,-44.939409222747976
351697,7513165,-44.95961367954691
351697,362312,-44.966827081506565
351697,6887376,-44.9672276714266
351697,8455418,-44.985617313828286
351697,2175822,-45.024612525493396
351697,1292625,-45.09763330949071
351697,7764923,-45.128848315400255
351697,8697560,-45.16699269478783
351697,686168,-45.18182904092845
351697,7824451,-45.23872448759421
351697,8725350,-45.292467189848225
351697,7334752,-45.35076597247628
351697,4592085,-45.39540210531546
351697,707147,-45.407593778349955
351697,6419994,-45.414711131583545
351697,3399303,-45.586108619525476
351697,2440222,-45.59900216386514
351697,1919255,-45.603917946578406
351697,319701,-45.67174024472732
351697,8274684,-45.67778913002922
351697,6137598,-45.695886051353696
351697,8217125,-45.707240267788556
351697,8033391,-45.71056012905071
351697,3399296,-45.75537603939611
351697,6918036,-45.76847322681396
351697,1223341,-45.869357691890116
351697,3085953,-45.87345161657434
351697,5174361,-45.878597926776386
351697,6607876,-45.914575924608954
351697,5876035,-45.91964554009078
351697,707151,-45.99894405965196
351697,5519654,-46.00616376597587
351697,77191,-46.015042763854424
351697,4960657,-46.01562052627724
351697,7052216,-46.05108006630074
351697,2175821,-46.05131797858455
351697,7981935,-46.05369068785533
351697,3399300,-46.072002198991775
351697,1321936,-46.12716811812207
351697,7097414,-46.129285510301685
351697,3181286,-46.13972892429257
351697,7327133,-46.1454411777825
351697,7130674,-46.16224177126409
351697,7981938,-46.16652873069166
351697,3009198,-46.17371284974996
351697,5519651,-46.185633983216206
351697,5680825,-46.24572016394829
351697,7981936,-46.250299129630015
351697,8679804,-46.29819112110125
351697,5519653,-46.319929471202116
351697,4677207,-46.325075470052546
351697,3399295,-46.34823981662589
351697,1659002,-46.36537673330087
351697,7376851,-46.386817708063205
351697,2429298,-46.43390804152529
351697,580978,-46.44010593118151
351697,2156039,-46.45270541382736
351697,6462729,-46.466728165839825
351697,2987533,-46.48826463784178
351697,1808311,-46.49056504828328
904965,8731393,-30.384071901717213
904965,7236949,-30.84352584738042
904965,8731389,-30.863454101026704
904965,7664031,-30.961016155078287
904965,155518,-31.92202529553021
904965,8731395,-32.00586268833358
904965,8731394,-32.67610807186378
904965,8731390,-33.23139601371543
904965,155522,-33.386371695397415
904965,3883765,-33.65848158077648
904965,7844340,-34.07168262608644
904965,4300610,-34.22083941960332
904965,4219959,-34.244813242410146
904965,1931022,-34.31619098094566
904965,4428588,-34.44279644974304
904965,4349168,-34.76113611221949
904965,8731396,-34.811080519631005
904965,1115008,-34.96768663730403
904965,5539003,-35.19031337886698
904965,355206,-35.21406821242897
904965,3883767,-35.30773138013635
904965,6618985,-35.35440776664719
904965,3576722,-35.360993499559406
904965,3883764,-35.36731756888457
904965,6909758,-35.3743093616754
904965,4745438,-35.42903619258912
904965,3883769,-35.51786100543132
904965,295304,-35.62555059270677
904965,543296,-35.62555059270677
904965,543293,-35.62555059270677
904965,6611794,-35.64647686519047
904965,6881794,-35.659358105154155
904965,7135271,-35.72338669880769
904965,3883761,-35.73777437906497
904965,3883766,-35.770945185655194
904965,1338511,-35.79941075118823
904965,8235133,-35.83501643647226
904965,4724446,-35.83895746392595
904965,5634113,-35.84109063201049
904965,5013345,-35.899621485167295
904965,816999,-35.899621485167295
904965,3698546,-35.94036292672615
904965,1338507,-35.94099243523406
904965,8515215,-35.95108058013131
904965,7973344,-35.97444746123038
904965,8731387,-36.043058700295134
904965,8653535,-36.05620919892801
904965,8174526,-36.05875906421704
904965,7525476,-36.06547428965311
904965,8406092,-36.1015780346301
904965,155523,-36.19015857581118
904965,3051215,-36.215837613022536
904965,4331127,-36.237018919198505
904965,5013350,-36.23771955155478
904965,395857,-36.26848572316896
904965,5923290,-36.27146328473925
904965,4135764,-36.303608367840546
904965,4346695,-36.310702134428844
904965,5199257,-36.31531852367473
904965,548845,-36.31840771923769
904965,129553,-36.39587851041219
904965,2590190,-36.459251089841935
904965,855408,-36.4596878172436
904965,8744176,-36.47027220609027
904965,3883762,-36.49221274561052
904965,2430510,-36.53132096533679
904965,8731391,-36.56979369174971
904965,15329,-36.59478798838468
904965,2215679,-36.5968355717734
904965,2823222,-36.59986580079509
904965,4428585,-36.622702821142084
904965,4693412,-36.62654749212291
904965,6786087,-36.65579640555869
904965,8124544,-36.66841648840019
904965,6506834,-36.68617655487401
904965,2420771,-36.69066982898806
904965,5220009,-36.69269193238944
904965,756572,-36.69269193238944
904965,7721965,-36.699547955457476
904965,1410385,-36.699547955457476
904965,223229,-36.699547955457476
904965,1164214,-36.70817322320985
904965,4110260,-36.71578688525084
904965,15320,-36.73071458938439
904965,4970260,-36.751264549884496
904965,2430517,-36.75585574133908
904965,155524,-36.761635588612826
904965,2989743,-36.762755299886805
904965,617745,-36.764554083117986
904965,5987852,-36.778226315432846
904965,4597652,-36.784645953673206
904965,4853166,-36.811913980823846
904965,6562485,-36.838814508592996
904965,748717,-36.85220150348705
904965,6025594,-36.85712415255885
904965,6656539,-36.85712415255885
904965,8515211,-36.872265289462156
904965,6833078,-36.878253143721224
904965,4597646,-36.88476071021337
904965,4428582,-36.88824660640344
292906,8298540,-34.32937432332412
292906,3973269,-36.1104002518324
292906,4916274,-37.790183355320345
292906,4133304,-38.68774915182949
292906,3007465,-38.82641931223691
292906,3405923,-38.938216901016425
292906,3007467,-39.49419846297298
292906,4988512,-39.579094253385946
292906,7254438,-39.71384980368696
292906,652444,-40.53564052370471
292906,2583402,-40.99212608999076
292906,4531432,-41.08424043025914
292906,8634901,-41.10141951435098
292906,391481,-41.13761377208907
292906,3865392,-41.159447387162885
292906,8634904,-41.42220236949403
292906,1520641,-41.473160292123836
292906,8298542,-41.4883541408734
292906,5261670,-41.51545031095082
292906,7530379,-41.60120293761915
292906,6105360,-41.655497162372356
292906,391484,-41.776002826416516
292906,8738071,-41.99048515583808
292906,5011020,-42.044524174414015
292906,760804,-42.258265834090345
292906,5230808,-42.27569610760008
292906,3118845,-42.3059837538919
292906,6388785,-42.32506498509298
292906,8812135,-42.33225412023223
292906,1821332,-42.359434678774406
292906,603547,-42.57519562100327
292906,3226732,-42.58225667892024
292906,795693,-42.646797701882996
292906,2591261,-42.695787252421646
292906,4188999,-42.75769974459362
292906,4980896,-42.80992259833048
292906,4817621,-42.82694641346593
292906,3874048,-42.92526421815268
292906,8441233,-42.947696473006154
292906,2427099,-42.9537875063678
292906,3574205,-42.95986665701585
292906,3226723,-43.02436081410873
292906,8836670,-43.11588207410903
292906,6764461,-43.121370748338876
292906,6611682,-43.144360712145655
292906,5672206,-43.14624948133429
292906,4189002,-43.16540391541922
292906,5493705,-43.19993581408251
292906,8738394,-43.3171199499377
292906,6706576,-43.32906103484686
292906,4479880,-43.398655268392105
292906,1268099,-43.42662345909237
292906,6434064,-43.433377628138494
292906,8006921,-43.49774669437316
292906,6667426,-43.540305832593965
292906,6623235,-43.58364038857319
292906,6852696,-43.61503045669283
292906,3574203,-43.61520363675895
292906,4686682,-43.70750565403673
292906,5622636,-43.75896053947506
292906,8618421,-43.77591356916301
292906,8738393,-43.811652548972226
292906,3118851,-43.84131371512619
292906,2976279,-43.86297928242811
292906,713577,-43.86341366474731
292906,1487343,-43.87358111942601
292906,3892275,-43.878429111611254
292906,1528905,-43.912774013010065
292906,6975505,-43.98865898762978
292906,5431266,-44.137665107622446
292906,4984149,-44.151569635485316
292906,7156289,-44.16734856507584
292906,4021046,-44.169650271296206
292906,4449282,-44.173014885753425
292906,6535904,-44.18345130938298
292906,5011019,-44.218943199886866
292906,3582892,-44.229796604567994
292906,6259042,-44.25569499062385
292906,638748,-44.25569499062385
292906,5026579,-44.36214360224409
292906,753606,-44.36289892424955
292906,4856308,-44.36725113093669
292906,1122230,-44.42252341536441
292906,795684,-44.424938700205736
292906,6431857,-44.48123334886515
292906,5415231,-44.53083055439134
292906,156274,-44.58491731972415
292906,6447803,-44.5861436467618
292906,6706573,-44.586262088090905
292906,7438436,-44.58715125746155
292906,2512180,-44.59479829390631
292906,933428,-44.600268751202066
292906,8307530,-44.611253909953916
292906,1686213,-44.62734805597698
292906,6975502,-44.63458955356634
292906,6195629,-44.70639964823855
292906,4496329,-44.78927101445006
292906,7743729,-44.790956598558886
292906,1580303,-44.833508732898665
292906,5004374,-44.84878406068588
662372,8322043,-55.97225833203449
662372,8610897,-59.29857308361326
662372,1418377,-59.91990312158853
662372,6870165,-61.68350767599023
662372,1140788,-62.379162662617645
662372,3102595,-62.46857511830085
662372,3557820,-62.85990329114872
662372,2169749,-62.97204036036851
662372,8610896,-63.06359617845592
662372,6554216,-63.1554879210515
662372,1875708,-63.187507313677344
662372,2673170,-63.28448560060505
662372,1418374,-63.57897817566159
662372,767797,-63.64292084271508
662372,7185657,-63.844528629134665
662372,7808214,-63.857413595393254
662372,6631390,-63.89655266276287
662372,1935781,-63.92786467176981
662372,8243037,-64.00964437295096
662372,1418379,-64.05293957540384
662372,4662423,-64.23130443019467
662372,8072111,-64.40464907567666
662372,6870169,-64.48665551316417
662372,2478034,-64.71519312928791
662372,8362044,-64.72442578835577
662372,7425048,-64.7576962931947
662372,4178061,-64.80525275800314
662372,6348243,-64.94332467009714
662372,1404483,-65.0195688914061
662372,8220335,-65.03568772665952
662372,2646189,-65.19874513364212
662372,3939482,-65.20611276288057
662372,6235728,-65.24626746821056
662372,189804,-65.33916078776925
662372,8610900,-65.52614425961262
662372,1140781,-65.5835669126693
662372,6870167,-65.64079044326627
662372,4328425,-65.66085546016781
662372,767799,-65.73663736331513
662372,3860692,-65.79939560257105
662372,3628370,-65.82809079952125
662372,6348241,-65.94736531091048
662372,8275904,-66.02455641550102
662372,7976900,-66.02455641550102
662372,5428901,-66.03151864599161
662372,804544,-66.03616281517446
662372,1418380,-66.05455352080938
662372,1296841,-66.0624793300165
662372,5384232,-66.08489319151582
662372,5447166,-66.1231776616605
662372,1418383,-66.1476271766599
662372,2679725,-66.21046748473425
662372,8275908,-66.21046748473425
662372,3161133,-66.2286476239405
662372,3557821,-66.2477369235808
662372,2082783,-66.26471729312574
662372,7483707,-66.27519653860278
662372,6520680,-66.34667983220166
662372,4053047,-66.40096599359744
662372,8610899,-66.426799109617
662372,2679729,-66.44178714159855
662372,3766515,-66.51480368370716
662372,767801,-66.55778870586494
662372,6961404,-66.67275225250754
662372,2070485,-66.71781933468584
662372,6631388,-66.75577486627785
662372,2862948,-66.75771010354492
662372,4669360,-66.81830256082104
662372,4312954,-66.88541368740175
662372,2381764,-66.88905071835876
662372,3557822,-66.89179215848273
662372,2169745,-66.9030066787699
662372,2169750,-66.93946914593297
662372,3377530,-66.96314987018484
662372,8220327,-67.01888039303283
662372,2946967,-67.02973258692927
662372,3539871,-67.04118521612229
662372,8575285,-67.05847680002752
662372,2032297,-67.08889900680043
662372,2169743,-67.08898500159253
662372,7632349,-67.10410987853591
662372,3528988,-67.10743670227383
662372,8795529,-67.12677751527185
662372,5455269,-67.20530635349337
662372,6961402,-67.23212206374266
662372,4669351,-67.25471429087153
662372,4446999,-67.31451629301495
662372,345389,-67.35877517265894
662372,6412121,-67.36874637837984
662372,3025940,-67.36936452740959
662372,4446998,-67.4364650927838
662372,6704434,-67.44223852757317
662372,604440,-67.49256582043881
662372,5556969,-67.5164660018331
662372,6961400,-67.52063251178859
662372,4577425,-67.54301631637144
662372,3557819,-67.56594078330039
662372,3416712,-67.57308690660292
662372,4384651,-67.59168263495444
662372,733167,-67.63478264518395
364142,2369283,-21.420248542946137
364142,6430556,-22.05271178364054
364142,8230753,-22.140119809659858
364142,7804823,-22.564754402883853
364142,974291,-22.7571946911246
364142,2999618,-22.79460145262167
364142,8652173,-22.99324146924759
364142,3389245,-23.021999065238184
364142,7319382,-23.37185366032
364142,2171779,-23.379506547043476
364142,1822196,-23.414955688253347
364142,8800197,-23.48511062026749
364142,4993676,-23.64555368298736
364142,2749370,-23.71479560384735
364142,1706891,-23.723351838188012
364142,8515989,-23.796787774028203
364142,3433353,-23.997890073844893
364142,2012432,-24.181627850703226
364142,720445,-24.306405909533233
364142,2130954,-24.451069471896833
364142,7523084,-24.504451600008462
364142,8705162,-24.72001203275426
364142,7873652,-24.77908935827485
364142,8648050,-24.84223667926784
364142,2118491,-24.880826438353825
364142,6599093,-24.95084715152293
364142,3335997,-25.12881114405068
364142,3833226,-25.13970547372629
364142,5650151,-25.278702276090232
364142,4206121,-25.279832957622403
364142,8414799,-25.288749365383552
364142,734276,-25.441709342850785
364142,3125836,-25.477655525222566
364142,4041799,-25.50212177584005
364142,7873648,-25.51406378316107
364142,6147191,-25.532291690884268
364142,3485500,-25.612350852168106
364142,3728085,-25.684105791604836
364142,2944654,-25.726696818256816
364142,4163213,-25.759927056119714
364142,3913949,-25.823937201953
364142,2361159,-25.8399186453444
364142,7319383,-25.963481142538384
364142,8800198,-25.982062402874007
364142,3276578,-25.984111840861516
364142,6565873,-25.99406509579936
364142,734269,-26.022883961648233
364142,2370843,-26.088895027348382
364142,5024479,-26.097980076531414
364142,3913945,-26.099236087868135
364142,4408765,-26.150817518436817
364142,4657837,-26.197516141027393
364142,7319386,-26.20840306117409
364142,8016517,-26.256664055815413
364142,6680321,-26.26888560703398
364142,5206971,-26.28631276384946
364142,537185,-26.301721803585714
364142,6624670,-26.319165392276314
364142,6162996,-26.36528610589521
364142,3280473,-26.545071153628488
364142,4934770,-26.587029082147307
364142,42043,-26.629629594462337
364142,2333533,-26.673572100510672
364142,2213871,-26.692952037245888
364142,6680320,-26.774366191390826
364142,1350927,-26.811619760586495
364142,257285,-26.820191770053555
364142,5939669,-26.820191770053555
364142,1936626,-26.83509787242629
364142,4290484,-26.851035175717435
364142,448782,-26.86972692203649
364142,5939671,-26.92212846177026
364142,1283987,-26.95837483919164
364142,3728083,-27.014039294989793
364142,6914910,-27.073832972481625
364142,5316446,-27.10077571852026
364142,5316445,-27.107661637651283
364142,1897488,-27.131996942120697
364142,5099213,-27.13542227566359
364142,4408764,-27.175011370699544
364142,4693615,-27.189279388092157
364142,2364122,-27.228832067279992
364142,1936628,-27.273247142895144
364142,7041208,-27.276111743200957
364142,1211754,-27.29554095390595
364142,1211750,-27.302219952743506
364142,611310,-27.32112176007368
364142,3989144,-27.351701720095704
364142,2586465,-27.385931314947904
364142,42041,-27.38752467564874
364142,174492,-27.40643563264008
364142,8652171,-27.474075119030605
364142,1248700,-27.479201401625296
364142,4164001,-27.484408349018704
364142,4258453,-27.497184230021336
364142,2130960,-27.522607025429643
364142,8652170,-27.523245409231528
364142,1482565,-27.54707882555605
364142,2921860,-27.55814802550609
364142,3958888,-27.55874097987172
20455,1321512,-15.225528890397698
20455,4659697,-15.9753541238045
20455,3251676,-16.295285120124586
20455,603543,-16.35980373578748
20455,1529172,-16.422963963380976
20455,8325817,-16.454052324487616
20455,3860801,-16.748405892363184
20455,8255185,-16.803963035664896
20455,6373938,-16.816638204971984
20455,7332885,-16.84980848897424
20455,5078068,-16.91965380499306
20455,2072881,-16.965668711111363
20455,2360368,-17.092394617323606
20455,4286448,-17.260244319940934
20455,352218,-17.28175025808484
20455,514958,-17.290193730685935
20455,4555942,-17.29729454266007
20455,8114947,-17.299429305409898
20455,2857052,-17.322323347084296
20455,5666838,-17.32330870942071
20455,5686812,-17.32330870942071
20455,8027220,-17.347686978241168
20455,631102,-17.361126738001925
20455,8596137,-17.448657803134676
20455,7991356,-17.45439849921202
20455,7991359,-17.45439849921202
20455,267237,-17.46788404618562
20455,631097,-17.484855613604072
20455,1660645,-17.484855613604072
20455,7207088,-17.533313929819034
20455,2857055,-17.533313929819034
20455,3680339,-17.54485761372408
20455,5263865,-17.591110309288553
20455,5819137,-17.63266876062442
20455,1541032,-17.715187795268335
20455,7979661,-17.715493944518165
20455,6414495,-17.75027591455791
20455,5142174,-17.75027591455791
20455,3655193,-17.754219407151936
20455,1795457,-17.76686142196093
20455,1519753,-17.784958381761136
20455,604111,-17.800807750479763
20455,7459511,-17.819244469232007
20455,5539583,-17.84275476123066
20455,6726497,-17.886205815072387
20455,6047493,-17.910939514463326
20455,1541035,-17.919812545347938
20455,8690034,-17.939778667272407
20455,821625,-17.95096781301534
20455,2677229,-18.018385784454477
20455,1660650,-18.03686654253489
20455,526034,-18.048864700599008
20455,6340610,-18.07712530297164
20455,8126236,-18.080278600200895
20455,6967902,-18.106661080068527
20455,6340609,-18.120921701235098
20455,8760032,-18.142136461809102
20455,2605730,-18.160340760015412
20455,4290591,-18.162790113277435
20455,5795544,-18.172593576201155
20455,8114943,-18.172593576201155
20455,4491719,-18.2570861270003
20455,6071967,-18.259084021756294
20455,7580035,-18.259863928510004
20455,740216,-18.31994884511972
20455,5665832,-18.31994884511972
20455,1344270,-18.347901830959415
20455,2378818,-18.349115076269957
20455,1884528,-18.377551308133587
20455,2946378,-18.377551308133587
20455,6199941,-18.377551308133587
20455,7553730,-18.378203102691025
20455,981072,-18.382552046937306
20455,1914317,-18.38564285967759
20455,4449518,-18.393189151800343
20455,2036372,-18.40989519023399
20455,151258,-18.43672101173493
20455,160655,-18.46631161661406
20455,220952,-18.48887380902532
20455,220953,-18.48887380902532
20455,8296025,-18.525479961047072
20455,4934750,-18.552779337201752
20455,7809968,-18.56103701052746
20455,6967590,-18.58746180440498
20455,8384336,-18.595829370980873
20455,7267893,-18.623018429238364
20455,244054,-18.65315880430346
20455,7310659,-18.65967200733035
20455,365660,-18.669481966610856
20455,4491721,-18.730112755591204
20455,1241915,-18.752820658932084
20455,3701248,-18.753040186327866
20455,7418819,-18.755103179588353
20455,3068286,-18.804955355998803
20455,6921271,-18.840454102984285
20455,4503819,-18.842222915994473
20455,7231061,-18.87466288118047
20455,8187408,-18.91364975945492
20455,8207724,-18.91364975945492
20455,905765,-18.91364975945492
1119058,8730930,-24.938080197081266
1119058,5085388,-26.167538947023132
1119058,6843938,-27.03227610158911
1119058,4522899,-27.079013834932134
1119058,340748,-27.473155340177062
1119058,5504072,-27.91008169281773
1119058,7018801,-28.034652900213963
1119058,1313915,-28.18404963674395
1119058,8626225,-28.18404963674395
1119058,4522897,-28.254900755618472
1119058,821331,-28.41805266796549
1119058,8288054,-28.617179619511468
1119058,5100025,-28.667379088180578
1119058,5159527,-28.67451913990324
1119058,627827,-28.738676923831754
1119058,5988071,-28.769423446336617
1119058,4428080,-28.922441181312138
1119058,821326,-28.922598398644325
1119058,3508155,-29.010145697025806
1119058,3764709,-29.01287250564188
1119058,6820340,-29.068262116725016
1119058,821325,-29.086235556926987
1119058,3446865,-29.086392774259174
1119058,4074617,-29.125405595843123
1119058,7210288,-29.12758928093575
1119058,3129109,-29.23199090745797
1119058,8351987,-29.237769875103417
1119058,8255355,-29.272516800960283
1119058,6396798,-29.335410711994584
1119058,2684646,-29.344542406545692
1119058,6396800,-29.39752331198737
1119058,1291195,-29.514865307126286
1119058,3274923,-29.559209401681336
1119058,4525494,-29.577770227003764
1119058,2686139,-29.620559864640406
1119058,6865422,-29.642458758578954
1119058,8027788,-29.64912935218797
1119058,3599109,-29.660436914653353
1119058,3599110,-29.660436914653353
1119058,3808224,-29.71119877197344
1119058,7343122,-29.746954035836367
1119058,8763292,-29.811961611016205
1119058,3513188,-29.811961611016205
1119058,5813273,-29.844506450268334
1119058,7741427,-29.847291371244104
1119058,5182853,-29.850298806420778
1119058,3788832,-29.868459387285878
1119058,4906575,-29.893767932483385
1119058,7923863,-29.89775494607713
1119058,3664900,-29.912366464600275
1119058,7113577,-29.9243258902765
1119058,6494385,-29.967773698612916
1119058,3071106,-29.979575071209428
1119058,2419427,-30.03014547697984
1119058,7741430,-30.054651700513794
1119058,7155963,-30.088275004391456
1119058,1973364,-30.140130614290666
1119058,476337,-30.14175144997519
1119058,2807185,-30.172604412352285
1119058,4645871,-30.23800135026257
1119058,8626220,-30.249074796389213
1119058,1048499,-30.302313789078845
1119058,5439772,-30.316555562137324
1119058,6713010,-30.387256628512297
1119058,569780,-30.407718508012948
1119058,3247400,-30.40873474570933
1119058,1579805,-30.41659176327297
1119058,3501603,-30.41659176327297
1119058,3480055,-30.425030122133165
1119058,4729544,-30.43091301724359
1119058,6494382,-30.474031698207547
1119058,252542,-30.477031846566504
1119058,2189798,-30.499830574835592
1119058,7372483,-30.514341069034757
1119058,252539,-30.527386772128793
1119058,4425872,-30.527386772128793
1119058,5988078,-30.548625627664126
1119058,8255354,-30.598922479773357
1119058,842353,-30.598922479773357
1119058,620523,-30.60636961629994
1119058,5988072,-30.606429739669508
1119058,3568304,-30.606429739669508
1119058,1456791,-30.64929287522165
1119058,2686142,-30.663573218787622
1119058,3129105,-30.667823540493075
1119058,1220921,-30.680102910173346
1119058,7982820,-30.70669590306626
1119058,6113013,-30.710643338180724
1119058,1979331,-30.71374374611495
1119058,825776,-30.71374374611495
1119058,1353,-30.74247300918551
1119058,1973361,-30.743323270939737
1119058,6660535,-30.759696733139517
1119058,778561,-30.760608569467323
1119058,4122752,-30.774350548776674
1119058,424231,-30.798408052982786
1119058,5138642,-30.807908086748782
1119058,3727526,-30.812053232475996
1119058,4556124,-30.812053232475996
1119058,8332146,-30.83118667898084
203318,8340381,-25.871563562074286
203318,8340382,-28.713560027444828
203318,8340387,-28.976207750190234
203318,8340378,-30.107789982858773
203318,8340383,-30.87094644536615
203318,8340379,-31.33396517991583
203318,3083622,-31.507325565628385
203318,3083624,-31.588928241099065
203318,8560553,-31.608385788396465
203318,1738624,-31.677081389061723
203318,8340385,-31.689482647439906
203318,3650614,-31.91521373310029
203318,4135033,-31.91521373310029
203318,3351438,-32.001034938211426
203318,7108742,-32.023360457422655
203318,3351436,-32.087003441836316
203318,253950,-32.22990451789582
203318,6878739,-32.28472351138825
203318,3083620,-32.44466217551135
203318,5761312,-32.47104399527758
203318,5296122,-32.54716272276326
203318,6878746,-32.64757697556243
203318,5761305,-32.95269953996974
203318,8307085,-33.08425943394522
203318,4152728,-33.168894294449906
203318,974092,-33.18632958031269
203318,8290848,-33.22176881788274
203318,5026271,-33.33412359152041
203318,8340386,-33.39803499107794
203318,3703866,-33.57113478599333
203318,8729898,-33.708129656933906
203318,6684719,-33.80797508714601
203318,4850846,-33.952496466222534
203318,7501640,-34.42062996997032
203318,7915086,-34.48047844546274
203318,4187023,-34.52288100344994
203318,1488039,-34.53531880160646
203318,6646651,-34.627177893313984
203318,3609999,-34.771848630787964
203318,7841700,-34.84867778616711
203318,6185829,-35.096293163396425
203318,7728015,-35.16331158873048
203318,6947714,-35.1802361326009
203318,7173806,-35.20229536708747
203318,1573424,-35.41027536537837
203318,6817437,-35.49915399310932
203318,4671766,-35.52781351795006
203318,4142994,-35.54029647249389
203318,2549599,-35.55259221674741
203318,689684,-35.55366390698183
203318,5419917,-35.60673708268363
203318,2096440,-35.61394267970648
203318,1349755,-35.62829692604934
203318,239941,-35.64964292881438
203318,1725388,-35.67288434217682
203318,6684722,-35.68056949481485
203318,1067328,-35.694033290689774
203318,2208801,-35.70385520821501
203318,6947720,-35.70572807037275
203318,6355260,-35.72361727324406
203318,8420612,-35.779369667870654
203318,8290851,-35.807964219333606
203318,3972562,-35.87115568720375
203318,6468752,-35.89958820083053
203318,1725386,-35.90280990838594
203318,4850847,-35.91549524543842
203318,5673595,-35.91762122529862
203318,8016081,-35.9370359667526
203318,1184092,-35.951152453009094
203318,1184093,-35.951152453009094
203318,7368628,-35.956942122141164
203318,395235,-35.96586575553991
203318,8016075,-35.97906979216166
203318,4053899,-35.99460648068162
203318,3083626,-36.00031783511392
203318,4771253,-36.00085081441647
203318,5550385,-36.01392559230949
203318,2277312,-36.01724068788149
203318,3535528,-36.02352829204592
203318,13579,-36.026663453902394
203318,2614915,-36.03551519734659
203318,5741462,-36.03551519734659
203318,883320,-36.03551519734659
203318,346241,-36.03707320038098
203318,6061109,-36.05750039171592
203318,216874,-36.07939479503654
203318,2456958,-36.0978768380935
203318,6185834,-36.1016910909122
203318,7637271,-36.1016910909122
203318,5381120,-36.11961299170869
203318,7083527,-36.13464397596947
203318,6371875,-36.13611018646964
203318,4078372,-36.14078224333575
203318,2537677,-36.146608029441396
203318,4532925,-36.15075888178805
203318,4462026,-36.16157204614578
203318,996059,-36.189289328630416
203318,883325,-36.19259617851348
203318,6684724,-36.216286355349396
203318,2853004,-36.217008693293955
1126813,8783942,-7.2247853071406025
1126813,8783939,-7.605741315939689
1126813,8783936,-8.302651077343702
1126813,8783941,-8.798323405152864
1126813,8783944,-9.09263869382544
1126813,1121119,-11.775918494616775
1126813,7622796,-12.196927001564157
1126813,2711708,-12.301133773223164
1126813,1121123,-12.361969048940166
1126813,5924438,-12.477385684181458
1126813,3441835,-12.53669984453593
1126813,3447604,-12.53669984453593
1126813,3337543,-12.60919938609587
1126813,3471302,-12.60919938609587
1126813,3441830,-12.665776886811072
1126813,7875300,-12.707015461216542
1126813,4420639,-12.755249656125649
1126813,7875301,-12.767321537557919
1126813,2724424,-12.790992932020348
1126813,1591594,-12.80653848033467
1126813,7526805,-12.810808784339802
1126813,3740637,-12.825862302158146
1126813,1591587,-12.825862302158146
1126813,1121121,-12.917500745750385
1126813,1121122,-12.938041235460233
1126813,7253286,-12.968785606977061
1126813,1121120,-12.99185614130008
1126813,4372031,-12.993943171390782
1126813,6753737,-12.993943171390782
1126813,3337539,-13.018788211387896
1126813,167753,-13.018788211387896
1126813,4579692,-13.067571117636213
1126813,6044981,-13.095327490098459
1126813,1513148,-13.11519241502365
1126813,8494841,-13.11519241502365
1126813,5306821,-13.138584494550035
1126813,7787404,-13.161449214620234
1126813,2724423,-13.1794890569502
1126813,3231862,-13.18456353099943
1126813,3441833,-13.18456353099943
1126813,2038052,-13.18456353099943
1126813,3990067,-13.2071626415073
1126813,83323,-13.2071626415073
1126813,6090669,-13.229509242703548
1126813,5296390,-13.229509242703548
1126813,213463,-13.229509242703548
1126813,2724427,-13.241141031714633
1126813,4310142,-13.241141031714633
1126813,160971,-13.25160891507672
1126813,1121118,-13.295088888349529
1126813,7437041,-13.295088888349529
1126813,4372036,-13.295088888349529
1126813,7003067,-13.295088888349529
1126813,8523860,-13.302684349048143
1126813,3441829,-13.316479466583026
1126813,2863191,-13.316479466583026
1126813,5040996,-13.3376436852441
1126813,8494839,-13.3376436852441
1126813,3990065,-13.3376436852441
1126813,4688801,-13.3376436852441
1126813,3981832,-13.35858628497869
1126813,708828,-13.362390275347504
1126813,3957324,-13.39158787418981
1126813,6376892,-13.399824859384161
1126813,7526814,-13.399824859384161
1126813,5745565,-13.399824859384161
1126813,3734888,-13.399824859384161
1126813,6455846,-13.420129602312198
1126813,3447606,-13.420129602312198
1126813,5531622,-13.420129602312198
1126813,4458252,-13.420129602312198
1126813,2862385,-13.434600284631735
1126813,537785,-13.460130935725537
1126813,2149751,-13.460130935725537
1126813,2828086,-13.47983552861156
1126813,1803858,-13.47983552861156
1126813,7875296,-13.49934787850229
1126813,1769641,-13.49934787850229
1126813,4372034,-13.49934787850229
1126813,4570167,-13.49934787850229
1126813,5807180,-13.504293747292074
1126813,1121124,-13.518671700325765
1126813,8494840,-13.518671700325765
1126813,4530219,-13.518671700325765
1126813,5256128,-13.518671700325765
1126813,2567028,-13.518671700325765
1126813,3441828,-13.537810602358064
1126813,7875295,-13.57554757096683
1126813,7006250,-13.594152356291456
1126813,1239338,-13.594152356291456
1126813,8783960,-13.612585666501307
1126813,82268,-13.630850633627851
1126813,1733987,-13.754237771638529
1126813,8382024,-13.754744488023011
1126813,7787401,-13.771259150974348
1126813,8382017,-13.866652451722427
1126813,2392664,-14.155579162562834
1126813,3840807,-14.189150191037259
1126813,4274420,-14.366907741081999
1126813,1208582,-14.395046129542145
240053,5617191,-47.181021278443076
240053,5492716,-47.19944499322698
240053,3857660,-48.17869109340189
240053,3162892,-51.22591621044009
240053,5657097,-51.68031743232363
240053,7032844,-51.68726426143107
240053,3418791,-51.85837027133668
240053,6963592,-52.48748847500502
240053,2919784,-52.573383566951314
240053,3375130,-52.63665888486379
240053,6665636,-52.64243060022393
240053,3658247,-52.666479214904776
240053,8806088,-52.79756045121337
240053,6963596,-52.908971289112316
240053,3692254,-53.03311007135293
240053,7160691,-53.06510382603289
240053,5853963,-53.11259110931262
240053,8315346,-53.21198486315399
240053,3162893,-53.28372614341068
240053,4318428,-53.307412538993766
240053,1938455,-53.412178368151444
240053,3857662,-53.46155639871043
240053,8315352,-53.46373411429505
240053,5617186,-53.55983016079847
240053,4318429,-53.609962036184626
240053,3517862,-53.732964958002086
240053,5853959,-54.06314297137289
240053,6881185,-54.07287916866542
240053,6532859,-54.11661628662132
240053,8537866,-54.15273066622594
240053,5617189,-54.15806760050516
240053,5408962,-54.17890027222249
240053,6150414,-54.21262432301857
240053,7318059,-54.30284534051594
240053,5125041,-54.678155199316095
240053,2967058,-54.722123890448714
240053,5124573,-54.73115394700463
240053,4883085,-54.78108069288603
240053,5572964,-54.87737359592702
240053,3069261,-54.982580674109826
240053,4328559,-55.010469378005226
240053,5168785,-55.03700961069607
240053,528638,-55.1285988501496
240053,5657095,-55.236384569570056
240053,7474304,-55.2515672268188
240053,5553048,-55.276589681247835
240053,1215440,-55.28087837804215
240053,7485480,-55.342894688393066
240053,11116,-55.37070965692091
240053,898545,-55.40387375192209
240053,158045,-55.454926691191105
240053,3134604,-55.4628467374073
240053,4790299,-55.472616239738265
240053,7404878,-55.51070196708634
240053,4045215,-55.55804903255992
240053,6653260,-55.60244251633235
240053,3658250,-55.678533574261394
240053,2262511,-55.70198516752602
240053,131072,-55.73418562528153
240053,904832,-55.73544924550227
240053,6963593,-55.74353670376772
240053,706613,-55.772240335430986
240053,8713303,-55.781844533440996
240053,1320735,-55.80987366199022
240053,8289015,-55.81648381228358
240053,5518159,-55.92912616339837
240053,5103694,-55.99361901013275
240053,5860248,-56.111473144351315
240053,4084170,-56.182205278501634
240053,7445994,-56.21820756148538
240053,5905287,-56.26017385654853
240053,731089,-56.26972898127408
240053,6825957,-56.30378819028245
240053,6499986,-56.307885317486004
240053,1130787,-56.326289094657135
240053,6210869,-56.35011869294213
240053,7468615,-56.37555366824678
240053,5657096,-56.43816710319075
240053,8456130,-56.438959710949646
240053,8763871,-56.496738902152835
240053,2026447,-56.501378009255674
240053,2960570,-56.52403787543208
240053,1979179,-56.53874925701191
240053,7135892,-56.54159003588365
240053,5485475,-56.55314611304768
240053,5054653,-56.58547707919381
240053,3206759,-56.59747192529403
240053,2960576,-56.628030701600466
240053,2179629,-56.641607519424525
240053,6101556,-56.64853729127895
240053,7743205,-56.64951053246019
240053,1909096,-56.65321185984187
240053,7867148,-56.65865831202684
240053,3960737,-56.66223835783878
240053,8753839,-56.67007532477248
240053,5227765,-56.684220462878784
240053,3869032,-56.68882822775708
240053,117491,-56.69955582269374
240053,5227761,-56.74407367603078
240053,5347579,-56.74407367603078
1115392,7086975,-16.41968604605919
1115392,2518508,-18.136167490727022
1115392,8110044,-18.457470017826765
1115392,8069293,-18.67617605231544
1115392,2653628,-18.955354187610226
1115392,7081654,-19.050723043942906
1115392,8110043,-19.147308194940976
1115392,8838196,-19.161130417907057
1115392,8110046,-19.39378751487183
1115392,8110041,-19.524898406286194
1115392,1679429,-19.76951888100191
1115392,8713469,-19.86723257702654
1115392,344436,-19.891661550967978
1115392,5060782,-19.999514537470027
1115392,5212694,-20.021859794326865
1115392,5212698,-20.02333047000586
1115392,3913375,-20.029682228553852
1115392,3093360,-20.036089460143526
1115392,1325713,-20.143316852610255
1115392,1829917,-20.154843316755642
1115392,5632415,-20.191802294739635
1115392,4068049,-20.24487131491084
1115392,2557675,-20.603594171749403
1115392,8207894,-20.77383262942459
1115392,1829918,-21.160101029879268
1115392,3093358,-21.29587992327443
1115392,3093361,-21.610012963586026
1113437,4186999,-28.693165129344933
1113437,61756,-28.901283809137063
1113437,4841345,-29.182641040960235
1113437,4193422,-29.362259923293315
1113437,5748055,-29.408170762711293
1113437,6909270,-29.49525127827536
1113437,7618564,-29.719470336527458
1113437,2920385,-29.722850754109906
1113437,1399077,-29.773720584843403
1113437,3329254,-29.80802793328629
1113437,919328,-29.94385488941397
1113437,8299324,-29.952378434571553
1113437,3997986,-30.023263518196423
1113437,4898185,-30.044541575951023
1113437,7306673,-30.234233796764187
1113437,4691644,-30.247737701834346
1113437,5215408,-30.33859043038546
1113437,5215406,-30.33859043038546
1113437,7050819,-30.36299158458857
1113437,8128798,-30.376937645073482
1113437,5965729,-30.416603134807367
1113437,5132846,-30.439184363196816
1113437,4981632,-30.6161568522121
1113437,7707094,-30.672287664882695
1113437,1317211,-30.7488900221024
1113437,2535148,-30.771293981287304
1113437,2735952,-30.772851332588452
1113437,2922427,-30.779565710578332
1113437,58131,-30.784452163378152
1113437,7618558,-30.814949275848363
1113437,3436902,-30.857819694092285
1113437,7126000,-30.870077355011873
1113437,3325914,-30.887385732766838
1113437,1270353,-31.083507023260808
1113437,5313809,-31.147291189896528
1113437,7536939,-31.153917799682816
1113437,1270360,-31.20001553840342
1113437,5050470,-31.22178004800487
1113437,3643127,-31.257432244500322
1113437,2780065,-31.260206212050353
1113437,1520227,-31.306307659791592
1113437,1253484,-31.307200165483096
1113437,4854578,-31.319319990708422
1113437,802366,-31.329817405817863
1113437,2162939,-31.389073588484848
1113437,3404360,-31.42399515301036
1113437,4628484,-31.49014572381536
1113437,1805017,-31.50141706304131
1113437,8128796,-31.503480840572283
1113437,8128790,-31.51181154892754
1113437,8137621,-31.5229113399977
1113437,8133335,-31.525878591278193
1113437,3357893,-31.54033384950023
1113437,3088434,-31.54036532468549
1113437,4418355,-31.5782463608601
1113437,7901000,-31.584793770990004
1113437,3357895,-31.596672291599262
1113437,3957201,-31.628048960724783
1113437,3868439,-31.644413517536872
1113437,502883,-31.647999731270417
1113437,2052005,-31.661621996200616
1113437,7762121,-31.67373539232642
1113437,1206406,-31.678764258417264
1113437,4628478,-31.678764258417264
1113437,4111480,-31.69292371841697
1113437,3436901,-31.712792445188764
1113437,1077734,-31.73104320436633
1113437,1434662,-31.735669598115496
1113437,3064610,-31.75121664875298
1113437,520325,-31.755714573769353
1113437,4867779,-31.765636697966887
1113437,1655114,-31.77866656535867
1113437,970140,-31.77886189968381
1113437,2204118,-31.823723177785553
1113437,8599281,-31.82503120581277
1113437,2092827,-31.830183253300333
1113437,4167476,-31.830183253300333
1113437,3436894,-31.84516812096129
1113437,6021898,-31.853073651556482
1113437,1019929,-31.86834704684534
1113437,6166403,-31.878900015504726
1113437,8705945,-31.885761399827132
1113437,4311392,-31.914460572448405
1113437,5384769,-31.98729833020063
1113437,1396712,-31.99573140817835
1113437,6557144,-32.00156601919981
1113437,7180572,-32.005970151890466
1113437,3290247,-32.00961184333822
1113437,5253279,-32.02253870998143
1113437,5258080,-32.02253870998143
1113437,2773548,-32.02466348774152
1113437,5141464,-32.02948418820134
1113437,7011361,-32.03211011857208
1113437,1655112,-32.03420162002871
1113437,1626894,-32.04456176452891
1113437,854787,-32.0515549450593
1113437,2711823,-32.053646446515934
1113437,7437754,-32.05761970687598
1113437,6267538,-32.08646513825974
1113437,5203156,-32.09806490764241
1122461,5126003,-19.552573128305145
1122461,48062,-21.66553342367138
1122461,1746623,-21.997628814176437
1122461,4989566,-22.05045992394684
1122461,3977514,-22.370525703367328
1122461,5820098,-22.534122614352043
1122461,553880,-22.68691720223196
1122461,3977522,-22.736215173278968
1122461,8435978,-22.813482872262856
1122461,6051487,-22.814756416625986
1122461,2267207,-22.952544365497374
1122461,8238271,-22.999787141963363
1122461,3704866,-23.060616457758904
1122461,293221,-23.10357010415045
1122461,238484,-23.22101039181715
1122461,8721077,-23.26060925054737
1122461,2531935,-23.326084059781383
1122461,6623218,-23.37410576100681
1122461,4556347,-23.397643192228596
1122461,6765639,-23.591531320705506
1122461,7927076,-23.616479075462916
1122461,5732349,-23.666012317288242
1122461,7437454,-23.66843229176458
1122461,2259127,-23.68221587325868
1122461,2043708,-23.70596819344537
1122461,6719657,-23.71792802100858
1122461,7437456,-23.872542264365855
1122461,8042589,-23.895617283327155
1122461,6166223,-23.89754461881003
1122461,8042581,-23.9348540174689
1122461,4989567,-24.02523231532754
1122461,6176680,-24.027527980567996
1122461,7511487,-24.087819584545684
1122461,3704862,-24.092151119361787
1122461,3902115,-24.092151119361787
1122461,3902119,-24.092151119361787
1122461,376306,-24.102406603507113
1122461,5194751,-24.139610818941723
1122461,1363928,-24.153426803480436
1122461,853800,-24.15956273701289
1122461,3042118,-24.16221698180972
1122461,3230153,-24.167487305518247
1122461,3526090,-24.202409937040457
1122461,1526194,-24.207938825551494
1122461,670134,-24.267216271646994
1122461,6188991,-24.346152969794105
1122461,7155216,-24.34876184854102
1122461,4804324,-24.356771202585197
1122461,1762070,-24.423751217400003
1122461,6330902,-24.45942296014414
1122461,1311038,-24.47261548093669
1122461,7567622,-24.472995189258146
1122461,7129660,-24.551147492701322
1122461,7689544,-24.623180779116936
1122461,3731418,-24.790794239310152
1122461,4976284,-24.8325387912619
1122461,48060,-24.840500467847775
1122461,3446961,-24.85146799465041
1122461,4452742,-24.858356848525577
1122461,6200144,-24.89781955304782
1122461,4072821,-24.93767702682294
1122461,777761,-24.950162286238147
1122461,6214494,-24.959659509473234
1122461,7155215,-25.06426606674439
1122461,4671924,-25.067952164379882
1122461,5126005,-25.118714021699972
1122461,4691681,-25.14086830412396
1122461,4978693,-25.143623576929954
1122461,6619486,-25.146777913287153
1122461,7460065,-25.158687679402064
1122461,8349878,-25.18928344923686
1122461,2947053,-25.211292763385444
1122461,4954333,-25.337053637664994
1122461,3985224,-25.348388701799173
1122461,7803166,-25.350386388722377
1122461,8068064,-25.388453367574336
1122461,2452990,-25.420911416203506
1122461,1178888,-25.49223135480586
1122461,8663452,-25.53173592326599
1122461,4235625,-25.56105514385693
1122461,3357987,-25.588315000943496
1122461,4882990,-25.62886442250774
1122461,1363922,-25.63407970352576
1122461,5285775,-25.666322189846095
1122461,4727159,-25.74849463171284
1122461,8455922,-25.75860928113423
1122461,867999,-25.87343580028761
1122461,3064250,-25.93848887176572
1122461,930839,-25.940691552587353
1122461,1310082,-25.96947641846127
1122461,777766,-25.976186650570178
1122461,7241508,-26.029141378312133
1122461,3985227,-26.045738389933945
1122461,5647224,-26.08945141671042
1122461,8383849,-26.093497128661138
1122461,5885383,-26.107221374355927
1122461,8341996,-26.11554070611434
1122461,4452747,-26.146781007751
1122461,5885379,-26.181938538530687
1122461,5885381,-26.1884505941444
1116341,6782961,-20.185050066892433
1116341,8100866,-21.741937000372104
1116341,2197145,-21.8745861612168
1116341,2197149,-22.194756991910946
1116341,8100865,-22.43983163020829
1116341,8100864,-22.43983163020829
1116341,7212225,-23.17712844575059
1116341,4662985,-23.20698240349826
1116341,7212226,-23.421319388034682
1116341,2829743,-23.4575775857041
1116341,8274411,-23.473560334365477
1116341,6782799,-23.625869441838002
1116341,4662987,-23.952651511969822
1116341,6782800,-24.038606386778927
1116341,7212219,-24.0930167912149
1116341,7885821,-24.09417476885921
1116341,4272919,-24.18508777316944
1116341,7223336,-24.192471510090108
1116341,7317480,-24.228622997917626
1116341,5756134,-24.24658529571727
1116341,6681496,-24.403721423320892
1116341,4983067,-24.444891882998725
1116341,1225628,-24.446049860643043
1116341,2670126,-24.449318015891127
1116341,7429072,-24.52938620825441
1116341,5060824,-24.52938620825441
1116341,6978629,-24.59657390838199
1116341,702158,-24.61102169477924
1116341,7212220,-24.65006506054893
1116341,4162685,-24.688682104770024
1116341,3316328,-24.689866383961604
1116341,1191962,-24.689866383961604
1116341,5140072,-24.691816503156865
1116341,2826691,-24.725049619486832
1116341,7869915,-24.72694632423907
1116341,8709880,-24.87575695612416
1116341,4737972,-24.920450158516665
1116341,2485517,-24.920450158516665
1116341,1036053,-24.964649503263
1116341,4662993,-24.9938101371992
1116341,8151113,-25.008365785391764
1116341,4970338,-25.008365785391764
1116341,2043220,-25.008365785391764
1116341,4779585,-25.051609449808623
1116341,2455448,-25.051609449808623
1116341,3316332,-25.0675051218459
1116341,6782801,-25.094390606275617
1116341,6389912,-25.122867823851298
1116341,8803341,-25.136719043597765
1116341,4389404,-25.136719043597765
1116341,1433492,-25.14986261494771
1116341,4389399,-25.17860424306695
1116341,2298829,-25.17860424306695
1116341,8100861,-25.205442131632136
1116341,8238016,-25.220055391209137
1116341,7881016,-25.220055391209137
1116341,8472945,-25.261081391877887
1116341,6188696,-25.261081391877887
1116341,3356424,-25.30169087773396
1116341,3991304,-25.30169087773396
1116341,5037404,-25.30169087773396
1116341,1423741,-25.341892221147965
1116341,4538256,-25.362023364046884
1116341,5154244,-25.377973075965425
1116341,5064776,-25.38169354456064
1116341,5948686,-25.38169354456064
1116341,4146931,-25.38169354456064
1116341,4351794,-25.38169354456064
1116341,6941572,-25.387301064651925
1116341,4538263,-25.417968331945843
1116341,6120488,-25.442197617193454
1116341,4701609,-25.45927936059207
1116341,7169684,-25.460127430114145
1116341,8743103,-25.460127430114145
1116341,3507805,-25.460127430114145
1116341,7852078,-25.460127430114145
1116341,6090259,-25.460127430114145
1116341,8106035,-25.460127430114145
1116341,6016789,-25.460127430114145
1116341,236822,-25.460127430114145
1116341,2043219,-25.49877507376109
1116341,7202763,-25.49877507376109
1116341,1093330,-25.533110621503678
1116341,3345723,-25.537052877825694
1116341,6437286,-25.537052877825694
1116341,552902,-25.537052877825694
1116341,3678113,-25.537052877825694
1116341,1992033,-25.537052877825694
1116341,6544879,-25.57496785364387
1116341,4583893,-25.57496785364387
1116341,4904735,-25.581177595356124
1116341,3486483,-25.612526815043225
1116341,8144065,-25.64973638569248
1116341,3245776,-25.64973638569248
1116341,2299946,-25.665719450771284
1116341,3940339,-25.68652554329636
1116341,4673355,-25.723132940365268
1116341,469521,-25.732742198428397
1116341,5118584,-25.759332282444937
1116341,2161418,-25.790780829483584
1129237,8588219,-26.521062798815063
1129237,7911557,-27.094842887724486
1129237,8588222,-28.996864724218714
1129237,2697746,-29.703303432211182
1129237,2697752,-30.595957402068574
1129237,8588227,-31.596496315393217
1129237,3279719,-32.22226348804326
1129237,1770027,-32.54419869857674
1129237,4066969,-32.754492644136086
1129237,128984,-32.87568317823497
1129237,3993743,-33.02176150481814
1129237,2176863,-33.031927914707715
1129237,1959030,-33.238691147565774
1129237,3153068,-33.39659015751482
1129237,4915547,-33.409354005062866
1129237,3905057,-33.50352676752509
1129237,4773351,-33.52326597118549
1129237,8712732,-33.56849141955779
1129237,5831781,-33.638772304175056
1129237,302210,-33.69637153946155
1129237,3409660,-33.79310962141829
1129237,3683096,-33.842225119584334
1129237,3858678,-33.84735108559947
1129237,7397082,-33.84739558657244
1129237,1721142,-33.8589733404549
1129237,3737013,-33.945582339953454
1129237,3905802,-33.96640795753736
1129237,7350325,-33.983208607789805
1129237,305088,-34.10677107981882
1129237,1169301,-34.14158352206524
1129237,5138597,-34.227300506723545
1129237,8633911,-34.28760687501323
1129237,6903787,-34.341857036094794
1129237,5127618,-34.34292099862054
1129237,7337950,-34.381607036415666
1129237,7248784,-34.47828204910791
1129237,4200308,-34.479719477928505
1129237,998751,-34.495180906726816
1129237,6343521,-34.50397158709297
1129237,998747,-34.53716899390864
1129237,5906130,-34.56848000579789
1129237,461835,-34.58006537834674
1129237,2363805,-34.62870991508304
1129237,4779185,-34.63438741446333
1129237,1169297,-34.66582539643607
1129237,4254811,-34.66582539643607
1129237,3588803,-34.68388329102045
1129237,6080460,-34.70706227529906
1129237,1770021,-34.720856280508535
1129237,4165266,-34.72373941010809
1129237,2913079,-34.7268653524258
1129237,128989,-34.91146463511495
1129237,6343520,-34.92621378586407
1129237,1904265,-34.99109249737304
1129237,2777625,-34.99146550588032
1129237,5032115,-35.01608777678276
1129237,262492,-35.02249854855132
1129237,4233385,-35.0260375157266
1129237,4233383,-35.073175740996
1129237,8223155,-35.07991329506654
1129237,6172879,-35.0921796055679
1129237,7209094,-35.09605549518767
1129237,7769727,-35.14118852782973
1129237,5094333,-35.18984186399819
1129237,2768069,-35.193411535882205
1129237,2156403,-35.193411535882205
1129237,7874566,-35.194114113682446
1129237,1908008,-35.203973899061474
1129237,3736617,-35.215837243954546
1129237,827057,-35.215837243954546
1129237,2036019,-35.21584774159099
1129237,4254813,-35.215925972431165
1129237,7050921,-35.226124350150826
1129237,3731708,-35.23047159719975
1129237,4367170,-35.24607986743562
1129237,1959032,-35.262377610983286
1129237,7358219,-35.27385188494783
1129237,6194643,-35.27458653774845
1129237,1234330,-35.31143601504723
1129237,1793268,-35.3209606242
1129237,933855,-35.34172788622701
1129237,6051996,-35.35158805096459
1129237,461837,-35.38624851390302
1129237,1849518,-35.398304211983
1129237,6718826,-35.406063374147884
1129237,4261970,-35.42027925204748
1129237,3649330,-35.421804216758176
1129237,4003056,-35.4285698495852
1129237,451835,-35.46074615556156
1129237,2015118,-35.46840427382565
1129237,2319069,-35.46964521075008
1129237,664274,-35.479027926835606
1129237,608384,-35.49206508106637
1129237,8357400,-35.54394788400146
1129237,3787653,-35.56783306775347
1129237,2955239,-35.59124574972424
1129237,4982587,-35.592848396041695
1129237,5513583,-35.6165030896475
1129237,3631834,-35.64269098871095
1129237,3228197,-35.65059819334319
912070,5058699,-63.61628531458121
912070,777849,-65.21993565245609
912070,4698025,-65.34549810226207
912070,5058695,-65.51982132296669
912070,5086902,-65.51982132296669
912070,5328871,-65.54260612968622
912070,6230240,-65.6590933997339
912070,4547349,-65.78779935843568
912070,6730126,-65.81138948111588
912070,5834743,-65.89626586035234
912070,2151313,-65.98538822912514
912070,2896588,-66.00302394956833
912070,5162627,-66.06980587956723
912070,5096366,-66.09003677038005
912070,2400610,-66.14237105839536
912070,5162626,-66.19304011642217
912070,7946150,-66.19424223032883
912070,5162628,-66.25779954455035
912070,3996436,-66.2612152693547
912070,3226256,-66.26377826660169
912070,6730128,-66.30723043285799
912070,4892250,-66.40714158885238
912070,8162625,-66.42602673252144
912070,2848083,-66.5050257996255
912070,6146730,-66.65203756734725
912070,3555367,-66.68790635049682
912070,4945453,-66.73554322751517
912070,7946149,-66.83521258500726
912070,7241523,-66.84272998152638
912070,3996433,-66.85068306207378
912070,4161898,-66.8507288863805
912070,4615448,-66.91243964294861
912070,4929215,-66.91246074821198
912070,1002566,-66.93066974033306
912070,482769,-66.95524133370448
912070,4504940,-67.06283970487965
912070,7946151,-67.17674373419328
912070,1237852,-67.19789927487601
912070,3996438,-67.31465948539025
912070,3996430,-67.32696306113725
912070,4994593,-67.34121815258646
912070,4213888,-67.39012941286693
912070,2517391,-67.393234960366
912070,8678652,-67.42592750954364
912070,1331213,-67.43201974555686
912070,7224610,-67.45705364661451
912070,2303998,-67.51831430818025
912070,3405621,-67.53743234952668
912070,6193959,-67.56838040506061
912070,6826389,-67.62831250547406
912070,8352739,-67.68956144923123
912070,7960803,-67.69907213746531
912070,6826386,-67.70589917019427
912070,4333398,-67.7090689481828
912070,6466248,-67.77545209737393
912070,5202947,-67.78339193184263
912070,4594055,-67.78339193184263
912070,4381802,-67.82532158783157
912070,1657553,-67.87947629206218
912070,6826391,-67.88021803387966
912070,8730446,-67.8922793884963
912070,460250,-67.90956754203023
912070,2827753,-67.91245774159624
912070,5202952,-67.94413495842734
912070,2816548,-67.98647224057619
912070,2729455,-67.98778064621712
912070,5561539,-68.02104177033672
912070,5005703,-68.02697616195637
912070,8416265,-68.03183058940196
912070,3323244,-68.05497763656084
912070,3008572,-68.05692909269798
912070,4774272,-68.06512949952321
912070,796097,-68.08183526269333
912070,3748009,-68.09283727150704
912070,1527397,-68.1052877245354
912070,6687745,-68.10884844029871
912070,4513576,-68.14037239971623
912070,2389548,-68.18977419710623
912070,1980712,-68.21093413849599
912070,7960801,-68.23266369518049
912070,2446758,-68.23425622272967
912070,6952469,-68.26462600045046
912070,8025387,-68.26977506787159
912070,8365785,-68.29324656663081
912070,2303995,-68.30139652993242
912070,8162623,-68.30513701299337
912070,7253102,-68.31214353831048
912070,5162624,-68.3547060526879
912070,402292,-68.36625119510904
912070,2446752,-68.37287461380294
912070,2877137,-68.38488023834842
912070,5393480,-68.3883424931608
912070,3650263,-68.38844686632793
912070,6329390,-68.39835574073672
912070,2303994,-68.41783227733461
912070,3440614,-68.42027291137727
912070,8769223,-68.42708505883601
912070,3341004,-68.42708505883601
912070,796102,-68.43955029418011
912070,2267175,-68.47124129585339
278813,7477644,-46.607096689969104
278813,4725529,-46.62920279337755
278813,7661107,-46.852623270258384
278813,6333895,-47.36738309236133
278813,3186464,-48.47943296115813
278813,6392632,-48.61024975329641
278813,4361005,-48.79953913051417
278813,4555314,-49.50016984317489
278813,4724474,-49.78083704451831
278813,200786,-49.94369974758307
278813,3768248,-50.13480461770425
278813,4688509,-50.23612873676702
278813,714845,-50.239981192921135
278813,4725531,-50.244669397185305
278813,7315877,-50.26910782281407
278813,5190917,-50.28175919614418
278813,2914659,-50.31977297728482
278813,3583856,-50.44335996579628
278813,6333897,-50.50899841925383
278813,6504583,-50.652620898030314
278813,3583858,-50.884416984817165
278813,4555317,-50.9637255304456
278813,3177931,-51.11514531799013
278813,2401042,-51.1735769593513
278813,4514035,-51.20376407981301
278813,4794659,-51.21529033890642
278813,4669858,-51.406599508736974
278813,6149458,-51.423138087595014
278813,2837869,-51.5019537338782
278813,636324,-51.69079492110051
278813,3618614,-51.784947709458706
278813,7414968,-51.83657218778995
278813,2461039,-51.98282991159025
278813,787246,-52.05908935354245
278813,6265642,-52.09581417443367
278813,3008216,-52.19259046909588
278813,7414971,-52.27250270872657
278813,1593470,-52.289452594780506
278813,4987255,-52.493989027965995
278813,362447,-52.493989027965995
278813,2115109,-52.493989027965995
278813,3186463,-52.545015761506285
278813,1972264,-52.58925326225746
278813,8470450,-52.73661232692905
278813,3368972,-52.78881294325904
278813,5358273,-52.853632377014314
278813,8639933,-52.93519253010664
278813,6158696,-53.000897049961736
278813,334446,-53.00123098364997
278813,4631486,-53.12519932232456
278813,677989,-53.19345625842504
278813,2750247,-53.21765240226766
278813,6504584,-53.320551996249854
278813,8639934,-53.32957521617422
278813,7598768,-53.34118279492267
278813,5151267,-53.34863725021399
278813,5731850,-53.43043845230571
278813,2461664,-53.474634183711544
278813,1035926,-53.55294348036655
278813,6877688,-53.612862281573285
278813,4631489,-53.632541651170115
278813,107217,-53.64580087131331
278813,7414767,-53.723552008574444
278813,3390550,-53.823759679339936
278813,6161321,-53.82550380170488
278813,4030166,-53.84340079864323
278813,5494999,-53.95858509718348
278813,5588226,-53.99216208717851
278813,1831712,-54.07142047420878
278813,5495001,-54.12133002399931
278813,2461038,-54.146486089266354
278813,312533,-54.15966925142429
278813,6867405,-54.20703250968913
278813,3177932,-54.215606243381686
278813,4514037,-54.29837627302686
278813,1330739,-54.32530800648063
278813,355684,-54.33231985144933
278813,5455362,-54.3499264628187
278813,7414969,-54.35265306740694
278813,8412061,-54.35975793391531
278813,8343029,-54.37793196887082
278813,4567281,-54.391787023931705
278813,573851,-54.407316108514124
278813,1415033,-54.447598646151384
278813,1266468,-54.478874462692616
278813,3650301,-54.54696899196823
278813,7354996,-54.589607656297616
278813,8437411,-54.63087471009548
278813,555226,-54.658645078072425
278813,7315880,-54.69253756122293
278813,5504499,-54.73001492015322
278813,1831711,-54.74421572756129
278813,200782,-54.7816018364901
278813,162179,-54.82376268363798
278813,1708255,-54.837716733350895
278813,1325564,-54.84385002503362
278813,4971501,-54.86037966996043
278813,869747,-54.89511800944733
278813,1636275,-54.90408049408383
278813,8359997,-54.92731438706852
423273,8547995,-25.175632527086037
423273,4224124,-25.273769326565382
423273,3321495,-25.330026965241323
423273,6773967,-25.876625614330628
423273,1831918,-25.877681329667897
423273,6668023,-26.031588981791067
423273,1831921,-26.096713160938343
423273,6668015,-26.12419243998372
423273,5172597,-26.20076187179818
423273,6608581,-26.298507309805583
423273,6668014,-26.371842985655185
423273,1752013,-26.524335622710993
423273,3321491,-26.615748922762418
423273,7409897,-26.68815995283297
423273,3638686,-26.779053018534974
423273,1797263,-26.841638497089548
423273,6135608,-26.8776022578597
423273,856289,-26.960021020476834
423273,2962840,-27.0436335083133
423273,7839351,-27.141706022293782
423273,4859657,-27.18724271010195
423273,3321497,-27.254899134495336
423273,1414628,-27.34507011351562
423273,1752016,-27.373830806687977
423273,7811682,-27.410132477242435
423273,1797267,-27.51117661094236
423273,8405380,-27.580570233369535
423273,245842,-27.586294292162947
423273,5592805,-27.626322356835782
423273,245469,-27.644098404168325
423273,6561695,-27.65506380317417
423273,4429261,-27.684467054163132
423273,845420,-27.701241883286436
423273,223841,-27.735818584575547
423273,5113154,-27.828715963878786
423273,5938083,-27.853416032490735
423273,7202017,-27.86885534347966
423273,2312923,-27.86885534347966
423273,7526393,-27.86885534347966
423273,2294592,-27.86885534347966
423273,5053695,-27.86885534347966
423273,4093261,-27.86885534347966
423273,4204394,-27.86885534347966
423273,6668017,-27.869530399049758
423273,5732863,-27.8749875774511
423273,789790,-27.87562715937127
423273,6171873,-27.879477821198876
423273,1885011,-27.917776637347195
423273,3392000,-27.923500696140607
423273,2925680,-27.923500696140607
423273,4661668,-27.923500696140607
423273,3445593,-27.923500696140607
423273,448839,-27.930827146070968
423273,6171866,-27.93535944563184
423273,6998653,-27.94683614064152
423273,8153329,-27.947983413917626
423273,8686805,-27.9574665313704
423273,7913543,-27.977555276661683
423273,3781535,-27.977555276661683
423273,5969072,-27.977555276661683
423273,4466681,-27.977555276661683
423273,3076833,-28.001167603758887
423273,849224,-28.031031722245423
423273,6854756,-28.031031722245423
423273,1168065,-28.0368390878941
423273,5986017,-28.040660437426816
423273,6171874,-28.056405504845777
423273,6171869,-28.07319097002847
423273,152053,-28.085916659991682
423273,7780322,-28.09310578882239
423273,963746,-28.097803916544926
423273,6669168,-28.10643464974805
423273,963753,-28.10695976186482
423273,8733779,-28.17067840130199
423273,6669165,-28.179404380106956
423273,6669166,-28.18238864461891
423273,1414627,-28.191368967637597
423273,856291,-28.247797012525446
423273,1391925,-28.266835210941434
423273,1040342,-28.276415891153036
423273,5022578,-28.287256370329384
423273,8237692,-28.31609189286229
423273,1574943,-28.31937557900938
423273,4429991,-28.32224416092535
423273,3860561,-28.324825898631367
423273,8237690,-28.324825898631367
423273,6854761,-28.32888533681955
423273,8176603,-28.340408740835862
423273,790733,-28.3465409748073
423273,3550653,-28.352646339751217
423273,2164393,-28.35942055748057
423273,6552586,-28.362421712946464
423273,8446532,-28.367035940674725
423273,8648559,-28.3717212863121
423273,8237693,-28.378997997382317
423273,1669258,-28.37970281514862
423273,8237688,-28.380632939825745
423273,8237691,-28.385546400162532
423273,8686800,-28.392523416318546
423273,3860562,-28.400814203746762
507445,138394,-32.23224531642935
507445,8651728,-33.2396464916101
507445,3740361,-33.2764312851525
507445,3990765,-33.46300116377243
507445,5181430,-33.50498771107588
507445,361584,-33.655544254599135
507445,570034,-33.67863688833391
507445,3775262,-33.760092628884074
507445,5279202,-33.79781073492996
507445,1489507,-33.94644762037359
507445,7916112,-34.00206535594974
507445,7239635,-34.0158119862817
507445,7239639,-34.0158119862817
507445,3526029,-34.13024329167889
507445,7476087,-34.153041296299804
507445,4593698,-34.185756378891156
507445,5889638,-34.33047676924981
507445,7752849,-34.33595094126493
507445,7902109,-34.55211218215397
507445,6193047,-34.702323495199124
507445,5716524,-34.71160643781661
507445,6792878,-34.73661529969091
507445,4395305,-34.803477802801105
507445,7534190,-34.90438779318588
507445,6180779,-34.929496098060646
507445,7794488,-34.980337607139106
507445,4288774,-34.99572130175066
507445,1485181,-35.065243397343984
507445,6100611,-35.09853138413261
507445,4522784,-35.123885501036725
507445,8722482,-35.12740496608824
507445,1485183,-35.134209472445065
507445,1742018,-35.13433735788114
507445,8490669,-35.20770341594498
507445,483963,-35.2217428083372
507445,8669945,-35.27466934903147
507445,8697530,-35.284160468562824
507445,92322,-35.30897242724592
507445,5369730,-35.33324709672509
507445,2146150,-35.355367831730376
507445,92319,-35.372841597472544
507445,6375674,-35.41020779482505
507445,7053873,-35.450118583473866
507445,8054732,-35.45687145876313
507445,4156462,-35.47229149375503
507445,4668189,-35.474129053740484
507445,1439300,-35.48022257981501
507445,7687147,-35.48388263004524
507445,3337955,-35.48532260789615
507445,3964201,-35.49941229074895
507445,483959,-35.53569677149466
507445,2317726,-35.545092817719045
507445,2186408,-35.54836248367704
507445,8755210,-35.56630338311766
507445,2102078,-35.5812644439385
507445,6952461,-35.58718247500199
507445,1485187,-35.610439983193025
507445,493308,-35.61426297837204
507445,6692438,-35.64295612437937
507445,5790259,-35.64842096185775
507445,1091561,-35.65533920925226
507445,1439304,-35.679650734581045
507445,3689215,-35.69239006969702
507445,5026308,-35.720898512435355
507445,8249903,-35.72201922779985
507445,8241757,-35.728638308323326
507445,353892,-35.75508225061854
507445,5039371,-35.7594355800575
507445,1479754,-35.76522840656308
507445,867076,-35.76727122821294
507445,7422887,-35.820978912158566
507445,4792166,-35.83426710179005
507445,3251106,-35.88798002786449
507445,658295,-35.94907576294467
507445,5738300,-35.94907576294467
507445,3287067,-35.96885479358694
507445,1416651,-35.96944542976323
507445,2386553,-35.971348107597436
507445,2795571,-36.05697772033971
507445,6471134,-36.05855318802216
507445,5369728,-36.060774742854576
507445,8455329,-36.11956450762601
507445,5695937,-36.151810826464256
507445,6559562,-36.16889683798747
507445,5288831,-36.18593347686863
507445,8179645,-36.204499189231974
507445,8014463,-36.22890348769529
507445,6692439,-36.24346475815046
507445,4604746,-36.29401792939531
507445,8556658,-36.31385657165282
507445,5148123,-36.35348413434704
507445,115039,-36.35917034404561
507445,8245326,-36.36014986956798
507445,5288832,-36.366935666039495
507445,8520595,-36.37882646276515
507445,5026305,-36.39878181320925
507445,5428402,-36.40995661160041
507445,2967368,-36.420408407686885
507445,3791249,-36.462379334542476
507445,7687148,-36.46825238864312
25129,113906,-31.23357159549082
25129,7447690,-31.966731196714885
25129,5031195,-32.123426677276996
25129,7447694,-32.63403051586781
25129,113908,-32.74574465394673
25129,113910,-33.14210928744761
25129,113905,-33.20140611877202
25129,113912,-33.54381094176076
25129,4882896,-34.06869483122339
25129,7718878,-34.165638169504206
25129,6394274,-34.1836936341601
25129,7447687,-34.32898024111315
25129,99735,-34.36212076497515
25129,6535691,-34.37661296870778
25129,7447696,-34.41716998244775
25129,2258265,-34.49678244926482
25129,1597097,-34.591554877685596
25129,1312503,-34.60957851617945
25129,4629941,-34.61148677004964
25129,6440972,-34.726392012797945
25129,4507276,-34.75179488703942
25129,4629950,-34.79057019762949
25129,244155,-34.79269102991745
25129,5807758,-34.85826545311059
25129,4882893,-35.04825568553526
25129,4675558,-35.04825568553526
25129,4629946,-35.05148086926793
25129,6463030,-35.09624430162293
25129,4473623,-35.11362313962337
25129,7804354,-35.11362313962337
25129,5640832,-35.237338862839785
25129,8645074,-35.237338862839785
25129,2408165,-35.2916173834058
25129,3253190,-35.29825309162389
25129,8319355,-35.29825309162389
25129,5747217,-35.34849694096522
25129,5885963,-35.392970561386335
25129,2113123,-35.39923361948401
25129,8589436,-35.41395165650175
25129,1844560,-35.48959852713593
25129,113911,-35.55354204796984
25129,7750508,-35.560608651335016
25129,7543403,-35.593879385664586
25129,7447689,-35.647207827153125
25129,538771,-35.682183172293605
25129,1353263,-35.76724191910387
25129,5446855,-35.8590329756095
25129,7327998,-35.87548730233097
25129,7263713,-35.88768433880564
25129,6368230,-35.894976725354624
25129,4028080,-35.90696445653755
25129,5801963,-35.92642649368698
25129,1572233,-35.95809385174455
25129,3229351,-35.997018711598535
25129,2864832,-36.0251336553333
25129,6343571,-36.15700709564595
25129,8139942,-36.15700709564595
25129,1017600,-36.21319914050243
25129,2621794,-36.24011340994346
25129,6595936,-36.34953698295496
25129,4168348,-36.34953698295496
25129,1787797,-36.35164173761034
25129,6802138,-36.42468304076958
25129,2365027,-36.474541504372006
25129,2298504,-36.474541504372006
25129,1200403,-36.59699473415925
25129,663727,-36.65729674928026
25129,4882890,-36.773821760979466
25129,3671700,-36.77611251305734
25129,8324415,-36.89262102819994
25129,113909,-36.896722469126615
25129,7804355,-37.06324864012315
25129,6842658,-37.13201350568295
25129,1376706,-37.17954590353045
25129,1867467,-37.2291578281062
25129,6463025,-37.23396194650964
25129,7421301,-37.29105610175958
25129,4294767,-37.30700354850856
25129,3516517,-37.31149598139483
25129,3622254,-37.355962931860624
25129,3622256,-37.355962931860624
25129,8758207,-37.39230193937433
25129,1700036,-37.44978264142496
25129,2285996,-37.49586840353121
25129,2457947,-37.49612232788882
25129,6368226,-37.499826199404204
25129,113904,-37.53669588226103
25129,5393686,-37.5478167799899
25129,3123010,-37.567687833176336
25129,8758206,-37.64196999611714
25129,2607749,-37.64542113943808
25129,1137105,-37.67586085536085
25129,7611459,-37.69672506450212
25129,5180770,-37.727931926183366
25129,4675555,-37.82999633095413
25129,5967818,-37.89938176558621
25129,1376707,-37.95238512821959
25129,1376701,-38.02785782146075
25129,8149030,-38.07334829066133
25129,7189886,-38.14712711388696
146187,8434623,-31.278244237436926
146187,744165,-37.35860526611752
146187,8434619,-37.41982199380755
146187,8434624,-37.67593577593944
146187,2226093,-38.50503990041461
146187,8434622,-39.41033580877868
146187,8434618,-39.98695740568002
146187,4777144,-40.00053051141252
146187,8434626,-40.34161862353397
146187,8434620,-40.34510044485688
146187,8434625,-42.542650254691054
146187,76348,-44.03370912739949
146187,315525,-44.151703876496185
146187,6464518,-44.34776168980515
146187,1056540,-44.47345484168663
146187,1329682,-44.54697848827662
146187,3860555,-44.57153780774385
146187,1329681,-44.59420843010281
146187,251613,-45.106040566507225
146187,5142349,-45.14402250126925
146187,4332606,-45.273632036281626
146187,6601035,-45.413361736161505
146187,4332600,-45.43482203234655
146187,7471714,-45.5188068344906
146187,7471719,-45.709292024040344
146187,6430260,-45.73373433231427
146187,2399141,-45.73624246594806
146187,2831955,-45.74557706976996
146187,7471713,-45.82768393966582
146187,4921740,-45.88298187005159
146187,4072041,-46.00706340182686
146187,5590506,-46.03699519477234
146187,674092,-46.05284579447664
146187,1028971,-46.16826711792194
146187,7088850,-46.16934516549663
146187,7088851,-46.197768963434115
146187,8602882,-46.23438139368653
146187,1200871,-46.246278463067846
146187,2831953,-46.28712301545761
146187,4906538,-46.31799322857667
146187,8664004,-46.32998555394582
146187,770124,-46.38720175119532
146187,2831960,-46.406003822382715
146187,1952149,-46.491542550762816
146187,3330562,-46.51169399870011
146187,8140512,-46.530545900532246
146187,7374093,-46.55122999842994
146187,7956019,-46.57973368943693
146187,6425232,-46.58425739823185
146187,7088847,-46.608758428153045
146187,8782451,-46.62379129629348
146187,6853507,-46.62837237117361
146187,5890310,-46.67382502124875
146187,4433018,-46.764842716420915
146187,3245829,-46.79700480524579
146187,2167303,-46.79700480524579
146187,6430258,-46.8263760667881
146187,5855952,-46.86957674632919
146187,4960915,-46.91489593898958
146187,2553547,-46.91667725890845
146187,8478721,-46.93621340530541
146187,7347513,-46.94078723114066
146187,8361899,-46.962336413246554
146187,2790374,-46.98756566347138
146187,711202,-47.03199708950851
146187,1418994,-47.038914689163214
146187,7583562,-47.04155140155154
146187,7249303,-47.05244702506169
146187,2879515,-47.08032096311602
146187,4992322,-47.1083281211906
146187,8716240,-47.113052031629195
146187,5994721,-47.11470712423191
146187,4032972,-47.153908181062796
146187,3526354,-47.20542082908267
146187,3340983,-47.20542223546439
146187,3636162,-47.21160534816248
146187,7405002,-47.22886270330339
146187,4212997,-47.28472223479672
146187,3475355,-47.29869478189156
146187,950482,-47.30973293786069
146187,5929430,-47.321246738759186
146187,2680017,-47.32582487342982
146187,8504975,-47.32933025519996
146187,1200874,-47.35972869364688
146187,7765318,-47.36297738810195
146187,2087678,-47.38862975709526
146187,50197,-47.390830679733405
146187,6095115,-47.426362910393514
146187,8794597,-47.434088967439926
146187,1643555,-47.44252287866559
146187,6377397,-47.46352689755637
146187,8794596,-47.47536193752705
146187,3915679,-47.48365283095194
146187,5203708,-47.497529565939175
146187,5677749,-47.497529565939175
146187,1138801,-47.518031330855585
146187,2345126,-47.54100781564529
146187,4216902,-47.55734476845652
146187,1841192,-47.56893620023918
146187,5426149,-47.57997138172969
634428,7137907,-21.533888705933936
634428,5230973,-22.556057576909613
634428,3234659,-22.556057576909613
634428,1149020,-22.790049028783642
634428,894965,-23.085121691720225
634428,331492,-23.407231805927196
634428,495895,-23.588308837060136
634428,3112254,-23.680051511664143
634428,8083790,-23.921407915524423
634428,1149015,-23.942350169632533
634428,7139848,-23.984301826558724
634428,576162,-24.029796036473567
634428,5230967,-24.15723051007371
634428,573203,-24.160587412076154
634428,8573800,-24.18380889845121
634428,4744351,-24.224719209098918
634428,8356959,-24.2705033307611
634428,8682524,-24.300471304360613
634428,7129232,-24.383598028954538
634428,331496,-24.43308269110176
634428,576161,-24.43435259700742
634428,77084,-24.745052220982203
634428,6608485,-24.79546413249193
634428,2164843,-24.911085477108166
634428,336055,-24.91664670424583
634428,5734073,-24.975125576916795
634428,462226,-24.986191784287428
634428,540779,-24.9883608849112
634428,8080870,-25.05287790909074
634428,576160,-25.090804933655445
634428,7490680,-25.152340004083214
634428,1190438,-25.190301756888708
634428,7144917,-25.19185992123039
634428,7045908,-25.306013559616407
634428,1951087,-25.321888298475574
634428,7194576,-25.36404468657853
634428,8085790,-25.36404468657853
634428,7708601,-25.36404468657853
634428,493013,-25.36404468657853
634428,364726,-25.36404468657853
634428,1829421,-25.36404468657853
634428,8548487,-25.36404468657853
634428,907863,-25.36404468657853
634428,8075227,-25.42024848232227
634428,8083674,-25.48259005809436
634428,8075229,-25.559146302857645
634428,1743446,-25.621819659750987
634428,7146552,-25.629302501616024
634428,7490607,-25.646746835472037
634428,7553367,-25.709009044013285
634428,2055810,-25.72812091256321
634428,562598,-25.816117471658735
634428,868421,-25.823035321200816
634428,8077547,-25.841964603103275
634428,926920,-25.87295815812824
634428,7126195,-25.942055131314234
634428,8071487,-25.98954526159818
634428,6039405,-26.025315719125448
634428,7137652,-26.040010293578504
634428,7840391,-26.046043037867854
634428,1746451,-26.095261699312555
634428,8592253,-26.098283330995038
634428,3218503,-26.23061977299304
634428,1365473,-26.25281755606307
634428,7136582,-26.265858654973428
634428,1162152,-26.265858654973428
634428,7130565,-26.265858654973428
634428,1569405,-26.319600118610023
634428,1639659,-26.32800810215835
634428,1235736,-26.33461399798366
634428,7605009,-26.339030253435674
634428,628972,-26.35168858034572
634428,7136586,-26.372245647209855
634428,7130566,-26.372245647209855
634428,1162154,-26.372245647209855
634428,3611439,-26.384117142789567
634428,550039,-26.39385058278764
634428,7139388,-26.476416081724068
634428,7133025,-26.476416081724068
634428,1316682,-26.49087206521936
634428,7045169,-26.539135526430396
634428,7130775,-26.578460439880104
634428,6991503,-26.678463773413455
634428,1488276,-26.720908599003543
634428,5734070,-26.776506130355333
634428,1827262,-26.824815684914014
634428,7586039,-26.844233596275387
634428,2590184,-26.882359169937164
634428,363297,-26.96769665922725
634428,5815191,-27.055177696818514
634428,2004681,-27.221321166708197
634428,383577,-27.253326001015793
634428,6524896,-27.419559081836013
634428,388487,-27.471684567135785
634428,5169247,-27.576079846569616
634428,7132372,-27.762906365049606
634428,2307775,-27.824772403205547
634428,2307779,-27.941788135314624
634428,517386,-27.965555541660972
634428,6470178,-28.037832122505325
1121986,2135501,-39.55735420108522
1121986,8258784,-39.61039397529618
1121986,4259326,-39.80610825464865
1121986,5067249,-39.87098526296634
1121986,7080576,-40.61651662918923
1121986,7274963,-40.74590571173285
1121986,974958,-41.13042485533293
1121986,7050574,-41.369293554335684
1121986,496432,-41.424392578227916
1121986,3247905,-41.44818928491519
1121986,919117,-41.635472652820624
1121986,5273634,-41.747291987666095
1121986,3125734,-41.92908191905685
1121986,6105592,-42.05934472556383
1121986,604846,-42.07106375871473
1121986,1832500,-42.07624639329974
1121986,2249663,-42.09403348959792
1121986,5219027,-42.19104671762376
1121986,5764583,-42.289832782289686
1121986,5300627,-42.45494416412021
1121986,7961854,-42.503473296685165
1121986,8046992,-42.505304211520134
1121986,1112885,-42.66729713262157
1121986,1373204,-42.69874264689693
1121986,5384054,-42.73175340253273
1121986,844484,-42.74025466562266
1121986,661823,-42.74196470584061
1121986,1755032,-42.88381087253534
1121986,3247900,-42.984613567216215
1121986,7697333,-43.11638818783906
1121986,3401184,-43.160819914704696
1121986,850245,-43.19957343771501
1121986,4255211,-43.25774315235065
1121986,200306,-43.301706904927016
1121986,7784554,-43.30679547590833
1121986,77664,-43.336156690709686
1121986,5808104,-43.38695217792953
1121986,7179355,-43.38853490821569
1121986,7507011,-43.50561021848556
1121986,496434,-43.57894435483474
1121986,7603435,-43.610476803171125
1121986,8280559,-43.72368493950867
1121986,1112072,-43.81354591711813
1121986,4765529,-43.815113040972065
1121986,4882525,-43.8307849143279
1121986,1978430,-43.84310780121912
1121986,4076586,-43.913899928124636
1121986,1675560,-43.957473749865706
1121986,6105589,-43.972036732959666
1121986,5841259,-43.982186751378336
1121986,5398677,-43.98615917988574
1121986,4771483,-43.98837935772691
1121986,5572061,-43.98883020684246
1121986,4239742,-43.99451436227502
1121986,8258792,-43.998409081175694
1121986,2899538,-43.998409081175694
1121986,1064152,-44.01575272385961
1121986,1235668,-44.08854714737095
1121986,6396586,-44.10829919815231
1121986,8622616,-44.14380719723189
1121986,2899536,-44.17908291382579
1121986,329210,-44.18952031295656
1121986,2368404,-44.198256700784015
1121986,1557392,-44.20292542679876
1121986,2999246,-44.23484003492161
1121986,6477020,-44.2488788246106
1121986,3062813,-44.264547746449374
1121986,8530649,-44.31313824230249
1121986,180003,-44.319535780883854
1121986,7518995,-44.36386074084006
1121986,6122752,-44.42371312764638
1121986,5291100,-44.4280564188305
1121986,4275798,-44.44962637236667
1121986,3651801,-44.4545680743835
1121986,4047105,-44.46899429584165
1121986,5614246,-44.46961750003102
1121986,2978982,-44.481160328538344
1121986,2933338,-44.491252935716794
1121986,975361,-44.491252935716794
1121986,7354234,-44.53636798686188
1121986,8258793,-44.53738406775935
1121986,2978985,-44.5726075910744
1121986,3347956,-44.581697033162726
1121986,6341415,-44.5967366050775
1121986,2899542,-44.59798903601504
1121986,5957256,-44.604291118514055
1121986,1537291,-44.64939959458556
1121986,3282266,-44.65244277388237
1121986,1561265,-44.65923496742468
1121986,5186612,-44.66775738612101
1121986,1341067,-44.689648973349875
1121986,3283194,-44.694651728900745
1121986,3459802,-44.705903872403695
1121986,3801901,-44.70775174039513
1121986,615266,-44.711535319168846
1121986,7238056,-44.72560417917849
1121986,416068,-44.72600619520556
1121986,7577740,-44.73375102965885
1121986,7501404,-44.77280471830587
1121986,1969543,-44.801456361018495
321441,5493499,-32.30786704334245
321441,512872,-33.162883419515715
321441,4527586,-33.18001549983603
321441,4527588,-34.75919919488242
321441,3090956,-36.23046134338704
321441,696452,-36.35854806543704
321441,8652411,-36.442191688102014
321441,1343173,-36.711724665978856
321441,1812033,-37.207027210338076
321441,3456698,-37.59434400541902
321441,1955079,-37.65532315434151
321441,159775,-37.686605233707745
321441,5993010,-38.23376298631911
321441,2034685,-38.58164388183702
321441,2224959,-38.82465046370862
321441,7766897,-38.83780128507709
321441,5531006,-39.030907136107075
321441,5531007,-39.28329399798648
321441,491332,-39.43968598931558
321441,491338,-39.47517798951506
321441,7312852,-40.155615299550135
321441,7780747,-40.19121958519331
321441,7397907,-40.27167437326674
321441,2841983,-40.27634129224796
321441,771376,-40.34309294586345
321441,6109903,-40.35809791976244
321441,5113698,-40.57932644459196
321441,5274487,-40.64134182312907
321441,7532608,-40.714156580305456
321441,7918792,-40.845166320230234
321441,5682948,-40.864862925848634
321441,3778202,-40.95880078268193
321441,4370533,-40.970137991814426
321441,7477564,-40.981732468700685
321441,6147699,-41.070506446554866
321441,7532610,-41.28113858277905
321441,6614492,-41.43632380785537
321441,2979998,-41.554299376520405
321441,4500962,-41.69539887829567
321441,7594076,-41.71057407632214
321441,4500961,-41.7199671871701
321441,294032,-41.72568285405198
321441,3262373,-41.750377811892825
321441,2164043,-41.814768252412904
321441,4950468,-41.830746887397424
321441,4118616,-41.846215114675694
321441,6441722,-41.91652739803747
321441,7766899,-41.918902016928854
321441,8408877,-41.92163376821156
321441,6609741,-41.969979921912255
321441,5596192,-42.05184576232589
321441,1129677,-42.0591550555823
321441,6795320,-42.077332336799394
321441,3866559,-42.117295022066024
321441,1325889,-42.1270758528997
321441,1634605,-42.140839843390054
321441,6651317,-42.17175755973034
321441,649250,-42.361385844454674
321441,159772,-42.50075073934392
321441,5558088,-42.50195531541196
321441,3857921,-42.52546378036538
321441,3271274,-42.53446274596924
321441,7551652,-42.60105186263643
321441,2034687,-42.620806420548035
321441,3515498,-42.635698432283725
321441,5558082,-42.66196064906532
321441,3206185,-42.74641512646994
321441,2004279,-42.7617375979898
321441,649248,-42.92911393586825
321441,1657889,-42.94900140800964
321441,1634607,-43.025947633781286
321441,1434499,-43.070877873130605
321441,8652415,-43.0722563743161
321441,5986732,-43.111111933048946
321441,5920250,-43.14548391082451
321441,5910794,-43.1470100528943
321441,6109905,-43.15259372945733
321441,6802111,-43.189888352250875
321441,799954,-43.302028747497374
321441,1634601,-43.30946150056433
321441,8367594,-43.32077503839311
321441,1290438,-43.329952303328646
321441,4798143,-43.33467990355492
321441,1434502,-43.3411459241306
321441,242776,-43.40040507543367
321441,1657887,-43.42966922782262
321441,47176,-43.500495105818956
321441,398239,-43.54684653306989
321441,5558085,-43.550057351947466
321441,6311081,-43.63149370492322
321441,3728112,-43.65091198830277
321441,8596268,-43.65407047745157
321441,1129674,-43.665363772100186
321441,5559366,-43.7183336559621
321441,7477567,-43.72430212124473
321441,6888161,-43.726083201556754
321441,799957,-43.72996766267842
321441,8618950,-43.733045490971925
321441,7354317,-43.75246227164956
321441,6877053,-43.76163656593023
532603,8522774,-14.236013852618742
532603,8522777,-14.941932428062962
532603,8522780,-16.33196125146301
532603,8522781,-19.81321067159317
532603,8522782,-19.972066075761184
532603,8522775,-20.306407978445016
532603,8522776,-20.701294436341147
532603,4928242,-20.779722310583114
532603,7814087,-20.888197993082912
532603,4502367,-20.911347390982318
532603,4234437,-20.911347390982318
532603,4256468,-20.94170192716275
532603,7814083,-20.982319982723688
532603,2965422,-21.01932541439333
532603,3036114,-21.01932541439333
532603,2773390,-21.01932541439333
532603,7007994,-21.01932541439333
532603,1088241,-21.01932541439333
532603,3164875,-21.065040197687825
532603,2215322,-21.106105785629122
532603,7587599,-21.110238418703553
532603,729442,-21.110238418703553
532603,766960,-21.18615959720496
532603,2215317,-21.21090469625441
532603,8365865,-21.222209407321248
532603,7059952,-21.242847247971156
532603,7498066,-21.249004668907755
532603,5188836,-21.249004668907755
532603,4966880,-21.249004668907755
532603,3454168,-21.250376168142076
532603,7814085,-21.25208510590582
532603,2759656,-21.29578882796052
532603,7842046,-21.29578882796052
532603,6709220,-21.305026685895186
532603,2215313,-21.338109926789677
532603,434198,-21.342032117564823
532603,197568,-21.342032117564823
532603,4156398,-21.356300175475816
532603,8720289,-21.37846193854757
532603,7986673,-21.387746900859316
532603,1255783,-21.387746900859316
532603,5897686,-21.387746900859316
532603,4888071,-21.387746900859316
532603,3722771,-21.387746900859316
532603,8383299,-21.387746900859316
532603,4576285,-21.400016457604583
532603,4678900,-21.42007885414049
532603,7707937,-21.42007885414049
532603,5730912,-21.42453388119151
532603,6839380,-21.432945121875047
532603,4117386,-21.432945121875047
532603,1177908,-21.432945121875047
532603,244366,-21.443260122021446
532603,631087,-21.445744096497137
532603,2384619,-21.47763832426755
532603,1444367,-21.47763832426755
532603,2574449,-21.47763832426755
532603,261742,-21.47763832426755
532603,2162721,-21.510991858450716
532603,5717240,-21.510991858450716
532603,2145306,-21.510991858450716
532603,7897889,-21.51677693539181
532603,2718044,-21.521837669013888
532603,3724814,-21.521837669013888
532603,4458763,-21.521837669013888
532603,2692157,-21.537832666584862
532603,3749036,-21.537832666584862
532603,8451037,-21.537832666584862
532603,5949240,-21.584003939382768
532603,5646699,-21.58691303695212
532603,4155440,-21.60567611221193
532603,8393716,-21.630117240189843
532603,5974946,-21.64975810865492
532603,3898432,-21.64975810865492
532603,3938239,-21.64975810865492
532603,5401058,-21.64975810865492
532603,6030984,-21.6498714760928
532603,256183,-21.65259433728071
532603,4089096,-21.65259433728071
532603,4545772,-21.65259433728071
532603,6888387,-21.652732064090706
532603,2028180,-21.65796443848134
532603,6957058,-21.671538104209855
532603,804560,-21.683303243268362
532603,396388,-21.683303243268362
532603,2713929,-21.684136867377774
532603,8061627,-21.696542267707677
532603,7697960,-21.696542267707677
532603,1138628,-21.696542267707677
532603,1366446,-21.696542267707677
532603,5123668,-21.696542267707677
532603,6877338,-21.696542267707677
532603,1634442,-21.696542267707677
532603,189025,-21.696542267707677
532603,466348,-21.699378496333477
532603,7120067,-21.699378496333477
532603,2215318,-21.703145067283316
532603,6671413,-21.709578057824967
532603,82816,-21.709578057824967
532603,1615161,-21.715690499102433
