1108939,3647358,-71.37081770311232
1108939,7919347,-72.01097579674223
1108939,699259,-72.25922298516798
1108939,3899060,-72.47910194795755
1108939,8596284,-72.55588085124656
1108939,5836378,-72.62308059556602
1108939,242056,-72.73604662415345
1108939,631424,-72.83325803143808
1108939,5101048,-72.94002140242557
1108939,2011059,-73.13070099932746
1108939,8661642,-73.18354250945438
1108939,6707713,-73.23523546040138
1108939,8596286,-73.24862491470174
1108939,5308169,-73.26441744991165
1108939,8596282,-73.2734713952861
1108939,3009955,-73.33569672065065
1108939,7919417,-73.34312927236564
1108939,2561987,-73.38155198904008
1108939,6485678,-73.40893717423025
1108939,4421943,-73.47128501556081
1108939,3865302,-73.5846540328796
1108939,7777453,-73.65118881911422
1108939,1889170,-73.65203512774158
1108939,8620089,-73.65270001274719
1108939,2251472,-73.66784393141084
1108939,6564869,-73.68135440278188
1108939,4847697,-73.69001454853742
1108939,3259017,-73.73813974157217
1108939,7844766,-73.8050356026509
1108939,7844765,-73.80509603682731
1108939,6521246,-73.83314764088604
1108939,2918202,-73.83465891282157
1108939,631428,-73.86033937752543
1108939,2068541,-73.89207543409753
1108939,127555,-73.90461882714484
1108939,753531,-73.9055857364037
1108939,6669588,-73.93729890403168
1108939,414222,-73.94001942847937
1108939,6164673,-74.0034698667132
1108939,6758075,-74.0044370598684
1108939,7201778,-74.00913318762716
1108939,3124564,-74.01752444764942
1108939,1889169,-74.02781653794952
1108939,3130232,-74.0451381625523
1108939,6092801,-74.05538427240093
1108939,6013029,-74.0628636416369
1108939,4016944,-74.07246273820016
1108939,7814529,-74.10820780814635
1108939,1787768,-74.11304381586906
1108939,1259514,-74.12137380882254
1108939,1818494,-74.12379149943399
1108939,994116,-74.12379149943399
1108939,6577789,-74.1313636917106
1108939,6225295,-74.1416974205047
1108939,1534209,-74.14199967228048
1108939,6225294,-74.14199967228048
1108939,1480108,-74.14463592303859
1108939,6170676,-74.1496655901539
1108939,610114,-74.18964121026471
1108939,1626692,-74.19054803607337
1108939,1626698,-74.19060848695055
1108939,7405170,-74.19060848695057
1108939,1347694,-74.19187783479421
1108939,6707715,-74.20066152619152
1108939,5769969,-74.20778063266295
1108939,3150726,-74.23612955502966
1108939,3943258,-74.23776629417054
1108939,6793495,-74.25490520144706
1108939,6290174,-74.25563059631295
1108939,6843852,-74.2557514881493
1108939,6868000,-74.2768339618144
1108939,6735289,-74.28498080243192
1108939,3904622,-74.29560628951437
1108939,6179150,-74.2966943724181
1108939,5668417,-74.29766141525447
1108939,5744020,-74.30448120666155
1108939,2960283,-74.31362479501705
1108939,6164667,-74.32329351978478
1108939,6164666,-74.32365625793975
1108939,4260849,-74.34578675182527
1108939,5782994,-74.34578675182527
1108939,3607301,-74.34657245038551
1108939,5438508,-74.37286959286732
1108939,3168054,-74.37353452380569
1108939,6969425,-74.39289094442098
1108939,4907683,-74.3991545522469
1108939,2735037,-74.40778625935042
1108939,2918197,-74.41296613613898
1108939,6529622,-74.4139938365532
1108939,610113,-74.4306823480973
1108939,5557512,-74.44806405968811
1108939,2951421,-74.47774648271317
1108939,6783945,-74.47816965712592
1108939,693168,-74.48743684331487
1108939,4600914,-74.50476861444393
1108939,3647366,-74.51477910376148
1108939,1842680,-74.51483955307256
1108939,1133313,-74.52617390559479
1108939,532318,-74.52726207307113
1108939,4260848,-74.52780609338149
1112389,6064417,-83.60266763688867
1112389,6064419,-83.9671725501898
1112389,6064420,-83.9671725501898
1112389,6064418,-83.9671725501898
1112389,4492425,-84.61992385857344
1112389,5139660,-84.98882379772178
1112389,5139657,-84.98889289816358
1112389,5139658,-84.98896199800855
1112389,5139659,-84.98896199800855
1112389,5139661,-84.98896199800855
1112389,7817890,-85.02103635306298
1112389,2107820,-85.03920312106715
1112389,2086171,-85.08681871975892
1112389,4931198,-85.1903825075271
1112389,4790816,-85.19183374216027
1112389,2472193,-85.19190284200525
1112389,6064416,-85.44556630996036
1112389,6496650,-85.44964094844586
1112389,7651158,-85.4745538468336
1112389,6064415,-85.5615530832167
1112389,4076,-85.5977825366498
1112389,4159198,-85.74191975264326
1112389,1745424,-85.7800349971797
1112389,8097877,-85.7806568420729
1112389,684770,-85.81961315688562
1112389,7909652,-85.88574098819008
1112389,4284834,-85.88601735773074
1112389,3570708,-85.9134972929434
1112389,2472196,-85.9389164088319
1112389,640348,-86.00165827967818
1112389,4553544,-86.00366220981024
1112389,979703,-86.03224763034726
1112389,1116794,-86.05019430400459
1112389,196853,-86.0682698230346
1112389,7759969,-86.07127311423638
1112389,6832274,-86.10632766853972
1112389,6780773,-86.10646589867564
1112389,7651152,-86.10971361948533
1112389,2123630,-86.18377250470242
1112389,8240708,-86.2538710835415
1112389,1357130,-86.28885656964187
1112389,190730,-86.28934035212995
1112389,1422900,-86.2894094615258
1112389,4337245,-86.28954767852649
1112389,8487545,-86.28961678613136
1112389,7558109,-86.3171656731619
1112389,5892680,-86.34223931071402
1112389,6780768,-86.34251575665589
1112389,7198431,-86.35791855470403
1112389,2436039,-86.40739982178775
1112389,5435289,-86.40746892879564
1112389,1394174,-86.40968003790549
1112389,1105208,-86.41002546850638
1112389,1394173,-86.49386854637348
1112389,3397526,-86.51303676189535
1112389,7198424,-86.5140041722599
1112389,6746135,-86.5140041722599
1112389,1015764,-86.51434964761245
1112389,2472200,-86.54210595236577
1112389,8138747,-86.54238233622843
1112389,5613397,-86.58185864108063
1112389,3180612,-86.63144171764394
1112389,6780774,-86.65287763418262
1112389,4790809,-86.65405257511372
1112389,4069,-86.65439811313809
1112389,2639248,-86.69411433344185
1112389,8501533,-86.69494367843282
1112389,8837646,-86.6953583186893
1112389,7558106,-86.69549652733252
1112389,1180625,-86.69860559072315
1112389,7741091,-86.7600350484701
1112389,8440265,-86.81231205234079
1112389,6199112,-86.81597415439947
1112389,5892677,-86.87615942279847
1112389,7198430,-86.87636677427216
1112389,6510432,-86.8770579070392
1112389,213302,-86.90527782080943
1112389,8138766,-86.91753434263944
1112389,8792649,-86.9184327647865
1112389,4855805,-86.9184327647865
1112389,8059111,-86.9184327647865
1112389,1184965,-86.91850187000352
1112389,392039,-86.9187782849023
1112389,6799753,-86.93418112175465
1112389,8138750,-86.93507944301773
1112389,6991822,-86.98262575088461
1112389,6128818,-86.98297128592408
1112389,2024154,-86.98345500990786
1112389,6766797,-87.05072016141693
1112389,6799747,-87.05078927738057
1112389,7721995,-87.05403705429599
1112389,7524966,-87.0996485569165
1112389,5016975,-87.09985589943341
1112389,7266913,-87.10061610935557
1112389,7936685,-87.1006852157665
1112389,6378558,-87.10089253141754
1112389,2472195,-87.16460175771415
1112389,8647883,-87.16467086890108
1112389,4615686,-87.16871054317286
1112389,3354660,-87.16995450692764
792752,8666254,-32.89807053786464
792752,8803599,-32.898407457811956
792752,6571521,-33.032508936469355
792752,8803596,-33.18500088328445
792752,8803604,-33.18528604329831
792752,8803603,-33.185778528578865
792752,8803598,-33.591373224640556
792752,8803595,-34.28335391205299
792752,8803602,-34.28405386236834
792752,5080327,-34.28509052570495
792752,6348951,-34.285168261016224
792752,5080330,-34.28527190496472
1119729,4620393,-136.85310268222395
1119729,2787567,-138.17238949297627
1119729,2787566,-138.1725017317513
1119729,3580797,-138.21630872691108
1119729,8250359,-139.09132849947414
1119729,6125120,-139.5432264521817
1119729,4809530,-139.82148084767442
1119729,7653915,-139.83281686390683
1119729,6925614,-139.98183903291275
1119729,5875858,-140.19914770432231
1119729,2981145,-140.35862997051544
1119729,528940,-140.4307849775152
1119729,4292741,-141.07828512738334
1119729,1557029,-141.11860674662455
1119729,1056860,-141.1730147100709
1119729,1315448,-141.23549697362114
1119729,7737913,-141.3025483316737
1119729,5809617,-141.49003467814384
1119729,5452351,-141.50578303511193
1119729,2218824,-141.53411168146616
1119729,6754413,-141.59584420899048
1119729,6662035,-141.75489823884774
1119729,5142151,-141.7733380395535
1119729,8569229,-141.88678117783357
1119729,3825482,-141.8901103939497
1119729,6840053,-141.9298093171283
1119729,7131005,-142.03842647241757
1119729,5875852,-142.1126178203427
1119729,5918486,-142.15463743907375
1119729,1293569,-142.18205925287586
1119729,8250361,-142.19242128868595
1119729,6840051,-142.2181652440277
1119729,2159311,-142.2226567145971
1119729,6662032,-142.24613993750648
1119729,136225,-142.2515011783271
1119729,6403337,-142.2660145995671
1119729,5648725,-142.28450053961248
1119729,8721935,-142.4787977436337
1119729,8537209,-142.48001619010225
1119729,4499241,-142.50652113599963
1119729,1088975,-142.5068580326631
1119729,4598089,-142.603909483199
1119729,5875857,-142.62901993063397
1119729,8537206,-142.64488054673075
1119729,555549,-142.69176217386382
1119729,5875853,-142.7335946052474
1119729,8777737,-142.7377477985357
1119729,2434851,-142.76311260920792
1119729,2492709,-142.79352938893123
1119729,6662033,-142.8217285977592
1119729,2481122,-142.8253203161084
1119729,2159307,-142.85070402505463
1119729,6987878,-142.85351052751585
1119729,8557137,-142.91322148919258
1119729,2941211,-142.9146811729869
1119729,623144,-143.0154375137416
1119729,7331717,-143.09385859176894
1119729,7653921,-143.13557898903318
1119729,385220,-143.13838609750644
1119729,1056852,-143.15615519731753
1119729,8721933,-143.15806338829546
1119729,6158711,-143.18275441255224
1119729,2981149,-143.197012256873
1119729,7044761,-143.20101585083222
1119729,8068925,-143.26791222089258
1119729,5452354,-143.29058459705735
1119729,5452353,-143.29069684358527
1119729,6895029,-143.30525343096318
1119729,6122013,-143.30761148354642
1119729,8786248,-143.3190234619546
1119729,4598095,-143.42213804835362
1119729,7126319,-143.42707858064318
1119729,8537211,-143.45625978976784
1119729,8557132,-143.4907189628279
1119729,7056182,-143.49262743393874
1119729,2434848,-143.55780308298887
1119729,6662036,-143.56229381657758
1119729,2429888,-143.56678180295663
1119729,2095156,-143.5749755875216
1119729,3123046,-143.6043472984986
1119729,2796281,-143.60648095894038
1119729,6662029,-143.60996144277433
1119729,6573751,-143.68860497462663
1119729,1753806,-143.71038163949757
1119729,5490307,-143.71049394032556
1119729,1753808,-143.71071853907134
1119729,5599723,-143.7129643131347
1119729,3264992,-143.71520969930356
1119729,381181,-143.722691857698
1119729,2434850,-143.74674528679935
1119729,2203469,-143.7501144087484
1119729,4782509,-143.76869838425452
1119729,136233,-143.77963596034314
1119729,5029838,-143.789700794322
1119729,8537205,-143.79194621927425
1119729,8537203,-143.79273202638907
1119729,136227,-143.83389078084693
1119729,7726435,-143.84615886438127
1119729,2742649,-143.891692445182
1119729,2868515,-143.89539814844852
1105095,4789493,-62.82009545925201
1105095,4505613,-63.58021486441375
1105095,8208165,-63.71654402178773
1105095,2575486,-63.99250489561189
1105095,5446356,-64.0712523280128
1105095,3557488,-64.18976075227111
1105095,3557487,-64.18981256238705
1105095,3853483,-64.20436917348675
1105095,825470,-64.25404021611814
1105095,4505612,-64.29812551537594
1105095,5738696,-64.4264244022399
1105095,6515071,-64.43015497230829
1105095,3563995,-64.54187772428645
1105095,3198377,-64.54239581426174
1105095,3627776,-64.68312668748298
1105095,4989750,-64.68471950616245
1105095,3598029,-64.69799529966373
1105095,3899291,-64.71633473300524
1105095,7576784,-64.76232648634488
1105095,8483177,-64.76388132015913
1105095,6497976,-64.76398496142217
1105095,3563994,-64.76450314088531
1105095,6400882,-64.83323692823467
1105095,6945429,-64.83323692823467
1105095,6243243,-64.88213072740163
1105095,8100165,-64.94656561354165
1105095,7265124,-64.94729102093652
1105095,7116361,-64.98469246963161
1105095,8739292,-64.98614384844856
1105095,7118762,-64.98775032272218
1105095,8194994,-64.98785395145497
1105095,2469042,-64.98832025860482
1105095,7880172,-65.01462568949032
1105095,6847368,-65.05021589325308
1105095,3877827,-65.05094150743454
1105095,773275,-65.05094150743454
1105095,773272,-65.05109698477156
1105095,3598870,-65.05291058941093
1105095,1542125,-65.05332505065465
1105095,4491995,-65.10392688410494
1105095,4013708,-65.10428967395902
1105095,6243244,-65.10470426407639
1105095,1153895,-65.12159259617577
1105095,4248370,-65.1287317144829
1105095,8010212,-65.16841357632974
1105095,8010211,-65.16856906172492
1105095,8674716,-65.16903549373622
1105095,6286501,-65.16934642826729
1105095,6243102,-65.16970916485587
1105095,7581376,-65.23870203634283
1105095,2938192,-65.27341127706194
1105095,6859010,-65.27346310910885
1105095,6945426,-65.27434418540558
1105095,4768286,-65.27455147867374
1105095,1952674,-65.27481058518816
1105095,184982,-65.30153032153399
1105095,6228967,-65.30225593571545
1105095,2687739,-65.3024632379362
1105095,8759998,-65.30261870990158
1105095,5680830,-65.30261870990158
1105095,2687741,-65.30298146215485
1105095,2687735,-65.30391415296972
1105095,5860329,-65.30443225189241
1105095,6535301,-65.31275819032649
1105095,1193210,-65.35026865276099
1105095,3852034,-65.35213435664737
1105095,5977790,-65.39077964022304
1105095,4285557,-65.39103881389104
1105095,7465882,-65.39129797636436
1105095,398914,-65.39129797636436
1105095,6990777,-65.39207539662587
1105095,2665389,-65.39259362084454
1105095,8133809,-65.3929045338926
1105095,6529192,-65.4557328338559
1105095,520921,-65.45578466590278
1105095,3982268,-65.45583649750192
1105095,4899824,-65.45599198961288
1105095,7775781,-65.45609564878151
1105095,1967577,-65.4561474776943
1105095,1585143,-65.4573394191376
1105095,2189169,-65.45749487230519
1105095,372562,-65.45925639344314
1105095,3074093,-65.52451837267758
1105095,3099079,-65.52498486109982
1105095,6334663,-65.52508852026847
1105095,8145031,-65.52519217764629
1105095,5454507,-65.52674682345486
1105095,4518181,-65.57279017383706
1105095,3028427,-65.57367136430969
1105095,5981942,-65.57372319501334
1105095,2733725,-65.57418965119909
1105095,2692152,-65.57475971507257
1105095,5123875,-65.63779522369879
1105095,295086,-65.63795072521278
1105095,4085621,-65.63810622269673
1105095,6945427,-65.6385208629533
1105095,5073977,-65.6389872989935
1105095,7488419,-65.67799517185875
1105095,5354727,-65.6782543656796
1105095,7576781,-65.67830620310018
1105103,3687596,-73.49149552747627
1105103,6998798,-75.9131332780506
1105103,6859407,-76.22479936083914
1105103,5545111,-76.32876962637691
1105103,7228998,-76.42226602140687
1105103,1021887,-76.42232648847178
1105103,2655093,-76.42238695501433
1105103,10513,-76.42238695501433
1105103,7471361,-76.42238695501433
1105103,103519,-76.42238695501433
1105103,7832416,-76.42238695501433
1105103,8815028,-76.4226288159616
1105103,4463341,-76.42335434866736
1105103,4468975,-76.45054133500098
1105103,7621476,-76.53938388487387
1105103,5715084,-76.5421046443023
1105103,2791912,-76.64553050632854
1105103,1593363,-76.7100690274661
1105103,904475,-76.7112782486443
1105103,8141283,-76.7113991592741
1105103,5713837,-76.71212457919789
1105103,321703,-76.7124872609706
1105103,4467188,-76.7625274361881
1105103,8573636,-76.76270885305381
1105103,1929494,-76.78063384575532
1105103,4861913,-76.82688453575807
1105103,7868573,-76.82712643013664
1105103,8100011,-76.82839623850273
1105103,5973710,-76.82851716062024
1105103,7295467,-76.8970867955567
1105103,4184557,-76.93139835525784
1105103,4586191,-76.93333351029854
1105103,8755518,-76.93484497802595
1105103,1628756,-76.96035545348184
1105103,4495375,-77.00968987295047
1105103,4942907,-77.01053640820365
1105103,4471212,-77.03031586069142
1105103,2418846,-77.04906042595948
1105103,858151,-77.04948379415602
1105103,8208072,-77.04954427323673
1105103,2917502,-77.0499071367483
1105103,8206947,-77.05002808707229
1105103,7005118,-77.05014903530645
1105103,7621475,-77.05026998145085
1105103,4656672,-77.05105608045696
1105103,8240985,-77.05129793931506
1105103,4572575,-77.05147932797483
1105103,4348677,-77.05268846560361
1105103,8433823,-77.11456660820986
1105103,2402995,-77.11625969334747
1105103,5444998,-77.1184963565069
1105103,6913585,-77.18392231813012
1105103,7088306,-77.21992712386768
1105103,5904554,-77.220592313296
1105103,5557539,-77.22482385655637
1105103,8573635,-77.2321077411284
1105103,3598086,-77.23597718214454
1105103,8682396,-77.29725100343711
1105103,1858394,-77.29821848065544
1105103,1889605,-77.30105967192215
1105103,2397728,-77.33710538700456
1105103,2397729,-77.3373473022824
1105103,7005116,-77.3373473022824
1105103,7005113,-77.33758920920009
1105103,1737593,-77.33777063390237
1105103,6913581,-77.33783110775822
1105103,791536,-77.33843581758428
1105103,5020187,-77.33855675328104
1105103,4656669,-77.3391614004266
1105103,3535883,-77.33916140042662
1105103,243018,-77.33916140042662
1105103,4775396,-77.33934278438623
1105103,8166132,-77.33934278438623
1105103,2291142,-77.33934278438623
1105103,7832412,-77.33934278438623
1105103,178022,-77.33940324466167
1105103,1753373,-77.33940324466167
1105103,7738277,-77.33946370441491
1105103,8061417,-77.33946370441491
1105103,8061670,-77.34224428871958
1105103,1101727,-77.3664252870882
1105103,8503480,-77.45422311253519
1105103,337431,-77.45422311253519
1105103,3420593,-77.45422311253519
1105103,2018881,-77.45422311253519
1105103,1626630,-77.45434408271603
1105103,5319426,-77.45434408271603
1105103,4775400,-77.45434408271603
1105103,7696045,-77.45434408271603
1105103,337424,-77.45434408271603
1105103,8412875,-77.45434408271603
1105103,1626638,-77.45440456702254
1105103,3388201,-77.45440456702254
1105103,7696038,-77.45440456702254
1105103,1391427,-77.45440456702254
1105103,8457419,-77.45440456702254
1105103,8524919,-77.45440456702254
1105103,8617415,-77.45440456702254
1105103,7644334,-77.45440456702254
1105103,7832417,-77.45440456702254
1128373,4254836,-20.322816449056738
1128373,8085708,-20.611068585385446
1128373,6249757,-20.754808398391248
1128373,8656493,-20.833019999585872
1128373,3299960,-20.834505742568844
1128373,8519713,-20.92011778720748
1128373,3884881,-20.920221475038005
1128373,6248852,-20.921707076861395
1128373,7073518,-20.921914282435413
1128373,97739,-21.015548935624807
1128373,8146334,-21.015790850902917
1128373,7678189,-21.01592907506801
1128373,6820615,-21.01592907506801
1128373,491120,-21.01592907506801
1128373,542347,-21.01592907506801
1128373,6782345,-21.01592907506801
1128373,5000167,-21.01670640804837
1128373,8024309,-21.01720719592847
1128373,1941266,-21.120805764348027
1128373,3930069,-21.121686931995782
1128373,5038538,-21.121686931995782
1128373,4013724,-21.12203238198844
1128373,6497852,-21.1220669237062
1128373,387427,-21.122101464827406
1128373,6341833,-21.122101464827406
1128373,7589014,-21.122515911758093
1128373,7987888,-21.12260224405977
1128373,7208948,-21.238709767572182
1128373,4682759,-21.23874432839058
1128373,8530759,-21.23877888861177
1128373,8074471,-21.238882565692244
1128373,617668,-21.238882565692244
1128373,3152904,-21.238882565692244
1128373,3219547,-21.238882565692244
1128373,3363729,-21.238882565692244
1128373,1114080,-21.238882565692244
1128373,1331326,-21.238882565692244
1128373,2213812,-21.238882565692244
1128373,2476773,-21.238882565692244
1128373,2942442,-21.238882565692244
1128373,1857666,-21.238882565692244
1128373,7792356,-21.238882565692244
1128373,2178330,-21.238882565692244
1128373,1618969,-21.238882565692244
1128373,1725357,-21.238882565692244
1128373,6767150,-21.238882565692244
1128373,3983276,-21.238882565692244
1128373,7272856,-21.238882565692244
1128373,8609679,-21.238882565692244
1128373,7370319,-21.238882565692244
1128373,7466871,-21.238882565692244
1128373,5227680,-21.238882565692244
1128373,5371380,-21.238882565692244
1128373,5430008,-21.238882565692244
1128373,6546266,-21.238882565692244
1128373,37595,-21.238882565692244
1128373,385859,-21.238882565692244
1128373,4659772,-21.238882565692244
1128373,4335375,-21.238882565692244
1128373,526577,-21.238882565692244
1128373,5484838,-21.238882565692244
1128373,4840263,-21.238882565692244
1128373,4843649,-21.238882565692244
1128373,499216,-21.238882565692244
1128373,6694981,-21.238882565692244
1128373,1935431,-21.238882565692244
1128373,317313,-21.238882565692244
1128373,332773,-21.238882565692244
1128373,5630800,-21.238882565692244
1128373,8146836,-21.238882565692244
1128373,8386260,-21.238882565692244
1128373,8050441,-21.238882565692244
1128373,8339485,-21.238882565692244
1128373,836259,-21.238882565692244
1128373,1721919,-21.238882565692244
1128373,1762465,-21.238882565692244
1128373,6087979,-21.238882565692244
1128373,2135122,-21.238882565692244
1128373,55905,-21.238882565692244
1128373,5680352,-21.238882565692244
1128373,996938,-21.238882565692244
1128373,6958665,-21.238882565692244
1128373,4262451,-21.238882565692244
1128373,6349699,-21.238882565692244
1128373,947067,-21.238882565692244
1128373,186957,-21.238882565692244
1128373,20073,-21.238882565692244
1128373,2009826,-21.238882565692244
1128373,4165838,-21.238882565692244
1128373,418065,-21.238882565692244
1128373,8072547,-21.238882565692244
1128373,949720,-21.238882565692244
1128373,8083366,-21.238882565692244
1128373,452117,-21.238882565692244
1128373,7781503,-21.238882565692244
1128373,3159911,-21.23891712352478
1128373,571001,-21.23891712352478
1128373,373498,-21.23891712352478
1128373,7830527,-21.23903807123653
1128373,8090240,-21.23903807123653
1127622,2684201,-40.18167517844848
1127622,6735154,-40.182642254688155
1127622,6438649,-40.34914375298724
1127622,6696954,-40.41541948677701
1127622,7489808,-40.42352584000308
1127622,6735155,-40.42449299140153
1127622,6438651,-40.4526161608132
1127622,955244,-40.46386417111793
1127622,2382778,-40.464555100938455
1127622,6438653,-40.529508122689506
1127622,1379447,-40.55173919173701
1127622,3768864,-40.552222750731794
1127622,3768865,-40.552257288423206
1127622,4039127,-40.64601297680733
1127622,717667,-40.66621568412485
1127622,1379440,-40.75240988719916
1127622,3768868,-40.752409887199164
1127622,4107694,-40.77460639737721
1127622,2632978,-40.78223843740348
1127622,1345491,-40.81991717616091
1127622,6735158,-40.85489598304686
1127622,4537354,-40.868983769555925
1127622,6438647,-40.86998566538991
1127622,3768867,-40.870123838226874
1127622,4082033,-40.88538856938262
1127622,2205371,-40.88545766236451
1127622,3768873,-40.88573402235805
1127622,6735157,-40.885975821690586
1127622,4537357,-40.93569850353243
1127622,4082037,-40.97579522531793
1127622,652120,-41.00424241216626
1127622,5680798,-41.10870485091385
1127622,7220749,-41.10891211732897
1127622,2382780,-41.11029361903504
1127622,1220767,-41.13673754430366
1127622,2382782,-41.14527976149984
1127622,8623601,-41.156907701910434
1127622,2795161,-41.15732228486627
1127622,3768866,-41.15780591067866
1127622,1563568,-41.15898018712557
1127622,8481804,-41.19537076001019
1127622,6696956,-41.19543985597585
1127622,286886,-41.19581986245352
1127622,1379439,-41.1963034548548
1127622,3768871,-41.29061184265527
1127622,5896253,-41.291579094283584
1127622,4082032,-41.38012035336803
1127622,7558082,-41.38153664330773
1127622,388894,-41.39642146851398
1127622,3768869,-41.39673236142448
1127622,3816698,-41.39738861156088
1127622,6174599,-41.39804475404887
1127622,1682047,-41.4442097022346
1127622,2382784,-41.444969810379554
1127622,5680792,-41.44500435731804
1127622,5680799,-41.44517708753506
1127622,5219863,-41.44579885456367
1127622,955249,-41.46851348260596
1127622,6473288,-41.47106846663786
1127622,1419316,-41.47213869631574
1127622,1220769,-41.513064356720854
1127622,1345490,-41.51392813462964
1127622,7761373,-41.514239049020375
1127622,6700648,-41.51423904902038
1127622,5219858,-41.514929883377285
1127622,651613,-41.53229209907473
1127622,476998,-41.53284477133232
1127622,4910253,-41.53325922541896
1127622,651611,-41.5507103259513
1127622,1868221,-41.550848498788255
1127622,651612,-41.563340103415484
1127622,4735332,-41.563409186851004
1127622,6972236,-41.64721768824113
1127622,7692427,-41.64787407440495
1127622,8719473,-41.66721503654811
1127622,3768872,-41.6676296732231
1127622,251131,-41.667698775157085
1127622,6914165,-41.66832063884927
1127622,3363806,-41.66852790526438
1127622,6700650,-41.66859699168287
1127622,4594626,-41.66918417806811
1127622,4537355,-41.66921871575951
1127622,3557978,-41.67049640074334
1127622,6288345,-41.67066902957842
1127622,1682054,-41.69521313554743
1127622,2711475,-41.69559323722491
1127622,5680797,-41.69649151581597
1127622,251137,-41.696767868649566
1127622,3464026,-41.69680241141134
1127622,8189475,-41.69687149604001
1127622,7216120,-41.731719002689246
1127622,4594628,-41.73220274547688
1127622,4594627,-41.732306397034904
1127622,4594632,-41.732306397034904
1127622,1829182,-41.733653622928195
1127622,1829179,-41.73396445678334
1127622,8719474,-41.800573651205255
1127622,2795163,-41.80126471830095
1127622,6914172,-41.80240471804957
1127622,3936323,-41.80975110993124
1124979,6764071,-30.835232537606473
1124979,1612110,-31.28811421315325
1124979,5447202,-31.28969509062
1124979,6551433,-31.29013551463685
1124979,6901054,-31.42317466440319
1124979,706506,-31.576392451997897
1124979,8706384,-31.576884847937166
1124979,8013521,-31.683152197241107
1124979,8011232,-31.798706522164558
1124979,7167119,-31.799328654525446
1124979,7589633,-31.800157963698915
1124979,3710858,-31.800209787911186
1124979,3810789,-31.800365255176725
1124979,1434376,-31.80052071438599
1124979,5914816,-31.80065025757355
1124979,6953464,-31.933326561768368
1124979,4699953,-31.933507964530065
1124979,6240386,-31.934103924956794
1124979,2114159,-31.981779805990485
1124979,2237804,-31.981909395063553
1124979,2237805,-31.981909395063553
1124979,1567396,-31.98299772233377
1124979,560008,-31.983904360225186
1124979,1567392,-32.08716623991075
1124979,5447205,-32.08724399335459
1124979,835868,-32.088125058240124
1124979,5214156,-32.088150967996434
1124979,4778057,-32.20481968201569
1124979,511947,-32.204897438818335
1124979,8815859,-32.20507886352066
1124979,7846600,-32.20515661360598
1124979,2507138,-32.2051825298533
1124979,6356337,-32.20523436167632
1124979,2114161,-32.20523436167632
1124979,3895600,-32.20549350735954
1124979,7582347,-32.206011731579174
1124979,1830484,-32.206011731579174
1124979,4691773,-32.26920268350159
1124979,1567399,-32.269280444335195
1124979,1567400,-32.26956555014854
1124979,1932536,-32.269669218272334
1124979,2239594,-32.26977288281388
1124979,3948495,-32.26979879838958
1124979,1932535,-32.26979879838958
1124979,3948494,-32.2698247137414
1124979,1785727,-32.27023932892734
1124979,433280,-32.27034297377102
1124979,4417514,-32.27036888442246
1124979,6255964,-32.27036888442246
1124979,1073860,-32.27062797862928
1124979,6788363,-32.27062797862928
1124979,7949742,-32.27067979478556
1124979,7519080,-32.27073161004688
1124979,8716372,-32.270783424413274
1124979,6504898,-32.27083523788478
1124979,3530968,-32.27088705046142
1124979,5493379,-32.270938862143225
1124979,3894494,-32.338973072638225
1124979,1165667,-32.33920628864387
1124979,1360646,-32.415826661063576
1124979,6356344,-32.492164785031974
1124979,2239597,-32.49239807559549
1124979,1661393,-32.49247583508539
1124979,7744314,-32.49252767362562
1124979,3948496,-32.492579511270115
1124979,3948497,-32.49263134801892
1124979,3948498,-32.492657266057435
1124979,245407,-32.492657266057435
1124979,3077630,-32.49276093597244
1124979,444176,-32.49276093597244
1124979,2174891,-32.49276093597244
1124979,3894500,-32.49278685289144
1124979,550260,-32.49283868605775
1124979,1132961,-32.49286460230508
1124979,6356340,-32.49289051832852
1124979,1002713,-32.493046009767895
1124979,3383246,-32.493305144258855
1124979,8738982,-32.4933310564769
1124979,2754849,-32.49335696847113
1124979,6547158,-32.49340879178817
1124979,8786756,-32.49340879178817
1124979,662056,-32.49348652508523
1124979,5762923,-32.49353834616432
1124979,1848190,-32.49356425636819
1124979,4494126,-32.49356425636819
1124979,6019977,-32.493590166348284
1124979,8738978,-32.4936160761046
1124979,5447362,-32.493719712892215
1124979,1923441,-32.493719712892215
1124979,8129510,-32.49377152994349
1124979,7504298,-32.49403060177563
1124979,7161870,-32.67422710880985
1124979,7251882,-32.67425303311951
1124979,7514455,-32.67425303311951
1124979,1692121,-32.67433080470437
1124979,7073309,-32.674356728117964
1124979,5447207,-32.67466779160976
1124979,2974712,-32.674849230419575
1124979,3894501,-32.67487514935379
1124979,2237809,-32.67495290481287
885490,8323863,-62.350195434582155
885490,3401433,-62.792805164161585
885490,3468160,-62.819681023057754
885490,8369607,-63.60062686730011
885490,391157,-63.64785259974746
885490,4032145,-63.647956224900746
885490,7624000,-63.73395096844689
885490,1359455,-63.742903708838384
885490,8369601,-64.25336661481167
885490,7295616,-64.29719332368784
885490,964136,-64.32515702727629
885490,1359459,-64.3601260640049
885490,8821100,-64.47479991540709
885490,4407503,-64.47521456640933
885490,1888456,-64.47542188116499
885490,391160,-64.47728739169078
885490,1359458,-64.47749463483882
885490,7558666,-64.58000492955094
885490,6852190,-64.58352864129515
885490,3763929,-64.61066334725652
885490,391158,-64.7000164352328
885490,8546592,-64.70037913109947
885490,4032150,-64.70063818615303
885490,1359456,-64.71581660723854
885490,7608771,-64.83178585028396
885490,226852,-64.85146270194241
885490,7414070,-64.86887907729742
885490,2610098,-64.86950093561792
885490,830384,-64.88311517061054
885490,830385,-64.88342601385926
885490,2699767,-64.96630194121728
885490,4867534,-64.98966716461197
885490,4032146,-65.01592119968888
885490,2818107,-65.05197794692201
885490,3878625,-65.10444514861018
885490,8614003,-65.12629571346467
885490,2039684,-65.16758425283179
885490,4485270,-65.16836174696928
885490,2702522,-65.16841357632974
885490,4961748,-65.16893184531168
885490,2754893,-65.16908731727706
885490,391159,-65.16945006953033
885490,4032148,-65.16965734668582
885490,3532,-65.27470694392512
885490,4887259,-65.27548420976407
885490,1212039,-65.30381052781645
885490,6390925,-65.3500613165134
885490,2551936,-65.39114248022368
885490,5491912,-65.39119431271833
885490,5145685,-65.3919717464108
885490,1551021,-65.39274907938247
885490,781946,-65.4557846659028
885490,4032147,-65.45676938972885
885490,4445228,-65.52436286847679
885490,4032151,-65.52705770428393
885490,5565349,-65.57279017383706
885490,2702518,-65.57372319501333
885490,8546591,-65.57372319501333
885490,2702515,-65.5740341698331
885490,7414065,-65.57434512853611
885490,2761126,-65.5746560711241
885490,7654803,-65.57522609068656
885490,6337071,-65.63727685621048
885490,6337074,-65.63732869497464
885490,3929151,-65.63893547455741
885490,4960550,-65.64059363452857
885490,8677764,-65.6781506894949
885490,4485265,-65.6783580400729
885490,2927840,-65.67861721821905
885490,8148615,-65.67861721821905
885490,3913494,-65.67872088634282
885490,7711412,-65.67882455267545
885490,6779398,-65.67908371067116
885490,4713675,-65.67908371067116
885490,2161523,-65.67923920009574
885490,4662043,-65.6794465130606
885490,881500,-65.67949834018259
885490,2927849,-65.67949834018259
885490,8422823,-65.67965381886258
885490,2610096,-65.68022387288859
885490,4865700,-65.68027569329632
885490,2610097,-65.68032751325651
885490,4072225,-65.68094931787225
885490,2472277,-65.6818300974501
885490,5422580,-65.68333230544468
885490,5383142,-65.79629658396043
885490,7190973,-65.79676308447253
885490,5834150,-65.81458433833467
885490,4974565,-65.81499883178927
885490,6337072,-65.8603167286527
885490,20152,-65.86052408460513
885490,7190982,-65.86124977401096
885490,1259625,-65.86124977401096
885490,1950664,-65.86124977401096
885490,7632334,-65.86135343676148
885490,2702517,-65.86135343676148
885490,4878843,-65.86166441426751
885490,6238140,-65.86213085030771
885490,7839095,-65.86301179724087
885490,4792258,-65.86352994090515
1119827,6340568,-93.49128412544658
1119827,7484880,-93.91740354552364
1119827,5604317,-94.21139429622536
1119827,4343037,-94.48814687274212
1119827,7920925,-94.6307342079316
1119827,6286059,-94.71129042405633
1119827,5604318,-94.82371037158987
1119827,7091199,-95.11017497881893
1119827,5620295,-95.24443381605076
1119827,7672185,-95.24663415385741
1119827,8590172,-95.36004057313286
1119827,3736216,-95.37633304908186
1119827,5604324,-95.3991522652354
1119827,5604315,-95.42232453655362
1119827,6223405,-95.42582274646436
1119827,5053688,-95.44602545378187
1119827,1486148,-95.46733239073707
1119827,448109,-95.50105741730599
1119827,5368188,-95.52161003974396
1119827,8067974,-95.56749619956298
1119827,3586227,-95.58295092052751
1119827,4823218,-95.58528268784745
1119827,3736210,-95.64989892415892
1119827,448116,-95.65691749884778
1119827,3802904,-95.73636628083828
1119827,4508831,-95.77625559259938
1119827,2594219,-95.7814872360862
1119827,4812396,-95.78601931771856
1119827,4587778,-95.82262015171028
1119827,2798449,-95.83152102022808
1119827,6435300,-95.85746057376326
1119827,6286060,-95.87271976554818
1119827,4076744,-95.88265887151645
1119827,4343041,-95.886070401988
1119827,2409124,-95.88855768490636
1119827,6693275,-95.89481587060041
1119827,2966362,-95.89750537963344
1119827,7430204,-95.93640317610375
1119827,6968903,-95.96334239108356
1119827,4054839,-95.96818541127526
1119827,3112538,-96.00393117564141
1119827,7712240,-96.1096026365729
1119827,8067976,-96.14254929172577
1119827,5604323,-96.23348800907112
1119827,5604320,-96.23372125932707
1119827,6340570,-96.23768558906103
1119827,2693031,-96.3008717430923
1119827,6652825,-96.32587081825756
1119827,2701577,-96.33978148948448
1119827,5199757,-96.36771913432904
1119827,448117,-96.37214951143234
1119827,3736214,-96.38153635205654
1119827,8067981,-96.3923262895037
1119827,2507131,-96.49986351609284
1119827,2446473,-96.52210304627842
1119827,3696246,-96.522180788976
1119827,4339831,-96.56230307504109
1119827,7289868,-96.56315826687681
1119827,3696245,-96.59039620326581
1119827,590533,-96.5907071942039
1119827,3646794,-96.59117366046293
1119827,6340573,-96.59366107227501
1119827,6693280,-96.61820163791464
1119827,7935259,-96.63012964486897
1119827,5199756,-96.63825333013881
1119827,5199758,-96.63840884307234
1119827,2973388,-96.65907807306814
1119827,6796901,-96.68063033308592
1119827,4054842,-96.68148547321294
1119827,6130668,-96.6958344676656
1119827,7090048,-96.73227985990684
1119827,7947660,-96.74672359402437
1119827,1257610,-96.74944374257382
1119827,7433690,-96.75032287072017
1119827,6693279,-96.77328500050106
1119827,7433694,-96.77497220093133
1119827,4109003,-96.78591310470304
1119827,4789739,-96.7864992781123
1119827,7983077,-96.81501686583746
1119827,7994574,-96.85169544991058
1119827,4690115,-96.86264090968753
1119827,6219642,-96.87768952193258
1119827,8176802,-96.9054063541413
1119827,296379,-96.90587271968562
1119827,7430201,-96.92115471110942
1119827,414642,-96.92881195696945
1119827,7262612,-96.9468378969486
1119827,4823211,-96.94940331734509
1119827,3580103,-96.9678459312196
1119827,3853061,-96.96978941472697
1119827,5620292,-96.97079986031727
1119827,52809,-96.9858486901136
1119827,7254160,-97.0364500556383
1119827,6043519,-97.0869505813211
1119827,5298412,-97.16208357609148
1119827,5604322,-97.19005646135858
1119827,3696247,-97.19013421681765
1119827,8744142,-97.19269977017822
1119827,642479,-97.21039124140474
1119827,430158,-97.21330644111374
190044,411230,-50.97777414715942
190044,6779598,-52.074097879003304
190044,6779603,-52.612273698568785
190044,6362858,-52.63531144905804
190044,3334965,-52.63535462527311
190044,6478583,-52.76862695501438
190044,670024,-52.77732910130715
190044,6362862,-52.81715804287715
190044,5837700,-52.90494660851793
190044,7623433,-52.92459079321068
190044,2957424,-52.9251518756688
190044,402226,-53.020114093375525
190044,1748752,-53.04155367199943
190044,3271802,-53.05596358940739
190044,2417581,-53.103155792043864
190044,4049059,-53.10574682367788
190044,6362864,-53.17422159624202
190044,3166428,-53.17465334907243
190044,6375114,-53.175257740407915
190044,2173014,-53.192240101744694
190044,6362861,-53.193189908764026
190044,7048211,-53.28828423917939
190044,6362865,-53.32733591713992
190044,6354331,-53.39291079720684
190044,5415942,-53.39360158384122
190044,1731044,-53.393687925460476
190044,2417583,-53.443952792180475
190044,2084943,-53.44477345207926
190044,6301195,-53.46207637429983
190044,3014531,-53.46818764598365
190044,6964609,-53.46918095625817
190044,2041025,-53.47177127198925
190044,7435371,-53.508923256370934
190044,5470479,-53.50974384538293
190044,5846790,-53.50995976747827
190044,4281056,-53.51108241208825
190044,797060,-53.51190264684991
190044,7048218,-53.51220480468863
190044,6409990,-53.51220480468863
190044,2692432,-53.5791685517365
190044,7242131,-53.57929809492404
190044,683122,-53.61592481540159
190044,683121,-53.616011171187424
190044,4782425,-53.61614070206976
190044,5889540,-53.64280017657302
190044,2944649,-53.64327523800745
190044,2177820,-53.64426840244852
190044,5597374,-53.64435475525154
190044,7435376,-53.67230596004574
190044,668248,-53.69064008244211
190044,2454575,-53.691028846302814
190044,2074833,-53.691028846302814
190044,1794220,-53.692238140599116
190044,4782430,-53.70397236339768
190044,6412478,-53.71382254049882
190044,7575350,-53.731116483708206
190044,211933,-53.73189403494175
190044,7342582,-53.73280102524809
190044,3277388,-53.733578314582644
190044,6412482,-53.78780099519143
190044,671303,-53.79664852107575
190044,4155424,-53.7968644767444
190044,2234959,-53.797771388711666
190044,719977,-53.79790093413676
190044,421765,-53.79824637219554
190044,1353074,-53.864863874915805
190044,6254667,-53.8664619744867
190044,402222,-53.86689380562372
190044,3037014,-53.86710970720717
190044,3271806,-53.86762783297403
190044,5010662,-53.86814590505559
190044,4782431,-53.90369324363921
190044,6220016,-53.90377959793361
190044,4281055,-53.91404281302203
190044,4782426,-53.91482027022026
190044,8411986,-53.91533850786723
190044,402228,-53.915381691913325
190044,2990986,-53.91551124181379
190044,3155166,-53.91555442436804
190044,4537065,-53.9159430505746
190044,4782428,-53.916892898601766
190044,8410788,-53.97849494256378
190044,7475084,-53.97901326974964
190044,1559188,-53.97927241319423
190044,569588,-53.97953154320846
190044,8763462,-53.97966110317961
190044,6555755,-53.97996339672401
190044,5755643,-53.98013612768691
190044,1743799,-53.98013612768691
190044,6746018,-53.980222490930714
190044,342627,-53.98035203299952
190044,6680667,-53.98048157171217
190044,1896212,-53.98112921493937
190044,6273763,-53.981604099995955
190044,670018,-54.01892815642955
190044,2600274,-54.01892815642956
190044,1449018,-54.01914414941414
190044,2600279,-54.01940332867987
190044,2313132,-54.01940332867987
190044,7662458,-54.01961930113908
500575,6898376,-30.835362089744752
500575,6898380,-30.8358025251721
500575,6444819,-30.884851738802865
500575,6444824,-31.482740546766596
500575,8322763,-31.512216756756168
500575,5707849,-31.577428981018063
500575,5657141,-31.57828384793661
500575,1232134,-31.645799978069597
500575,4697981,-31.6824267522548
500575,6161899,-31.683359435020634
500575,1179434,-31.684006960827055
500575,7473683,-31.758402980237424
500575,6456467,-31.75928414407112
500575,4615959,-31.799639672331494
500575,2148440,-31.800391165604378
500575,7410862,-31.801064758187323
500575,2938437,-31.801142470677018
500575,6377761,-31.93317106495602
500575,8651764,-31.93327473039311
500575,1193414,-31.933741180535705
500575,7542838,-31.93400028816918
500575,4984902,-31.934363001263563
500575,2338794,-31.982013062291767
500575,6241577,-31.983438123531418
500575,8007007,-32.08729582786428
500575,8740614,-32.08729582786428
500575,5465883,-32.08848777446693
500575,138326,-32.20494927556714
500575,6171224,-32.20593400365282
500575,8285952,-32.20658167484563
500575,1639347,-32.20741048999059
500575,7814111,-32.26912492065236
500575,2925997,-32.26941004124562
500575,5003419,-32.26941004124562
500575,2466029,-32.269461878442264
500575,764808,-32.26959146751534
500575,7814112,-32.26964330157723
500575,7240454,-32.26969513474354
500575,6947721,-32.26969513474354
500575,961805,-32.269721050990874
500575,2624368,-32.269721050990874
500575,4129289,-32.26977288281388
500575,6510514,-32.2698247137414
500575,7674234,-32.27000611493611
500575,5139618,-32.270213417156924
500575,5188688,-32.270394794850105
500575,7924485,-32.338428831442855
500575,2289599,-32.338428831442855
500575,587488,-32.33881758522835
500575,5634295,-32.33884350035631
500575,4317044,-32.338947158629544
500575,4363074,-32.33936175590941
500575,1552591,-32.339491305809894
500575,8362334,-32.413366084114635
500575,2866513,-32.49226847196657
500575,5796822,-32.49239807559549
500575,8252326,-32.49257951127012
500575,7629870,-32.49263134801892
500575,3834297,-32.49270910146275
500575,7926791,-32.49273501882955
500575,5608424,-32.49278685289144
500575,2003211,-32.49278685289144
500575,6377762,-32.49278685289144
500575,1169578,-32.49281276958654
500575,977374,-32.49281276958654
500575,5090859,-32.49283868605775
500575,604278,-32.49286460230508
500575,4780463,-32.49286460230508
500575,6314503,-32.49289051832853
500575,513715,-32.49294234970379
500575,708899,-32.493046009767895
500575,764802,-32.493149666250325
500575,1256620,-32.49317557981132
500575,813770,-32.49317557981132
500575,7674235,-32.49325331915132
500575,8279815,-32.49335696847113
500575,1702111,-32.493434703110985
500575,6241583,-32.49348652508523
500575,1256624,-32.493849253842285
500575,5188692,-32.49392697572748
500575,6219651,-32.49470408385347
500575,5962394,-32.495610455654074
500575,1193409,-32.580057386757524
500575,755997,-32.58075699851936
500575,4918377,-32.58099016618861
500575,3465179,-32.58148234954098
500575,1852002,-32.582155732776556
500575,8113845,-32.5826995089149
500575,6661948,-32.67446041953232
500575,8024792,-32.674693712111576
500575,4847836,-32.674745552443355
500575,5924048,-32.67477147227332
500575,3229428,-32.67482331126143
500575,3680522,-32.67482331126143
500575,6397304,-32.67487514935379
500575,1815109,-32.674901068064074
500575,407363,-32.674901068064074
500575,618534,-32.67492698655043
500575,7704878,-32.67495290481287
500575,6174425,-32.67497882285139
883785,2712216,-71.23486995519056
883785,6283700,-71.23486995519056
883785,6274896,-71.81450719016667
883785,2385475,-71.9689599678478
883785,491496,-72.02566422199703
883785,235435,-72.09369038452226
883785,1559024,-72.09741560712254
883785,1234843,-72.10825408819746
883785,4929135,-72.12748983520507
883785,6087089,-72.1786669200686
883785,3195327,-72.20422394130671
883785,4944076,-72.62525614141245
883785,6981023,-72.66890732131581
883785,5925828,-72.66890732131581
883785,3769599,-72.72398676087448
883785,1655283,-72.74670137743527
883785,1878513,-72.83475232716525
883785,1442671,-72.86842947986462
883785,4908422,-72.91824729119884
883785,1120105,-72.9382082127558
883785,6133843,-72.97409226034965
883785,1120108,-73.07246493760904
883785,3838494,-73.0943533753909
883785,5413024,-73.1988073784016
883785,1765851,-73.24608642723253
883785,6274901,-73.29750062285241
883785,4908423,-73.40842400096642
883785,7414524,-73.49594987782565
883785,423256,-73.49746130639062
883785,127284,-73.53531980611679
883785,7595551,-73.58398906174489
883785,2294140,-73.61133402610159
883785,6586493,-73.69073989955615
883785,3378721,-73.69749910908075
883785,6901982,-73.71657364887915
883785,6901981,-73.71669454175942
883785,6821155,-73.74365639595894
883785,6262643,-73.79254435182706
883785,6262642,-73.79272572638713
883785,6122832,-73.81301199620259
883785,8697809,-73.842170125422
883785,6262638,-73.85304805465921
883785,1265569,-73.87130839604171
883785,1080314,-73.87142931084861
883785,4017466,-73.87142931084861
883785,1980610,-73.8715502235669
883785,1165763,-73.87215475583203
883785,2394158,-73.8727603828941
883785,6105389,-73.87390917774178
883785,6262015,-73.87445327792558
883785,6262014,-73.87451373089101
883785,1286844,-73.89690017165333
883785,5573323,-73.89702109899329
883785,6921765,-73.89750478746356
883785,6069592,-73.89841161327222
883785,3606716,-73.91843296482585
883785,5793833,-73.91891656975535
883785,6886559,-73.96613489573116
883785,558092,-74.00395347999549
883785,2399766,-74.00792421706258
883785,2768483,-74.02775610012061
883785,4995499,-74.0550214715785
883785,1942789,-74.07137448613805
883785,4483759,-74.07161633455095
883785,2173181,-74.07222091902905
883785,7595549,-74.072765000417
883785,6287753,-74.0942101114761
883785,1378126,-74.0942101114761
883785,302541,-74.09445194735594
883785,3606719,-74.09469377488111
883785,6203809,-74.12113199382826
883785,1995502,-74.14451161283937
883785,502547,-74.16328386745441
883785,1198428,-74.22661341802741
883785,6814605,-74.23915684447893
883785,1728772,-74.25029524444405
883785,6995391,-74.25248667551455
883785,1226503,-74.25454247582302
883785,1445450,-74.25496565389042
883785,4927034,-74.29717791053578
883785,8760290,-74.30333263999243
883785,3214071,-74.30363491265106
883785,844429,-74.3036953656165
883785,5413026,-74.32426077976334
883785,8640913,-74.34342912687262
883785,3760573,-74.34385234880084
883785,7053160,-74.36814228771134
883785,4663943,-74.3697747151556
883785,6218410,-74.40748393447207
883785,1086793,-74.40748393447207
883785,3747802,-74.40748393447207
883785,7271364,-74.40760486599027
883785,7430204,-74.40760486599027
883785,3150104,-74.40760486599027
883785,4509219,-74.40760486599027
883785,406330,-74.40760486599027
883785,5793827,-74.40760486599027
883785,2023399,-74.40760486599027
883785,525417,-74.40766533096594
883785,358904,-74.40772579541932
264403,4845723,-114.74876244055791
264403,6073638,-115.20410115515891
264403,3706613,-115.20429111164161
264403,6073642,-115.8244191066047
264403,3706620,-115.82460912215143
264403,1859694,-116.13505649124687
264403,5283353,-116.53758686995936
264403,6499956,-116.56133116823399
264403,2153075,-116.91649501354681
264403,8073010,-117.0690317809281
264403,8070732,-117.18225660872365
264403,8121445,-117.29093017440924
264403,7071190,-117.3504458304865
264403,6073643,-117.38753480715356
264403,6831893,-117.59901572345059
264403,1317553,-117.6416422344465
264403,5658464,-117.73595699366598
264403,7071191,-117.80042540207843
264403,4447552,-117.858583139789
264403,6073645,-117.92609496301904
264403,667556,-117.98901741792578
264403,5462057,-118.04497219291348
264403,7071184,-118.10205043407645
264403,1317554,-118.16972419821654
264403,2850502,-118.26205361445626
264403,3706617,-118.2748581199993
264403,3251694,-118.31505173074021
264403,5462056,-118.3292791256322
264403,667554,-118.33697343369433
264403,3706611,-118.33697343369433
264403,3706614,-118.39087269828877
264403,2472494,-118.39201277187635
264403,7969495,-118.43473462650255
264403,6073639,-118.43834345694577
264403,6021493,-118.48286054235508
264403,2850497,-118.48557714763501
264403,7135867,-118.4948079557785
264403,949834,-118.5026920691533
264403,3706615,-118.57433432867032
264403,667552,-118.60197376726272
264403,6831886,-118.63232960599977
264403,6831888,-118.63280454026464
264403,1718251,-118.74356833689953
264403,3774419,-118.76548103644777
264403,949840,-118.78619531542509
264403,1929848,-118.88345405483301
264403,733014,-118.90008301551073
264403,3774415,-118.90587801432771
264403,7971599,-118.95225694359112
264403,1624043,-118.98681958816815
264403,5357952,-118.99431270869287
264403,2850499,-118.9957377945239
264403,1360980,-118.99583279368184
264403,2858746,-119.00886389966306
264403,4651574,-119.02537046645489
264403,3837446,-119.08135924754049
264403,6073644,-119.08306972725575
264403,6073640,-119.08458993041258
264403,7856946,-119.10764139399988
264403,1929840,-119.1084972529903
264403,3953696,-119.11068135394699
264403,6502521,-119.12465184961599
264403,667553,-119.1435351788181
264403,8654296,-119.18881031339942
264403,2850498,-119.1930852017232
264403,2858744,-119.21878634585967
264403,3300080,-119.27108084892706
264403,6073637,-119.30811349969133
264403,2323325,-119.3784456686728
264403,8430951,-119.39095450702507
264403,8099055,-119.39399470327525
264403,4790426,-119.40082289779559
264403,667557,-119.46663499820177
264403,8543743,-119.480767274175
264403,4790420,-119.52831156833045
264403,3167800,-119.57669622552693
264403,6374254,-119.59465547886168
264403,1908228,-119.5950355230851
264403,3260609,-119.59968999952594
264403,5283354,-119.620557080474
264403,8048235,-119.66232897223324
264403,1322478,-119.663458323313
264403,3738083,-119.68897997424179
264403,1718252,-119.70400580414055
264403,1620918,-119.71127245549008
264403,1566428,-119.73204297589773
264403,733016,-119.76284415414544
264403,2344095,-119.76683458406737
264403,1168347,-119.77460146172938
264403,8313915,-119.775076617559
264403,7587608,-119.77536170120511
264403,1317549,-119.7762169078157
264403,4144113,-119.78883246463961
264403,329141,-119.79679968561908
264403,8082815,-119.79755978719658
264403,7322054,-119.81599364078221
264403,7630835,-119.81637374738487
264403,667551,-119.81827408340357
264403,6591520,-119.8196991200031
264403,5995185,-119.820649041851
1108100,1833313,-73.96728358143864
1108100,2140920,-74.85504071385462
1108100,1765937,-75.3172583329022
1108100,2055732,-75.51097382466332
1108100,788023,-75.57744688247442
1108100,6202764,-75.72990487195213
1108100,6202765,-75.73008625121186
1108100,1151843,-75.73153711612252
1108100,1151844,-75.73171845309413
1108100,3329200,-75.73177889770744
1108100,6186394,-75.86615646011954
1108100,7422816,-75.91512793307945
1108100,6278732,-75.91573226180012
1108100,2055724,-75.98273065047921
1108100,5933878,-75.98321421364916
1108100,8160536,-75.98375818228922
1108100,8716414,-76.02036757673208
1108100,3076228,-76.13633728180817
1108100,2145609,-76.13639773372945
1108100,7614022,-76.13869451997624
1108100,3059367,-76.20033171216002
1108100,1660692,-76.20033171216002
1108100,8497764,-76.20093625486702
1108100,5480828,-76.2011780573317
1108100,7338774,-76.201903414614
1108100,2005144,-76.20371647904835
1108100,3010373,-76.20383733331538
1108100,3468453,-76.24139553002834
1108100,6267587,-76.24151643856968
1108100,6267586,-76.24163734502261
1108100,8497378,-76.24254407686011
1108100,8609233,-76.24363200005148
1108100,3692631,-76.31877974192265
1108100,6541964,-76.31932378102465
1108100,2981631,-76.35923902021645
1108100,3664876,-76.35966218732008
1108100,83926,-76.36081065480937
1108100,3147567,-76.3752896420118
1108100,3557254,-76.37813029358746
1108100,1646424,-76.42353572009445
1108100,2055956,-76.42486563365408
1108100,3895140,-76.42679960244658
1108100,6066313,-76.45079969292829
1108100,6066309,-76.45164614044093
1108100,2612672,-76.45231113454717
1108100,2612671,-76.45237158542434
1108100,6173825,-76.45273427972495
1108100,3799993,-76.45273427972495
1108100,3799991,-76.45297606548552
1108100,6666807,-76.45400356180694
1108100,1102498,-76.49277041284097
1108100,1765939,-76.49307267766818
1108100,6270864,-76.51127253580245
1108100,3652404,-76.52871486432517
1108100,624917,-76.52956122411548
1108100,168373,-76.52962167447063
1108100,1573344,-76.5305283671592
1108100,2589256,-76.5410164674282
1108100,1692662,-76.54162103102001
1108100,4436063,-76.54180238991633
1108100,1700667,-76.54283000158458
1108100,943165,-76.60658271560676
1108100,581979,-76.60676406354006
1108100,943164,-76.60682451180713
1108100,2964024,-76.6259995275857
1108100,1209040,-76.6268458727574
1108100,395937,-76.64444202864014
1108100,395940,-76.64516769923817
1108100,1922699,-76.64589329461575
1108100,1948271,-76.64680018308268
1108100,8520556,-76.64686063813652
1108100,8002015,-76.64692109266824
1108100,8726006,-76.64722335749545
1108100,2420674,-76.64722335749545
1108100,6944137,-76.64849272726116
1108100,6652482,-76.67448740082165
1108100,3532493,-76.67478969175514
1108100,1904155,-76.71103642111913
1108100,624921,-76.71188278090942
1108100,5814925,-76.71260815071918
1108100,5991969,-76.76325307544236
1108100,8024198,-76.7637367931587
1108100,8213101,-76.76422047745126
1108100,5307267,-76.77990837571053
1108100,3468456,-76.78002929260609
1108100,6426633,-76.78045248529276
1108100,4842679,-76.7806338457553
1108100,6238320,-76.7815405775928
1108100,6226740,-76.7816010222061
1108100,991656,-76.78745331977603
1108100,221252,-76.78787654535972
1108100,1860840,-76.78811837706215
1108100,6618668,-76.78817883368237
1108100,943170,-76.78884382204555
1108100,1765941,-76.8288194567755
1108100,6209399,-76.82978671675409
1108100,1122174,-76.8308747244932
1108100,3059360,-76.89775187007578
1108100,8397059,-76.93369629231844
1108100,1573350,-76.93532857877918
421756,8521640,-72.74062186216365
421756,8521639,-72.74068230521118
421756,6154853,-72.93307118535088
421756,6616722,-72.94008183399329
421756,3589964,-73.04622791255956
421756,2863598,-73.09272156809217
421756,2817092,-73.22637384837752
421756,3370659,-73.42001749270602
421756,2963690,-73.64955636347034
421756,6353431,-73.65342526982558
421756,6944261,-73.6541504517692
421756,7098799,-73.67493109954047
421756,6032090,-73.71578779426142
421756,2863597,-73.7358091379838
421756,5869237,-73.73729332330231
421756,5407389,-73.73874426339577
421756,8357964,-73.74067838247728
421756,6242183,-73.74540941085145
421756,4904771,-73.74649726829252
421756,3191775,-73.74661813090626
421756,8492519,-73.82024144495017
421756,6277188,-73.85860816718983
421756,6261083,-73.87626663982232
421756,2273492,-73.91967534193836
421756,2181879,-73.94201380796889
421756,7307556,-74.07409479913782
421756,6056013,-74.09554010543468
421756,5556416,-74.1209506271004
421756,5746686,-74.12806455194986
421756,7359739,-74.12812498508275
421756,5258934,-74.12860843136431
421756,3231141,-74.14753790350906
421756,5715896,-74.2275806111826
421756,96066,-74.23076385225299
421756,6361847,-74.2557514881493
421756,6661567,-74.27768125921108
421756,5869240,-74.28322772698439
421756,4150297,-74.34312680982838
421756,4264412,-74.34342912687262
421756,6353435,-74.39897322153853
421756,8492513,-74.41109170569119
421756,5064445,-74.4282912784897
421756,5562147,-74.4293794929565
421756,7180453,-74.44885010437255
421756,994811,-74.47859280595787
421756,994810,-74.47865325370293
421756,6172074,-74.50052160861334
421756,2692137,-74.56820496464755
421756,6361845,-74.58298608669696
421756,7802908,-74.61300390489127
421756,2863595,-74.63171579424618
421756,348148,-74.63316660903932
421756,4293799,-74.66109570442111
421756,6234324,-74.6620627806576
421756,413322,-74.70143411071655
421756,5016779,-74.7214472023561
421756,7344797,-74.73780175488741
421756,5094650,-74.73792265507569
421756,7221009,-74.748229120248
421756,8543350,-74.7483500549001
421756,6177634,-74.7647635151109
421756,505408,-74.81633433562087
421756,3081828,-74.85485934556039
421756,5803469,-74.85504071385463
421756,1268524,-74.85564524089895
421756,6944265,-74.85576614004319
421756,6984532,-74.85612882494779
421756,1100205,-74.88236516524097
421756,6192639,-74.88508545474855
421756,2684216,-74.88635456149943
421756,3607085,-74.88635456149945
421756,1352605,-74.95786363966423
421756,5692511,-74.95792409001938
421756,5854401,-74.97367007275571
421756,5746603,-74.97415364010128
421756,1696188,-75.02354914028842
421756,8629502,-75.02667515695347
421756,5792667,-75.03512506653003
421756,5792671,-75.03518554090832
421756,5692512,-75.03754363424375
421756,6361843,-75.03996136660753
421756,5177618,-75.10683876794754
421756,5060951,-75.12546175873136
421756,5469202,-75.14042510728709
421756,6366491,-75.14223912707868
421756,8253527,-75.14320641211842
421756,855047,-75.170591380172
421756,956036,-75.1706518378365
421756,2107507,-75.1706518378365
421756,5562149,-75.1711354803558
421756,6944266,-75.17180043426289
421756,4618746,-75.18070493137193
421756,6026247,-75.21799087392142
421756,8346620,-75.2198651910377
421756,3082652,-75.22034880432
421756,7762257,-75.26008262196612
421756,3231143,-75.26056627701662
421756,8137246,-75.26237968589001
421756,4026569,-75.2631653505329
421756,8521642,-75.26340707576043
1108307,6215678,-116.52188384315997
1108307,6397409,-117.66867345123812
1108307,2290456,-118.1898319112985
1108307,2290457,-118.86562585481443
1108307,7551273,-118.96813690019877
1108307,1211085,-119.19194539393519
1108307,2766066,-119.21717122068458
1108307,8205020,-119.36880805764909
1108307,3484415,-119.37075179970755
1108307,2766064,-119.41343801157427
1108307,5170918,-119.53011695772415
1108307,1876738,-119.55791827179378
1108307,8396733,-119.57774106286553
1108307,5423620,-119.58584284895802
1108307,175203,-119.59465547886171
1108307,6215677,-119.59703053986684
1108307,1177931,-119.63544173541587
1108307,8248768,-119.7044806850966
1108307,2766060,-119.73160679689724
1108307,5423622,-119.82397312246586
1108307,5496494,-119.84588527281919
1108307,5830943,-119.88300262008784
1108307,8414172,-119.95541521025278
1108307,6300572,-119.96376328302668
1108307,4565829,-119.98187636077228
1108307,6215679,-119.98741302518681
1108307,7856201,-119.99822016887319
1108307,6397407,-120.01900391617198
1108307,1211082,-120.04394480779723
1108307,2766058,-120.06589420382868
1108307,554871,-120.06627420538325
1108307,1211087,-120.07148851946195
1108307,3679634,-120.09624991048514
1108307,1705372,-120.10652619264874
1108307,1211083,-120.13081272652083
1108307,4555845,-120.1699246106578
1108307,4467942,-120.17077969908215
1108307,600667,-120.18196707001935
1108307,990986,-120.18367723948506
1108307,1650945,-120.18405724103962
1108307,8187317,-120.19363257289872
1108307,6215680,-120.30668598862377
1108307,2290460,-120.35395627783504
1108307,5120865,-120.35793562419
1108307,1211081,-120.35869562073577
1108307,7804854,-120.3826971325209
1108307,6215676,-120.39240304723953
1108307,5591776,-120.39848259971814
1108307,3024257,-120.40834071825968
1108307,1650948,-120.42209412736305
1108307,8320860,-120.42446902428014
1108307,2260409,-120.42920720858788
1108307,1211084,-120.4316772827005
1108307,5296201,-120.43603299253795
1108307,6076670,-120.44362729820365
1108307,7298401,-120.50876070160439
1108307,5582448,-120.50999604272833
1108307,5402885,-120.51218130645711
1108307,2376754,-120.529259611438
1108307,7804855,-120.53551781839198
1108307,6494895,-120.57500965812896
1108307,6215992,-120.57690983001288
1108307,6229921,-120.58406849846534
1108307,6574039,-120.64268328687898
1108307,1211090,-120.643538161174
1108307,5436771,-120.64599770147825
1108307,4299556,-120.64742260270867
1108307,3674982,-120.66173598102311
1108307,1681472,-120.69412284856864
1108307,8248763,-120.71006121451902
1108307,5333757,-120.71101121020143
1108307,2290464,-120.71272099570453
1108307,2593316,-120.75951638428076
1108307,8178550,-120.79454197830924
1108307,4555850,-120.80081335818262
1108307,1650944,-120.80100334419276
1108307,7705400,-120.81884133073285
1108307,4555851,-120.82917422115948
1108307,7241858,-120.84567274669584
1108307,1820258,-120.86098129519375
1108307,5233228,-120.86364185755289
1108307,5061117,-120.88421437738624
1108307,3337661,-120.8877297409367
1108307,6300579,-120.8880147211824
1108307,1271632,-120.89409270447356
1108307,1211086,-120.9029972130675
1108307,8220606,-120.9179314169619
1108307,3376166,-120.93870256267031
1108307,3950425,-120.93870256267031
1108307,3189137,-120.93908265613878
1108307,3679637,-120.94231292045632
1108307,1876733,-120.98009469246826
1108307,3604627,-121.02770808981528
1108307,5442083,-121.04624843643604
1108307,4806385,-121.05079779250737
1108307,3430077,-121.08336456762356
1108307,2290463,-121.08802045125277
1108307,6229923,-121.08840043639887
1108307,3134823,-121.08973028105044
1108307,5612922,-121.09248444792937
966413,802895,-94.46807148843129
966413,5308287,-94.75451030597068
966413,6068535,-94.75660819902217
966413,3376270,-94.82147439189933
966413,3521149,-95.01316666406848
966413,1216350,-95.31163906873503
966413,3615880,-95.31467003906278
966413,6177997,-95.3771103048513
966413,3615887,-95.46749965219107
966413,8000538,-95.54516010573478
966413,827820,-95.69204197397158
966413,5938287,-95.72130063324501
966413,6778145,-95.76706021963338
966413,6882403,-95.83183189837253
966413,7387907,-95.97677083153755
966413,6313175,-96.09509795328059
966413,6273817,-96.11170123622057
966413,8837418,-96.12295792793968
966413,2588722,-96.15924784485547
966413,8422379,-96.21628911991951
966413,8422378,-96.21660000074856
966413,7853161,-96.2390843474499
966413,4592782,-96.2773417855045
966413,757118,-96.27811900100093
966413,4297951,-96.38145861674529
966413,5938285,-96.44238560563083
966413,5909914,-96.46059599284031
966413,2758360,-96.47033545591849
966413,6811235,-96.49978578548124
966413,6811234,-96.50001897530208
966413,2278372,-96.50009670389971
966413,6061258,-96.50102939471356
966413,6668562,-96.52927799155194
966413,1930308,-96.55298995409575
966413,7584005,-96.56572335492334
966413,3615885,-96.6830400653091
966413,5435429,-96.68412812002404
966413,2905890,-96.72672612754752
966413,6424655,-96.74734541475024
966413,1990466,-96.78591310470304
966413,4459200,-96.78731239469575
966413,5276280,-96.7890223426252
966413,474737,-96.78979948429864
966413,6811240,-96.81032930351134
966413,793456,-96.81172848473402
966413,6239882,-96.81556100361675
966413,3788813,-96.8171932195919
966413,195129,-96.8526282051668
966413,2758357,-96.8677707092979
966413,2998251,-96.92029964484115
966413,2905889,-96.92138789690237
966413,5938279,-96.92395254194955
966413,6239890,-96.96986714533857
966413,3615883,-96.97149933312237
966413,6239884,-97.03658185108247
966413,7557218,-97.07476126725635
966413,8047638,-97.07491673452185
966413,2905887,-97.07693756462515
966413,2588719,-97.10557472256943
966413,7557221,-97.10674031933502
966413,3068983,-97.1274258650829
966413,7609025,-97.14015482512227
966413,632089,-97.15148910245867
966413,2905888,-97.15218870213253
966413,1886102,-97.15327686021041
966413,2624549,-97.19098948253381
966413,7051667,-97.19200014633365
966413,2905886,-97.22475645623072
966413,4613981,-97.25661640613974
966413,3398708,-97.2573937558958
966413,3674094,-97.25988082402104
966413,4870411,-97.31157100150389
966413,6061264,-97.31312533853985
966413,1930314,-97.32239865466116
966413,1071997,-97.32286500812265
966413,4651451,-97.32420987884707
966413,1007078,-97.32473018035554
966413,6650392,-97.32498734947644
966413,2752006,-97.36392017031207
966413,8096229,-97.37354427950899
966413,1886094,-97.37369976960517
966413,320513,-97.37416622377614
966413,2436577,-97.37494359367511
966413,8047636,-97.37610952264147
966413,8653662,-97.4394821148127
966413,6668566,-97.43979304397271
966413,2588721,-97.44111437307672
966413,2588725,-97.44181382172154
966413,6273820,-97.44455831274055
966413,3320173,-97.47944899875097
966413,363250,-97.47944899875097
966413,8165439,-97.47952673943396
966413,3318856,-97.47975995745395
966413,6553353,-97.51018496376419
966413,3318857,-97.54670804432271
966413,6267921,-97.54678576150988
966413,6298301,-97.5755006399965
966413,2278364,-97.57762332370933
966413,6273819,-97.61453507746232
966413,4693383,-97.62265870095034
1111546,2320858,-72.1020079976479
1111546,1245777,-73.66790437758999
1111546,5052458,-73.71983702402783
1111546,6538059,-73.8901411814062
1111546,6222892,-73.8915314795477
1111546,5965875,-74.27411229382227
1111546,6038686,-74.34469871590063
1111546,8441435,-74.39591292723397
1111546,5965874,-74.41008350181649
1111546,1417554,-74.55145328118289
1111546,1565115,-74.56499967678548
1111546,6488140,-74.58498086229822
1111546,6945572,-74.70910002075922
1111546,4018468,-74.72090328068055
1111546,629277,-74.73743904179341
1111546,7982476,-74.74889423498078
1111546,2481085,-74.81452098938249
1111546,7348524,-74.83587220385917
1111546,1361299,-74.85510116890846
1111546,6294425,-74.88248608944741
1111546,589760,-74.9111713118877
1111546,6162724,-74.94368419406275
1111546,1340142,-75.06547269203934
1111546,1697051,-75.10184033621022
1111546,4540076,-75.1025657686636
1111546,5750989,-75.10665741218365
1111546,8124801,-75.1067783165483
1111546,2264090,-75.10750369888589
1111546,1609739,-75.10762458863445
1111546,6860542,-75.12237833789823
1111546,939951,-75.143931788192
1111546,4161536,-75.15345235278384
1111546,6537154,-75.17095411832693
1111546,6963368,-75.22101371803281
1111546,3226516,-75.24176039868729
1111546,1182535,-75.32407699122459
1111546,1180019,-75.35261064081067
1111546,142029,-75.35454511065734
1111546,8147311,-75.44294828834231
1111546,4862298,-75.49508789135717
1111546,7616537,-75.50537059015433
1111546,7616530,-75.5056124761742
1111546,1561016,-75.50718453160007
1111546,309464,-75.51248522712115
1111546,6301669,-75.5151445031048
1111546,5117494,-75.5264198619759
1111546,2991020,-75.54685775111787
1111546,2482841,-75.54685775111787
1111546,1459446,-75.54867152022658
1111546,3150407,-75.57593557138459
1111546,1789612,-75.57726554237105
1111546,1378622,-75.61248459011554
1111546,340739,-75.62218599813848
1111546,8024743,-75.64553300646338
1111546,3581112,-75.66433844622644
1111546,5845167,-75.66530589001691
1111546,1671471,-75.66639410448371
1111546,8815748,-75.68323050677199
1111546,5704783,-75.68787356224679
1111546,856544,-75.68853871145234
1111546,3459556,-75.72887696736402
1111546,4332698,-75.73026762577192
1111546,5052456,-75.7303885395345
1111546,1846933,-75.73056990626236
1111546,6047422,-75.73129532618616
1111546,438407,-75.75141029237032
1111546,2898580,-75.79907912269881
1111546,8060597,-75.84659953334378
1111546,6244839,-75.86410129888688
1111546,6019865,-75.86464537087738
1111546,8599812,-75.86494761482282
1111546,845040,-75.86494761482282
1111546,8523902,-75.87342892655496
1111546,4553699,-75.91271009632845
1111546,6278101,-75.91325418241524
1111546,5395215,-75.91410045450138
1111546,8338380,-75.914463111221
1111546,6593573,-75.93357779200919
1111546,6688704,-75.95208098783247
1111546,8147310,-75.95208098783247
1111546,5485775,-75.9527461140558
1111546,4722262,-75.95310888354179
1111546,5052453,-75.95353209084871
1111546,1789615,-75.95449932576744
1111546,6207456,-75.98194478907497
1111546,8636954,-76.01625668620889
1111546,1791543,-76.01686138036361
1111546,7322146,-76.0178287823725
1111546,3622761,-76.01879605070465
1111546,8382538,-76.06901740779088
1111546,8044518,-76.07107329689131
1111546,8523903,-76.08833295189761
1111546,1745847,-76.09032736582537
1111546,5172454,-76.09285488577713
1111546,228691,-76.11329948956298
1111546,1148518,-76.11577844652672
1111546,7137570,-76.13403972186526
1111546,5183549,-76.13422113559659
1111546,4613889,-76.13464441602
1111546,4812689,-76.13494674350981
156493,8182166,-31.106699819063678
156493,2411918,-31.289617362022348
156493,6139386,-31.42314875464687
156493,3288596,-31.576651617829633
156493,1960255,-31.576677533181456
156493,3288600,-31.57667753318146
156493,1171598,-31.76006142669543
156493,2612492,-31.800002485690378
156493,5122747,-31.801116566737463
156493,2616515,-31.88792070415807
156493,7663272,-31.933274730393105
156493,885944,-31.933585705213062
156493,1960260,-31.981987145820554
156493,2259182,-31.98268681197068
156493,5128818,-31.984629473311827
156493,2317807,-32.087347661478375
156493,3288598,-32.08737357794959
156493,8029433,-32.08794368368001
156493,6343406,-32.08841005325292
156493,2816748,-32.089031766593486
156493,2259180,-32.20507886352066
156493,8393766,-32.20513069713476
156493,6139382,-32.2051825298533
156493,4940228,-32.205441680013706
156493,8029429,-32.206711192306756
156493,8029428,-32.206737095128005
156493,8245439,-32.20676299772561
156493,2949801,-32.269435959955906
156493,8182161,-32.26961738465823
156493,3288597,-32.26964330157723
156493,8182165,-32.269721050990874
156493,2259183,-32.26974696701432
156493,2141931,-32.270006114936116
156493,8245444,-32.270809331260885
156493,5406908,-32.27080933126089
156493,6357270,-32.27080933126089
156493,1171595,-32.27114609992276
156493,6464089,-32.3385584216355
156493,6524745,-32.33912855198974
156493,2941211,-32.33941357654093
156493,6859031,-32.33982810937173
156493,7371081,-32.33993173363018
156493,3800529,-32.41305513078326
156493,1277725,-32.492372155317625
156493,2949802,-32.49244991547937
156493,95514,-32.49255359255983
156493,627307,-32.49255359255983
156493,8273017,-32.49255359255983
156493,278176,-32.492657266057435
156493,7371077,-32.49265726605744
156493,95519,-32.49276093597244
156493,1347264,-32.49281276958654
156493,2616513,-32.49283868605775
156493,8463133,-32.49286460230508
156493,2612490,-32.49286460230508
156493,1172287,-32.49286460230508
156493,8811146,-32.49294234970379
156493,1277727,-32.49296826505561
156493,7976153,-32.49296826505561
156493,750111,-32.493046009767895
156493,349638,-32.493046009767895
156493,8273019,-32.493046009767895
156493,8182159,-32.493097838456805
156493,5022725,-32.49314966625032
156493,6859022,-32.49340879178817
156493,7371078,-32.49351243573667
156493,2317802,-32.4937974381335
156493,2141939,-32.49382334609977
156493,2141936,-32.49390106865614
156493,5346658,-32.49405650772839
156493,5549994,-32.494082413457434
156493,5346660,-32.49413422424445
156493,5122743,-32.4941601293024
156493,662448,-32.49444507017739
156493,7735247,-32.4950148707489
156493,6983822,-32.579513131457105
156493,8273014,-32.67482331126143
156493,5479181,-32.6750824927664
156493,5059020,-32.67516024285171
156493,994488,-32.67516024285171
156493,2141934,-32.675186159099034
156493,1172281,-32.675186159099034
156493,1277724,-32.67518615909904
156493,8273018,-32.67523799092206
156493,7371079,-32.67526390649775
156493,994482,-32.675315736977524
156493,7232172,-32.675548963055775
156493,3827672,-32.675704437035506
156493,2349265,-32.67601536082491
156493,1237363,-32.676481686096366
156493,5877552,-32.67658530409136
156493,6859025,-32.67661120803092
156493,5555924,-32.67666301523903
156493,5673642,-32.67694793889266
156493,7347210,-32.677310529864585
156493,2598786,-32.78023566501162
156493,3288601,-32.7802615837219
156493,95515,-32.78036525632383
156493,1960261,-32.78039117391454
156493,5479187,-32.78062442215557
1124145,8255879,-20.099517397571834
1124145,8666691,-20.227247095584097
1124145,8730384,-20.274078115590957
1124145,7997599,-20.322816449056738
1124145,7997603,-20.322816449056738
1124145,8730388,-20.322816449056738
1124145,278916,-20.430438988430666
1124145,7051451,-20.485646342630154
1124145,5920275,-20.48713139290517
1124145,7702580,-20.545666267675813
1124145,8694942,-20.546011831074598
1124145,3274244,-20.547738753030043
1124145,4390630,-20.547738753030043
1124145,7131638,-20.547842320944728
1124145,1983097,-20.547842320944728
1124145,3195299,-20.547859581742436
1124145,3218754,-20.54811847583354
1124145,963808,-20.610083827516643
1124145,8062888,-20.610481244308808
1124145,1530862,-20.610533075460197
1124145,119289,-20.61110312948963
1124145,5901761,-20.61124129994021
1124145,2892426,-20.61144853771984
1124145,1905658,-20.611552148557557
1124145,6275502,-20.611742087820303
1124145,6470724,-20.61175935413157
1124145,5398797,-20.61200106683905
1124145,2291229,-20.61200106683905
1124145,7664007,-20.61224275033754
1124145,2014644,-20.612346320039972
1124145,6759154,-20.679405005504368
1124145,6759157,-20.679405005504368
1124145,6759156,-20.679405005504368
1124145,6759159,-20.679405005504368
1124145,276612,-20.67954322369912
1124145,1906564,-20.67954322369912
1124145,764532,-20.680562287995624
1124145,6275501,-20.680700426237525
1124145,602760,-20.680700426237525
1124145,6172489,-20.680717692846923
1124145,316416,-20.68073495930726
1124145,2464043,-20.68073495930726
1124145,6832441,-20.680752225618527
1124145,1165755,-20.680786757793882
1124145,7577908,-20.680855820355937
1124145,8454458,-20.680855820355937
1124145,6852049,-20.680855820355937
1124145,6155840,-20.680890350742676
1124145,7096302,-20.680890350742676
1124145,1605732,-20.680924880533254
1124145,845296,-20.680959409727688
1124145,1533053,-20.681011202401617
1124145,1394289,-20.681011202401617
1124145,6895357,-20.68102846632821
1124145,235435,-20.68102846632821
1124145,491496,-20.681304668888703
1124145,6182975,-20.681356452622573
1124145,7225307,-20.7534611433723
1124145,525953,-20.7534611433723
1124145,1102965,-20.7534611433723
1124145,3494977,-20.7534611433723
1124145,6472720,-20.7534611433723
1124145,7782104,-20.75368574890906
1124145,8023290,-20.754273059548787
1124145,1562825,-20.754273059548787
1124145,541397,-20.754273059548787
1124145,7207486,-20.754273059548787
1124145,8802293,-20.754273059548787
1124145,756518,-20.754307601863122
1124145,6541909,-20.754307601863122
1124145,7556400,-20.754324872796573
1124145,8110829,-20.754324872796573
1124145,8348283,-20.754376684702088
1124145,1004828,-20.75448030448658
1124145,1200043,-20.754514843221774
1124145,5737790,-20.754514843221774
1124145,7177133,-20.754532112365702
1124145,125448,-20.754532112365702
1124145,881671,-20.754566650206222
1124145,7881687,-20.754566650206222
1124145,2022161,-20.754566650206222
1124145,363261,-20.754583918902824
1124145,1439135,-20.754635724098023
1124145,7809563,-20.75465299219823
1124145,1714854,-20.75465299219823
1124145,1345237,-20.75465299219823
1124145,4248591,-20.75465299219823
1124145,8085659,-20.754670260149346
1124145,2237914,-20.754687527951372
1124145,3822805,-20.754687527951372
1124145,6082287,-20.754687527951372
1124145,1345077,-20.754687527951372
1124145,6434889,-20.754687527951372
1124145,6203849,-20.754687527951372
1124145,3920923,-20.754687527951372
1124145,7616713,-20.754704795604308
1124145,7422521,-20.754704795604308
1124145,1198393,-20.75472206310816
1124145,3824900,-20.75472206310816
1124145,8394832,-20.75472206310816
1110199,5279606,-52.79627966594294
1110199,3270581,-53.28556373819465
1110199,7628031,-53.509009640503905
1110199,8160520,-53.61592481540159
1110199,879021,-53.617824298247065
1110199,4558064,-53.64646993319544
1110199,4360551,-53.69180628335357
1110199,3838645,-53.91473389205666
1110199,1809286,-53.916892898601766
1110199,8441228,-53.98151776061311
1110199,1454027,-54.04813571463777
1110199,7891043,-54.123496056583974
1110199,8299269,-54.1552667303292
1110199,5460006,-54.15604382503272
1110199,4511137,-54.201811275576965
1110199,7038440,-54.20371148030371
1110199,5495454,-54.27231573229645
1110199,3463459,-54.30907199596153
1110199,8011652,-54.311662020970026
1110199,1152760,-54.38370086692789
1110199,6450552,-54.38797568162248
1110199,6008742,-54.40675385675967
1110199,2361277,-54.42521398824508
1110199,1240452,-54.42594820580803
1110199,5824924,-54.42633686557978
1110199,2218462,-54.42650959355913
1110199,5719120,-54.489190976137145
1110199,1426936,-54.49022760364604
1110199,3923498,-54.49173896695042
1110199,6489317,-54.49247289289429
1110199,7676274,-54.51598169612392
1110199,3524269,-54.6068444182421
1110199,4792087,-54.60727638368513
1110199,4655421,-54.60731957817697
1110199,8654965,-54.60736277229566
1110199,7490610,-54.60753554503904
1110199,2541138,-54.60753554503904
1110199,4597572,-54.6088311503531
1110199,7474264,-54.609910565055465
1110199,3972098,-54.609910565055465
1110199,4181876,-54.6102990973103
1110199,3972097,-54.610385433711464
1110199,1276856,-54.611637144029075
1110199,2406692,-54.712464117643975
1110199,5313571,-54.713587091975775
1110199,7038434,-54.71388938813109
1110199,4255796,-54.74180115522651
1110199,7676281,-54.7420170810517
1110199,2132648,-54.742189814998255
1110199,1276863,-54.74244890472973
1110199,1276862,-54.742492085046415
1110199,5460002,-54.742880691116625
1110199,5627958,-54.7430102197619
1110199,6601128,-54.7430102197619
1110199,7652936,-54.74313974505172
1110199,5460001,-54.80379324690752
1110199,758806,-54.830117563107734
1110199,4081427,-54.830333544896185
1110199,5198208,-54.830463129491186
1110199,554521,-54.830549517355415
1110199,7504065,-54.830808671993054
1110199,1295212,-54.83093824427494
1110199,3910093,-54.831586055322326
1110199,879019,-54.83223378244876
1110199,4005659,-54.833097288111176
1110199,6537226,-54.89478567443793
1110199,3270583,-54.894872066033756
1110199,4411531,-54.89491526127192
1110199,4994886,-54.8956927117542
1110199,6537225,-54.89590864876973
1110199,4921853,-54.89616776087896
1110199,6734090,-54.89642685956107
1110199,6162452,-54.896426859561075
1110199,2132644,-54.89647004136944
1110199,2719156,-54.89651322280487
1110199,5049882,-54.89685866086366
1110199,5824928,-54.89776532223675
1110199,6161016,-54.96364895573226
1110199,5313570,-54.96403771623439
1110199,1957395,-54.96412410335235
1110199,5627963,-54.96615377107611
1110199,6220210,-54.966628680735695
1110199,4579297,-55.00135553662262
1110199,4250511,-55.00230553230732
1110199,1079807,-55.0029099810508
1110199,255516,-55.00498182217023
1110199,833326,-55.0770640348742
1110199,2813599,-55.07736640154139
1110199,1276858,-55.07805745669733
1110199,5151283,-55.07892114135093
1110199,5613976,-55.07900750161141
1110199,6692276,-55.07952563185253
1110199,167601,-55.116978819666684
1110199,4489656,-55.11741084482809
1110199,5846443,-55.11771324023178
1110199,3934419,-55.117756438082246
1110199,7344200,-55.117842832663584
1110199,1592478,-55.11784283266359
1110199,557610,-55.117886029394455
1110199,8747520,-55.117972421736646
1056204,7777875,-73.14102816074033
1056204,6486837,-73.49721949974955
1056204,5234797,-73.66772303748661
1056204,4298401,-74.12294540270166
1056204,2053688,-74.31471287792078
1056204,5234795,-74.44957560574647
1056204,3754166,-74.6592820762911
1056204,1996042,-74.8814581671012
1056204,5865312,-74.9880279874982
1056204,5865313,-75.2222829234015
1056204,2686337,-75.30711837884493
1056204,2710959,-75.32764343905933
1056204,4504069,-75.39361401459064
1056204,6046707,-75.48955716748785
1056204,6046710,-75.54800652612033
1056204,1047387,-75.551451720403
1056204,5643823,-75.55606333472045
1056204,8676395,-75.60988443891408
1056204,7758874,-75.72923977445438
1056204,6693226,-75.73087217369999
1056204,4127017,-75.86531029033196
1056204,635534,-75.96901947087713
1056204,5643825,-76.01837288725548
1056204,5234791,-76.04151070275708
1056204,6046705,-76.07300769991576
1056204,1586626,-76.12421701619557
1056204,5646689,-76.12445881030791
1056204,5875537,-76.12846163147962
1056204,5875536,-76.12858252749177
1056204,5338516,-76.13385830343229
1056204,3497265,-76.1339792495767
1056204,5220630,-76.13676043429432
1056204,5086590,-76.16135282235481
1056204,6046708,-76.206115987554
1056204,5643824,-76.223227753389
1056204,2352830,-76.23927929242353
1056204,1586625,-76.24175824938729
1056204,4910412,-76.31678457005229
1056204,6693220,-76.31932378102465
1056204,3144979,-76.35893674233667
1056204,1025759,-76.3593599277136
1056204,2006752,-76.3599644338756
1056204,1531457,-76.36026666738125
1056204,5865314,-76.37522919009051
1056204,5875539,-76.42377754135403
1056204,3807549,-76.42516785150137
1056204,8309523,-76.4767029107726
1056204,6099188,-76.49246813496119
1056204,499750,-76.49258904767947
1056204,3395174,-76.51000296870406
1056204,4820165,-76.51000296870406
1056204,5086589,-76.51145388373573
1056204,3639910,-76.53902103703662
1056204,2471261,-76.53962577298337
1056204,5329181,-76.57062554665245
1056204,4905839,-76.58020495693424
1056204,4546394,-76.6074289657697
1056204,4048342,-76.64395820644461
1056204,4254519,-76.64486534563127
1056204,5444384,-76.64492581739742
1056204,6942866,-76.64553050632853
1056204,7890474,-76.6455909723488
1056204,8408276,-76.64571190282241
1056204,499749,-76.64649789998157
1056204,7072080,-76.64746515996012
1056204,2576447,-76.64752560927123
1056204,5432499,-76.64825096028996
1056204,5432496,-76.64843228630119
1056204,244785,-76.67642183725665
1056204,2724573,-76.71067366416621
1056204,4546393,-76.71236636913426
1056204,3954898,-76.761741242101
1056204,3382534,-76.77972699645082
1056204,2185188,-76.78015020741296
1056204,428356,-76.78262850078417
1056204,4929932,-76.82221327122167
1056204,6027618,-76.82275723986173
1056204,8722738,-76.82634024284181
1056204,8722740,-76.8265216785164
1056204,3843254,-76.82706595732564
1056204,4876540,-76.82718690242521
1056204,2664097,-76.82761019381829
1056204,5220625,-76.83039118637555
1056204,6173302,-76.83803406623633
1056204,955522,-76.83960560583364
1056204,3807546,-76.89914227627759
1056204,2858981,-76.93484497802594
1056204,8755000,-76.9615648522409
1056204,6173298,-76.96301585499263
1056204,428358,-76.9633181093786
1056204,5502614,-76.9633785586897
1056204,1505440,-76.97451950859427
1056204,5136201,-77.00896418981418
1056204,319113,-77.02240040351387
1056204,1488096,-77.02252129743809
1056204,5910391,-77.02336749645133
1056204,6599658,-77.02397186169551
1056204,434705,-77.03194827403622
1056204,1025757,-77.03255277497789
1056204,4620530,-77.04893945891436
199143,5056759,-129.48611147988677
199143,8311584,-129.569931907261
199143,6332561,-129.88537032742923
199143,4892011,-130.51056093277995
199143,8311586,-130.5623546074507
199143,524470,-130.56515249868244
199143,5056755,-130.66450192479095
199143,6046857,-130.72779639619998
199143,4137980,-131.2016354312842
199143,8311587,-131.23986606969453
199143,4960723,-131.31921117904358
199143,3134193,-131.4795780422206
199143,4892014,-131.50433082037134
199143,7374276,-131.546188976948
199143,2743758,-131.5745670755901
199143,6005444,-131.60917322144806
199143,3196423,-131.8311768419345
199143,8311590,-131.88058624877422
199143,6165233,-131.9007915072969
199143,6067283,-131.95051430187317
199143,1247002,-132.01121821216088
199143,5596314,-132.01266929010626
199143,4819441,-132.01443107745996
199143,3111582,-132.0409447036868
199143,3488259,-132.051210940495
199143,1892924,-132.119584337442
199143,7997636,-132.1990322104668
199143,5940730,-132.2270172487944
199143,5157543,-132.232703173792
199143,1969976,-132.2623253292677
199143,5056758,-132.35255941073544
199143,1352694,-132.39658368236425
199143,5656308,-132.45532836881392
199143,7592619,-132.4576089690333
199143,7186635,-132.539026295872
199143,7996119,-132.57870846784104
199143,4505940,-132.58119521383918
199143,1830539,-132.6207623040365
199143,2642826,-132.6389976053971
199143,8145964,-132.64024148318722
199143,8402513,-132.6423143263559
199143,7839826,-132.64583733821092
199143,1204157,-132.70685284749345
199143,6889427,-132.7095453039765
199143,6005445,-132.70995989051283
199143,4778220,-132.74332145772797
199143,6977594,-132.75036900294936
199143,7597390,-132.7506798287531
199143,661188,-132.80879297988974
199143,939843,-132.8613118332144
199143,6922470,-132.86162283624236
199143,1693939,-132.8618301671165
199143,7978506,-132.86234847863045
199143,1856116,-132.86297042289746
199143,658338,-132.86369598380375
199143,2256971,-132.8660796608061
199143,5516015,-132.86732313043288
199143,761031,-132.92844179999994
199143,2916842,-132.9312399328635
199143,6332563,-132.93217249884515
199143,5056753,-132.97909486887076
199143,182383,-132.9989892702946
199143,3198283,-133.03162553892258
199143,8690834,-133.03224751542584
199143,7122645,-133.14889023619895
199143,3691474,-133.14889023619895
199143,4990578,-133.15075614959326
199143,5777574,-133.15635214959102
199143,5402598,-133.1799635197586
199143,4285515,-133.21363609537528
199143,441258,-133.2195437240222
199143,4496318,-133.2195437240222
199143,7557853,-133.26719161023533
199143,5088597,-133.26739893931844
199143,88523,-133.26791724635498
199143,7555564,-133.26843553100562
199143,5402600,-133.2689537932723
199143,5402599,-133.2699902506616
199143,719306,-133.2723737629821
199143,8586908,-133.3309007792176
199143,303796,-133.33121179299292
199143,35232,-133.33183379636222
199143,5108053,-133.33193746045603
199143,5578454,-133.33224844736435
199143,5624760,-133.3330777063872
199143,42141,-133.33338866374717
199143,23776,-133.36254095011526
199143,6356269,-133.3988600086204
199143,2467999,-133.43532820518172
199143,5625984,-133.43688331436547
199143,4799658,-133.43760896302217
199143,894078,-133.44020020721814
199143,524462,-133.4411329181689
199143,4695270,-133.44134017742434
199143,4439656,-133.4497204961124
199143,4439652,-133.45106804784552
199143,691343,-133.45345180719735
199143,2377542,-133.45386632570825
199143,5299330,-133.45386632570825
199143,7382663,-133.45656034706448
835929,3740332,-51.190205546219275
835929,555654,-51.20724512234597
835929,4664070,-51.25035537726701
835929,3205505,-51.30604597089575
835929,7210707,-51.32175115015741
835929,4216180,-51.38973941457834
835929,7936139,-51.495143113163365
835929,7441665,-51.505150266089665
835929,82561,-51.53600829023787
835929,7465438,-51.60184211461316
835929,7062132,-51.7870636175989
835929,6581769,-51.861776137681055
835929,3179087,-51.90177401935194
835929,8793581,-52.10986082379542
835929,8135403,-52.111242886359825
835929,1157288,-52.16115244600741
835929,8604605,-52.22859406850065
835929,5131821,-52.31564863252035
835929,555650,-52.31737580791492
835929,1957173,-52.34534050351236
835929,6479288,-52.34680895767259
835929,3205501,-52.4112179266719
835929,1685223,-52.411477027591765
835929,7294736,-52.51580105900044
835929,3559694,-52.51636251463955
835929,8794035,-52.517182990258156
835929,6196266,-52.529130514466544
835929,6295788,-52.54461976380132
835929,1685229,-52.55483695872634
835929,82554,-52.59358266788492
835929,5176796,-52.59483485381948
835929,5928667,-52.60397846566433
835929,8360488,-52.63444784645126
835929,7829364,-52.634836486083195
835929,3205504,-52.73728805423295
835929,7936145,-52.75210132885044
835929,1234128,-52.7680224227489
835929,3814561,-52.76918824096427
835929,1859024,-52.81685577021848
835929,4569665,-52.881696564014725
835929,4706162,-52.920747844400424
835929,2676907,-52.921698061657494
835929,4351314,-52.9216980616575
835929,7465430,-52.92212991890304
835929,4072117,-52.9222594688035
835929,5551319,-52.94913469569212
835929,4216184,-52.959999796786356
835929,6013738,-52.96025888651782
835929,3314665,-52.980972219688056
835929,2676901,-52.99749290188217
835929,306434,-52.9984431601825
835929,4569663,-52.99917732701243
835929,2851057,-53.00788880710453
835929,4216186,-53.00896855747044
835929,6479285,-53.039221965061365
835929,2835129,-53.03926515470276
835929,1296966,-53.039956138232526
835929,6969750,-53.03999932153269
835929,1157287,-53.040172051003815
835929,6111278,-53.040906084692956
835929,6111277,-53.041035608864334
835929,4150177,-53.04142416124787
835929,2676908,-53.05544538756731
835929,4569672,-53.10436510723184
835929,4572254,-53.104408291650905
835929,1859028,-53.10475375357682
835929,6710624,-53.1050991916356
835929,6423025,-53.1050991916356
835929,5152835,-53.105142369714954
835929,4947007,-53.10600585300869
835929,7476918,-53.132967811606036
835929,4216188,-53.17271016767141
835929,8604603,-53.1729261140131
835929,4907590,-53.1730124899384
835929,5240836,-53.173098864371575
835929,7942198,-53.17361707963866
835929,3908322,-53.17417841890838
835929,2649802,-53.1743511260058
835929,7293680,-53.20791154040676
835929,555649,-53.2096392529326
835929,1685225,-53.21024381130344
835929,6239219,-53.210286991247216
835929,4216181,-53.21071877017668
835929,1157290,-53.22067965067364
835929,4711715,-53.22115479829372
835929,8566563,-53.22171627818254
835929,1157291,-53.22184584151094
835929,8794030,-53.22193221519806
835929,6013740,-53.22240724380809
835929,7465434,-53.2224504259894
835929,2649809,-53.22257997029572
835929,8791255,-53.22327081658352
835929,4907588,-53.26002386692804
835929,4792256,-53.267359044826705
835929,1486827,-53.28685939946421
835929,751376,-53.28755028154902
835929,5967112,-53.30745073970087
835929,1869965,-53.32586737418312
835929,5324455,-53.32595377100372
835929,1494199,-53.32604016633146
1063750,7778351,-73.45203295546489
1063750,5859941,-75.55181427381495
1063750,4844353,-75.83405607242486
1063750,2029310,-76.3774051304251
1063750,1599444,-76.51193745525703
1063750,3644392,-76.53234140028741
1063750,4801761,-76.54597234821057
1063750,5881435,-76.56772469362201
1063750,8123887,-76.59472770296291
1063750,2639359,-76.6498222963639
1063750,5524717,-76.65848277938156
1063750,2516,-76.67805360228988
1063750,8048329,-76.7112782486443
1063750,5177240,-76.71260815071918
1063750,7711363,-76.71339388319967
1063750,4713633,-76.72777557416983
1063750,5967597,-76.76790747160018
1063750,4792733,-76.78268893600409
1063750,2250780,-76.78739285688945
1063750,3045442,-76.78763470530234
1063750,932461,-76.83755044460098
1063750,8555068,-76.83779225959526
1063750,7353952,-76.83875943604608
1063750,943682,-76.85697821068698
1063750,3762285,-76.90065327418964
1063750,1859135,-76.93538902652423
1063750,1599437,-76.93581214612473
1063750,4788299,-76.93581214612473
1063750,5746663,-76.96259267692521
1063750,6073708,-76.96283449609632
1063750,6098651,-76.96283449609632
1063750,7167862,-76.96368079741517
1063750,6332703,-76.96404346666088
1063750,2382947,-76.96537309316071
1063750,2639357,-76.97385468673582
1063750,2222362,-76.97409644744454
1063750,8293919,-76.99454192317205
1063750,7107016,-77.01253140776375
1063750,7769866,-77.02107043252742
1063750,6223622,-77.02185635501556
1063750,5177242,-77.02191680693686
1063750,4736009,-77.0234883736746
1063750,1337,-77.03092050261418
1063750,5571145,-77.03255277497789
1063750,8586249,-77.03321766572475
1063750,6332694,-77.03351986791535
1063750,2382945,-77.03472854622862
1063750,8335637,-77.0517211722099
1063750,1225551,-77.10520985716089
1063750,5177241,-77.10629805283101
1063750,3722271,-77.10660029938654
1063750,981291,-77.10678164105583
1063750,1745512,-77.10690253289218
1063750,8628769,-77.10738607936034
1063750,8628768,-77.10762784006906
1063750,6673287,-77.11946334089853
1063750,7494554,-77.1382488523736
1063750,6093904,-77.14163402847736
1063750,7614194,-77.18482933193958
1063750,7345696,-77.18597804741053
1063750,2997653,-77.18670345480515
1063750,8323686,-77.18676390202825
1063750,2503895,-77.18688479490852
1063750,4895432,-77.18893965449348
1063750,3476856,-77.19045019592055
1063750,731131,-77.22258750239901
1063750,566349,-77.2251260117865
1063750,2877339,-77.23241011824453
1063750,3565021,-77.23567495907795
1063750,2503892,-77.23585629448371
1063750,4968670,-77.2360980677177
1063750,8575435,-77.2366420269642
1063750,4405879,-77.23670246427129
1063750,1461517,-77.25911869275308
1063750,1449750,-77.26063008215762
1063750,7107015,-77.26087187418196
1063750,2531811,-77.2725662353684
1063750,5685152,-77.272808060805
1063750,1887852,-77.27304987788769
1063750,262929,-77.27341258784934
1063750,6057654,-77.27389617189816
1063750,3497873,-77.27425883801227
1063750,6436598,-77.30166403194842
1063750,2868845,-77.3372868242467
1063750,7412324,-77.33783110775823
1063750,7571426,-77.34024963369075
1063750,2992036,-77.3421234167144
1063750,3629800,-77.36678809731264
1063750,6223620,-77.3686623172985
1063750,5312579,-77.36884366679786
1063750,4947787,-77.36896456385404
1063750,6684165,-77.36975034382782
1063750,5744403,-77.36987122522589
1063750,7788057,-77.42714010422742
1063750,8512180,-77.42780506387697
1063750,1958010,-77.42828863122253
1063750,3004829,-77.44180301276637
1063750,1892857,-77.44180301276637
1063750,1468798,-77.44228666781687
1063750,1115703,-77.4428911896405
1104031,5914995,-84.61771330315733
1104031,6243964,-85.32681610620551
1104031,4137852,-85.33116744214699
1104031,4137851,-85.33137458959715
1104031,8117753,-85.66870986127455
1104031,6243959,-85.93905459598913
1104031,4793445,-85.96277112260645
1104031,7675713,-86.09550859238641
1104031,2072997,-86.10805537359262
1104031,6317703,-86.17549559951357
1104031,6549925,-86.18777996695715
1104031,4542010,-86.28920213154717
1104031,2073003,-86.39546103830841
1104031,6243957,-86.41195960428522
1104031,1665280,-86.47463307397433
1104031,1031803,-86.76563049290135
1104031,2722170,-86.80424240910517
1104031,4997514,-86.88002909775211
1104031,1850513,-86.91843276478652
1104031,630823,-86.9193310860496
1104031,3669990,-86.92057474898489
1104031,4083084,-86.92085109227236
1104031,4711154,-86.99229509506442
1104031,6281227,-87.1017217403012
1104031,4473010,-87.1709219005803
1104031,6686825,-87.20798046860315
1104031,6861530,-87.2733480196038
1104031,3689289,-87.29582087545589
1104031,6441091,-87.38795264079806
1104031,2759527,-87.39168369411094
1104031,5662894,-87.5063576395257
1104031,1142729,-87.5077396065865
1104031,3689297,-87.52300430223832
1104031,5305439,-87.57345261205414
1104031,5067618,-87.61109619211227
1104031,8131896,-87.61365284223142
1104031,5067620,-87.61427460657441
1104031,8300096,-87.61434368851855
1104031,5337510,-87.61468908929142
1104031,2824436,-87.61482724542515
1104031,3767202,-87.61482724542515
1104031,1551854,-87.67936576656271
1104031,1809423,-87.74835863804968
1104031,1526242,-87.7491184541402
1104031,1303304,-87.79597439902538
1104031,6149763,-87.79680340741119
1104031,4239113,-87.8614800882614
1104031,6149757,-87.86182547710453
1104031,4397218,-87.86182547710453
1104031,66965,-87.89919291198427
1104031,3992958,-87.97719047765509
1104031,298431,-88.01593928879066
1104031,618181,-88.01614663130755
1104031,8631011,-88.01635396845072
1104031,4418249,-88.01649219022755
1104031,2304492,-88.01676862661698
1104031,3089563,-88.01725236731484
1104031,4137848,-88.01842704438872
1104031,3501058,-88.0185652303525
1104031,1809425,-88.01932521048997
1104031,3689288,-88.03445177089752
1104031,8270131,-88.08068515244513
1104031,7971759,-88.08282737717558
1104031,1809429,-88.08448547986296
1104031,2361553,-88.08448547986296
1104031,1809430,-88.15244207744402
1104031,2385746,-88.15251116654736
1104031,6531310,-88.18611478108109
1104031,4083091,-88.18880972161489
1104031,3856590,-88.18887881071824
1104031,2188626,-88.18936241773588
1104031,3654678,-88.19860641346068
1104031,7986564,-88.1991592910158
1104031,8457876,-88.20143950713354
1104031,8442529,-88.30369047601185
1104031,4299357,-88.30375959018411
1104031,361219,-88.30396692911852
1104031,7671495,-88.3040360409025
1104031,8479329,-88.3042433726722
1104031,702118,-88.30445069906877
1104031,8147023,-88.30458891368153
1104031,1893871,-88.30507264602221
1104031,4606422,-88.30548725046374
1104031,4606417,-88.30555634911502
1104031,6532890,-88.30562544716948
1104031,818611,-88.30597092848978
1104031,2380846,-88.30680002279136
1104031,1809431,-88.30721453772264
1104031,5110884,-88.30755995042611
1104031,2652885,-88.30942492135912
1104031,1928060,-88.31025365779578
1104031,3689290,-88.37272017684978
1104031,81487,-88.37272017684978
1104031,3747645,-88.42098969574278
1104031,5704149,-88.42154262584052
1104031,4718120,-88.42161173941572
1104031,3624385,-88.42216462652331
1104031,4655570,-88.42223373472514
1104031,1809427,-88.42409943054744
1104031,5092517,-88.48898340316859
398483,487271,-42.542510995934634
398483,440729,-42.64814795275811
398483,6156344,-42.76827996728074
398483,8151255,-42.76859075820062
398483,6563406,-42.90112062694954
398483,8747940,-43.05596203973252
398483,6254329,-43.14383666521589
398483,2834690,-43.14400929256096
398483,8416582,-43.17153430994147
398483,256645,-43.17364147304921
398483,1126181,-43.23541627480162
398483,7751968,-43.236971101911465
398483,8314661,-43.237040191313156
398483,1075462,-43.237316536987166
398483,6482430,-43.23811092446953
398483,7771241,-43.30572215109456
398483,42181,-43.30579124467317
398483,1509223,-43.305860337058334
398483,7151973,-43.34088046440489
398483,7151978,-43.34122602481771
398483,7432724,-43.34233161756929
398483,7705909,-43.3423316175693
398483,8261719,-43.342469795179355
398483,4061845,-43.460011016885595
398483,6523080,-43.460183742627365
398483,1649488,-43.46021828688071
398483,1133483,-43.46080549354829
398483,4854066,-43.46104725947578
398483,4516531,-43.46153074749708
398483,257012,-43.59236767662384
398483,6264970,-43.59316238662208
398483,7041750,-43.593300580940586
398483,6494730,-43.59340422354634
398483,7933164,-43.59385331047536
398483,3385783,-43.59392239629722
398483,3829032,-43.593991480925894
398483,2619668,-43.59406056436141
398483,5577030,-43.59426780750949
398483,5071181,-43.5944059636432
398483,1708541,-43.64115784079327
398483,2454539,-43.641399725768395
398483,6817509,-43.64240166487129
398483,4516533,-43.6430925111597
398483,7673789,-43.74648380026056
398483,3829029,-43.74758945031209
398483,8261722,-43.74793490328752
398483,257009,-43.74800399030262
398483,42182,-43.748660257439354
398483,5747185,-43.86381757827154
398483,7751969,-43.8638866981167
398483,1999513,-43.86409405048619
398483,6993450,-43.864163165554146
398483,257010,-43.86426683591695
398483,8416583,-43.86433594799947
398483,1929762,-43.864819699144654
398483,1450997,-43.86537248596847
398483,15854,-43.865787025959
398483,3829028,-43.865890654244346
398483,1354596,-43.8660288211154
398483,4530283,-43.86620152299313
398483,3145412,-43.928632571623766
398483,1259721,-43.92870168669171
398483,2102533,-43.92877080056546
398483,1472132,-43.929047244119246
398483,3578937,-43.92970372099935
398483,5967539,-43.9297728175618
398483,2015965,-43.9297728175618
398483,3385784,-43.92980736539543
398483,2991446,-43.92980736539543
398483,316938,-43.930014646131326
398483,6558447,-43.93004919187637
398483,6291414,-43.93004919187637
398483,6798985,-43.93004919187637
398483,621816,-43.9301873718731
398483,7774125,-43.9301873718731
398483,8290777,-43.93025646008147
398483,8829482,-43.93025646008148
398483,6772183,-43.93032554709657
398483,6772185,-43.930394632918436
398483,5648962,-43.930532800982625
398483,6060379,-43.93063642389884
398483,6442431,-43.930809122794024
398483,813705,-43.93087820026441
398483,6254328,-43.93087820026442
398483,8568090,-43.93091273855226
398483,6254330,-43.931050888721515
398483,6999473,-43.931119962016915
398483,4802214,-43.93143077708642
398483,764366,-43.997832784732005
398483,5778938,-43.9980401156062
398483,8620840,-43.99824743573445
398483,1338674,-43.99880023688239
398483,6798987,-43.99994014802884
398483,674267,-44.001804756753764
398483,487269,-44.15122315939812
398483,144324,-44.15129228402118
398483,7771244,-44.151430529683736
398483,1306065,-44.151499650723316
398483,5832644,-44.151499650723316
398483,2172138,-44.151499650723316
432930,2949422,-92.80629295392015
432930,8410598,-94.66479433972862
432930,665366,-95.0290080465594
432930,1669008,-95.13837383966816
432930,3308877,-95.13915101489576
432930,7142943,-95.41886491769833
432930,7546502,-95.56272030316707
432930,6474941,-95.56381181665004
432930,2680926,-95.7384644637178
432930,7646202,-95.75471541950648
432930,5116899,-95.76721565870557
432930,7639926,-95.7876515195979
432930,6868622,-95.81106817867504
432930,166322,-95.84082187211868
432930,8410596,-95.86876714405454
432930,2662960,-95.8977155050833
432930,2155962,-95.89841518331802
432930,5623360,-96.01536613717502
432930,665360,-96.04636576872761
432930,904490,-96.05779756996493
432930,2694991,-96.07735400339318
432930,563691,-96.13306625683407
432930,1669003,-96.1395612404119
432930,838840,-96.18485334574402
432930,6286117,-96.19886804557122
432930,563689,-96.24703646418976
432930,8410594,-96.26103218093169
432930,4606963,-96.30621215943825
432930,565816,-96.33931501919592
432930,6579648,-96.3593622310444
432930,1361325,-96.36192756280582
432930,2484306,-96.38068122670228
432930,5172306,-96.39231322936972
432930,5063425,-96.40815239521382
432930,6512240,-96.40823014328417
432930,8373891,-96.40823014328417
432930,1560995,-96.43091230433343
432930,7858685,-96.4439757840856
432930,8410597,-96.56323600755981
432930,1304488,-96.56432430661881
432930,3874336,-96.58827392930476
432930,5680750,-96.58874022638796
432930,6641740,-96.66851878253463
432930,2610427,-96.73220507397812
432930,1497967,-96.7458685203708
432930,6813722,-96.74726768950899
432930,3791963,-96.74742313932029
432930,5212365,-96.74788947264511
432930,8156292,-96.74928832765917
432930,1117074,-96.75203293679606
432930,3994940,-96.78459135325039
432930,3430235,-96.78840058096694
432930,6967754,-96.80469298173507
432930,294516,-96.81437078925703
432930,3474538,-96.8174263691401
432930,6872097,-96.9251180481478
432930,6880255,-96.92566189939168
432930,2577762,-96.92566189939168
432930,2577761,-96.92581727942536
432930,3889512,-96.92741266697675
432930,7427095,-96.96691291004439
432930,4831142,-96.96714617440634
432930,513224,-96.9678459312196
432930,6057528,-96.9705666906345
432930,5381126,-96.99961448882914
432930,7427093,-97.03152918664102
432930,4738344,-97.05617892265434
432930,5584201,-97.07227342570218
432930,8615689,-97.07429484934579
432930,6931448,-97.075771756481
432930,1361326,-97.0763158190743
432930,4884318,-97.07818092688592
432930,4397480,-97.09951118475823
432930,4397479,-97.10098857677588
432930,2484305,-97.10880124289596
432930,2484309,-97.10895674642504
432930,4781313,-97.15288824742845
432930,563686,-97.15490885068199
432930,6324322,-97.19067848622252
432930,6931447,-97.19332161238603
432930,3743319,-97.1935547921374
432930,563695,-97.21719359284218
432930,3889515,-97.21908261143014
432930,7878258,-97.24543761352504
432930,5632599,-97.25599447798949
432930,8410602,-97.25614996405619
432930,2680927,-97.28017753285167
432930,114207,-97.28665280973574
432930,118914,-97.32224319813716
432930,1761060,-97.3237976425567
432930,4003916,-97.32498734947643
432930,6400008,-97.32498734947643
432930,5680757,-97.3266198192176
432930,2225510,-97.37649813206747
432930,8240038,-97.38882615006992
432930,8240036,-97.38944812657331
432930,8314935,-97.43769406365301
432930,2745677,-97.43823829074275
432930,3888377,-97.47812730438825
432930,1560998,-97.48154776152688
478605,8755204,-42.206660725072005
478605,3736270,-42.24240640348429
478605,1109280,-42.36184779963327
478605,5527592,-42.47755777722354
478605,8700958,-42.4777996893663
478605,8404575,-42.47959629312446
478605,5378650,-42.49444644908179
478605,6010351,-42.54468745311341
478605,6437185,-42.64890806746862
478605,8404583,-42.72476343945192
478605,3736269,-42.724832552728586
478605,8557801,-42.74479335835316
478605,5684693,-42.744862474615346
478605,8557806,-42.74520803801349
478605,5023011,-42.747108103256
478605,8755202,-42.76603464892632
478605,6813840,-42.80831782934363
478605,293324,-42.830365846353786
478605,1088842,-42.831298718437935
478605,1881301,-42.854255200102386
478605,1575330,-42.89935871784074
478605,7685356,-42.900153400380646
478605,908951,-42.94825254520845
478605,4313807,-42.97612652868863
478605,3617173,-43.05295648190038
478605,1258970,-43.05299104137507
478605,8700959,-43.05337117589115
478605,8700952,-43.053405731783144
478605,7117751,-43.053405731783144
478605,8700954,-43.05344028737662
478605,6157915,-43.053751274285084
478605,2146424,-43.05420043491662
478605,2349342,-43.05464954511751
478605,5023005,-43.054718634519205
478605,6413614,-43.081991256170326
478605,204250,-43.17067039771159
478605,8404578,-43.17094686992624
478605,8404582,-43.1710159849942
478605,1616075,-43.17105054208034
478605,5909751,-43.171119655357
478605,1358470,-43.171223323033004
478605,8173587,-43.17125787832794
478605,8623486,-43.17125787832795
478605,8755198,-43.171326988022315
478605,5378651,-43.23524347892105
478605,6900783,-43.23583095446195
478605,5046904,-43.23655654043941
478605,1262471,-43.23659108886983
478605,4423500,-43.2393539969403
478605,5378652,-43.30444370456895
478605,705721,-43.30444370456895
478605,4886229,-43.30458193470487
478605,6935974,-43.30472016006405
478605,284421,-43.304858380646834
478605,800945,-43.30686204255352
478605,936023,-43.34012012639781
478605,8700950,-43.3410186921524
478605,799698,-43.3410186921524
478605,8623491,-43.34115691512335
478605,4352333,-43.34184795834118
478605,1904735,-43.3423316175693
478605,2542279,-43.34284975899672
478605,1101729,-43.37848255986335
478605,218541,-43.417323108940984
478605,7959719,-43.417565035715
478605,478492,-43.4176687141391
478605,5453133,-43.417772389875964
478605,1150981,-43.41791062001187
478605,2724019,-43.41801428947906
478605,1567620,-43.41801428947906
478605,7871705,-43.418117956259465
478605,6346160,-43.418117956259465
478605,546081,-43.41818706595384
478605,4743941,-43.41818706595384
478605,3736272,-43.418290728256615
478605,1343774,-43.41832528176056
478605,5146446,-43.41887809723336
478605,3511556,-43.41891264566378
478605,8404581,-43.41911992998018
478605,5828549,-43.41977625945904
478605,1753322,-43.419914420364705
478605,6934178,-43.45821422688976
478605,1918756,-43.45845614948324
478605,1258973,-43.45845614948325
478605,7755679,-43.45849070865935
478605,718326,-43.45859438439621
478605,227203,-43.45876717131972
478605,2102279,-43.45893995077973
478605,4932295,-43.459423693567366
478605,6362321,-43.459976470842186
478605,2115792,-43.46056371300724
478605,3479596,-43.460598253979306
478605,6705228,-43.54532928678252
478605,8116353,-43.54557120310546
478605,3794834,-43.592436788109296
478605,7938398,-43.59281687993632
478605,6134715,-43.59319693564932
478605,1504010,-43.593369676309464
478605,1258974,-43.59343877048483
478605,4886230,-43.64060490591775
1044797,798246,-31.682556308868904
1044797,701563,-31.75871400879185
1044797,3385499,-31.80015796369891
1044797,8748727,-31.800598440969782
1044797,4737599,-31.80101294874246
1044797,1970180,-31.93423346590687
1044797,1795106,-32.087062565517456
1044797,5148739,-32.08732174478328
1044797,410048,-32.08737357794959
1044797,8145811,-32.087788211043154
1044797,1795108,-32.20497519360566
1044797,8679694,-32.269332283771185
1044797,6778259,-32.26948779670471
1044797,1795101,-32.26948779670471
1044797,5658896,-32.27052434363172
1044797,4977786,-32.27153463217795
1044797,4886156,-32.27161233259106
1044797,6012314,-32.33982810937173
1044797,4111252,-32.49257951127012
1044797,2118256,-32.49260542975648
1044797,1669805,-32.49263134801892
1044797,1784714,-32.49270910146275
1044797,2488910,-32.49283868605775
1044797,6340625,-32.493149666250325
1044797,7442782,-32.49382334609977
1044797,6059459,-32.49571402356875
1044797,5179321,-32.58031652124849
1044797,8722482,-32.580731089881844
1044797,5761888,-32.58192265568403
1044797,878365,-32.582000350060255
1044797,530913,-32.582000350060255
1044797,1669810,-32.674693712111576
1044797,481283,-32.67477147227332
1044797,8243231,-32.67487514935379
1044797,7984682,-32.67492698655043
1044797,380427,-32.67497882285139
1044797,380430,-32.67497882285139
1044797,4666654,-32.676041269686166
1044797,125058,-32.67609308673744
1044797,888297,-32.67609308673744
1044797,1893696,-32.67630034599294
1044797,748542,-32.676403970251386
1044797,6271507,-32.6769738397012
1044797,6691878,-32.67749180891784
1044797,598855,-32.78052075850954
1044797,2368180,-32.78062442215557
1044797,3440306,-32.780728082219674
1044797,5859727,-32.780728082219674
1044797,2004858,-32.780779910908585
1044797,5201524,-32.78088356560026
1044797,3440305,-32.781246328819975
1044797,125060,-32.781324058088934
1044797,624921,-32.78155723381287
1044797,6171027,-32.78166086165077
1044797,5667543,-32.78186810658846
1044797,3164187,-32.78189401119905
1044797,5786588,-32.78189401119905
1044797,1873386,-32.78207533721032
1044797,2296114,-32.78210124003157
1044797,3212970,-32.78241205644296
1044797,1382510,-32.782515654757766
1044797,5527549,-32.782515654757766
1044797,246622,-32.78316306318436
1044797,8679690,-32.897629893140135
1044797,4727401,-32.89768173705539
1044797,7984684,-32.89773358007473
1044797,8253958,-32.89773358007473
1044797,8679692,-32.897837263425785
1044797,2488906,-32.897863183703656
1044797,7493441,-32.897863183703656
1044797,6479724,-32.89791502358753
1044797,3895621,-32.897940943193554
1044797,7035090,-32.897966862575636
1044797,7652338,-32.89807053786464
1044797,847206,-32.89807053786464
1044797,1861102,-32.89822604408061
1044797,1740042,-32.89822604408061
1044797,8457794,-32.89827787769471
1044797,8383986,-32.898407457811956
1044797,1996738,-32.89853703233244
1044797,6627455,-32.898796164585065
1044797,4020753,-32.89892572231817
1044797,171758,-32.8989516331934
1044797,3408873,-32.89900345427248
1044797,3331652,-32.89900345427248
1044797,125065,-32.89900345427249
1044797,6383553,-32.89900345427249
1044797,1565593,-32.89902936447635
1044797,878452,-32.899055274456444
1044797,4330259,-32.89908118421277
1044797,6760610,-32.89908118421277
1044797,1601686,-32.89923663805165
1044797,624915,-32.89934026946925
1044797,3408872,-32.89944389730715
1044797,5848334,-32.89944389730715
1044797,6158978,-32.89944389730715
1044797,1130185,-32.899469803707326
1044797,624920,-32.89952161583655
1044797,301067,-32.89957342707095
1044797,6896375,-32.89959933235261
1124464,3500895,-29.950286316303668
1124464,1949055,-30.278897256546927
1124464,1949052,-30.325080523874924
1124464,7699123,-30.372652897928006
1124464,6967610,-30.38381740142904
1124464,5029637,-30.414822205617575
1124464,2605218,-30.467689128908304
1124464,2605219,-30.468000025846244
1124464,6691829,-30.46825908201842
1124464,1375120,-30.46828498640533
1124464,2605217,-30.54801682667217
1124464,6691827,-30.549001129639088
1124464,8024103,-30.584125390061498
1124464,5474738,-30.598464578230853
1124464,7496226,-30.623782386215147
1124464,7728688,-30.635520395514106
1124464,1949058,-30.702374755016386
1124464,6967614,-30.702530182008907
1124464,678989,-30.70260789248558
1124464,8445442,-30.75935182718699
1124464,5029634,-30.789282509537202
1124464,4343041,-30.835025242547786
1124464,263276,-30.83554345333995
1124464,4343039,-30.835647084757554
1124464,7479823,-30.835672992052615
1124464,3983551,-30.835854336853906
1124464,6967615,-30.83634650320724
1124464,6691832,-30.885058962267554
1124464,1949051,-30.885058962267554
1124464,4629616,-30.953456027708995
1124464,561513,-30.953456027709002
1124464,3983548,-30.953896417497926
1124464,6279873,-30.954310842958122
1124464,1009522,-30.95433674264862
1124464,2638601,-30.972018534732918
1124464,5868379,-30.97251064159891
1124464,5564288,-30.989927298822888
1124464,5029633,-31.06657744839081
1124464,4607921,-31.087272385814053
1124464,3954503,-31.08729829042464
1124464,1011316,-31.087479616435914
1124464,5397650,-31.106285150150228
1124464,2637864,-31.107192163965344
1124464,5093159,-31.107321714984714
1124464,5384868,-31.107580800241198
1124464,4629619,-31.107891673016795
1124464,7125034,-31.17116059414578
1124464,4300858,-31.17123834020125
1124464,6349432,-31.171264255105342
1124464,6349434,-31.171264255105342
1124464,3245331,-31.171445653166167
1124464,4187827,-31.172067506117443
1124464,5568448,-31.172067506117443
1124464,1794425,-31.172533811254645
1124464,1949053,-31.172870542116385
1124464,3343841,-31.17333672246005
1124464,6316976,-31.193503868761177
1124464,3166715,-31.193788940094016
1124464,2854957,-31.194125807657905
1124464,4096734,-31.23997205033418
1124464,2503306,-31.24002388439607
1124464,1017070,-31.240257126592297
1124464,4907721,-31.24059399997576
1124464,7833906,-31.2407494672413
1124464,6694104,-31.240853107609233
1124464,2823553,-31.24090492645057
1124464,4907725,-31.240930835535586
1124464,7660123,-31.24147487463881
1124464,7635214,-31.241630296263175
1124464,4751320,-31.288503030759454
1124464,4331463,-31.288658543692982
1124464,5130434,-31.288814048565506
1124464,571812,-31.288917714002594
1124464,6694108,-31.28907320544196
1124464,2823548,-31.28925460193588
1124464,7152318,-31.290731279527535
1124464,5093164,-31.39404497738933
1124464,3766016,-31.394122730161442
1124464,5178268,-31.3943559763875
1124464,1922747,-31.3943559763875
1124464,1677192,-31.39440780641955
1124464,5292066,-31.395340593906987
1124464,3205533,-31.395366500530876
1124464,288698,-31.395392406931055
1124464,3500901,-31.395806878911678
1124464,727515,-31.42206034276606
1124464,2804966,-31.422319524271032
1124464,1553683,-31.42247502242668
1124464,727510,-31.422475022426685
1124464,4907723,-31.4225268533542
1124464,727512,-31.422552768482156
1124464,1148913,-31.422760081447073
1124464,7121347,-31.422785994560407
1124464,4067486,-31.422785994560407
1124464,194563,-31.422837820115582
1124464,1502536,-31.42304511338382
1124464,1466137,-31.42317466440319
1124464,3463242,-31.423226483244523
1124464,3343846,-31.423252392329545
1124464,5029638,-31.423589190074217
1107988,6493919,-62.2729037602805
1107988,5990645,-62.34527484955244
1107988,3835024,-62.46352411988916
1107988,2986298,-62.6875482378755
1107988,6195394,-62.72297190971803
1107988,1861630,-62.90856784951849
1107988,797601,-62.93212893639245
1107988,5282478,-62.933475947070576
1107988,4648918,-62.974505147164685
1107988,6297284,-63.0427209608504
1107988,20999,-63.091821960216805
1107988,7483091,-63.105445955658595
1107988,6955095,-63.107155866677076
1107988,3525805,-63.10741490159934
1107988,1809915,-63.15599783872562
1107988,8770363,-63.28507446515039
1107988,1349503,-63.35790037876114
1107988,524591,-63.358159438288745
1107988,997814,-63.35821124885206
1107988,6058703,-63.40746768795987
1107988,6727974,-63.442540034487905
1107988,3941830,-63.44326543561834
1107988,6082522,-63.60218132514846
1107988,6888290,-63.61658250858463
1107988,689436,-63.627709384103
1107988,1754604,-63.66568358580212
1107988,4237779,-63.666253551216016
1107988,6618983,-63.694009913251364
1107988,511142,-63.77156225407349
1107988,1069963,-63.78160090145694
1107988,5546363,-63.785435363381005
1107988,6255677,-63.82148056070346
1107988,3875608,-63.84624308892714
1107988,6586980,-63.8504400708984
1107988,2290470,-63.95196642264479
1107988,5216494,-63.9527438160458
1107988,5443790,-63.95383199761966
1107988,5443791,-63.95393562366779
1107988,3631450,-63.95403924792623
1107988,685993,-64.00707651213847
1107988,6685606,-64.03037851666504
1107988,1849447,-64.06902380024073
1107988,5831355,-64.07052685170218
1107988,3134915,-64.07161503327603
1107988,3985203,-64.20302169740742
1107988,6572174,-64.2040582443267
1107988,6300870,-64.20447281295958
1107988,7839381,-64.20519823914834
1107988,4143623,-64.20571634701872
1107988,6455176,-64.20659702773469
1107988,6231989,-64.25378114764197
1107988,7659117,-64.29242652522294
1107988,4304834,-64.29268568769625
1107988,3100579,-64.2932039790627
1107988,3580864,-64.29325580573703
1107988,6295388,-64.29372222566204
1107988,6228255,-64.29382586961052
1107988,7887377,-64.29574295979484
1107988,5715298,-64.29626098714701
1107988,5249806,-64.29677896977763
1107988,678973,-64.32033822852163
1107988,3928195,-64.36095490776917
1107988,7552442,-64.42777182012648
1107988,6464986,-64.4641912820199
1107988,5894451,-64.47656198429591
1107988,5161604,-64.53970125773871
1107988,6497418,-64.54167047576955
1107988,7552436,-64.54167047576956
1107988,6474887,-64.54218858363993
1107988,5150076,-64.54270664677489
1107988,1694164,-64.5790199930296
1107988,1128477,-64.58155976336516
1107988,1404271,-64.58306238648666
1107988,8747715,-64.58368405151337
1107988,8747714,-64.58378765608924
1107988,5805290,-64.61030064512552
1107988,2966572,-64.61050790617084
1107988,5345353,-64.61092240678411
1107988,4786997,-64.61185492848006
1107988,6058702,-64.65960894848473
1107988,1648095,-64.69758062358605
1107988,462166,-64.69799529966372
1107988,1590606,-64.69830628791536
1107988,6651489,-64.69877274007185
1107988,2444264,-64.71348448744186
1107988,3776858,-64.7140546448835
1107988,3110407,-64.71612748806761
1107988,6413061,-64.71612748806761
1107988,7001203,-64.71623111143123
1107988,1552436,-64.71695642487114
1107988,5476034,-64.71711183777302
1107988,5898742,-64.76206730819875
1107988,1964655,-64.76227465161129
1107988,8387567,-64.76237832063067
1107988,6414850,-64.76258565329596
1107988,4396892,-64.76434769174524
1107988,3912131,-64.86732414946329
1107988,6978231,-64.86820532471076
1107988,1477351,-64.88016135628706
1107988,1024134,-64.88093881684281
130510,1047769,-31.682711769420827
130510,7708723,-31.887583909321897
130510,4089773,-31.932963723334694
130510,6172269,-31.934777476823122
130510,7125239,-32.087114403161955
130510,5415276,-32.088073238056154
130510,1494936,-32.20497519360566
130510,7501563,-32.205104780439655
130510,7696346,-32.338869415260405
130510,2282531,-32.41282189463155
130510,1494935,-32.49250175446747
130510,996732,-32.49276093597244
130510,2407055,-32.493382880241555
130510,1047766,-32.58075699851936
130510,2191828,-32.58109379044706
130510,1221427,-32.58109379044706
130510,566525,-32.674849230419575
130510,2881563,-32.67492698655043
130510,7298862,-32.6750824927664
130510,815703,-32.67557487594527
130510,1476289,-32.67593763289856
130510,6311867,-32.67598945173989
130510,1848366,-32.67604126968617
130510,1047775,-32.6764557810384
130510,7476127,-32.676688918507594
130510,6172268,-32.67702564064743
130510,440983,-32.780028307267585
130510,996740,-32.78015790753717
130510,4329884,-32.780209746077404
130510,8612906,-32.7802615837219
130510,7001679,-32.7802615837219
130510,799647,-32.7803134204707
130510,7001677,-32.7803134204707
130510,1110766,-32.78049484203832
130510,1494932,-32.780676252635345
130510,2407063,-32.780728082219674
130510,5741269,-32.7812204186161
130510,2407061,-32.781401785344
130510,4956693,-32.78145360239526
130510,8287346,-32.78145360239526
130510,4729943,-32.781505418551546
130510,724961,-32.78155723381287
130510,5508459,-32.78155723381287
130510,6162832,-32.78155723381287
130510,5405506,-32.78160904817927
130510,1047773,-32.781634955026874
130510,7529548,-32.78163495502688
130510,5685711,-32.78166086165077
130510,4022904,-32.78171267422741
130510,1221430,-32.78176448590922
130510,3663457,-32.78184220175419
130510,2191826,-32.78184220175419
130510,3663460,-32.78186810658846
130510,3663459,-32.78194581974919
130510,4022909,-32.78207533721032
130510,8451681,-32.78212714262917
130510,2191822,-32.78233435535902
130510,2236894,-32.78236025594394
130510,2191825,-32.78282642823871
130510,8665472,-32.78316306318436
130510,7777480,-32.89768173705539
130510,7777478,-32.89768173705539
130510,425596,-32.89773358007473
130510,7298861,-32.897889103757564
130510,8612903,-32.897940943193554
130510,1262134,-32.8981223741656
130510,6985844,-32.8981223741656
130510,7717234,-32.8982519609996
130510,1114289,-32.89827787769471
130510,1049781,-32.898381542236265
130510,1063364,-32.898381542236265
130510,5984058,-32.89851111787606
130510,6832807,-32.898614774358485
130510,8287352,-32.89866660125665
130510,6035035,-32.89869251436998
130510,5415278,-32.89889981121915
130510,1316418,-32.8989516331934
130510,2959128,-32.898977543844836
130510,4189500,-32.899133003054104
130510,7717228,-32.89915891213912
130510,5390666,-32.89926254624166
130510,6172271,-32.89926254624166
130510,1832478,-32.89928845420793
130510,7569033,-32.89941799068326
130510,4653478,-32.89944389730715
130510,7356623,-32.899469803707326
130510,4219576,-32.899495709883794
130510,6162830,-32.89952161583655
130510,2191821,-32.89952161583655
130510,4060394,-32.89978066306102
130510,1047767,-32.8998324698218
130510,1047774,-32.90014329160033
130510,6162829,-32.90019509209934
130510,7738711,-32.90133447684528
130510,1114280,-33.03152417435831
130510,2825109,-33.03160193048916
130510,1523994,-33.031627848751604
130510,3589024,-33.03165376679013
130510,8464352,-33.03170560219544
130510,5981953,-33.031731519562236
1127893,8698940,-50.93894518237559
1127893,8039150,-51.93861170697289
1127893,8698945,-52.18638989202462
1127893,76632,-52.18716741638861
1127893,1816373,-52.18716741638861
1127893,6841788,-52.40796894656126
1127893,8518448,-52.473023552212894
1127893,2137517,-52.63102482214788
1127893,5357945,-52.8066997486323
1127893,3003195,-52.8066997486323
1127893,8698946,-52.81538732874259
1127893,8698941,-52.87979626080711
1127893,1783665,-52.880185017950716
1127893,8020360,-52.880185017950716
1127893,8148845,-52.880185017950716
1127893,1487479,-52.88022821132313
1127893,8446815,-52.88022821132313
1127893,8025175,-52.88022821132313
1127893,2152960,-52.88022821132313
1127893,8037444,-52.88022821132313
1127893,8040366,-52.88022821132313
1127893,833602,-52.88027140432241
1127893,363565,-52.88027140432241
1127893,2152966,-52.88027140432241
1127893,5700797,-52.88027140432241
1127893,849179,-52.88031459694856
1127893,7679170,-52.88031459694856
1127893,8067186,-52.88031459694856
1127893,6545202,-52.88031459694856
1127893,1064928,-52.8803577892016
1127893,1064932,-52.8803577892016
1127893,7642723,-52.88040098108153
1127893,809382,-52.88040098108153
1127893,8120218,-52.88040098108153
1127893,8602161,-52.880444172588355
1127893,4191542,-52.88048736372208
1127893,6782245,-52.88083287936111
1127893,8461248,-52.961899476454136
1127893,500938,-53.018213954297025
1127893,7464022,-53.01830033992247
1127893,654623,-53.01847310669598
1127893,2855592,-53.10587634002069
1127893,5727695,-53.16634351148652
1127893,6874422,-53.166386705232064
1127893,3684853,-53.166559476482945
1127893,1180344,-53.16768234411886
1127893,751948,-53.168373214270915
1127893,8698938,-53.325737776153005
1127893,2513154,-53.326515313951546
1127893,2019536,-53.3280700269036
1127893,2561239,-53.32880402889968
1127893,6168936,-53.32889037499209
1127893,6092397,-53.32940842023517
1127893,6707842,-53.33534094538536
1127893,1232072,-53.49980372984888
1127893,1572680,-53.49980372984888
1127893,7171278,-53.49980372984888
1127893,7184814,-53.49980372984888
1127893,3952975,-53.49980372984888
1127893,3355517,-53.49980372984888
1127893,8446820,-53.49980372984888
1127893,6350830,-53.499846929192245
1127893,3215929,-53.499846929192245
1127893,1237792,-53.499846929192245
1127893,5710637,-53.499846929192245
1127893,2152961,-53.499846929192245
1127893,7090495,-53.499846929192245
1127893,7414916,-53.499846929192245
1127893,8719451,-53.499846929192245
1127893,2123092,-53.499846929192245
1127893,7373720,-53.49989012816238
1127893,931823,-53.49989012816238
1127893,7679165,-53.49989012816238
1127893,6763811,-53.49989012816238
1127893,3256098,-53.49989012816238
1127893,6350834,-53.49989012816238
1127893,6704790,-53.49989012816238
1127893,7187154,-53.49989012816238
1127893,5741931,-53.49989012816238
1127893,833605,-53.49989012816238
1127893,8222137,-53.49989012816238
1127893,1781651,-53.49989012816238
1127893,8104039,-53.49989012816238
1127893,7955999,-53.49989012816238
1127893,8147130,-53.49993332675929
1127893,731671,-53.49993332675929
1127893,4128267,-53.49993332675929
1127893,7089515,-53.49993332675929
1127893,8025178,-53.49993332675929
1127893,7770340,-53.50001972283345
1127893,663236,-53.50010611741479
1127893,8000302,-53.50032209733733
1127893,8000309,-53.50036529220233
1127893,4404510,-53.50062445355624
1127893,1180348,-53.5011427359688
1127893,4211113,-53.50187687743485
1127893,4102047,-53.50261091112401
1127893,6788279,-53.50814573200694
1127893,1496708,-53.51047794246644
1127893,6707841,-53.51052112129153
1135377,8053974,-38.72047828617409
1135377,8053973,-41.22040957762677
1135377,6403354,-41.58758696554956
1135377,6177653,-41.676601814113646
1135377,6313945,-41.803717042689016
1135377,3202806,-41.803717042689016
1135377,8388483,-41.803717042689016
1135377,7601002,-41.84085766914741
1135377,8754489,-41.84161787578769
1135377,5493752,-41.8428615387305
1135377,4453033,-41.87644360855742
1135377,8314064,-41.87682354284635
1135377,3468489,-41.9385516495431
1135377,5136004,-42.032065473846124
1135377,8754488,-42.0321000267531
1135377,3883280,-42.032238235396335
1135377,6753650,-42.03244553940772
1135377,7104059,-42.032756475281666
1135377,5499179,-42.04525890261281
1135377,8413363,-42.04532795384882
1135377,5653542,-42.056446917476066
1135377,8786679,-42.0750291843811
1135377,8310513,-42.0750291843811
1135377,1718491,-42.07692813438375
1135377,4728617,-42.13676942755456
1135377,7151790,-42.13732232899212
1135377,1509001,-42.13801334833374
1135377,1474197,-42.1397058413753
1135377,1227972,-42.140085690385604
1135377,3448273,-42.16110801954244
1135377,325503,-42.242406403484296
1135377,1756202,-42.24254462645524
1135377,7087147,-42.242579181451674
1135377,3883279,-42.242821058068756
1135377,8128333,-42.24285561067726
1135377,3379265,-42.24295926671199
1135377,1465743,-42.24302836924287
1135377,7618581,-42.24396113658643
1135377,1492719,-42.244617398056285
1135377,8163500,-42.24510089025193
1135377,6809633,-42.24575696476965
1135377,3448269,-42.25648728397543
1135377,5493157,-42.25728167145781
1135377,6263444,-42.25759247579368
1135377,167947,-42.29381030354213
1135377,8631944,-42.29443215112163
1135377,5578360,-42.294604869405184
1135377,1086904,-42.294984823379224
1135377,3809687,-42.295053902042554
1135377,1109000,-42.295744623070675
1135377,8809502,-42.295744623070675
1135377,3066867,-42.295744623070675
1135377,867614,-42.296331642180064
1135377,2281565,-42.296676907300736
1135377,5714870,-42.36012032586401
1135377,2793800,-42.360154882651614
1135377,5714863,-42.360154882651614
1135377,7861392,-42.36018943914067
1135377,4948586,-42.36036221710806
1135377,4138544,-42.36122599501684
1135377,6177649,-42.36146781940923
1135377,1227973,-42.36153690940758
1135377,1908936,-42.36177871500459
1135377,8631938,-42.36236589631946
1135377,1268972,-42.38832575961831
1135377,2505021,-42.39012230130582
1135377,4277517,-42.39060584777435
1135377,68260,-42.39064038457116
1135377,6384086,-42.39064038457116
1135377,3902145,-42.39091666821096
1135377,3859522,-42.39095120232419
1135377,7544684,-42.391987087105065
1135377,2220607,-42.44809918007513
1135377,5578359,-42.44906642335017
1135377,5272863,-42.449135503206485
1135377,2191378,-42.47776513138449
1135377,1047602,-42.4777996893663
1135377,5606239,-42.4777996893663
1135377,5728207,-42.4777996893663
1135377,8824633,-42.477868804434245
1135377,2772843,-42.477972474797056
1135377,7896851,-42.477972474797056
1135377,7573448,-42.478007030987584
1135377,1817278,-42.47817980746236
1135377,5051695,-42.47831802326908
1135377,590905,-42.47831802326908
1135377,6997256,-42.47835257647454
1135377,7618577,-42.47838712938152
1135377,56799,-42.47842168199003
1135377,1611371,-42.47845623430006
1135377,7224300,-42.478490786311646
1135377,7012899,-42.47866354189275
1135377,8371382,-42.47869809211366
1135377,8784037,-42.47869809211366
1135377,8371383,-42.47890538717231
1135377,3181657,-42.47918176387386
1135377,5462383,-42.47918176387386
1135377,5462378,-42.47931994506396
1135377,5493747,-42.47942357782401
1135377,5493748,-42.47952720789919
1126206,3825039,-100.42734112163578
1126206,2547468,-101.09266382161135
1126206,5948392,-101.09266382161135
1126206,1242148,-101.22149277799213
1126206,4290828,-101.41398815887328
1126206,5537945,-101.54282103071625
1126206,4040780,-101.55969169791804
1126206,7657600,-101.58380462680017
1126206,6188819,-101.66008896213317
1126206,2382884,-101.80975073035978
1126206,4591259,-101.80975073035978
1126206,3825042,-101.81094518182886
1126206,1242141,-101.87758155757052
1126206,5537952,-102.18640098930624
1126206,2457018,-102.19422215411981
1126206,7979003,-102.27618583272542
1126206,2382881,-102.34085094101263
1126206,5441951,-102.41187553289988
1126206,7105401,-102.60534944775168
1126206,3825035,-102.7382360196697
1126206,1242146,-102.75265801558731
1126206,6188821,-102.97762965129348
1126206,4835938,-103.15087746531225
1126206,1242147,-103.20324355897594
1126206,2382878,-103.23374097085502
1126206,1242140,-103.30007086620296
1126206,1242144,-103.30861897491496
1126206,4959177,-103.32155360687472
1126206,52180,-103.49412036791074
1126206,4537898,-103.49677037293975
1126206,467765,-103.50927922673067
1126206,4835940,-103.68978761734299
1126206,2538119,-103.74021827936402
1126206,4040775,-103.83406011456054
1126206,6920864,-103.84566512955953
1126206,6327503,-103.86408948756225
1126206,4934502,-103.9173631490063
1126206,4934504,-103.94605208016159
1126206,2382882,-104.01379104250802
1126206,6283290,-104.03527394723238
1126206,4934505,-104.0835209741921
1126206,1427646,-104.15840600414636
1126206,8180511,-104.22384839749323
1126206,3072274,-104.23749896630784
1126206,4537902,-104.24923070563761
1126206,2100770,-104.27273498730136
1126206,1236794,-104.28610570540951
1126206,8131527,-104.29429212510368
1126206,6188820,-104.35476392093622
1126206,6216845,-104.67208469689477
1126206,438694,-104.6778546245327
1126206,5948394,-104.7260891892931
1126206,2382887,-104.75953821258541
1126206,3825044,-104.7757183354329
1126206,4040783,-104.7757183354329
1126206,2547474,-104.7878817981409
1126206,6657989,-104.8013328706491
1126206,2272981,-104.8502907773245
1126206,467766,-104.85276572750786
1126206,467773,-104.89246510165829
1126206,5948396,-104.91376394951953
1126206,4040782,-104.9184737678615
1126206,1242142,-104.94099618169012
1126206,2547477,-104.9441901880258
1126206,7644241,-104.96007611350542
1126206,4934498,-105.00752084302982
1126206,3635870,-105.02619378174344
1126206,1804350,-105.04084079157012
1126206,4835944,-105.06296864200534
1126206,4040776,-105.07634102233196
1126206,3084653,-105.08139978228127
1126206,4276471,-105.11716301685222
1126206,7657599,-105.13466342790615
1126206,7905970,-105.14105223565436
1126206,4040779,-105.18118344354106
1126206,4934506,-105.20196480931239
1126206,2382883,-105.23031900699206
1126206,6215121,-105.2871484001128
1126206,2457016,-105.29810292879579
1126206,4537896,-105.29810292879579
1126206,3072277,-105.32791448777175
1126206,5018282,-105.46742438980128
1126206,467770,-105.48386126878117
1126206,2263540,-105.51368273071328
1126206,6265029,-105.5137691159656
1126206,3336514,-105.5579595533902
1126206,3084651,-105.5579595533902
1126206,2097154,-105.5584776746825
1126206,3072268,-105.5742096165512
1126206,782930,-105.58089884773126
1126206,5948391,-105.58543956020569
1126206,3436178,-105.5856986421058
1126206,4040784,-105.602655959197
1126206,4488459,-105.6151648278975
1126206,3155181,-105.62111628649188
1126206,2272985,-105.62241171836908
1126206,2100767,-105.63548817926352
1126206,8181459,-105.63578411510024
1126206,530081,-105.64001428838462
1126206,4050791,-105.67271967968927
645693,3112254,-81.44083390642794
645693,3834194,-85.3083037673485
645693,529208,-85.43085407478976
645693,8516616,-87.50829232657361
645693,7842588,-87.53602783560164
645693,4275196,-87.75049975308264
645693,6902944,-87.89857093279433
645693,5072031,-88.02243346856626
645693,8516620,-88.08137625535942
645693,8516621,-88.08137625535942
645693,8516618,-88.18963875147797
645693,5929214,-88.19936661024856
645693,8078496,-88.30223894044741
645693,6330192,-88.30804350315725
645693,6488174,-88.37258202429481
645693,6488178,-88.37334183382495
645693,5954186,-88.4869795768864
645693,4923901,-88.591925445124
645693,1867216,-88.71102145722318
645693,8415482,-88.71413027897569
645693,372026,-88.77666547562035
645693,5692111,-88.77721816696838
645693,7424352,-88.77915228604698
645693,340443,-88.77984292955452
645693,3436117,-88.84289431747015
645693,3681225,-88.84586561083746
645693,8098051,-88.84731630661413
645693,529206,-88.8778104636998
645693,1975736,-88.88402931577107
645693,1975738,-88.88409838697919
645693,6205347,-88.89617554497356
645693,4938577,-88.89652090697774
645693,5957911,-88.92529151523661
645693,2142736,-88.95981605511818
645693,3229821,-88.95995421721686
645693,7149509,-88.99773609424147
645693,4502458,-89.00022354902524
645693,3057121,-89.00084529189171
645693,8523561,-89.00160513422499
645693,401541,-89.00367706475782
645693,6330189,-89.03150265723163
645693,5013667,-89.11752297348761
645693,1741438,-89.11945724287857
645693,1741437,-89.11952631527939
645693,4051199,-89.13389311090711
645693,6629581,-89.13416944226296
645693,2228266,-89.13472207634172
645693,3312207,-89.17922832753803
645693,2134396,-89.17971211002612
645693,2134394,-89.17998854402752
645693,7172725,-89.18061048560854
645693,5370006,-89.1815778541944
645693,3057122,-89.18344316333899
645693,6330193,-89.18427205004127
645693,5521386,-89.25043253733065
645693,8414264,-89.25050163180437
645693,5035328,-89.25119254372217
645693,340449,-89.25209064001804
645693,4052044,-89.28970163571452
645693,2935495,-89.29508726044322
645693,2142732,-89.3650739156043
645693,8138841,-89.40202630201966
645693,8840701,-89.40230276467996
645693,109588,-89.40244099242744
645693,8138846,-89.40251010540558
645693,1665212,-89.40271744075756
645693,8652947,-89.40292477073619
645693,2854209,-89.40320120234963
645693,8547585,-89.4036849346903
645693,5237357,-89.40437593015606
645693,5403450,-89.40561957160985
645693,6664844,-89.4062413198453
645693,1364149,-89.40810627467607
645693,93198,-89.49173278249825
645693,7457395,-89.49180187577849
645693,596563,-89.53638705396484
645693,6725581,-89.53673259497415
645693,6725582,-89.53749273266328
645693,1176372,-89.53763093175635
645693,5567495,-89.5851081081414
645693,2097181,-89.58517721813428
645693,8516615,-89.58586828522868
645693,1366903,-89.58586828522868
645693,2935498,-89.58883919367852
645693,987097,-89.58897734861931
645693,1364148,-89.5895990163296
645693,7458071,-89.61332802191163
645693,975188,-89.61388068462354
645693,3104238,-89.6897774910322
645693,2415409,-89.69019217785737
645693,3482447,-89.69033040202238
645693,5487428,-89.69060684318798
645693,190107,-89.69074506018866
645693,7795535,-89.69095238121233
645693,1649362,-89.69115969686335
645693,6406949,-89.6912288008865
645693,1590701,-89.6912288008865
645693,4663495,-89.69157431204873
645693,4894319,-89.6918507102349
645693,6194411,-89.69281802869114
1133328,2680670,-107.3467824947822
1133328,5213266,-107.70098965744374
1133328,2372179,-107.7552704861394
1133328,7686684,-107.78482294830461
1133328,7686682,-107.78508197428062
1133328,5515093,-107.79970783689242
1133328,2574751,-107.81877269310013
1133328,6455436,-107.8205861724379
1133328,194779,-108.06042786723486
1133328,4223449,-108.2211282141537
1133328,819556,-108.22536047005241
1133328,8825526,-108.62642053907017
1133328,1478998,-108.73255855558149
1133328,194782,-108.73687690431204
1133328,4205030,-108.85042797649017
1133328,6342251,-108.87118540170366
1133328,5654659,-108.98594602398315
1133328,7760360,-108.98724145586036
1133328,7793495,-109.02075892835389
1133328,6197786,-109.06281738130127
1133328,7906344,-109.09702889642602
1133328,6776606,-109.13975122696594
1133328,1925200,-109.16749024109222
1133328,74709,-109.27172782607255
1133328,8445541,-109.27336898992053
1133328,5393194,-109.32172729497962
1133328,7316468,-109.32414546581789
1133328,2372180,-109.32457722051225
1133328,7322652,-109.38782042163918
1133328,3882547,-109.39244749101788
1133328,2680673,-109.42440986779982
1133328,8241735,-109.42449626424721
1133328,2680668,-109.42449626424721
1133328,933779,-109.42475544911085
1133328,5640383,-109.42924691971108
1133328,4028124,-109.42924691971108
1133328,4342528,-109.43045581719807
1133328,4616762,-109.45715872820165
1133328,8236827,-109.45845400347105
1133328,5733143,-109.45862669416476
1133328,2680672,-109.50232122880574
1133328,3464417,-109.54409345289349
1133328,7066225,-109.54461172187521
1133328,2764415,-109.54478447223367
1133328,2276562,-109.57243708917194
1133328,834718,-109.57589164879315
1133328,6647049,-109.58063972051778
1133328,3717260,-109.60975485621168
1133328,2764419,-109.61122305037867
1133328,2276560,-109.68142486110928
1133328,1817976,-109.7265877689992
1133328,5733145,-109.74389082548161
1133328,6647046,-109.74561798594773
1133328,2313254,-109.74734484815707
1133328,6647044,-109.79250825719632
1133328,8405722,-109.79302644560974
1133328,2744427,-109.83212104098423
1133328,5515094,-109.8341075242676
1133328,7732994,-109.91055039041589
1133328,3882548,-109.91115492529127
1133328,6317851,-109.91245023411629
1133328,5640377,-109.91417705159598
1133328,3088000,-109.94878110716259
1133328,4342531,-109.94886749390741
1133328,5654661,-109.9537039609626
1133328,3717259,-109.99719146257138
1133328,600494,-110.00581996210161
1133328,6395115,-110.01262850747472
1133328,4366726,-110.01306046358802
1133328,7387470,-110.01470172667322
1133328,1817968,-110.0165154409491
1133328,2372177,-110.01677451613708
1133328,2372178,-110.07949936999124
1133328,3717263,-110.08157210575077
1133328,2313253,-110.08576738762402
1133328,7316466,-110.08645822197948
1133328,3395239,-110.11833458951585
1133328,194776,-110.12049410890164
1133328,7686687,-110.12351665278389
1133328,4342532,-110.13317573989038
1133328,7773044,-110.13326210872853
1133328,7686685,-110.13542108728097
1133328,3835263,-110.19805973190478
1133328,2318026,-110.23577205878892
1133328,2744428,-110.2363767921233
1133328,7793497,-110.23646317961438
1133328,5607245,-110.23672233761008
1133328,8405723,-110.23836351563406
1133328,5213270,-110.23836351563406
1133328,6377336,-110.23888172642503
1133328,1129767,-110.2561845546602
1133328,5640375,-110.26921152601139
1133328,1700135,-110.3028156656956
1133328,2699042,-110.30359297852551
1133328,4741219,-110.30411115351333
1133328,2313246,-110.3064426087405
1133328,430525,-110.40973074659645
1133328,2680674,-110.41869834891725
1133328,8267721,-110.42008045922913
1133328,7906348,-110.42051232952993
646207,1787422,-54.01897135577293
646207,288236,-54.49147990854132
646207,2302746,-54.71419166601092
646207,1787420,-54.829901571989254
646207,1254905,-54.89521761749083
646207,394743,-54.96472877139033
646207,4231941,-55.00027577692974
646207,3418496,-55.001873738462706
646207,6820087,-55.003212178022885
646207,1471831,-55.0770640348742
646207,112667,-55.119484046139725
646207,1548736,-55.25327452849572
646207,3860622,-55.40479050358648
646207,1981883,-55.405352114459866
646207,7200032,-55.40543851053403
646207,1716244,-55.40548170801131
646207,4509520,-55.40548170801131
646207,7191065,-55.40595685563139
646207,886145,-55.407252483327056
646207,322980,-55.407338846570866
646207,1331360,-55.407554748154325
646207,5036214,-55.409929050477835
646207,7636630,-55.52287595293626
646207,2749862,-55.5230487525492
646207,7636635,-55.523307940771744
646207,7041130,-55.5233943338603
646207,463252,-55.523739891287775
646207,7200030,-55.5875008746268
646207,3679034,-55.588710325628334
646207,7542326,-55.58883989231415
646207,6271327,-55.58935812548499
646207,2639008,-55.59017855150383
646207,3283766,-55.59117151870896
646207,1485888,-55.59121468672319
646207,7711735,-55.65640734556078
646207,7188762,-55.65753043631123
646207,7671056,-55.65835099697195
646207,396120,-55.65873963660388
646207,6343349,-55.730515317714506
646207,5961574,-55.810514824551674
646207,7555134,-55.810514824551674
646207,7279088,-55.81090361864219
646207,5404000,-55.81099001322353
646207,4317550,-55.81099001322353
646207,8357743,-55.81099001322353
646207,6908895,-55.8110332099544
646207,1650588,-55.81107640631208
646207,7761583,-55.81107640631209
646207,1973817,-55.81107640631209
646207,1716250,-55.811119602296586
646207,4231940,-55.81120599314607
646207,2542837,-55.811249188011075
646207,7982921,-55.811292382502906
646207,4473687,-55.81137877036713
646207,7811841,-55.81137877036714
646207,8617424,-55.81146515673883
646207,8222912,-55.811508349364985
646207,8519156,-55.811853876942536
646207,8617422,-55.81215619398683
646207,1716243,-55.81219938064389
646207,7131872,-55.81224256692792
646207,762809,-55.81241530833405
646207,4132629,-55.812717591435224
646207,3723282,-55.81271759143523
646207,6192449,-55.812933496747824
646207,1229420,-55.813019856262486
646207,7278422,-55.99305238179494
646207,5420892,-55.99305238179494
646207,733700,-55.993138779361985
646207,7043142,-55.99331157001748
646207,7811848,-55.99348435470186
646207,2704986,-55.993829906158936
646207,4487354,-55.99447775078079
646207,4487355,-55.99447775078079
646207,4487356,-55.99456412372188
646207,1881017,-55.994607309632904
646207,2425691,-55.99490960056643
646207,2639002,-55.99525505354178
646207,6482895,-56.09841289745276
646207,3686490,-56.0984560964229
646207,655423,-56.0984560964229
646207,8081552,-56.0984560964229
646207,6610612,-56.09858569109398
646207,1558375,-56.09862888857124
646207,1558378,-56.09862888857124
646207,969196,-56.09862888857124
646207,8081549,-56.09867208567532
646207,2424063,-56.098715282406175
646207,7823268,-56.09875847876386
646207,4735913,-56.098888065597855
646207,4509523,-56.098888065597855
646207,3826381,-56.09897445495468
646207,7811971,-56.099017649073375
646207,1716247,-56.099060842818915
646207,8516661,-56.09910403619132
646207,8516662,-56.09910403619132
646207,2407387,-56.09919042181676
646207,4582078,-56.09927680594973
646207,896904,-56.09940637935091
646207,3123482,-56.099579138662655
1012021,8682468,-121.35418989724161
1012021,466078,-121.48379410885055
1012021,2494914,-121.66868708349254
1012021,2217990,-121.67089367367974
1012021,4505308,-121.88366437654341
1012021,1504427,-122.38855526478959
1012021,7625589,-123.08832331930478
1012021,8607056,-123.21288143868554
1012021,1941265,-123.21496412817373
1012021,6301482,-123.35729262724999
1012021,2434427,-123.59057898455634
1012021,3882487,-124.2887655549852
1012021,3795087,-124.37821855821126
1012021,6308108,-124.5053151176228
1012021,6317011,-124.94372790481991
1012021,3222054,-125.14594328817046
1012021,6864302,-125.40856143357942
1012021,8324555,-125.58053333144646
1012021,942684,-125.63594234220763
1012021,1999686,-125.75268891152261
1012021,6890172,-125.75950884679106
1012021,4483474,-125.77486286466868
1012021,8058155,-125.82654299109723
1012021,3580836,-125.88084519031189
1012021,5379898,-125.90890972932374
1012021,6810937,-126.06067931381712
1012021,2901103,-126.09703549773909
1012021,5411780,-126.11608814732041
1012021,5411781,-126.11619180872768
1012021,3190906,-126.13330897963367
1012021,3057242,-126.16572886405689
1012021,2454609,-126.17918790411275
1012021,4331715,-126.20094522366466
1012021,8075282,-126.2199062506561
1012021,1000238,-126.23016372826436
1012021,865126,-126.24476082304946
1012021,6308112,-126.29501321750611
1012021,7398145,-126.4168359775822
1012021,2901101,-126.57295600299513
1012021,3436229,-126.58226888222619
1012021,6301480,-126.62744414822582
1012021,5360267,-126.62754777830101
1012021,7615293,-126.6340738749636
1012021,5844087,-126.65136586198541
1012021,802254,-126.6546912583587
1012021,4534810,-126.67238981113854
1012021,4203771,-126.7230648540494
1012021,1544130,-126.74159956732817
1012021,865129,-126.77599846223308
1012021,6040107,-126.79692865577094
1012021,7081564,-126.8851790631893
1012021,1081913,-126.89532605665082
1012021,5213250,-126.9294251361934
1012021,1932641,-126.93811731170948
1012021,3807717,-126.97790289359871
1012021,1275309,-126.99332061740134
1012021,6090598,-127.02151118628842
1012021,7127398,-127.04202682461901
1012021,1508315,-127.0460665705269
1012021,5567751,-127.05383906955599
1012021,677551,-127.05476028854837
1012021,1502562,-127.05943067392701
1012021,6090595,-127.06005269879088
1012021,5561357,-127.06108933525175
1012021,2327317,-127.07537757524058
1012021,6565126,-127.08056831742205
1012021,6756334,-127.08419618465243
1012021,6688796,-127.14022702150999
1012021,2458078,-127.15918794824124
1012021,5455777,-127.16022445039266
1012021,1885798,-127.1603280956839
1012021,1081914,-127.1826971636845
1012021,2901104,-127.20135737810115
1012021,1550680,-127.21263953784334
1012021,1500731,-127.30027288458527
1012021,7621406,-127.32742839535356
1012021,5686362,-127.34783843891864
1012021,6308110,-127.36098660757388
1012021,584502,-127.3844044143379
1012021,1083338,-127.4453150995815
1012021,7472809,-127.45690824592964
1012021,2773541,-127.45690824592964
1012021,8570326,-127.48634442855818
1012021,2773544,-127.50020541200709
1012021,2773542,-127.50030909222275
1012021,7259414,-127.54082321063603
1012021,1389224,-127.55077928291534
1012021,3053431,-127.56361646466225
1012021,8682472,-127.58381917197975
1012021,373518,-127.58816227179265
1012021,5379899,-127.60402379743411
1012021,5360262,-127.60588966247364
1012021,1696674,-127.6274293183367
1012021,5400789,-127.63697176480592
1012021,7008990,-127.65717642607899
1012021,2670865,-127.66970260390306
1012021,7018667,-127.67125736384597
1012021,1036356,-127.67932716216306
1012021,3809315,-127.70191319454446
1012021,4943300,-127.71289621425491
489204,5583224,-39.94116878075715
489204,528349,-39.99905256754008
489204,528348,-40.067976361556646
489204,678245,-40.85835757403139
489204,1310106,-41.22027133793641
489204,1310108,-41.220305898306904
489204,1310107,-41.220305898306904
489204,1778458,-41.26378814504456
489204,8737051,-41.291855408937
489204,1310101,-41.44341488925062
489204,6661536,-41.44531526633845
489204,4918001,-41.44610970183851
489204,1310103,-41.44659319403415
489204,1418931,-41.514204504170365
489204,420290,-41.561405282651
489204,420282,-41.66666212078049
489204,6327176,-41.78731257721978
489204,3049941,-41.80791975837046
489204,1479542,-41.84936381537469
489204,8737053,-41.91932414736891
489204,5895917,-41.9193932427378
489204,1950269,-42.07316388326525
489204,535375,-42.07399301337255
489204,4917998,-42.13763330246883
489204,6101884,-42.13932595629026
489204,973923,-42.20586597388265
489204,7660249,-42.20904403163485
489204,114148,-42.319263774257614
489204,7718090,-42.32002396119678
489204,1051498,-42.36005121139317
489204,1871772,-42.36333283062444
489204,7564980,-42.478870838741884
489204,5842848,-42.47893993530433
489204,7358643,-42.49389360973258
489204,855969,-42.54268377390201
489204,1950273,-42.54289109761211
489204,7734612,-42.542925650519095
489204,3744940,-42.543098410577
489204,1538587,-42.54316751251099
489204,7564977,-42.611780308587235
489204,7113153,-42.61226403466066
489204,216492,-42.61240223136641
489204,8209108,-42.648977161643984
489204,8083618,-42.724832552728586
489204,3155853,-42.72548906930494
489204,2959687,-42.72604184180539
489204,2525903,-42.76555087688603
489204,2268657,-42.76561999075978
489204,1736553,-42.83109143233124
489204,7016858,-42.83109143233124
489204,2330481,-42.83209321568356
489204,8420374,-42.899393272538674
489204,4387756,-42.899496934841444
489204,3608627,-42.90042977469521
489204,753265,-42.94752684639738
489204,8238825,-42.94752684639738
489204,6345480,-42.94773420234984
489204,4279451,-42.94790699076613
489204,5519177,-42.949116300734445
489204,5261291,-42.9491508470762
489204,5705357,-43.05288736205521
489204,3778489,-43.0529219221271
489204,8737052,-43.05330206321156
489204,1759354,-43.05333661970063
489204,6672435,-43.05344028737662
489204,5615254,-43.05423498364546
489204,430274,-43.0543040802079
489204,1355264,-43.05464954511751
489204,113238,-43.054718634519205
489204,2218038,-43.054856809742674
489204,4929960,-43.05506406362872
489204,7424931,-43.05513314587114
489204,6237428,-43.082544052543476
489204,3716313,-43.08295859969427
489204,8376910,-43.083096772531235
489204,6753500,-43.08416745021616
489204,1410250,-43.085099742494
489204,1965358,-43.08530688905024
489204,5815958,-43.17091231194443
489204,3980122,-43.17091231194443
489204,5629373,-43.171119655357
489204,7116533,-43.171119655357
489204,4918004,-43.172156211233165
489204,7138879,-43.172570758383955
489204,1418935,-43.172985262576866
489204,2373000,-43.17312342109651
489204,1319513,-43.17336518702399
489204,5008186,-43.23520891884917
489204,1373674,-43.235450833082
489204,3012141,-43.23562362000551
489204,6087671,-43.235727288577095
489204,615105,-43.235796399465514
489204,615107,-43.23641834373366
489204,4897640,-43.23655654043941
489204,1276947,-43.23669473237074
489204,6237426,-43.2367292796076
489204,4777495,-43.23683291952798
489204,6327177,-43.23693655676312
489204,4917999,-43.237316536987166
489204,4918005,-43.23735107885406
1119075,7742343,-84.97124648769189
1119075,7133141,-85.26651415351616
1119075,2067687,-85.4170500292382
1119075,8165856,-86.0682698230346
1119075,7146549,-86.11102615375881
1119075,8075059,-86.51656033665337
1119075,6670857,-86.66040808686807
1119075,6670854,-86.91946928036808
1119075,5160139,-86.94632721491557
1119075,3346258,-86.98234931210712
1119075,7215264,-87.04264003326935
1119075,7105865,-87.060277847176
1119075,7133137,-87.20411052623129
1119075,6670852,-87.27396973562671
1119075,7133143,-87.32507258040755
1119075,6196342,-87.32894098562929
1119075,7133142,-87.60985212088671
1119075,7682194,-87.61448185061722
1119075,7215260,-87.73212672417492
1119075,2988032,-87.73406077645555
1119075,653852,-87.7516972779074
1119075,6670859,-87.7560504930455
1119075,7133140,-87.89953843508468
1119075,5890184,-87.90016033906132
1119075,7215258,-87.90181851334827
1119075,6670858,-88.01815066530023
1119075,922011,-88.03071997628587
1119075,1004828,-88.1478199328694
1119075,922010,-88.18487065611312
1119075,6982582,-88.18639122702297
1119075,6982585,-88.1865294464117
1119075,7215263,-88.18770421480734
1119075,6670856,-88.18977691476971
1119075,2870496,-88.20095587923325
1119075,8075063,-88.4220264083286
1119075,4144207,-88.44185119850596
1119075,8731733,-88.48068460035387
1119075,4350186,-88.4858738026699
1119075,380447,-88.48725599656058
1119075,5016718,-88.55894345945808
1119075,7133139,-88.59081961358875
1119075,1379739,-88.59116520236411
1119075,5890177,-88.59116520236411
1119075,8075058,-88.59247830357518
1119075,16174,-88.5926165122184
1119075,16175,-88.59303112382243
1119075,2739793,-88.62486347036312
1119075,6196347,-88.67040675507587
1119075,2067684,-88.70950114901066
1119075,4353429,-88.70970848078038
1119075,653844,-88.71026133923156
1119075,6196344,-88.71143603659797
1119075,7215261,-88.71185059448932
1119075,3852189,-88.71226513089954
1119075,1516867,-88.71337045632461
1119075,3152926,-88.84710908046563
1119075,8075061,-88.87843256649398
1119075,2564262,-88.87953840758291
1119075,6670853,-88.8798839515772
1119075,6196345,-88.88029858467019
1119075,7215257,-88.88043679092574
1119075,6196346,-88.88105868953069
1119075,6670851,-88.88202599127818
1119075,6670855,-88.88202599127818
1119075,6670860,-88.88306225623532
1119075,4503603,-88.88340764806081
1119075,6196343,-88.95947063943197
1119075,8123000,-88.99766698723357
1119075,8075062,-88.99780520065238
1119075,8407920,-88.99973993783122
1119075,758234,-89.0265980084555
1119075,3546060,-89.11427511241
1119075,7133144,-89.11434422956789
1119075,3540676,-89.11510447889566
1119075,16173,-89.1152426982844
1119075,5833085,-89.11538091528509
1119075,1760640,-89.11586465598296
1119075,6941242,-89.13720845738236
1119075,1130457,-89.18067958724407
1119075,387688,-89.24884319970778
1119075,4728440,-89.25305770790392
1119075,6434888,-89.27114528521106
1119075,653853,-89.28334469672967
1119075,8165857,-89.28403591309811
1119075,653845,-89.2841050314503
1119075,1379740,-89.28438149888767
1119075,6982584,-89.28445061425418
1119075,16178,-89.28451972902357
1119075,16176,-89.28465795677107
1119075,5890183,-89.28534905968536
1119075,5890185,-89.28576369277835
1119075,8165862,-89.28576369277835
1119075,8165861,-89.28645470018121
1119075,7215259,-89.28728383028627
1119075,5890182,-89.28728383028627
1119075,6862320,-89.28797470640399
1119075,6106479,-89.28997790981298
1119075,4394400,-89.29011604328446
1119075,8354163,-89.36127342406017
1119075,6031426,-89.36756053278887
573724,7384332,-71.08841547714411
573724,3146238,-71.3492082427232
573724,7609927,-71.40662482975968
573724,3365638,-71.45335967296477
573724,3365631,-71.81836553410636
573724,3365632,-71.83047108443367
573724,7199669,-72.04054171683433
573724,7609930,-72.10592669279556
573724,1816038,-72.28034053708271
573724,8626956,-72.42083825193922
573724,3365633,-72.46266209387666
573724,87405,-72.50330271540335
573724,3365636,-72.64949845764022
573724,5339620,-72.73284234020312
573724,7609928,-72.95761844586764
573724,5293510,-73.07933187164282
573724,3146236,-73.31550244389726
573724,3365640,-73.33100900675308
573724,1165129,-73.36247894860998
573724,7609926,-73.3772598283598
573724,7609931,-73.4287102331921
573724,394142,-73.46814177347835
573724,8382948,-73.53316396219829
573724,5394,-73.56163711443416
573724,394139,-73.64840737013277
573724,7609929,-73.65064470953203
573724,84173,-73.65167243657302
573724,4041520,-73.71609005647827
573724,7199672,-73.71740024161973
573724,7384325,-73.74166105174855
573724,1723418,-73.80195276760185
573724,5882739,-73.82187371731388
573724,1754972,-73.82193416453697
573724,6121093,-73.84422567715376
573724,5384308,-73.8720952049585
573724,1509942,-73.93639182753793
573724,5310530,-73.93657325224021
573724,87409,-73.93675467224047
573724,150398,-73.96485366494238
573724,7674858,-74.11907622903445
573724,8441642,-74.15959585427535
573724,41433,-74.16074478805874
573724,6334630,-74.16286075150757
573724,8404002,-74.2255856288519
573724,227722,-74.22643205443225
573724,7876369,-74.22764105631786
573724,7199675,-74.29252246915533
573724,202536,-74.29482034666282
573724,8382941,-74.29554583550475
573724,4495316,-74.29578764841068
573724,6823994,-74.30206295227168
573724,2108858,-74.32323306159809
573724,3781225,-74.33215529258155
573724,1127613,-74.36886785801887
573724,3897221,-74.37365541355425
573724,5395,-74.4082699519985
573724,2930245,-74.41026483095912
573724,202538,-74.41296613613898
573724,7899310,-74.44812452779766
573724,3069915,-74.44891056569243
573724,5733261,-74.50815384901512
573724,4283854,-74.5147791037615
573724,3365637,-74.52562975841565
573724,5418168,-74.54704162424822
573724,394136,-74.56409329291023
573724,3009390,-74.56602849810615
573724,2910045,-74.56687498217512
573724,3897222,-74.59565042795509
573724,386625,-74.59631539334715
573724,635297,-74.59631539334715
573724,5047796,-74.62923662314451
573724,8833192,-74.62923662314451
573724,3707318,-74.63074841730449
573724,4538950,-74.63165533710382
573724,855581,-74.68172152403191
573724,3043368,-74.69986221822049
573724,6166770,-74.70022499397332
573724,8450864,-74.71933171394282
573724,7352206,-74.72881908555746
573724,3617636,-74.73441570156017
573724,7275118,-74.74768488845683
573724,5721829,-74.74774536074538
573724,7172145,-74.74913607921584
573724,8492171,-74.74961974262085
573724,5882740,-74.76367513144481
573724,635299,-74.76573082521305
573724,1522274,-74.7658517295777
573724,6776715,-74.78880818200678
573724,1270352,-74.81216293678338
573724,1183176,-74.81512549032415
573724,6030800,-74.82378539596016
573724,5962419,-74.85250113000755
573724,4017883,-74.85310587640322
573724,160843,-74.85358963590582
573724,1063821,-74.8554034363461
573724,6606968,-74.85540343634611
573724,7225523,-74.88163957613105
573724,5165514,-74.88303022252708
573724,5263991,-74.88387656769878
573724,5028840,-74.91879327177618
600573,6197299,-107.51935898870028
600573,4140572,-109.54582091171952
600573,7053094,-109.54702995536746
600573,1050102,-109.95249506347562
600573,4032737,-110.07958574255933
600573,1312376,-110.1585331468869
600573,2065519,-110.1990097152808
600573,2065513,-110.20021865452443
600573,8516012,-110.23715425267838
600573,2718565,-110.23801802685377
600573,569268,-110.35692385740694
600573,8286403,-110.41180312439833
600573,2525079,-110.42672919470328
600573,1374242,-110.52837732519735
600573,6677583,-110.53165810847062
600573,2081549,-110.59386565745277
600573,1048866,-110.64115077343533
600573,2196128,-110.64236021398418
600573,1883936,-110.81139537959953
600573,1312374,-110.9327198129357
600573,171860,-110.93297889036099
600573,911923,-110.93315160491568
600573,1763994,-110.93323796107438
600573,1397607,-110.93366973068217
600573,6124544,-110.93617362684401
600573,5239123,-110.99820825181975
600573,716980,-111.00010781665243
600573,405052,-111.17845714445559
600573,6215048,-111.18182500559337
600573,6121851,-111.22083367736744
600573,6990308,-111.22083367736745
600573,1374642,-111.33628481480493
600573,681138,-111.33801219903131
600573,1245382,-111.33878942459552
600573,5040429,-111.33878942459552
600573,6124545,-111.33922119047486
600573,1947751,-111.34301992657745
600573,1947752,-111.34345150984069
600573,186463,-111.35600570949967
600573,3924899,-111.35747342198606
600573,4032730,-111.401773434192
600573,3543256,-111.40194616963042
600573,3537515,-111.40548658873213
600573,1378955,-111.47232081722004
600573,171859,-111.50601109676533
600573,3071848,-111.50618385160033
600573,1553422,-111.50920657820909
600573,1686205,-111.51981557188711
600573,5623755,-111.62120245170232
600573,3172848,-111.62146165000198
600573,304953,-111.62180723728439
600573,2573979,-111.62301669872996
600573,2573976,-111.6248306166681
600573,8548609,-111.62491698550625
600573,7718041,-111.62647149704729
600573,3074946,-111.62845746575321
600573,5136316,-111.62845746575321
600573,2850531,-111.63018407452522
600573,3924769,-111.65334696451163
600573,6202675,-111.68850540839428
600573,4552887,-111.68988733964541
600573,6344592,-111.6909236627719
600573,2143662,-111.69152813500304
600573,2764000,-111.74062696313548
600573,6990305,-111.7431318541642
600573,4808425,-111.74330458214357
600573,423563,-111.74477264952185
600573,1790844,-111.8092248197206
600573,716981,-111.81017463903974
600573,6184574,-111.81181502358413
600573,3087262,-111.81224665900763
600573,1833083,-111.91035322569496
600573,6312429,-111.91467168631725
600573,4154732,-111.91544881121456
600573,3924768,-111.93835132544059
600573,4117500,-111.94128813228892
600573,2557353,-111.94163358228074
600573,6407378,-111.94223809105281
600573,5237428,-111.94379237440178
600573,4455572,-112.01390763364034
600573,1434830,-112.02943199536489
600573,5634738,-112.03046846170658
600573,5560549,-112.03072756150752
600573,613981,-112.03133210160382
600573,6688497,-112.0321956669201
600573,2204268,-112.0321956669201
600573,6558123,-112.03236837103479
600573,3699953,-112.03262742161445
600573,4400826,-112.03349087508349
600573,1947753,-112.09457513492366
600573,4095628,-112.09630241472138
600573,6258017,-112.0965614809603
600573,8786179,-112.16408622167731
600573,4615766,-112.19717138218795
600573,4862692,-112.19734417135064
600573,1493506,-112.19898551950584
600573,1777221,-112.1990718987886
600573,405054,-112.19941740845861
600573,4160074,-112.19959015881706
600573,1947759,-112.1998492787594
1120447,1670844,-62.74939285392796
1120447,6383181,-62.80274100254931
1120447,8262127,-62.868419380690064
1120447,7911299,-62.88950273830897
1120447,5664635,-62.90789424821204
1120447,6666766,-62.92984869072036
1120447,2707515,-63.09016398638843
1120447,6813890,-63.22359174043521
1120447,701004,-63.22385083352308
1120447,3768464,-63.241351141661326
1120447,1731138,-63.35629395998581
1120447,1731140,-63.35629395998581
1120447,1731137,-63.356345786660135
1120447,1731139,-63.356345786660135
1120447,1731141,-63.356345786660135
1120447,2270914,-63.37691324718855
1120447,5128250,-63.37691324718855
1120447,7520474,-63.37800151335034
1120447,4711434,-63.37826059525048
1120447,4866353,-63.4456988075014
1120447,7904380,-63.49422982262986
1120447,7763556,-63.6002641025141
1120447,808699,-63.62807219276041
1120447,984149,-63.62853862880061
1120447,8587367,-63.66609811147266
1120447,6138608,-63.73265523443014
1120447,5662956,-63.78165273484714
1120447,6828735,-63.88768704383254
1120447,6813888,-63.88908621901648
1120447,3769913,-63.91658345977192
1120447,6881896,-63.95429830074282
1120447,6633419,-63.964803564991655
1120447,7926422,-63.965684542359895
1120447,2452710,-64.00479628616137
1120447,8692784,-64.00526276652405
1120447,8060312,-64.02209943665298
1120447,1670846,-64.06928297390871
1120447,826796,-64.06928297390871
1120447,6046982,-64.07016408064948
1120447,1092938,-64.07026773175984
1120447,213425,-64.07094142033505
1120447,5016279,-64.07151140543814
1120447,4927924,-64.13858683902038
1120447,7395117,-64.17780450721095
1120447,3897131,-64.2513971926639
1120447,6569702,-64.2526929378736
1120447,6314494,-64.25284840849613
1120447,4562593,-64.25347025070423
1120447,815123,-64.29175265039878
1120447,8062202,-64.29175265039878
1120447,416113,-64.29201184198028
1120447,416108,-64.29227102236555
1120447,2270915,-64.29242652522294
1120447,793836,-64.29278934955127
1120447,272687,-64.2929966678886
1120447,5591904,-64.2932039790627
1120447,6847109,-64.2939295117687
1120447,4150773,-64.29563934895714
1120447,2964558,-64.35696504636051
1120447,530303,-64.3571205451878
1120447,808695,-64.38068178000603
1120447,4711431,-64.41295611370126
1120447,7036820,-64.42575057980868
1120447,1302208,-64.47433339877423
1120447,5879329,-64.47433339877423
1120447,271418,-64.47474808201689
1120447,3769911,-64.47485174834952
1120447,1261614,-64.47490358084417
1120447,7266132,-64.47516273660115
1120447,1797054,-64.47542188116498
1120447,5148496,-64.47599195981036
1120447,8708881,-64.53876824462282
1120447,1022132,-64.57922736152344
1120447,767501,-64.57943472285058
1120447,649440,-64.57943472285058
1120447,2697614,-64.57953840082678
1120447,5003729,-64.57953840082678
1120447,4233907,-64.57959023914307
1120447,8552341,-64.5796420770115
1120447,1351877,-64.5797457514048
1120447,507173,-64.5797457514048
1120447,8516802,-64.58057508206716
1120447,8062207,-64.58135247546818
1120447,317223,-64.6100415587504
1120447,5870241,-64.61118145512688
1120447,1012317,-64.6566549555682
1120447,731294,-64.65675862906579
1120447,1638334,-64.65831351660431
1120447,4447438,-64.69701039717982
1120447,8692777,-64.69716591884702
1120447,3769908,-64.6978916333311
1120447,356448,-64.69794346672131
1120447,6820509,-64.69799529966373
1120447,5873485,-64.69835811772356
1120447,4467673,-64.69846177599678
1120447,3183130,-64.71415830405215
1120447,3944085,-64.71602386291433
1120447,6754304,-64.76180811885658
1120447,121083,-64.76185995762074
1120447,8529919,-64.76185995762074
574575,590546,-89.33288298953244
574575,2828791,-90.82073028303266
574575,1925805,-91.09735936469971
574575,1007725,-91.39333802079017
574575,3507973,-91.5600560308251
574575,6161786,-91.68103986973827
574575,6183647,-91.84331414889142
574575,2995291,-91.93212684658882
574575,7105789,-92.03959637627568
574575,5106777,-92.22105250679323
574575,1319046,-92.22136337688409
574575,6021167,-92.27139078111895
574575,8119448,-92.4342088437651
574575,1222554,-92.47029066281519
574575,7651814,-92.50966715730608
574575,5178979,-92.59386034913916
574575,7803952,-92.59801945866413
574575,3964152,-92.63292562322025
574575,6339936,-92.64674246838376
574575,3542701,-92.65063305212462
574575,1222553,-92.68116714931226
574575,3070864,-92.73147313812792
574575,2361246,-92.74305136468732
574575,2759592,-92.76092592465163
574575,7918142,-92.78863057297625
574575,819597,-92.92513976589309
574575,698267,-92.997657461915
574575,6230620,-93.00615409665936
574575,6161780,-93.05150815804505
574575,4718678,-93.20799002134949
574575,3070859,-93.28691879565461
574575,8245965,-93.31208556632296
574575,6161784,-93.32421900178124
574575,3581241,-93.32421900178124
574575,8232202,-93.38303745811524
574575,1416538,-93.38303745811524
574575,3538805,-93.38720319930478
574575,1925812,-93.40848338585023
574575,7883300,-93.42971977062555
574575,6217712,-93.51375698129863
574575,3999578,-93.51375698129863
574575,2272406,-93.51710567262428
574575,2105726,-93.6124450240862
574575,2067141,-93.62679458643257
574575,2571056,-93.67317520568068
574575,3241862,-93.72719706324145
574575,508260,-93.76164706856973
574575,6203613,-93.78468039079665
574575,4180858,-93.80603134356843
574575,4955600,-93.81591848459624
574575,1319052,-93.85806173975698
574575,4879068,-93.85850585712181
574575,5178974,-93.87826444707449
574575,7266280,-93.88358990144428
574575,2960677,-93.8987283019162
574575,2504541,-93.9012148976271
574575,7740131,-93.90928542417248
574575,7935743,-93.91731100990602
574575,3070856,-93.92281121461734
574575,7789776,-93.97856440729086
574575,1779233,-93.9878102176749
574575,2943404,-94.00409336755392
574575,766621,-94.02656178865684
574575,1319049,-94.02801628449122
574575,4639585,-94.0287617565527
574575,1007719,-94.03983927154289
574575,4249032,-94.05259805772295
574575,5833476,-94.05771007056907
574575,6183643,-94.07804277825262
574575,6544231,-94.07992557607008
574575,1280431,-94.08223861874853
574575,7451437,-94.13577087228894
574575,1113622,-94.14219269667593
574575,3581237,-94.14566609636378
574575,3328087,-94.14887690191766
574575,2960680,-94.15676734431176
574575,1925806,-94.1682166680608
574575,7266282,-94.17572632424543
574575,639545,-94.1868766633982
574575,2032642,-94.19510171216747
574575,971113,-94.19914375640428
574575,1113620,-94.24916123038895
574575,3070858,-94.25842846620017
574575,2828794,-94.25893730533178
574575,1299780,-94.26212417786859
574575,6217713,-94.30049404847307
574575,5844756,-94.30318303424123
574575,3165860,-94.31638277644811
574575,1882387,-94.33024114024649
574575,7497774,-94.35866976621546
574575,6100546,-94.36640012356621
574575,115013,-94.386427670355
574575,6883339,-94.38715914099613
574575,6153170,-94.39096807260883
574575,6153171,-94.39112350496983
574575,6310574,-94.39886987555967
574575,679210,-94.4003467826949
574575,8584691,-94.41610069278292
574575,187121,-94.42813663367201
574575,7266276,-94.42946152068681
1055865,8837068,-92.36788333654201
1055865,8654371,-93.52846958988204
1055865,5491557,-93.65188379686184
1055865,4463868,-93.75137996345867
1055865,5334029,-94.27014580319504
1055865,3319396,-94.37703451517643
1055865,3264359,-94.84155770887772
1055865,6449605,-94.86923764097918
1055865,8203975,-94.9545754650247
1055865,3318413,-94.95856340149211
1055865,5334033,-94.98274634199139
1055865,8800709,-95.11759910936621
1055865,8066229,-95.22375293019999
1055865,4452432,-95.27198295283551
1055865,4550876,-95.4526722372687
1055865,8654373,-95.56920679749985
1055865,2492343,-95.64717849370564
1055865,827534,-95.69741760461916
1055865,7293601,-95.75246127069495
1055865,8654372,-95.75277222134022
1055865,7258629,-95.78696765014152
1055865,2398834,-95.80702725126612
1055865,3753628,-95.80718270510498
1055865,7427204,-96.00377569897587
1055865,2797202,-96.09439840798467
1055865,5569488,-96.10727028511769
1055865,7303665,-96.11881447989792
1055865,3619301,-96.18703007547734
1055865,2796422,-96.22886251558788
1055865,6140348,-96.26243172478686
1055865,4182055,-96.27508748093706
1055865,3348627,-96.34483336852746
1055865,5722716,-96.38099219077733
1055865,1077511,-96.4118058286709
1055865,7847456,-96.44420904038678
1055865,3753625,-96.49675376786513
1055865,8230316,-96.4983865196611
1055865,6999380,-96.54760736982996
1055865,2351177,-96.56416884338154
1055865,7864909,-96.56424657533586
1055865,5780421,-96.64852140199434
1055865,7982550,-96.65211295951596
1055865,8654367,-96.6671193353998
1055865,7737171,-96.72367036532414
1055865,578296,-96.74664586341277
1055865,4570307,-96.76950736560967
1055865,6227541,-96.76981827060231
1055865,4219211,-96.7850578759287
1055865,7427200,-96.78599084874375
1055865,5780416,-96.78645729888551
1055865,1454872,-96.78739012665005
1055865,4126447,-96.85301682466087
1055865,4721730,-96.85332770817459
1055865,4587730,-96.86201891706484
1055865,3812309,-96.86388476598957
1055865,827532,-96.86481754541398
1055865,5405925,-96.90245214436587
1055865,6917575,-96.90299641377075
1055865,2437393,-96.90369614035943
1055865,3208189,-96.9186670199819
1055865,3208195,-96.9188225208242
1055865,4981341,-96.96683515391351
1055865,4219213,-96.96745718415133
1055865,2703014,-96.96745718415134
1055865,8654374,-96.96753493490831
1055865,4219214,-96.96761268499363
1055865,2797419,-97.03761624647191
1055865,8220817,-97.03800494317194
1055865,4507869,-97.07165135784469
1055865,4773182,-97.07297320065146
1055865,2578357,-97.07553857672963
1055865,3812311,-97.10308761148853
1055865,4303576,-97.1063518038526
1055865,2787005,-97.11304571891952
1055865,5374873,-97.1367341907089
1055865,2685498,-97.14946773120029
1055865,1555414,-97.16348263647843
1055865,2670528,-97.19005646135858
1055865,5208403,-97.19036747916437
1055865,4365993,-97.20658234268963
1055865,3298495,-97.20704882506708
1055865,1710644,-97.21618309489021
1055865,7090966,-97.25420619512388
1055865,6449606,-97.25824876308629
1055865,3584430,-97.32319906661084
1055865,2454102,-97.32351009785225
1055865,7686428,-97.32646435866572
1055865,2102882,-97.35894461605027
1055865,6332669,-97.35933343029647
1055865,4587733,-97.35948895129184
1055865,8542391,-97.3595667107817
1055865,4773183,-97.35987774202312
1055865,5130589,-97.36003325361305
1055865,4721727,-97.39271279819869
1055865,3108101,-97.39780500971045
1055865,4452436,-97.437694063653
1055865,3715997,-97.43870474491371
1055865,5857241,-97.4388602242652
1055865,1807697,-97.43940438084427
1055865,2421566,-97.44409193108481
494835,4254836,-20.322816449056738
494835,8085708,-20.611068585385446
494835,6249757,-20.754808398391248
494835,3299960,-20.834505742568844
494835,8519713,-20.92011778720748
494835,3884881,-20.920221475038005
494835,6248852,-20.921707076861395
494835,7073518,-20.921914282435413
494835,97739,-21.015548935624807
494835,8146334,-21.015790850902917
494835,7678189,-21.01592907506801
494835,6820615,-21.01592907506801
494835,491120,-21.01592907506801
494835,542347,-21.01592907506801
494835,6782345,-21.01592907506801
494835,5000167,-21.01670640804837
494835,8024309,-21.01720719592847
494835,1941266,-21.120805764348027
494835,3930069,-21.121686931995782
494835,5038538,-21.121686931995782
494835,4013724,-21.12203238198844
494835,6497852,-21.1220669237062
494835,387427,-21.122101464827406
494835,6341833,-21.122101464827406
494835,7589014,-21.122515911758093
494835,7987888,-21.12260224405977
494835,7208948,-21.238709767572182
494835,4682759,-21.23874432839058
494835,8530759,-21.23877888861177
494835,8074471,-21.238882565692244
494835,617668,-21.238882565692244
494835,3152904,-21.238882565692244
494835,3219547,-21.238882565692244
494835,3363729,-21.238882565692244
494835,1114080,-21.238882565692244
494835,1331326,-21.238882565692244
494835,2213812,-21.238882565692244
494835,2476773,-21.238882565692244
494835,2942442,-21.238882565692244
494835,1857666,-21.238882565692244
494835,7792356,-21.238882565692244
494835,2178330,-21.238882565692244
494835,1618969,-21.238882565692244
494835,1725357,-21.238882565692244
494835,6767150,-21.238882565692244
494835,3983276,-21.238882565692244
494835,7272856,-21.238882565692244
494835,8609679,-21.238882565692244
494835,7370319,-21.238882565692244
494835,7466871,-21.238882565692244
494835,5227680,-21.238882565692244
494835,5371380,-21.238882565692244
494835,5430008,-21.238882565692244
494835,6546266,-21.238882565692244
494835,37595,-21.238882565692244
494835,385859,-21.238882565692244
494835,4659772,-21.238882565692244
494835,4335375,-21.238882565692244
494835,526577,-21.238882565692244
494835,5484838,-21.238882565692244
494835,4840263,-21.238882565692244
494835,4843649,-21.238882565692244
494835,499216,-21.238882565692244
494835,6694981,-21.238882565692244
494835,1935431,-21.238882565692244
494835,317313,-21.238882565692244
494835,332773,-21.238882565692244
494835,5630800,-21.238882565692244
494835,8146836,-21.238882565692244
494835,8386260,-21.238882565692244
494835,8050441,-21.238882565692244
494835,8339485,-21.238882565692244
494835,836259,-21.238882565692244
494835,1721919,-21.238882565692244
494835,1762465,-21.238882565692244
494835,6087979,-21.238882565692244
494835,2135122,-21.238882565692244
494835,55905,-21.238882565692244
494835,5680352,-21.238882565692244
494835,996938,-21.238882565692244
494835,6958665,-21.238882565692244
494835,4262451,-21.238882565692244
494835,6349699,-21.238882565692244
494835,947067,-21.238882565692244
494835,186957,-21.238882565692244
494835,20073,-21.238882565692244
494835,2009826,-21.238882565692244
494835,4165838,-21.238882565692244
494835,418065,-21.238882565692244
494835,8072547,-21.238882565692244
494835,949720,-21.238882565692244
494835,8083366,-21.238882565692244
494835,452117,-21.238882565692244
494835,7781503,-21.238882565692244
494835,3159911,-21.23891712352478
494835,571001,-21.23891712352478
494835,373498,-21.23891712352478
494835,8090240,-21.23903807123653
494835,5858902,-21.239176288237275
494835,3400903,-21.23926266901238
1126814,8783828,-20.42845337961377
1126814,7269600,-20.43111192143273
1126814,1802937,-20.610688560855447
1126814,1454394,-20.679595053059593
1126814,8606378,-20.67973325812141
1126814,8783826,-20.67983690565073
1126814,3311155,-20.680441409206793
1126814,6891510,-20.6804932152966
1126814,3156474,-20.68061409095444
1126814,3769004,-20.68061409095444
1126814,6585233,-20.75363391910087
1126814,8154500,-20.75373757737412
1126814,4356657,-20.75416942902612
1126814,2085443,-20.754186701152793
1126814,6593894,-20.754359414216054
1126814,3105164,-20.754497573928738
1126814,8783832,-20.833227378830852
1126814,985331,-20.83378028504766
1126814,8545787,-20.83378028504766
1126814,2154868,-20.834073954316125
1126814,2085444,-20.834073954316125
1126814,4040483,-20.834246680803844
1126814,2085449,-20.834246680803844
1126814,4288188,-20.83426395263219
1126814,4040481,-20.83426395263219
1126814,4356659,-20.83426395263219
1126814,4467141,-20.834505742568844
1126814,5953406,-20.834505742568844
1126814,1894734,-20.834816572398772
1126814,1009930,-20.834833839306313
1126814,1570931,-20.834937437621136
1126814,3786883,-20.834989234766255
1126814,5472597,-20.83578328972184
1126814,155337,-20.920515228035462
1126814,978100,-20.920532506279997
1126814,8425673,-20.92070528051601
1126814,8596023,-20.92082621360118
1126814,1796243,-20.92092986471156
1126814,2073912,-20.920947139374384
1126814,2073911,-20.920964413888
1126814,2073915,-20.92099896246762
1126814,2154869,-20.92103351045045
1126814,5823547,-20.921050784218075
1126814,6306169,-20.921085331305754
1126814,5656654,-20.9211198777967
1126814,1171271,-20.9211198777967
1126814,6749858,-20.92117169641427
1126814,3156479,-20.92118896898844
1126814,7011041,-20.921258057793473
1126814,7630899,-20.921258057793473
1126814,4762283,-20.92127532962182
1126814,542645,-20.92129260130102
1126814,5557079,-20.92129260130102
1126814,6170622,-20.92136168652629
1126814,2812475,-20.921448039702156
1126814,8836839,-20.921465309889925
1126814,7575308,-20.921465309889925
1126814,2458831,-20.92153438914975
1126814,298113,-20.92153438914975
1126814,4293237,-20.92153438914975
1126814,4767228,-20.92156892788494
1126814,3128748,-20.921638003565988
1126814,5376063,-20.921672540511892
1126814,6276196,-20.92174161261454
1126814,6049377,-20.92186248305441
1126814,4122859,-20.92187974966381
1126814,6276195,-20.92189701612414
1126814,6020560,-20.922017877172827
1126814,1718914,-21.01566989692155
1126814,7491253,-21.01566989692155
1126814,7215870,-21.015739014378035
1126814,5695569,-21.015739014378035
1126814,8553988,-21.015894519922316
1126814,4374352,-21.015894519922316
1126814,8156404,-21.015894519922316
1126814,6338342,-21.015894519922316
1126814,2913157,-21.015980906667146
1126814,4690253,-21.01610184184161
1126814,5660093,-21.01610184184161
1126814,2073909,-21.016119117698167
1126814,2073916,-21.01615366896361
1126814,8714959,-21.01615366896361
1126814,2031866,-21.016274593692323
1126814,5953403,-21.01632641633796
1126814,6170621,-21.016412784430145
1126814,228318,-21.016447330622725
1126814,2085447,-21.016464603495244
1126814,5537258,-21.016464603495244
1126814,1453940,-21.016464603495244
1126814,835946,-21.016464603495244
1126814,5978856,-21.016464603495244
1126814,1453936,-21.01648187621859
1126814,1852591,-21.016499148792768
1126814,1394186,-21.016516421217773
1126814,3786878,-21.016568237597795
1126814,228321,-21.016568237597795
1126814,1792952,-21.016568237597795
1126814,6214967,-21.016568237597795
1126814,3786879,-21.01663732401628
1126814,3722765,-21.01665459524802
168216,13499,-52.22889636987795
168216,3174840,-52.88001224072965
168216,1381477,-52.92070464841593
168216,3830857,-52.92079104001175
168216,1735358,-52.99891822161695
168216,2265769,-53.391485748292105
168216,2265772,-53.578132085392035
168216,8639627,-53.732109999938174
168216,6264731,-53.91499302207088
168216,2069995,-53.91551124181379
168216,2192949,-53.91879205350068
168216,5568760,-53.95532996081093
168216,6282562,-54.020699023525054
168216,6061722,-54.02212390015334
168216,3399712,-54.0222102432636
168216,6299988,-54.04917218098223
168216,3947238,-54.04964715626228
168216,2069992,-54.153841742950135
168216,6231569,-54.27279070757649
168216,1766535,-54.27279070757649
168216,6282561,-54.3085106469962
168216,6903550,-54.30881291965487
168216,6264734,-54.308985638684206
168216,4792582,-54.4246092575223
168216,8639630,-54.424609257522306
168216,1924800,-54.424609257522306
168216,5293614,-54.42573227065764
168216,6264733,-54.42581864583687
168216,6299991,-54.426120947214166
168216,6061721,-54.42625049935242
168216,1183706,-54.426293682652584
168216,3947233,-54.42659595531125
168216,6213322,-54.4267254951426
168216,6061726,-54.48936376231427
168216,3198680,-54.489406957925596
168216,3908773,-54.49065946835174
168216,6061718,-54.49074583681688
168216,6213325,-54.49078902049
168216,2790904,-54.4909617514529
168216,3198689,-54.49113447644882
168216,3198687,-54.49122083670929
168216,3399715,-54.49122083670929
168216,323991,-54.49139355275548
168216,6012600,-54.49208435728481
168216,7044417,-54.492947728752526
168216,3528662,-54.512786835423405
168216,6178288,-54.56168160445242
168216,4495028,-54.56168160445242
168216,4119829,-54.6068444182421
168216,7745780,-54.60693081431626
168216,6231568,-54.60870160492799
168216,5239344,-54.610385433711464
168216,788020,-54.610558102041516
168216,3556743,-54.610558102041516
168216,290826,-54.71181613309102
168216,3908777,-54.71358709197578
168216,3908774,-54.713716649708864
168216,6282567,-54.71401893803156
168216,5140587,-54.71613444472697
168216,1657421,-54.74231936154218
168216,4721488,-54.74236254297761
168216,323990,-54.74240572404013
168216,3033359,-54.82985837264589
168216,8723467,-54.82985837264589
168216,7904622,-54.83115419061664
168216,5293609,-54.831801973687945
168216,746509,-54.83206106341942
168216,1508224,-54.83206106341942
168216,1766531,-54.8321042437361
168216,8224025,-54.83279507809239
168216,3110411,-54.83288142567596
168216,4721492,-54.895908648769726
168216,6426634,-54.89603820650282
168216,2265771,-54.89625412859816
168216,3730141,-54.896383677379774
168216,3399713,-54.89750629290593
168216,7139368,-54.96395132762387
168216,6983077,-54.965117447946845
168216,6299992,-54.965117447946845
168216,6597600,-54.965635636360616
168216,3463556,-54.99971420972469
168216,6426638,-55.00088047108481
168216,3908776,-55.000923660726215
168216,746510,-55.00118279074043
168216,3496741,-55.001960100214816
168216,8320715,-55.002046460475285
168216,3947237,-55.00265094053681
168216,5537366,-55.00493866756888
168216,1735360,-55.117022023862674
168216,8731623,-55.11732444278209
168216,1924796,-55.11736764399173
168216,3344828,-55.11749724538106
168216,8141128,-55.11754044509766
168216,661750,-55.11762684341117
168216,1696466,-55.11797242173664
168216,8731622,-55.118706696382596
168216,1529943,-55.1187930745462
168216,323989,-55.11883626306842
168216,8224027,-55.11883626306842
168216,6231566,-55.11887945121759
100983,4681480,-28.400877481905106
100983,3318273,-28.98907845064796
100983,3081421,-29.477679041018902
100983,1183965,-29.498583281398865
100983,4486504,-29.49881640477737
100983,1815153,-29.56286275531196
100983,7485586,-29.56309589882055
100983,5281612,-29.5676538626915
100983,6013124,-29.585568754672604
100983,6515061,-29.605860051621153
100983,7704804,-29.68111205986829
100983,7198157,-29.78548814506211
100983,6578844,-29.786394869075178
100983,5281609,-29.81404765159197
100983,3081423,-29.814047651591974
100983,3081422,-29.81409946506347
100983,6990295,-29.855076894629185
100983,117386,-29.855180513518917
100983,2820897,-29.855206417682155
100983,4902699,-29.87286224454357
100983,5644251,-29.89144453880006
100983,4918878,-29.904928982791485
100983,3318276,-29.943331462146915
100983,5480783,-29.969622875915526
100983,4036597,-30.009149857940386
100983,7666898,-30.009253479514406
100983,3081424,-30.00987513380777
100983,7192780,-30.01124749753398
100983,3081420,-30.127425064199745
100983,7613813,-30.142266728473675
100983,3081418,-30.150260807431632
100983,5281606,-30.15083075561988
100983,1478800,-30.192093090498116
100983,8637224,-30.192248489311936
100983,3214534,-30.296469226694732
100983,6782187,-30.296831930392166
100983,6254706,-30.29722049284117
100983,1336319,-30.29807515311949
100983,5690909,-30.29807515311949
100983,928683,-30.324562375735084
100983,7693750,-30.32471782957396
100983,2853391,-30.324769645730242
100983,7397524,-30.325028713087914
100983,4287080,-30.325520879441246
100983,4681487,-30.3735857176422
100983,3081425,-30.373792971528296
100983,4486500,-30.375010299036312
100983,7642427,-30.413785864581982
100983,2242608,-30.414070894056835
100983,5089965,-30.414278171212384
100983,6990294,-30.41438180441993
100983,486189,-30.414589060095793
100983,1336320,-30.41536614138284
100983,1841071,-30.46818136751559
100983,5484054,-30.478453947928863
100983,7666902,-30.478635325622054
100983,1183963,-30.479127581233364
100983,866744,-30.479153487186117
100983,6648234,-30.479567952009077
100983,7704805,-30.479749262364976
100983,2448813,-30.502014905487183
100983,7192781,-30.547498642732858
100983,5817067,-30.547965012305774
100983,3731047,-30.548509018524477
100983,1183962,-30.549052926113482
100983,3996488,-30.549622628316314
100983,5480789,-30.584332656476647
100983,7198162,-30.5848248568292
100983,6241070,-30.58588669831512
100983,3112012,-30.595718701171876
100983,5521704,-30.59636654019935
100983,2242614,-30.596496091218725
100983,6648237,-30.596547910060053
100983,5418122,-30.597014239358565
100983,2448814,-30.597169666351082
100983,3900829,-30.660879150461696
100983,1465041,-30.66119006619517
100983,593083,-30.661190066195175
100983,2370760,-30.661293697612777
100983,1478808,-30.66139732545068
100983,2852429,-30.661423231850854
100983,6254707,-30.661423231850854
100983,6744924,-30.661578665554096
100983,1478801,-30.661656379385867
100983,1478802,-30.661708187488657
100983,7613811,-30.701156964900044
100983,6603553,-30.701856606876547
100983,5594650,-30.7019343348029
100983,7613815,-30.70196024366416
100983,8720733,-30.70219341334704
100983,3319669,-30.702271132547573
100983,2816324,-30.702322944229383
100983,1465039,-30.70260789248558
100983,1183959,-30.702607892485585
100983,6240765,-30.702633795530485
100983,5480785,-30.702763307400268
100983,1815150,-30.73039019693763
100983,6349626,-30.730675155036053
100983,7704807,-30.731011888805185
100983,8720731,-30.789308415489963
194013,73074,-42.319954859262786
194013,8108372,-42.478145252764435
194013,73080,-42.76506704632982
194013,7762107,-42.9488399192588
194013,3350701,-42.97636824452584
194013,73076,-43.05264543319086
194013,1490698,-43.14276620935934
194013,7052100,-43.23838719618287
194013,6376328,-43.238456261129826
194013,7411443,-43.307759910121824
194013,73078,-43.341295133318056
194013,2973322,-43.59226400715664
194013,6287108,-43.64243621001963
194013,569513,-43.64271256046666
194013,2529058,-43.746691132925875
194013,8150710,-43.747140316836926
194013,4374408,-43.747623996952214
194013,7005976,-43.865268844257855
194013,6011545,-43.86530339179312
194013,3122624,-43.86561430618386
194013,1179976,-43.86568339498888
194013,1179977,-43.86568339498888
194013,73075,-43.865752482600605
194013,590037,-43.929427322813105
194013,1011355,-43.9296346232433
194013,322683,-43.929772817561805
194013,4374402,-43.929945553746165
194013,443531,-43.930463717547106
194013,2081071,-43.93087820026441
194013,5106308,-43.931119962016915
194013,2223328,-43.997694558178665
194013,1654485,-43.997832784732005
194013,5863480,-43.99945658903406
194013,4086704,-44.07149150312167
194013,169540,-44.151810680621224
194013,8306838,-44.15187979509207
194013,7109104,-44.15208713133967
194013,169542,-44.15208713133968
194013,5257299,-44.15208713133968
194013,1185196,-44.15225990333681
194013,1185200,-44.15274362523187
194013,6873298,-44.15291636887601
194013,5206193,-44.15291636887601
194013,1085036,-44.15295091670964
194013,4519053,-44.15333092318731
194013,4227825,-44.15340001139568
194013,1391164,-44.15364181072822
194013,3035809,-44.15395267410823
194013,2220140,-44.15412536554752
194013,6926558,-44.154263513331124
194013,5595798,-44.15429804953153
194013,1882289,-44.15450526047232
194013,6543909,-44.1549196501544
194013,8199706,-44.2388911720817
194013,3415032,-44.239685902674964
194013,3415034,-44.239720452597446
194013,6989478,-44.23982410057437
194013,3415029,-44.23985864930319
194013,443270,-44.240031388471394
194013,3415035,-44.24020412018021
194013,8199703,-44.240653187717854
194013,4086698,-44.33392488683714
194013,6234852,-44.33423590867362
194013,4086703,-44.33427046516268
194013,5702618,-44.33430502135322
194013,1728627,-44.33465056684017
194013,2771156,-44.33465056684017
194013,3415033,-44.33478877667727
194013,3478235,-44.33478877667727
194013,7411439,-44.33503063240177
194013,310278,-44.33551429998454
194013,6744036,-44.335617935429596
194013,1832000,-44.33582519826482
194013,8703450,-44.33620515223886
194013,5872228,-44.33717214498249
194013,4099556,-44.3375864988929
194013,6240647,-44.43907804116782
194013,5147749,-44.43907804116782
194013,6240648,-44.439112602135516
194013,7249455,-44.439181723175096
194013,8356475,-44.43942363740794
194013,2898038,-44.43945819538975
194013,4317935,-44.43945819538975
194013,8199700,-44.439527310457706
194013,185629,-44.439561867543844
194013,2936828,-44.43959642433145
194013,2557801,-44.43963098082051
194013,6240650,-44.43963098082051
194013,1581551,-44.43970009290304
194013,3415037,-44.43987286788524
194013,73079,-44.43990742198616
194013,937782,-44.43997652929254
194013,5329967,-44.44011474032352
194013,4896351,-44.44039114805959
194013,6647513,-44.440425697683644
194013,5206192,-44.44042569768365
194013,2220145,-44.440460247009284
194013,1831999,-44.440460247009284
194013,2987127,-44.440460247009284
194013,4469665,-44.440460247009284
1119092,8074957,-41.62673857557506
1119092,8097019,-41.64721768824113
1119092,8074960,-41.84960570243942
1119092,7395112,-42.20762803517733
1119092,277150,-42.54254555212516
1119092,770119,-42.829640128733715
1119092,8353484,-42.83192051231452
1119092,7101384,-42.900153400380646
1119092,4174055,-42.901327859360734
1119092,8074961,-43.053751274285084
1119092,2649357,-43.05454590877743
1119092,7152311,-43.1738486750453
1119092,277153,-43.23576184417056
1119092,1356796,-43.2359000635593
1119092,277152,-43.23628014225316
1119092,2321959,-43.34222798122921
1119092,4267737,-43.343022457891905
1119092,7395105,-43.34305699677621
1119092,7395106,-43.34326422381939
1119092,7177551,-43.41846349279154
1119092,5855791,-43.42022526495552
1119092,2302961,-43.45876717131973
1119092,8353481,-43.45893995077973
1119092,176484,-43.459803736149695
1119092,247809,-43.46004556263064
1119092,4881739,-43.460183742627365
1119092,3910051,-43.59264411540139
1119092,277155,-43.59264411540139
1119092,2547822,-43.59316238662208
1119092,6894690,-43.593369676309464
1119092,5855797,-43.593404223546344
1119092,6290094,-43.594544115005306
1119092,3029967,-43.59516573709486
1119092,7101379,-43.64057034495004
1119092,5807699,-43.64095049917198
1119092,2143701,-43.6415379391872
1119092,7932548,-43.64236711942459
1119092,2083309,-43.642505299421316
1119092,8146445,-43.64253984367467
1119092,219454,-43.643299741781526
1119092,2117100,-43.74599998224467
1119092,381284,-43.7464146869839
1119092,2547829,-43.74686390193805
1119092,8245262,-43.74696755976357
1119092,2373898,-43.7472785171237
1119092,8388930,-43.747865815079145
1119092,5185838,-43.747934903287515
1119092,5092392,-43.86392125759141
1119092,1680384,-43.86392125759141
1119092,277149,-43.86416316555414
1119092,3891643,-43.86423227942788
1119092,5900528,-43.86433594799947
1119092,5890673,-43.8645432770826
1119092,5788327,-43.864750595419956
1119092,150483,-43.86523429642422
1119092,7063290,-43.86533793902998
1119092,7063289,-43.865407032608594
1119092,7395109,-43.8660288211154
1119092,5788330,-43.86627060165645
1119092,7152313,-43.92877080056546
1119092,8748431,-43.92877080056546
1119092,1083062,-43.92887446913704
1119092,2846031,-43.928909024730515
1119092,4414573,-43.9289781350219
1119092,6945347,-43.929081798220174
1119092,1294499,-43.929116352022604
1119092,300706,-43.92946187363088
1119092,3092949,-43.9297728175618
1119092,472549,-43.930670964274384
1119092,5497174,-43.93094727654189
1119092,8614896,-43.932017806331025
1119092,1071911,-43.9988693316545
1119092,3020746,-43.99900751761828
1119092,5665273,-43.99904206336332
1119092,920942,-44.07349547655911
1119092,5402701,-44.15118859663863
1119092,8439267,-44.15146509035283
1119092,8074966,-44.15149965072332
1119092,8353486,-44.15156877056849
1119092,1272639,-44.15174156495616
1119092,1272634,-44.15174156495616
1119092,5402707,-44.15177612293797
1119092,6945353,-44.151810680621224
1119092,920944,-44.15187979509207
1119092,5402706,-44.15194890836874
1119092,2105112,-44.15198346455926
1119092,1593293,-44.152156241034035
1119092,2302957,-44.15219079543346
1119092,5092397,-44.152329010046216
1119092,1083058,-44.15246721988331
1119092,8097020,-44.1525363230111
1119092,8332452,-44.152639975464425
1119092,3893739,-44.15270907560781
1119092,1603190,-44.152743625231864
1119092,8146441,-44.15284727231356
1119092,4327791,-44.15284727231356
1119092,1528500,-44.15295091670964
1119092,8303163,-44.15333092318731
1119092,428321,-44.15346909841078
1119092,2649363,-44.15364181072822
1133167,7093509,-60.71196499088966
1133167,8160241,-61.010929716493735
1133167,3421900,-61.20433786067656
1133167,3346485,-61.577160949858204
1133167,6530221,-61.70371416673061
1133167,6530225,-61.99108531002235
1133167,3421898,-61.991862602713
1133167,4712273,-62.03194890724856
1133167,6252360,-62.0463875213027
1133167,8255705,-62.1240466240015
1133167,3953805,-62.1242021053675
1133167,6530224,-62.12435758270453
1133167,7091464,-62.156155120921966
1133167,1451918,-62.21307894454906
1133167,3074598,-62.215938772355045
1133167,7919534,-62.23085814241294
1133167,8250498,-62.278871027317805
1133167,4498479,-62.33237464611317
1133167,4443370,-62.34273582496633
1133167,6530222,-62.375620185654086
1133167,6112586,-62.39706862444605
1133167,1883281,-62.46025971605888
1133167,8033645,-62.46119258411176
1133167,4550241,-62.56681220404613
1133167,4494097,-62.684025195523674
1133167,8033650,-62.75571234430738
1133167,190806,-62.80154910228498
1133167,190809,-62.865362002972994
1133167,1883280,-62.86603579630055
1133167,4506712,-62.88784493626762
1133167,6167413,-62.88846666571225
1133167,4443375,-62.9702041645774
1133167,6299575,-62.97046334720183
1133167,1451914,-62.97222549219411
1133167,7486600,-63.04127018364126
1133167,6467522,-63.07691230763919
1133167,2276678,-63.088142711151946
1133167,7793414,-63.08855738722963
1133167,3433637,-63.09192556837077
1133167,977423,-63.154391586422165
1133167,1824485,-63.15879411502108
1133167,8592527,-63.15977865175125
1133167,332787,-63.164649204801755
1133167,7218016,-63.22214061234882
1133167,1379370,-63.22281439403561
1133167,2161958,-63.223747197630516
1133167,434126,-63.26999772309905
1133167,1451911,-63.27315915030604
1133167,4830306,-63.28320948615955
1133167,3964286,-63.309255652984476
1133167,7919529,-63.316364070676116
1133167,3560912,-63.35572383702023
1133167,8839920,-63.37572111010615
1133167,6280951,-63.377586959039235
1133167,886525,-63.44088164536053
1133167,4040405,-63.46496107261744
1133167,3964289,-63.481133462736686
1133167,3086623,-63.4838801816217
1133167,6112592,-63.49521452944426
1133167,8255704,-63.50992634844662
1133167,775848,-63.51163654007738
1133167,6257038,-63.511947431645396
1133167,5674623,-63.55835368201896
1133167,4220198,-63.560271252421764
1133167,3893635,-63.56094484791111
1133167,6710762,-63.586262655895396
1133167,4188779,-63.586262655895396
1133167,8160243,-63.599383010995616
1133167,5664803,-63.599486675537165
1133167,4926204,-63.60057504510208
1133167,4184343,-63.60062686730012
1133167,3421906,-63.62983409424477
1133167,823275,-63.663662362943185
1133167,2056197,-63.66438800846623
1133167,3560911,-63.66495809695994
1133167,6112584,-63.665735403077136
1133167,4188780,-63.665994482739855
1133167,1789859,-63.66713430037245
1133167,3560910,-63.7182544350196
1133167,819472,-63.72068963666958
1133167,1824484,-63.7334845364356
1133167,8105840,-63.734365544241015
1133167,7942854,-63.762484600799965
1133167,6930277,-63.763469112022584
1133167,2613293,-63.78128989171189
1133167,7486594,-63.78175640028423
1133167,4699665,-63.78211921520985
1133167,6467518,-63.782326528174714
1133167,1349229,-63.78274113261632
1133167,190805,-63.783311166948366
1133167,6112585,-63.78341480373598
1133167,5362314,-63.846554077178766
1133167,1451916,-63.84660590698696
1133167,3158420,-63.84805695987109
1133167,5134090,-63.84924863370179
1133167,4501356,-63.84924863370179
1133167,775849,-63.85214857989739
1133167,3893638,-63.85235585705289
1133167,3964281,-63.8529258323112
1133167,2787091,-63.86737871264687
1133418,8235137,-85.30961677781667
1133418,4352734,-85.37733327424581
1133418,7973344,-85.48055224962256
1133418,8235133,-85.81885294039614
1133418,8237965,-86.49455944039076
1133418,7500220,-86.51219610992982
1133418,7500221,-86.51226519187395
1133418,8235138,-86.51227657167445
1133418,4352727,-86.69584203849473
1133418,4352732,-86.69604933802964
1133418,7973348,-86.89601653238303
1133418,8237972,-86.89601653238303
1133418,5041031,-86.898020791444
1133418,5780724,-87.06048515208266
1133418,5334567,-87.21053636813315
1133418,2700019,-87.2712061833983
1133418,3905186,-87.27286442929102
1133418,2590192,-87.28279945153679
1133418,529677,-87.30258750068803
1133418,7292065,-87.30314037346707
1133418,8120993,-87.37993027198478
1133418,4204915,-87.38027580105462
1133418,4098191,-87.43909013535179
1133418,6562492,-87.45011230028663
1133418,7267087,-87.49296760052114
1133418,5634114,-87.49324404646302
1133418,1479490,-87.49338226585176
1133418,2836126,-87.49566254105494
1133418,7973346,-87.5682697653672
1133418,8237964,-87.56965218616224
1133418,8699782,-87.56979041510394
1133418,8699788,-87.56979041510394
1133418,2700023,-87.57151807538352
1133418,2388900,-87.57193265833908
1133418,6407161,-87.59268810951187
1133418,2590187,-87.60825194720704
1133418,7296536,-87.61151083953249
1133418,7293321,-87.61234006990378
1133418,2836119,-87.61261646092801
1133418,7440661,-87.6133073967146
1133418,5234842,-87.72715129881438
1133418,6942217,-87.74428202880205
1133418,646012,-87.75349412996839
1133418,5692406,-87.77701304269632
1133418,2250782,-87.78182450225765
1133418,2700022,-87.78196270612563
1133418,2086307,-87.78196270612563
1133418,5621431,-87.78244640086258
1133418,2590186,-87.78463516360344
1133418,4066160,-87.78532627248808
1133418,2832153,-87.78532627248808
1133418,5908567,-87.78532627248808
1133418,5973186,-87.78532627248808
1133418,7094514,-87.78532627248808
1133418,8036381,-87.78532627248808
1133418,8155316,-87.78532627248808
1133418,8035122,-87.78532627248808
1133418,8035716,-87.78532627248808
1133418,7092138,-87.78532627248808
1133418,8037218,-87.78532627248808
1133418,7215807,-87.78615552434816
1133418,6269068,-87.78615552434816
1133418,6405586,-87.78615552434816
1133418,6111058,-87.78670831117132
1133418,6925630,-87.78691559638284
1133418,5621437,-87.78760650830063
1133418,5621436,-87.78760650830063
1133418,5621434,-87.78767559621068
1133418,406939,-87.85940744199871
1133418,6793751,-87.8595456351236
1133418,8724111,-87.89857093279433
1133418,5977070,-87.89857093279433
1133418,5624840,-87.89870915457118
1133418,1925906,-87.89898559096059
1133418,7092710,-87.8989855909606
1133418,8235135,-87.89953843508468
1133418,567611,-87.97836504313274
1133418,5767794,-87.97905588345407
1133418,7500223,-87.99870592328722
1133418,3976110,-87.99870592328722
1133418,6258806,-87.99939675167724
1133418,8141299,-88.01524810825387
1133418,5780723,-88.01939429601353
1133418,3632328,-88.01960154900466
1133418,411213,-88.02001603887997
1133418,4367792,-88.02132844849285
1133418,5496622,-88.02277875603971
1133418,7383267,-88.08033957859809
1133418,2586607,-88.08068515244513
1133418,2792722,-88.11155099322373
1133418,4302832,-88.14395062555543
1133418,6397517,-88.18480153238598
1133418,6990233,-88.18528538593404
1133418,7707116,-88.18583832558608
1133418,7047346,-88.18583832558608
1133418,4268149,-88.19853730107965
1133418,8235129,-88.20109406161673
1133418,7014506,-88.26203906484723
1133418,6399795,-88.26328315756919
1133418,1324114,-88.26328315756919
427578,1612888,-71.85840837734514
427578,4913888,-72.10013465138277
427578,5353176,-72.10647078828026
427578,2535978,-72.1434033931019
427578,4128811,-72.26592210515915
427578,6211795,-72.29163304570423
427578,2567622,-72.32774714454924
427578,2190824,-72.43382615962385
427578,3845137,-72.51447444961363
427578,6853289,-72.57335535992658
427578,2567623,-72.65878335473128
427578,3541534,-72.73330571082856
427578,992079,-72.77273749124264
427578,2002210,-72.8005247006777
427578,5032041,-72.80076647599938
427578,2551326,-72.8037879631359
427578,2551332,-72.84068177000155
427578,5032044,-72.87282337568227
427578,2418642,-72.87453479975959
427578,2332136,-72.87512028092532
427578,1245314,-72.91800550543829
427578,8368446,-72.94682809956046
427578,5353170,-73.01724298953212
427578,4724798,-73.02188563592567
427578,6211789,-73.14199527037927
427578,8376955,-73.16026362478598
427578,1214440,-73.17910929203937
427578,7205367,-73.17937132676184
427578,8674045,-73.17967366992136
427578,2315696,-73.18033877890903
427578,5561946,-73.23603432185169
427578,6413170,-73.23718308693182
427578,2240673,-73.245965523912
427578,4128818,-73.27001499593918
427578,6773626,-73.29981453415222
427578,465237,-73.31471658249303
427578,5262969,-73.34264563820015
427578,3718490,-73.35277674161118
427578,4045384,-73.44728063995164
427578,6341569,-73.46697268893672
427578,5355905,-73.46862544106072
427578,4724792,-73.47786960423534
427578,4724791,-73.49367188123765
427578,4186401,-73.58519924509442
427578,8368445,-73.5962825542635
427578,7199933,-73.59767290042971
427578,5262973,-73.60291433040663
427578,6832835,-73.63135539331574
427578,433389,-73.63208072554445
427578,2242180,-73.640773796974
427578,6832831,-73.64295047030916
427578,4127835,-73.64760170155222
427578,7717809,-73.6520955744427
427578,3845136,-73.65263957126533
427578,2266708,-73.66772303748661
427578,7682465,-73.69738571126193
427578,4127841,-73.71772204695276
427578,4724790,-73.75618659974992
427578,3531364,-73.7696368201627
427578,8368450,-73.77945044161103
427578,5032043,-73.82084603465007
427578,5436166,-73.82102740137792
427578,3360529,-73.8321197895685
427578,5780718,-73.83369173637075
427578,4521619,-73.83514245093923
427578,4913887,-73.85528471781862
427578,4813580,-73.8554660375674
427578,3541531,-73.85685599962858
427578,991038,-73.87130900407902
427578,3009509,-73.8714904428888
427578,6951490,-73.8728813175462
427578,3360536,-73.87366734186195
427578,4724789,-73.8747555375321
427578,8793250,-73.91704241451747
427578,5960919,-73.91988367939432
427578,3035877,-73.92469497813741
427578,2574410,-73.93087435357855
427578,4724794,-73.93141839737865
427578,5816820,-73.93208328238428
427578,6832829,-73.93899179906316
427578,2272738,-73.98987824061489
427578,6211792,-73.99302216141328
427578,5032038,-73.99338483065901
427578,3552727,-74.00162674965337
427578,4128815,-74.00253354413616
427578,3898910,-74.01341334409729
427578,5686987,-74.01389712867511
427578,3112533,-74.01407853927209
427578,4724797,-74.01764532591638
427578,5686981,-74.0421151878983
427578,1790754,-74.04253848294803
427578,8545436,-74.04259895157995
427578,6832828,-74.04278035434159
427578,7879285,-74.04374775635048
427578,5262974,-74.04417095269213
427578,7754265,-74.04417095269213
427578,320215,-74.04599701070359
427578,4064985,-74.04684360446056
427578,8803990,-74.04823421482217
427578,4913890,-74.04920143303505
324211,1280978,-116.29393973545369
324211,903747,-116.29393973545369
324211,6769414,-118.1016445800124
324211,3054539,-118.38035023529665
324211,2815314,-118.50050788077067
324211,3054535,-119.12759684896425
324211,8611752,-119.24069892727175
324211,8422981,-119.26274290654868
324211,8019707,-119.29664096717079
324211,6024175,-119.29721092027933
324211,399468,-119.51301257868441
324211,1342345,-119.51747584314444
324211,6805367,-119.5238207446985
324211,6542185,-119.52876093565253
324211,5820642,-119.53363186588714
324211,8015826,-119.59817038702472
324211,4380388,-119.59883524332528
324211,549285,-119.68376642334272
324211,5599364,-119.70239105552466
324211,773677,-119.8197941158794
324211,8015822,-119.96195862631758
324211,1356527,-119.9958115937762
324211,1046558,-120.0015456851093
324211,1769717,-120.05442166310388
324211,1046549,-120.08809177287148
324211,8318356,-120.10804614636167
324211,5599361,-120.25049557306441
324211,7512294,-120.26632822470556
324211,5719719,-120.28140394643412
324211,6769412,-120.31758863366416
324211,919280,-120.38326708070757
324211,5058857,-120.4647704127492
324211,107587,-120.46850888176505
324211,5572076,-120.49146701681451
324211,919284,-120.52650454066836
324211,7422190,-120.53380758983982
324211,936195,-120.55686053037418
324211,6542188,-120.5633472462734
324211,903753,-120.63300398704705
324211,6244566,-120.64258829674499
324211,3059171,-120.64277827619266
324211,2720545,-120.6958328112638
324211,7512300,-120.75524064666217
324211,6623290,-120.75581084104677
324211,4146081,-120.78000408168838
324211,4146085,-120.78171386719148
324211,7433691,-120.78190382695456
324211,1481659,-120.78388668766853
324211,3054541,-120.79891331758616
324211,5506808,-120.79976837646902
324211,4324991,-120.80176325542162
324211,7073895,-120.86164649611486
324211,5643278,-120.8653518793202
324211,1853579,-120.87368890622709
324211,3336209,-120.87387896281214
324211,4146088,-120.87748941415094
324211,1959777,-120.91945130504529
324211,5571189,-120.95824007481332
324211,5268454,-120.96156564850011
324211,950014,-120.97147231933134
324211,950013,-120.97175727742956
324211,5506804,-120.97616594532988
324211,1356521,-120.97702075319283
324211,156107,-121.05108280474994
324211,514609,-121.06559605532921
324211,2927386,-121.08355464227104
324211,1103528,-121.08507512122432
324211,6542182,-121.08697542441378
324211,3280188,-121.0996829615782
324211,6758771,-121.16194113858292
324211,6542183,-121.1645064924968
324211,107584,-121.18176374258142
324211,3059167,-121.20447343551922
324211,7422195,-121.20504347723602
324211,156112,-121.22866499895193
324211,6711912,-121.2303749616471
324211,4146086,-121.23132482607612
324211,3956781,-121.32444147068617
324211,120916,-121.33933487953367
324211,2700746,-121.34654303950971
324211,8015827,-121.34654303950971
324211,773678,-121.36940555098188
324211,1769711,-121.37589251791839
324211,5135363,-121.38822004122021
324211,92703,-121.44924310771569
324211,4711337,-121.45114349298032
324211,514608,-121.45351851296132
324211,1930222,-121.45464769173677
324211,3112538,-121.45540781957672
324211,2168795,-121.4779949644346
324211,625217,-121.48740401117563
324211,107588,-121.4895899546161
324211,1105798,-121.49035018095657
324211,1925370,-121.4920604981461
324211,5557321,-121.49244053252194
324211,3275012,-121.56816641392817
324211,4452182,-121.5875139294102
324211,1862733,-121.58827410321385
324211,4324994,-121.60908342565952
324211,4380382,-121.60974852315697
11096,5855684,-63.17718481076075
11096,7637797,-63.76398721094525
11096,8790374,-64.19007160625615
11096,4680203,-64.2513971926639
11096,6029408,-64.53985674582013
11096,5734833,-64.54218858363993
11096,6152054,-64.58244065704203
11096,6152053,-64.58254428309017
11096,418058,-64.58269971880671
11096,1391571,-64.6790862484074
11096,4266266,-64.69949826024478
11096,5734830,-64.70022369269842
11096,4394898,-64.70068999582159
11096,8606620,-64.76325943498276
11096,8606621,-64.76325943498276
11096,1868423,-64.83427319766727
11096,5855681,-64.86924183581695
11096,5624376,-64.94791272890703
11096,4394901,-64.96806362968742
11096,116485,-64.98738760806191
11096,5640446,-65.01623208051794
11096,4891507,-65.05135610471392
11096,5624373,-65.05145974955758
11096,311066,-65.10428967395902
11096,5640454,-65.12081536389883
11096,8792078,-65.17074543428849
11096,5530073,-65.2750696805137
11096,1355603,-65.350268652761
11096,5530070,-65.35177162632428
11096,1391574,-65.39026125929914
11096,8296002,-65.39077964022304
11096,8606624,-65.39088331103366
11096,4328289,-65.39155712764395
11096,1391575,-65.39186809440514
11096,1967639,-65.39264544080473
11096,6345912,-65.39280089800003
11096,418056,-65.39300816799513
11096,8320882,-65.39305998437516
11096,4034809,-65.3931118003077
11096,6070834,-65.39347449930649
11096,5530068,-65.39425163762525
11096,116482,-65.45676938972883
11096,2883769,-65.45676938972883
11096,5734829,-65.45682121282208
11096,4680197,-65.55943448755158
11096,8296001,-65.56021213620237
11096,5623506,-65.56062684094141
11096,2597266,-65.56073051264767
11096,7552160,-65.56078234782908
11096,116480,-65.5618707832062
11096,5855683,-65.56212990538667
11096,5855682,-65.56233719507404
11096,2883768,-65.56238901637688
11096,5530072,-65.56487591271411
11096,4296475,-65.57382685507744
11096,2241267,-65.57413782452477
11096,4891509,-65.57527790796158
11096,5734828,-65.57631415949693
11096,5843687,-65.63976461182412
11096,7310605,-65.64038638959094
11096,5734834,-65.64049001295456
11096,5640448,-65.64069725431304
11096,5754511,-65.64069725431304
11096,4394902,-65.64111171555678
11096,5327717,-65.6420441486911
11096,2883772,-65.6421477434285
11096,2597275,-65.67794333175092
11096,8296006,-65.67840987659778
11096,8296004,-65.67939468549092
11096,4891514,-65.67944651306058
11096,5624375,-65.67949834018259
11096,5640447,-65.68012023073041
11096,418053,-65.68053478862186
11096,1967637,-65.68167467515477
11096,1898573,-65.68234814269304
11096,403335,-65.7116067691005
11096,2720039,-65.79619291225416
11096,1294904,-65.7965039219992
11096,2568674,-65.79702223575212
11096,1391573,-65.79743685451896
11096,4394897,-65.7980587289527
11096,5640452,-65.79805872895271
11096,5640453,-65.79816236842554
11096,1967642,-65.79862872390092
11096,4394900,-65.79873235352862
11096,7310612,-65.79925047482114
11096,8790377,-65.80380801396925
11096,116488,-65.81318521148711
11096,472573,-65.81339251012673
11096,4296478,-65.86067959686686
11096,8296003,-65.86187172365086
11096,1967640,-65.86259725009027
11096,5530069,-65.86280452724577
11096,8542321,-65.86306361362088
11096,7695272,-65.8637371858428
11096,7537783,-65.93428416622966
11096,264612,-65.93454314524809
11096,6195490,-65.94940134276354
11096,8724971,-65.94991954012796
11096,2713637,-65.9657809231825
1134787,5828295,-30.19160094114264
1134787,7014316,-30.425915138309303
1134787,1924234,-30.53657094825054
1134787,5985558,-30.54972619891263
1134787,7037499,-30.634406372193176
1134787,4733435,-30.63523545217876
1134787,4352105,-30.73028656909973
1134787,3629048,-30.730701058975605
1134787,8108984,-30.731193191334413
1134787,3051154,-30.788220172817184
1134787,2857318,-30.803876348363495
1134787,3089111,-30.952393645110607
1134787,2369057,-30.954362642115527
1134787,4733434,-30.990393575775066
1134787,5999746,-30.990782084549434
1134787,2362,-31.067225102804933
1134787,138831,-31.067743125685563
1134787,5814766,-31.068235164583637
1134787,1243171,-31.106647988583894
1134787,4599193,-31.10874640708372
1134787,6874894,-31.10934198684805
1134787,6390595,-31.17092734388973
1134787,8460950,-31.171031012909122
1134787,5304656,-31.193555701927494
1134787,3760959,-31.240853107609233
1134787,7595842,-31.241060377604395
1134787,1924235,-31.241164007232115
1134787,6211275,-31.28979872561755
1134787,434612,-31.290498168225405
1134787,1774260,-31.31563465489532
1134787,4199564,-31.395081515362843
1134787,4312902,-31.42410726662995
1134787,8686361,-31.424443968420434
1134787,8686363,-31.42462525373336
1134787,8686360,-31.42511725865451
1134787,3860675,-31.48105635437896
1134787,6836426,-31.48230015697767
1134787,8460944,-31.511879848451024
1134787,1525576,-31.51242406613959
1134787,980782,-31.512968185121764
1134787,8108978,-31.513045908349362
1134787,302638,-31.514159720058903
1134787,2662173,-31.576366534183286
1134787,5142636,-31.576522037712387
1134787,4312900,-31.578050726570922
1134787,5065516,-31.578180240677185
1134787,6098702,-31.578180240677185
1134787,7277183,-31.578698241196474
1134787,2719922,-31.645359405670234
1134787,6553323,-31.646110931400965
1134787,138840,-31.64647366955628
1134787,138834,-31.64649957774629
1134787,2648881,-31.64652548571256
1134787,7014318,-31.64673274138842
1134787,5985554,-31.646914078360062
1134787,138835,-31.647069501326435
1134787,286372,-31.647095404371335
1134787,7400014,-31.647458023518066
1134787,2354,-31.6479759748492
1134787,4540884,-31.68180480261322
1134787,5982771,-31.682115793551567
1134787,6899119,-31.682426752254802
1134787,2785778,-31.68273767872961
1134787,3761081,-31.682789496675888
1134787,8645860,-31.72011525602538
1134787,1283202,-31.75925823118162
1134787,168994,-31.759646901024404
1134787,511937,-31.760190954222207
1134787,5814768,-31.761045695668702
1134787,2334691,-31.799276815089456
1134787,4254376,-31.79935457390753
1134787,29146,-31.799536003312106
1134787,8374196,-31.799639672331494
1134787,5501852,-31.799743337768582
1134787,168999,-31.800028399251378
1134787,4247586,-31.800157963698915
1134787,138833,-31.800183875916954
1134787,2369063,-31.800572532332275
1134787,1924239,-31.80062434938354
1134787,5814759,-31.800753888096203
1134787,4733436,-31.80103885357674
1134787,8686362,-31.801349694141706
1134787,5724811,-31.93273044688038
1134787,4002969,-31.932808207713983
1134787,7126598,-31.933067395936625
1134787,673848,-31.93309331352733
1134787,5610636,-31.93340430715224
1134787,3811016,-31.93350796453006
1134787,2924099,-31.933585705213062
1134787,1573474,-31.933611618326392
1134787,6948200,-31.933637531215894
1134787,1981413,-31.933767092306134
1134787,8506615,-31.93381891517556
1134787,2924193,-31.93384482627458
1134787,6051335,-31.933896647801244
1134787,168995,-31.933896647801244
1134787,4828589,-31.933948468432767
1134787,6436392,-31.93400028816918
1134787,138836,-31.93400028816918
1134787,1551463,-31.934026197701726
89928,2305811,-93.22025714790045
89928,124056,-93.51666884765001
89928,124057,-93.51697972042535
89928,3171367,-93.90775639074016
89928,7240369,-94.1506644435357
89928,1161324,-94.22488062458865
89928,6332097,-94.43889047993059
89928,1924856,-94.44379965108538
89928,2596462,-94.55519696552992
89928,180548,-94.59896075905024
89928,5337926,-94.70911448372865
89928,7326099,-94.70911448372865
89928,3023983,-94.72672796461332
89928,6703726,-94.75311143887751
89928,128424,-94.86659556459902
89928,6574104,-94.86838293643434
89928,1168683,-94.93304623987892
89928,2141642,-94.97672130338158
89928,409587,-95.011923119273
89928,8490798,-95.07142564874458
89928,224557,-95.11403552454502
89928,1168681,-95.1798175797393
89928,6511751,-95.1798175797393
89928,2944060,-95.26069995300689
89928,2016880,-95.26626838702146
89928,8574304,-95.36252770569213
89928,5337923,-95.3810205832103
89928,2596465,-95.40094030095017
89928,3560543,-95.40117349681313
89928,2596463,-95.40125122742472
89928,3496541,-95.41315466033083
89928,5641534,-95.4176991296888
89928,5721801,-95.42072986447633
89928,1509484,-95.43237537028092
89928,5588576,-95.44913383262053
89928,5566599,-95.46773279569953
89928,5306579,-95.49621452128301
89928,2596469,-95.5190342630811
89928,2141646,-95.52129919381125
89928,1137880,-95.5361618905125
89928,128418,-95.54469383683565
89928,2587805,-95.56411937563666
89928,152593,-95.56411937563666
89928,1424369,-95.56738303252223
89928,6151496,-95.58769154624426
89928,4336927,-95.6115104673365
89928,6205628,-95.62640372849442
89928,184169,-95.62749201815352
89928,321318,-95.62780293388676
89928,2937132,-95.62826928734825
89928,2937133,-95.62826928734825
89928,5242644,-95.66808081882492
89928,6018501,-95.6795462619401
89928,6018500,-95.6799347640057
89928,6438803,-95.68901102981678
89928,2587807,-95.68963284517244
89928,6812976,-95.69025461756944
89928,5536137,-95.69336283538277
89928,5729176,-95.74721810094715
89928,1767224,-95.7548708572364
89928,1405727,-95.75633582652729
89928,3510684,-95.75665819820563
89928,8404955,-95.76682705599131
89928,956194,-95.77625559259937
89928,7072630,-95.78671886905605
89928,2784869,-95.81130125375543
89928,8271554,-95.84545656128076
89928,5224108,-95.8495472798086
89928,6019499,-95.84978049581414
89928,4736793,-95.8590655244788
89928,100927,-95.86816247611833
89928,5640838,-95.87451893628761
89928,5413161,-95.88700321363862
89928,282355,-95.8880913717165
89928,6035619,-95.88995647952812
89928,6193902,-95.92721951973877
89928,1108311,-95.93657064700277
89928,6207082,-95.94265704419377
89928,1651087,-95.94829362774689
89928,6337617,-95.9645860755006
89928,8404962,-95.97529386062017
89928,8135809,-95.97816984359604
89928,4056110,-96.01384257702206
89928,4056115,-96.01392029756491
89928,5804239,-96.0408429669913
89928,5804235,-96.05357641346441
89928,6547468,-96.0569958959203
89928,739457,-96.0569958959203
89928,6643154,-96.09595287925241
89928,81140,-96.12319110567725
89928,5640837,-96.13516454841977
89928,6468797,-96.14049382652584
89928,2881796,-96.14064924815018
89928,4782635,-96.15753767538808
89928,348705,-96.15854826935063
89928,6025711,-96.15955874984812
89928,8404959,-96.1715926369277
89928,6337615,-96.18718553602923
89928,6915092,-96.18718553602923
89928,507935,-96.21124863199046
499920,923337,-31.9843446283579
499920,2635068,-32.27010976783711
499920,6359874,-32.270213417156924
499920,6811559,-32.27078342441328
499920,1603317,-32.27099067293023
499920,6592098,-32.2710165779882
499920,6334551,-32.33905081332123
499920,1272524,-32.493279231817
499920,3629732,-32.493434703110985
499920,1603316,-32.49387516136109
499920,3830082,-32.49403060177563
499920,7971366,-32.5800055571732
499920,2683662,-32.581404641748165
499920,930535,-32.674745552443355
499920,2806546,-32.674745552443355
499920,988589,-32.67573034858212
499920,348450,-32.675756259904944
499920,117058,-32.67585990295827
499920,3930497,-32.675911723142235
499920,988582,-32.67601536082491
499920,6627012,-32.67604126968617
499920,8491534,-32.67617081063624
499920,8205584,-32.676714821552494
499920,7927713,-32.780054227769405
499920,7595045,-32.78013198793115
499920,954455,-32.78036525632383
499920,1559283,-32.78041709128133
499920,1442870,-32.78044300842422
499920,7307020,-32.78052075850954
499920,1603314,-32.78052075850954
499920,5843332,-32.78054667475686
499920,1734017,-32.78062442215557
499920,8534250,-32.780728082219674
499920,3299935,-32.780728082219674
499920,2369589,-32.780728082219674
499920,2127728,-32.780831738702105
499920,1297893,-32.78088356560026
499920,5908874,-32.78088356560026
499920,4585853,-32.7809353916031
499920,5843331,-32.781064952693335
499920,1603312,-32.78109086423995
499920,5849927,-32.78109086423995
499920,6811560,-32.781116775562765
499920,3236851,-32.78119450818845
499920,1406918,-32.781324058088934
499920,5446606,-32.781349967397716
499920,4615759,-32.781349967397716
499920,2309850,-32.781349967397716
499920,6811558,-32.781375876482734
499920,5887828,-32.781401785344
499920,1437539,-32.781401785344
499920,8128746,-32.781401785344
499920,4229289,-32.78147951058527
499920,3779088,-32.78163495502688
499920,2579441,-32.781660861650764
499920,115018,-32.78171267422741
499920,1202942,-32.78217894715343
499920,3478672,-32.78217894715343
499920,2185035,-32.89770765867705
499920,168928,-32.89791502358753
499920,712128,-32.897940943193554
499920,6502706,-32.89804461937828
499920,37044,-32.8981223741656
499920,3821088,-32.89814829198021
499920,2600801,-32.89817420957091
499920,8493610,-32.89830379416592
499920,501588,-32.89830379416592
499920,4575936,-32.89835562643669
499920,613248,-32.89853703233244
499920,2745965,-32.898614774358485
499920,988580,-32.89874433992516
499920,240829,-32.898847988349715
499920,2590659,-32.89889981121915
499920,2441188,-32.89900345427248
499920,7462551,-32.89900345427249
499920,2657730,-32.89908118421277
499920,7683052,-32.89915891213912
499920,6200257,-32.89926254624166
499920,2718615,-32.89926254624166
499920,6669899,-32.89931436195045
499920,7940093,-32.89936617676431
499920,6534681,-32.89936617676431
499920,7678828,-32.89944389730715
499920,8086262,-32.89965114224485
499920,94084,-32.89975475934513
499920,377015,-32.8998583728667
499920,5887832,-32.89991017828555
499920,377014,-32.89998788473649
499920,605551,-33.03121312967991
499920,3491567,-33.03147233581808
499920,168926,-33.03149825520016
499920,6234172,-33.03167968460474
499920,8633133,-33.03204251050058
499920,3112509,-33.03214616698301
499920,5408922,-33.03219799388118
499920,3762854,-33.032249819884
499920,2683664,-33.032327557209584
499920,7709253,-33.032327557209584
499920,8373949,-33.03237938097424
499920,3570794,-33.032405292520856
527433,6186391,-60.89402750605126
527433,269423,-61.609077611502194
527433,4903731,-61.83348687691342
527433,1251475,-61.93807032135159
527433,1251481,-62.46424930183301
527433,269430,-62.56660492152004
527433,4351171,-62.792079988478264
527433,269428,-63.04018187048047
527433,4958697,-63.155997838725625
527433,2331984,-63.178168914042004
527433,1317224,-63.335883941494195
527433,4958696,-63.366563445061885
527433,422228,-63.406224207592054
527433,6186396,-63.44963649546008
527433,2331982,-63.55985669453031
527433,1251478,-63.580163044006014
527433,2981253,-63.60316560686246
527433,2331983,-63.694165359706545
527433,422229,-63.69509795387454
527433,6743093,-63.73462463956655
527433,7514088,-63.74041606066676
527433,7887794,-63.744457965351216
527433,4958693,-63.76196637210532
527433,269426,-63.762743698363195
527433,6743092,-63.867378712646875
527433,1317225,-63.888308939751894
527433,269424,-63.88908621901648
527433,4351170,-63.96620270392299
527433,5603305,-64.00712832538625
527433,1753605,-64.11941864230194
527433,1753610,-64.1195222781945
527433,269429,-64.13926060324678
527433,2496224,-64.25124168443276
527433,8617275,-64.25207101509513
527433,278402,-64.25253746322244
527433,5331576,-64.25471374180995
527433,2018341,-64.27232555177311
527433,2981256,-64.2739320399219
527433,422236,-64.29278934955127
527433,269425,-64.29335945774268
527433,5603301,-64.29475858459026
527433,4402993,-64.35841621205097
527433,4998549,-64.35888258363708
527433,1511550,-64.3590898482622
527433,1993691,-64.40958752526723
527433,653103,-64.40995038721132
527433,1251473,-64.42865266055345
527433,2193553,-64.43662083020264
527433,1721940,-64.45542449525324
527433,8306449,-64.47454074397812
527433,5603306,-64.54198134586046
527433,6186394,-64.54726460438368
527433,5878263,-64.5791236781724
527433,6045939,-64.57995309481734
527433,3430053,-64.58244065704203
527433,2331981,-64.5825960954431
527433,314447,-64.58373585402492
527433,3430046,-64.6111814551269
527433,1993699,-64.65722513763814
527433,3841707,-64.65852080450131
527433,1317222,-64.65945351142594
527433,3368120,-64.65960894848473
527433,1101462,-64.69701039717982
527433,5501454,-64.69747695008846
527433,653104,-64.69815079580441
527433,5603298,-64.69949826024478
527433,2004910,-64.69996461974775
527433,422232,-64.7011044570653
527433,6226697,-64.71353632217546
527433,6708088,-64.76191179593702
527433,542041,-64.76351856163959
527433,8338588,-64.76357038562806
527433,1721936,-64.76434769174524
527433,2981259,-64.76476221383598
527433,8761456,-64.76507308661137
527433,542049,-64.79231129692678
527433,3841705,-64.79314034110925
527433,5466810,-64.83416957877756
527433,4402995,-64.88036868895233
527433,6038411,-64.88099064396482
527433,1251480,-64.88130159729597
527433,5672164,-64.88150889056415
527433,1753608,-64.94641015768894
527433,1251477,-64.9465137953716
527433,2491651,-64.94656561354165
527433,6394980,-64.94729102093652
527433,3430047,-64.94729102093652
527433,1753603,-64.96759735072283
527433,8322920,-64.98500350893495
527433,2496227,-64.98526269603784
527433,3136613,-64.98531453211488
527433,7121927,-64.9854182029255
527433,7121922,-64.9854700376591
527433,1542069,-64.9856773721155
527433,7514089,-64.98852749459482
527433,5331575,-64.98878652951709
527433,2331989,-65.0529623986321
527433,3786813,-65.10257918684735
527433,1101457,-65.10299389516933
527433,5479497,-65.1031494034005
40578,965327,-60.77707336425461
40578,2627883,-60.98601152808169
40578,1471240,-61.11763732425169
40578,2627881,-61.69144710526997
40578,2276243,-61.99155169772031
40578,3808877,-61.99155169772031
40578,965329,-61.99155169772031
40578,2627882,-62.57939018124
40578,2208668,-62.57939018124
40578,6752471,-62.90789424821204
40578,2820143,-62.90872328523504
40578,1249073,-62.929745022596585
40578,3919066,-63.089697598690464
40578,6511213,-63.09088940631245
40578,3986726,-63.197234280175245
40578,1471242,-63.356864028783185
40578,2085002,-63.5999013157937
40578,4397665,-63.601974087368994
40578,8602576,-63.66609811147266
40578,5756872,-63.66609811147266
40578,2548663,-63.693232620560714
40578,2208667,-63.78300024584452
40578,597905,-63.88665040736973
40578,7443916,-63.95326202236133
40578,2085004,-63.96428528257924
40578,5729176,-63.966772629962556
40578,6573420,-64.00707651213847
40578,5489549,-64.06917930578494
40578,2820141,-64.07047502860895
40578,2892827,-64.0712523280128
40578,5462144,-64.17334750926042
40578,6001469,-64.18851717525557
40578,965330,-64.20519823914834
40578,1538093,-64.25321115761636
40578,6629653,-64.25440289319316
40578,5865248,-64.25455831951462
40578,1249077,-64.2939295117687
40578,5314006,-64.29403315213662
40578,5633864,-64.29413679071435
40578,6573416,-64.2942922452245
40578,6511212,-64.35800162909534
40578,5314008,-64.35841621205095
40578,6409607,-64.35877894863954
40578,1814234,-64.35945254412887
40578,1452951,-64.41176436783282
40578,3665696,-64.41264524629476
40578,6017784,-64.4269945005823
40578,3989227,-64.42984418004693
40578,6184945,-64.47443707227184
40578,2883122,-64.47578466475173
40578,6013708,-64.47588831317627
40578,1844463,-64.47671743612098
40578,2902124,-64.47739101415958
40578,6187619,-64.47739101415958
40578,1397076,-64.5397530875469
40578,6635059,-64.54001222987222
40578,6300980,-64.54135958957112
40578,1538096,-64.54161866252178
40578,5995702,-64.54167047576956
40578,4514591,-64.54198134586046
40578,4397658,-64.5844092459786
40578,2627886,-64.65898717608741
40578,2110371,-64.69903186449048
40578,6613216,-64.69923915596823
40578,7999682,-64.69923915596823
40578,7309245,-64.69955007975742
40578,462483,-64.70006825027039
40578,7042774,-64.70022369269842
40578,7042773,-64.70068999582158
40578,3287149,-64.71452109703999
40578,6204674,-64.71540207440823
40578,2892822,-64.76325943498276
40578,2300770,-64.76398496142217
40578,6187614,-64.76522851695916
40578,6178280,-64.7654875585915
40578,5633857,-64.76579839378847
40578,8583963,-64.79282946296479
40578,768522,-64.83370327162771
40578,965331,-64.86939729704018
40578,41814,-64.8795393153009
40578,847724,-64.88088698927314
40578,2627879,-64.88114612264481
40578,7386847,-64.88114612264482
40578,2717840,-64.88114612264482
40578,199443,-64.8826488755405
40578,5575582,-64.94527002501553
40578,5089764,-64.94635833817631
40578,648084,-64.94734283239461
40578,1566974,-64.96904787740924
40578,1448849,-64.98495167017079
40578,5462142,-64.9853663677441
40578,5989589,-64.98552187194488
40578,5749105,-64.98572920461017
40578,41806,-64.98609201953579
40578,5610727,-64.98681758357634
40578,2599764,-64.98733578989187
40578,5970817,-64.98738760806191
40578,8512567,-64.98749124305945
40578,5462149,-64.98754305988697
40578,2653941,-64.98775032272218
694342,6305089,-51.852681637335166
694342,5565594,-53.12662203539373
694342,2593464,-53.211495878299885
694342,8617643,-53.223313991307315
694342,3543537,-53.35697490586638
694342,2103210,-53.39139936863625
694342,7206967,-53.392824442166734
694342,5791447,-53.393040326970635
694342,5902573,-53.393126678282314
694342,6816088,-53.44645754262153
694342,6816086,-53.4465007169725
694342,938276,-53.508664095017025
694342,1634423,-53.50879367737309
694342,401008,-53.50888006374478
694342,401010,-53.508923256370934
694342,4126792,-53.509311973216825
694342,5813991,-53.51008931625988
694342,7548960,-53.51034840375378
694342,4126789,-53.510866538469266
694342,5791444,-53.511470961116856
694342,4284578,-53.57852078544967
694342,2680407,-53.61627022959652
694342,1025276,-53.642195487641544
694342,3911489,-53.64305930658725
694342,1447491,-53.64340479238359
694342,1447496,-53.6434911601028
694342,8069855,-53.64353434340295
694342,4126788,-53.64392297632208
694342,4334382,-53.644009335090956
694342,1634429,-53.69094245694598
694342,383186,-53.73180764633123
694342,6415307,-53.73180764633123
694342,7490499,-53.73189403494176
694342,7048339,-53.73189403494176
694342,2481837,-53.73375102913732
694342,6272578,-53.73426913700785
694342,4059045,-53.796302972603804
694342,3242136,-53.79790093413676
694342,6278601,-53.866634711417
694342,3567714,-53.913870028337655
694342,7536291,-53.91456113125261
694342,932112,-53.915770331545254
694342,5278925,-53.97888369299052
694342,1425649,-53.98013612768692
694342,544744,-54.01923054399548
694342,6816090,-54.01996483767107
694342,8069849,-54.02005121807309
694342,1995879,-54.0214762792956
694342,4057768,-54.021519456629214
694342,3242134,-54.021735337704676
694342,2544617,-54.02173533770468
694342,3913880,-54.021821687525076
694342,3242135,-54.13830931926727
694342,5225241,-54.1390866018888
694342,8106936,-54.15375536702483
694342,4830378,-54.15500767192012
694342,4830376,-54.155137202802436
694342,7567735,-54.20185447006881
694342,6857081,-54.201984051305445
694342,4438907,-54.20207043693088
694342,1014280,-54.20220001257067
694342,1583686,-54.20280465449382
694342,4133414,-54.20349558431373
694342,5791450,-54.2035387642575
694342,1919611,-54.270588169007254
694342,8516627,-54.27080414706392
694342,153446,-54.27080414706392
694342,48240,-54.27089053567444
694342,6415305,-54.30712859636979
694342,8069853,-54.30751733672167
694342,1688356,-54.307733290524865
694342,101063,-54.30889927991534
694342,3170315,-54.30911517404089
694342,3543536,-54.30915835174737
694342,2010660,-54.38421922098144
694342,2011111,-54.38434880109868
694342,4126791,-54.385342137112964
694342,2474652,-54.42447966285123
694342,5348809,-54.42482524117669
694342,4768604,-54.424954826891174
694342,4386572,-54.4250412155017
694342,7421761,-54.42504121550171
694342,3747620,-54.42508440924725
694342,1728781,-54.42508440924725
694342,4526216,-54.42517079561894
694342,4150165,-54.42530037237806
694342,8745212,-54.4253867550186
694342,1270231,-54.42547313616678
694342,4069423,-54.42551632618125
694342,924467,-54.42551632618125
694342,7800003,-54.42568908250847
694342,5461461,-54.425948205808034
694342,1354647,-54.426034577257084
694342,5791441,-54.42607776242212
694342,6786797,-54.42638004813403
694342,8745207,-54.4264664121237
694342,3242139,-54.42676867434058
694342,5371922,-54.427027741698154
694342,3499390,-54.49044354066157
694342,2172250,-54.49061628355969
1125225,98239,-29.563199512342123
1125225,98237,-30.19196358533732
1125225,7162698,-30.298152837436326
1125225,3435457,-30.468077745046777
1125225,6192781,-30.468336794508115
1125225,3546821,-30.468595821602513
1125225,6321989,-30.70377330814357
1125225,3915090,-30.788738432846806
1125225,6738498,-30.8838413193829
1125225,6738499,-30.88505896226755
1125225,7166844,-30.88555106063653
1125225,840575,-30.971707688799974
1125225,6192778,-30.990160446357905
1125225,3226954,-30.991300017996274
1125225,3435452,-31.066836526934953
1125225,6201338,-31.067458224170622
1125225,681074,-31.171860236122285
1125225,3435449,-31.172248855616843
1125225,3277746,-31.17243019415436
1125225,6192777,-31.172533811254645
1125225,3435451,-31.173051843080355
1125225,3435450,-31.196974712338744
1125225,3101058,-31.24056808798153
1125225,4313512,-31.240619911746183
1125225,6321992,-31.24108628534692
1125225,5431291,-31.2415266827416
1125225,6201335,-31.290161419918512
1125225,6201336,-31.290679478581307
1125225,5471146,-31.291093861108834
1125225,6561661,-31.39622129363788
1125225,661025,-31.42296738008676
1125225,5785871,-31.423226483244523
1125225,5107337,-31.423744622435265
1125225,6738505,-31.42400365847598
1125225,7978269,-31.42408136492691
1125225,6494128,-31.482170618265002
1125225,444836,-31.482274249682604
1125225,681079,-31.512683182724942
1125225,3922365,-31.51283864193421
1125225,1716065,-31.512890459880495
1125225,5511299,-31.513486301941132
1125225,2984532,-31.5764183695886
1125225,2678793,-31.577118059914014
1125225,6201334,-31.577325344230445
1125225,681073,-31.57750670625934
1125225,5353892,-31.57758442948693
1125225,3546817,-31.57794711126002
1125225,5471150,-31.578206142827497
1125225,1737157,-31.578257946457207
1125225,917670,-31.578257946457207
1125225,2194336,-31.57895720791941
1125225,1549512,-31.64541124107555
1125225,8554269,-31.64543715844235
1125225,1611666,-31.645514909199342
1125225,6738497,-31.645903632761282
1125225,8455836,-31.646007283871654
1125225,1675637,-31.64618866469803
1125225,1875616,-31.646240485777113
1125225,3277752,-31.646810458575583
1125225,5585829,-31.64693998274697
1125225,661029,-31.647199014314445
1125225,6030071,-31.647199014314445
1125225,661027,-31.647458023518066
1125225,6262411,-31.682608129947994
1125225,3546820,-31.682659950131956
1125225,3913465,-31.682685859888274
1125225,6192782,-31.682970852439823
1125225,6192780,-31.682996759511155
1125225,1531262,-31.683437145497308
1125225,4121029,-31.758662172938713
1125225,4922901,-31.758765843749348
1125225,4406282,-31.75881767781124
1125225,3291604,-31.760035520518965
1125225,661028,-31.76006142669543
1125225,252732,-31.760942103614198
1125225,4415340,-31.76101979799043
1125225,5932214,-31.799613755412494
1125225,4791453,-31.799639672331494
1125225,5932217,-31.799639672331494
1125225,98235,-31.799717421745136
1125225,98244,-31.799717421745136
1125225,5506013,-31.79979516914384
1125225,325211,-31.800235699681608
1125225,5797541,-31.800235699681608
1125225,7633196,-31.800287522551038
1125225,5127783,-31.800365255176725
1125225,681072,-31.80059844096978
1125225,7162695,-31.80077979516754
1125225,5127782,-31.8009870436845
1125225,6545709,-31.80101294874246
1125225,4903118,-31.801038853576735
1125225,5517472,-31.8015051023473
1125225,5353886,-31.80160870334533
1125225,4220022,-31.802411489795976
1125225,586667,-31.88810203956386
1125225,2247908,-31.933352477120188
1125225,1202649,-31.933404307152237
1125225,6595193,-31.93376709230613
1125225,855375,-31.93379300385275
1125225,4449583,-31.933922558228893
1136427,3689945,-51.787365900700074
1136427,8387948,-52.25970081409386
1136427,8387944,-52.634491030124366
1136427,735510,-52.69980679360767
1136427,3118638,-53.0251428397479
1136427,6031460,-53.041640010636826
1136427,7612575,-53.05492713201504
1136427,1367555,-53.103198986908865
1136427,4315630,-53.103242181400695
1136427,3689949,-53.10427873727476
1136427,2381167,-53.17232144075188
1136427,118587,-53.21080512148835
1136427,920543,-53.22331399130731
1136427,494315,-53.32621295250859
1136427,1874201,-53.39230628060349
1136427,1904650,-53.41516776266211
1136427,7633381,-53.41693778879927
1136427,3757150,-53.43103970441471
1136427,4140498,-53.43285267494359
1136427,7612574,-53.45991712533942
1136427,8083831,-53.5106506555296
1136427,2269010,-53.51190264684992
1136427,224413,-53.51970969779937
1136427,5485408,-53.582406124964805
1136427,8306667,-53.59822330877568
1136427,908560,-53.61579527892627
1136427,6776396,-53.64340479238359
1136427,920551,-53.644959183118125
1136427,7164729,-53.73349195506799
1136427,3787702,-53.73362149378063
1136427,7633382,-53.786419266813155
1136427,7943916,-53.78987287208253
1136427,7490627,-53.797685023230216
1136427,1803463,-53.82201440825758
1136427,224418,-53.85609559056481
1136427,4672164,-53.8665483436978
1136427,1236315,-53.867541482408
1136427,2792990,-53.86762783297404
1136427,7557984,-53.91568396979315
1136427,3980719,-53.91749725341057
1136427,3249120,-53.94082904979808
1136427,6841492,-53.95368927170679
1136427,1038885,-53.953732454633986
1136427,1345537,-53.95442333075236
1136427,2061892,-53.95537312957056
1136427,5485411,-53.97970428909064
1136427,6041564,-53.97970428909064
1136427,1236318,-53.98039521294329
1136427,3577655,-53.981604099995955
1136427,5324424,-53.981604099995955
1136427,4860940,-54.01992164691043
1136427,5234048,-54.02022397440031
1136427,3249118,-54.020569469148924
1136427,7885838,-54.020914940025875
1136427,908559,-54.02121720746356
1136427,6618024,-54.0214331015891
1136427,2516336,-54.0214762792956
1136427,7939021,-54.0214762792956
1136427,2232611,-54.0484812272923
1136427,6477874,-54.04899945151111
1136427,1420728,-54.04943126400113
1136427,8036171,-54.04969033359592
1136427,5651785,-54.0498198633597
1136427,3249114,-54.051158141133726
1136427,5044255,-54.10693302390006
1136427,6091093,-54.1079263170155
1136427,3249119,-54.10866036338263
1136427,857645,-54.10874671469432
1136427,3249117,-54.10883306451471
1136427,2792991,-54.10904893254167
1136427,5579259,-54.10939430200078
1136427,818179,-54.10939430200078
1136427,6821492,-54.13770468256682
1136427,5481229,-54.153928117383295
1136427,5864717,-54.15440315009614
1136427,1236317,-54.154446332650394
1136427,3912300,-54.15457587807549
1136427,1236316,-54.15461905913802
1136427,965745,-54.15492131613427
1136427,2187721,-54.15522355485978
1136427,8387945,-54.20176808071197
1136427,2145427,-54.20185447006881
1136427,5149215,-54.20297739589996
1136427,4565927,-54.203150131338376
1136427,5867945,-54.20327967900112
1136427,8289444,-54.20332286080949
1136427,8240607,-54.203409223307446
1136427,1728590,-54.20379783608955
1136427,7633378,-54.204013719029206
1136427,4565929,-54.204618141676804
1136427,5366012,-54.27045857769504
1136427,2742938,-54.271840711891805
1136427,3462011,-54.271970267386905
1136427,4320824,-54.27205663585205
1136427,3495827,-54.272272550488076
1136427,7184387,-54.273006590516154
1136427,2498255,-54.29003195730864
1136427,1290234,-54.290075141354734
1136427,5959177,-54.29072285729334
1136427,6760896,-54.290895567373575
1128856,8618712,-40.045769240790435
1128856,6403354,-41.58758696554956
1128856,6177653,-41.676601814113646
1128856,6588151,-41.7567135891192
1128856,6313945,-41.803717042689016
1128856,3202806,-41.803717042689016
1128856,8388483,-41.803717042689016
1128856,7601002,-41.84085766914741
1128856,8754489,-41.84161787578769
1128856,5493752,-41.8428615387305
1128856,4453033,-41.87644360855742
1128856,8314064,-41.87682354284635
1128856,3468489,-41.9385516495431
1128856,5136004,-42.032065473846124
1128856,8754488,-42.0321000267531
1128856,3883280,-42.032238235396335
1128856,6753650,-42.03244553940772
1128856,7104059,-42.032756475281666
1128856,5499179,-42.04525890261281
1128856,8413363,-42.04532795384882
1128856,5653542,-42.056446917476066
1128856,8618714,-42.07350937502981
1128856,8786679,-42.0750291843811
1128856,8310513,-42.0750291843811
1128856,1718491,-42.07692813438375
1128856,4728617,-42.13676942755456
1128856,7151790,-42.13732232899212
1128856,1509001,-42.13801334833374
1128856,1474197,-42.1397058413753
1128856,1227972,-42.140085690385604
1128856,3448273,-42.16110801954244
1128856,325503,-42.242406403484296
1128856,1756202,-42.24254462645524
1128856,7087147,-42.242579181451674
1128856,3883279,-42.242821058068756
1128856,8128333,-42.24285561067726
1128856,3379265,-42.24295926671199
1128856,1465743,-42.24302836924287
1128856,7618581,-42.24396113658643
1128856,1492719,-42.244617398056285
1128856,8163500,-42.24510089025193
1128856,6809633,-42.24575696476965
1128856,3448269,-42.25648728397543
1128856,5493157,-42.25728167145781
1128856,6263444,-42.25759247579368
1128856,167947,-42.29381030354213
1128856,8631944,-42.29443215112163
1128856,5578360,-42.294604869405184
1128856,1086904,-42.294984823379224
1128856,3809687,-42.295053902042554
1128856,1109000,-42.295744623070675
1128856,8809502,-42.295744623070675
1128856,3066867,-42.295744623070675
1128856,867614,-42.296331642180064
1128856,2281565,-42.296676907300736
1128856,5714870,-42.36012032586401
1128856,2793800,-42.360154882651614
1128856,5714863,-42.360154882651614
1128856,7861392,-42.36018943914067
1128856,4948586,-42.36036221710806
1128856,4138544,-42.36122599501684
1128856,6177649,-42.36146781940923
1128856,1227973,-42.36153690940758
1128856,1908936,-42.36177871500459
1128856,8631938,-42.36236589631946
1128856,1268972,-42.38832575961831
1128856,2505021,-42.39012230130582
1128856,4277517,-42.39060584777435
1128856,68260,-42.39064038457116
1128856,6384086,-42.39064038457116
1128856,991554,-42.39067492106977
1128856,3902145,-42.39091666821096
1128856,3859522,-42.39095120232419
1128856,7544684,-42.391987087105065
1128856,2220607,-42.44809918007513
1128856,5578359,-42.44906642335017
1128856,5272863,-42.449135503206485
1128856,2191378,-42.47776513138449
1128856,1047602,-42.4777996893663
1128856,5606239,-42.4777996893663
1128856,5728207,-42.4777996893663
1128856,8824633,-42.477868804434245
1128856,2772843,-42.477972474797056
1128856,7896851,-42.477972474797056
1128856,7573448,-42.478007030987584
1128856,8618711,-42.478110697768
1128856,1817278,-42.47817980746236
1128856,5051695,-42.47831802326908
1128856,590905,-42.47831802326908
1128856,6997256,-42.47835257647454
1128856,7618577,-42.47838712938152
1128856,56799,-42.47842168199003
1128856,1611371,-42.47845623430006
1128856,7224300,-42.478490786311646
1128856,7012899,-42.47866354189275
1128856,8371382,-42.47869809211366
1128856,8784037,-42.47869809211366
1128856,8371383,-42.47890538717231
1128856,3181657,-42.47918176387386
1128856,5462383,-42.47918176387386
719381,5512425,-40.58023360351199
719381,7899946,-41.198202716336766
719381,1170657,-41.803751571734416
719381,4012955,-41.85002033195104
719381,1151062,-41.93924234075405
719381,168356,-41.98386266850649
719381,7605011,-42.20648796650639
719381,2672708,-42.20876777900172
719381,7605008,-42.360189439140676
719381,5605716,-42.36056954081817
719381,7174079,-42.47904357791009
719381,4279712,-42.494550097953976
719381,6886792,-42.49475738764136
719381,884757,-42.54261466361063
719381,5117472,-42.63035163911304
719381,6297801,-42.72593820278011
719381,168355,-42.725938202780114
719381,1257671,-42.74786787670765
719381,3655193,-42.767174737290894
719381,5349076,-42.83126417149944
719381,6010108,-42.83154053865332
719381,6898909,-42.90032613656501
719381,6970612,-42.900878842232856
719381,4075221,-42.94790699076613
719381,282648,-42.94811432701374
719381,884755,-42.948287099010884
719381,7689808,-42.9485289672705
719381,2860699,-42.94863262061915
719381,884751,-42.949358118861376
719381,3279104,-42.949427207069746
719381,3923586,-43.05316383426985
719381,5250974,-43.053509397668
719381,7809407,-43.053647614668705
719381,1663742,-43.05458045452247
719381,239168,-43.05461499996916
719381,1291318,-43.05468408996753
719381,3181656,-43.05499498019321
719381,569140,-43.08185304513935
719381,3279108,-43.081922151251774
719381,4925567,-43.0828895114859
719381,5272893,-43.17094686992624
719381,1527105,-43.17177617193336
719381,3181650,-43.172225305408524
719381,3505457,-43.235450833082
719381,1156185,-43.23551994874707
719381,4588267,-43.23551994874707
719381,7130336,-43.23555450613176
719381,7898433,-43.23569273268511
719381,7162491,-43.23583095446196
719381,8801550,-43.23600372496661
719381,4591690,-43.23638379381117
719381,981065,-43.23659108886982
719381,2854135,-43.23700564676148
719381,1170653,-43.23769648111839
719381,4960464,-43.23773101970447
719381,7016786,-43.30451282023402
719381,3240061,-43.305031149659015
719381,7582511,-43.30516935949611
719381,2140494,-43.30541121522061
719381,3422711,-43.30568760385769
719381,7985673,-43.30720740008512
719381,4588272,-43.340811348739834
719381,7332885,-43.34094957887574
719381,5321732,-43.34105324834293
719381,4652584,-43.34108780423493
719381,778328,-43.34205524802856
719381,6925473,-43.34253888219445
719381,6601877,-43.34343690482149
719381,6108552,-43.4176687141391
719381,7558802,-43.41797973328853
719381,474085,-43.419085383340054
719381,6075418,-43.41932720355544
719381,1234558,-43.419361748107114
719381,1170654,-43.42001803791234
719381,7174086,-43.45800685302054
719381,1638828,-43.45828334912379
719381,239637,-43.45838703023526
719381,5649848,-43.45842159000854
719381,2404061,-43.45869805744597
719381,5987120,-43.458732614532124
719381,1002002,-43.45883628399931
719381,5321345,-43.45893995077972
719381,761057,-43.45897450577616
719381,761051,-43.459112722776865
719381,7558807,-43.45914727628082
719381,2515320,-43.45918182948627
719381,1184645,-43.459216382393244
719381,5321343,-43.45932003932337
719381,7566456,-43.45942369356737
719381,8457590,-43.459630993997564
719381,4352731,-43.46014919807569
719381,351196,-43.460667335028646
719381,6943942,-43.59233312043331
719381,1782334,-43.59236767662384
719381,1590262,-43.592436788109296
719381,5212692,-43.59247134340425
719381,7578799,-43.59281687993632
719381,4302158,-43.59357695525516
719381,7985672,-43.594302346990276
719381,2511329,-43.64063946658684
53175,4121702,-72.84658435866785
53175,6621349,-73.66941536245578
53175,4478435,-73.75902752114547
53175,8234472,-74.04465457432748
53175,8565386,-74.12354976794586
53175,6149031,-74.17945531479565
53175,7879977,-74.19175695443985
53175,6504857,-74.43028620913401
53175,3452829,-74.44999878015922
53175,5925083,-74.48064773651079
53175,4112338,-74.51502089787382
53175,3575633,-74.54087799462542
53175,301075,-74.71145729963548
53175,577073,-74.7658517295777
53175,6501991,-74.85866709325501
53175,3036407,-74.94459075367031
53175,6878531,-75.10310979367175
53175,6961906,-75.15726092259146
53175,577068,-75.21992564452522
53175,3034367,-75.22173900642196
53175,7090732,-75.24176039868729
53175,6441200,-75.24651285515974
53175,7811556,-75.32383513236648
53175,6034376,-75.32703908425087
53175,5448758,-75.39500443280019
53175,8565385,-75.40267036111393
53175,5188094,-75.4140504612405
53175,6238252,-75.41417133637648
53175,5188095,-75.42281261859834
53175,8260472,-75.44379459696962
53175,3575632,-75.51333146997659
53175,2881226,-75.52871716396218
53175,2455235,-75.54746239304066
53175,1104819,-75.54794606897796
53175,2292413,-75.54806698274055
53175,8273885,-75.54818789441458
53175,3673118,-75.54867152022656
53175,301073,-75.57811175599784
53175,8273888,-75.61218229657119
53175,5358488,-75.6134518417407
53175,4843665,-75.62575346259503
53175,6740997,-75.66699859498496
53175,6741003,-75.68262605802887
53175,5925084,-75.69017108250027
53175,5925089,-75.69119867642118
53175,8565384,-75.73105352789771
53175,6058070,-75.73135577445323
53175,5098243,-75.80107398443214
53175,3656444,-75.84974326407219
53175,6636483,-75.86428266091573
53175,1439894,-75.9154905365726
53175,6874348,-75.92475520778322
53175,2883772,-75.92584302765624
53175,6058069,-75.93400093353287
53175,5652638,-75.95196004900161
53175,5652641,-75.95196004900161
53175,836090,-75.9523833257686
53175,2405002,-75.95504333668246
53175,3575631,-75.95504333668246
53175,3896583,-76.01843334074299
53175,6636482,-76.01867514947232
53175,6754039,-76.01909829465008
53175,2090231,-76.02248253554964
53175,3348179,-76.08712393957131
53175,7090733,-76.1338583034323
53175,8565375,-76.13422113559658
53175,3232768,-76.1349467435098
53175,844172,-76.13518859610068
53175,3007259,-76.13669998550523
53175,5925091,-76.13954051445242
53175,7353447,-76.20069444404942
53175,5925090,-76.20166163720461
53175,6450700,-76.20202430018718
53175,2426515,-76.2389164445863
53175,7378828,-76.23915834523426
53175,3564381,-76.23946070928928
53175,3421930,-76.23952118053303
53175,2951847,-76.24175824938727
53175,6754042,-76.24200005185196
53175,4337763,-76.24260452147342
53175,6692891,-76.27023137812975
53175,7425758,-76.27180287701817
53175,6636456,-76.35754609594065
53175,6636452,-76.35772750026932
53175,1755117,-76.35796936539498
53175,8273886,-76.3587553693431
53175,2541943,-76.3599644338756
53175,5638479,-76.36153590562594
53175,7394100,-76.3743223486181
53175,8014788,-76.37492692265288
53175,6740995,-76.37577323858882
53175,6219258,-76.37649857081755
53175,5516256,-76.37655901177752
53175,5177543,-76.37680077039882
53175,7653580,-76.37819072046015
53175,3735093,-76.42244742103459
53175,4224266,-76.42365663176848
53175,7070546,-76.42438205795702
53175,6878758,-76.42462384998136
53175,552737,-76.42571181074788
131651,3514473,-51.42055655885892
131651,4636782,-51.71759569288404
131651,2062600,-51.808104132052385
131651,2062607,-51.92085411114329
131651,5920283,-52.05964506020897
131651,4386031,-52.12185137088705
131651,4386032,-52.121937768454096
131651,3514476,-52.16154113935015
131651,1658449,-52.29252793204645
131651,3695982,-52.2939098991126
131651,2133747,-52.41242694944195
131651,2062602,-52.480297166624
131651,7951848,-52.48042671652446
131651,1370555,-52.483448595016064
131651,5294812,-52.49822930366153
131651,2062605,-52.567999437631585
131651,4386033,-52.63211537407467
131651,8334290,-52.63332494001919
131651,8043573,-52.66637430840815
131651,3273992,-52.689965760970495
131651,626271,-52.79619329971559
131651,8195113,-52.81633754599967
131651,2840564,-52.85572468778986
131651,2133752,-52.855897394887265
131651,5512333,-52.92187080903176
131651,1812153,-52.923166224133176
131651,2133755,-52.92329574718613
131651,1370548,-53.0192504833106
131651,3456223,-53.03904920276499
131651,3587144,-53.04073338057827
131651,3338454,-53.10475375357682
131651,1502650,-53.1316722174825
131651,974420,-53.1316722174825
131651,553275,-53.17197588033914
131651,737958,-53.17361707963866
131651,2133748,-53.174394301848054
131651,6757205,-53.174437477317475
131651,2133746,-53.17607786895411
131651,6476007,-53.19055590938537
131651,7941106,-53.19068548278655
131651,6211354,-53.21015745029716
131651,7628608,-53.221845841510934
131651,2765412,-53.22292540537134
131651,4636784,-53.28565012605888
131651,3514472,-53.28677303249095
131651,7357914,-53.30814156809156
131651,3514471,-53.327854123455595
131651,3497865,-53.3289767195934
131651,1000281,-53.35490215218347
131651,3816121,-53.35542042116553
131651,3350619,-53.35619772392652
131651,8127862,-53.35697490586638
131651,1370551,-53.39126979635434
131651,8387510,-53.4307374787384
131651,7099202,-53.46052180904739
131651,3514470,-53.46108323558963
131651,7445391,-53.461990022242496
131651,3884881,-53.499501323994195
131651,7825212,-53.507454497720616
131651,1758089,-53.50792973155763
131651,3169276,-53.50810253266357
131651,3169273,-53.50810253266357
131651,7571052,-53.50836172312542
131651,6583821,-53.50853450930255
131651,1370553,-53.508620900152025
131651,8334294,-53.50866409501702
131651,1112351,-53.5093551621121
131651,1658452,-53.509398350634314
131651,5920282,-53.51008931625988
131651,7322148,-53.51030522343709
131651,420894,-53.51043476326844
131651,7683832,-53.51177314504336
131651,6211361,-53.51207531070793
131651,7322146,-53.61519073099783
131651,1170649,-53.61605434852105
131651,1170650,-53.61618387828484
131651,799051,-53.6163997537679
131651,2058318,-53.642109097538395
131651,228035,-53.64284336584135
131651,5920281,-53.6434911601028
131651,2133749,-53.64409569236828
131651,6209687,-53.64409569236828
131651,8334291,-53.6914175799384
131651,2698683,-53.69387885803911
131651,6430003,-53.694785339383195
131651,2237702,-53.703281606586145
131651,3816115,-53.731116483708206
131651,4386036,-53.7311596841713
131651,7571050,-53.73115968417131
131651,7554990,-53.73159166827457
131651,7124341,-53.73189403494176
131651,3311591,-53.73198042205971
131651,6478041,-53.73267146527693
131651,3695976,-53.73370785105797
131651,3695977,-53.73474402206443
131651,867563,-53.795611804009404
131651,4599676,-53.796173385769826
131651,7678189,-53.79647574982487
131651,6820615,-53.79647574982487
131651,491120,-53.79647574982487
1037798,1232012,-41.34074918618069
1037798,6155141,-41.66946047124981
1037798,408449,-41.8436558987768
1037798,5732887,-41.844035754345654
1037798,5732888,-41.844104815119124
1037798,8385583,-41.844104815119124
1037798,8385584,-41.84417387470029
1037798,6155140,-41.84434651843701
1037798,7407776,-41.84441557384535
1037798,684596,-41.87716890634164
1037798,684595,-41.87730704339087
1037798,6526050,-42.03220368368322
1037798,452036,-42.035726421976335
1037798,6543291,-42.05385730604312
1037798,6412269,-42.07285291516092
1037798,8760864,-42.07333663287767
1037798,5732889,-42.07447659324585
1037798,6886352,-42.12834519280268
1037798,4114353,-42.20738622958032
1037798,4114345,-42.20973457975914
1037798,4092429,-42.244375630041255
1037798,2934328,-42.24461739805628
1037798,6279828,-42.29581368861388
1037798,7950016,-42.36056954081816
1037798,2010301,-42.36160599821261
1037798,1208969,-42.36264218711564
1037798,7755931,-42.44740814879561
1037798,811307,-42.44744270319504
1037798,1584154,-42.44937727330909
1037798,1208967,-42.449480884594095
1037798,4092425,-42.47945812148072
1037798,1780966,-42.49417003895817
1037798,5732886,-42.49531010762911
1037798,408448,-42.49531010762911
1037798,4092426,-42.49534465009259
1037798,4092424,-42.49534465009259
1037798,8385580,-42.495379192257786
1037798,3681010,-42.54327116317371
1037798,3620983,-42.54430752210514
1037798,6907802,-42.64935715827612
1037798,7623882,-42.65253389917616
1037798,8224675,-42.72486710891911
1037798,5888975,-42.72669815994845
1037798,8553372,-42.74541536172359
1037798,3315969,-42.746900867265964
1037798,4657680,-42.74717717953348
1037798,6886344,-42.74745347271519
1037798,4718,-42.747488008021065
1037798,4296396,-42.76568910343937
1037798,7943228,-42.767036562067425
1037798,6155139,-42.76724382311276
1037798,6149690,-42.83112598076166
1037798,831935,-42.83112598076166
1037798,6543295,-42.83122962426257
1037798,3014139,-42.832749420489996
1037798,4297405,-42.89908226951055
1037798,6966723,-42.899877006969064
1037798,6966722,-42.900222495749524
1037798,7783409,-42.90039522895016
1037798,408455,-42.90049886529025
1037798,1512247,-42.90080975820076
1037798,1157577,-42.90112062694954
1037798,1489964,-42.90129332137111
1037798,7068989,-42.901327859360734
1037798,2806462,-42.90201855653491
1037798,1787250,-42.947976104042795
1037798,8544055,-42.949738089241244
1037798,8760867,-43.053094718007664
1037798,2787508,-43.053405731783144
1037798,5904351,-43.05347484267156
1037798,2403951,-43.05368216817265
1037798,6526047,-43.0541658858894
1037798,1604410,-43.05440772281365
1037798,4147212,-43.054856809742674
1037798,1057610,-43.05537492432444
1037798,5438881,-43.05572029676566
1037798,3426650,-43.05585843739283
1037798,239746,-43.081922151251774
1037798,3683788,-43.08268223970072
1037798,7407773,-43.08275133148917
1037798,1777076,-43.082785876935866
1037798,3435870,-43.08295859969427
1037798,6487091,-43.083027686709364
1037798,6943532,-43.17046303100946
1037798,2940991,-43.17087775366406
1037798,2868741,-43.171119655357
1037798,8387285,-43.1718452726736
1037798,3641634,-43.17222530540852
1037798,4712,-43.173296112535795
1037798,7755932,-43.23527803869433
1037798,5748541,-43.235658176494574
1037798,7807642,-43.2356927326851
1037798,239747,-43.23600372496661
1037798,811306,-43.23603827817206
1037798,1482667,-43.23631469307094
1037798,8841146,-43.236902011316424
1037798,6880095,-43.23728199482198
1037798,5929556,-43.23752378371444
1037798,4706703,-43.23752378371444
1037798,1052963,-43.23831813004341
915593,2019722,-96.37106155066671
915593,5688163,-96.63360316694268
915593,1480482,-96.75084235604994
915593,552905,-97.03728122725656
915593,1815965,-97.07911333586897
915593,1772930,-97.19324388445966
915593,5661702,-97.21217853607678
915593,691209,-97.36780540905556
915593,5360535,-97.49644112607271
915593,5532274,-97.54927235722079
915593,6106066,-97.57464576570123
915593,8399023,-97.67124996590069
915593,515990,-97.85624121096829
915593,5394896,-97.88561374883282
915593,4566084,-97.91150659161386
915593,4566085,-97.91251684525767
915593,2203205,-97.918447516205
915593,275732,-98.05434668545429
915593,3319046,-98.06980075169963
915593,5661706,-98.14617696509283
915593,4448610,-98.21987387023933
915593,6923052,-98.29045695565031
915593,2656199,-98.29387688107491
915593,2656200,-98.29411001049195
915593,316344,-98.35483999475035
915593,4509975,-98.35693877565318
915593,3675656,-98.42178818567393
915593,6521993,-98.42365329348554
915593,82107,-98.45856778682207
915593,3924449,-98.45918981168603
915593,82109,-98.46027825176269
915593,8178998,-98.46198839168838
915593,6401264,-98.54011525103623
915593,1791108,-98.57712834684136
915593,693010,-98.57899413129812
915593,8417908,-98.58047093639343
915593,6538193,-98.58047093639343
915593,1602261,-98.59754043991187
915593,8112072,-98.64205560497251
915593,2203206,-98.64835080610999
915593,6166540,-98.6752785354941
915593,6842877,-98.73349739732748
915593,5705733,-98.74967046414017
915593,6262748,-98.76442446956702
915593,611582,-98.84761144151412
915593,6923055,-98.86551013379274
915593,6586234,-98.86729804595768
915593,6884614,-98.86760895095034
915593,7861747,-98.86768667552039
915593,4566819,-98.93121472488747
915593,5639026,-98.93175883916891
915593,7674020,-98.93245836634071
915593,3319048,-98.93300240544261
915593,6832718,-98.93370183596836
915593,82114,-98.98243795545058
915593,2486599,-99.00183984054192
915593,2744909,-99.00957485057606
915593,5297404,-99.01143995838767
915593,2923498,-99.01400385068702
915593,3523599,-99.04697647658817
915593,1503183,-99.04736522029812
915593,5833221,-99.05016367944073
915593,6453123,-99.05101859064717
915593,82113,-99.15218149006034
915593,8103067,-99.15288122873851
915593,111545,-99.15451374078165
915593,2182503,-99.16003099424302
915593,670481,-99.16600343301569
915593,3538163,-99.16864619394252
915593,5931268,-99.17198739828216
915593,6220133,-99.26996452571672
915593,8103065,-99.27043102421365
915593,82106,-99.27050877161233
915593,2656205,-99.271519426682
915593,6101769,-99.2716749020046
915593,4592328,-99.27237450772103
915593,7659320,-99.27260769754187
915593,7655242,-99.27322950752733
915593,7324162,-99.27369583682503
915593,1327466,-99.29883514136158
915593,618088,-99.33769030476611
915593,4408497,-99.33815663809094
915593,127971,-99.33846751355077
915593,3538164,-99.38860279014743
915593,1226636,-99.40505081930652
915593,7223982,-99.40543950257727
915593,5910249,-99.40714950957789
915593,8178997,-99.44048555513481
915593,1618162,-99.45290807513337
915593,3597098,-99.45298582118885
915593,4283901,-99.45430740138654
915593,2534054,-99.45500698293347
915593,6077504,-99.45586195320448
915593,224010,-99.45601739361898
915593,4439156,-99.45671684226382
915593,3382376,-99.45718311116292
915593,7039519,-99.51993413699002
915593,1418868,-99.52117764956964
915593,341356,-99.52141078905181
915593,3948554,-99.52172163230048
264014,4239616,-72.84309937711262
264014,6641238,-73.24663046633454
264014,7313943,-73.35265586125684
264014,3995612,-73.56308785405751
264014,6806826,-73.65378787018825
264014,2616756,-73.66687672155066
264014,5611210,-73.66869013042405
264014,4909761,-73.66977795029709
264014,6722229,-73.81760493429364
264014,5672899,-73.81760493429364
264014,7295656,-73.88911339223068
264014,1638584,-73.94032164371711
264014,5905214,-74.17035189404842
264014,5635521,-74.1927239388315
264014,6523490,-74.2615959445744
264014,1470362,-74.41387293845304
264014,5635519,-74.51490000186166
264014,2086747,-74.51496045012874
264014,1933319,-74.56856764328845
264014,1839010,-74.58455777557825
264014,1828150,-74.59246550217989
264014,4746464,-74.71103425674832
264014,5668163,-74.83496550334108
264014,6556781,-74.91873280941184
264014,698061,-74.92217833095116
264014,4425760,-75.02312585620854
264014,4425759,-75.02342820459168
264014,122118,-75.0247583823558
264014,4746661,-75.02596741556404
264014,6242495,-75.02669273526661
264014,1610709,-75.03591119269979
264014,5998805,-75.03796679769292
264014,6048599,-75.03826904163836
264014,6333841,-75.03869216123887
264014,6316578,-75.03923613457582
264014,7238169,-75.06643991860506
264014,7133241,-75.10532732632865
264014,198279,-75.10738280704953
264014,6228064,-75.14314596071918
264014,1638577,-75.17089366327312
264014,6098885,-75.17789448104651
264014,2633244,-75.21889786422652
264014,5302267,-75.25772432492796
264014,3923164,-75.26213792518129
264014,533393,-75.26213792518129
264014,5698122,-75.26328621419007
264014,7443134,-75.26364879264091
264014,2003504,-75.27679825562011
264014,6242497,-75.27716094992071
264014,6385595,-75.27764451309065
264014,2873068,-75.32274666408104
264014,4955829,-75.32341185925586
264014,8527486,-75.35091754104774
264014,72707,-75.35218740426016
264014,3666584,-75.37695871432247
264014,1473907,-75.37990507792098
264014,1944422,-75.39288846935138
264014,5543401,-75.39385584629306
264014,2375324,-75.40345616144376
264014,4018134,-75.44059017463819
264014,1177730,-75.44167863352082
264014,5668154,-75.44192049028982
264014,4023146,-75.50694269989765
264014,2391694,-75.50797042693866
264014,7385180,-75.50815177487193
264014,5909237,-75.50851445664468
264014,4410416,-75.50966282497127
264014,7326934,-75.51236432693288
264014,2701926,-75.54794606897798
264014,6414343,-75.54800652612033
264014,2701927,-75.54849016446269
264014,1319684,-75.55211638731473
264014,6154785,-75.57847438766775
264014,1276752,-75.62496756725645
264014,7718209,-75.62617660046469
264014,247937,-75.64438429099243
264014,430316,-75.66421750635084
264014,5038390,-75.66421750635084
264014,1679653,-75.66615229366612
264014,2701931,-75.68202155708721
264014,1892609,-75.68238426391656
264014,5587490,-75.68811544199801
264014,5587491,-75.68847824595439
264014,4746459,-75.68890149347226
264014,2633243,-75.68896195531437
264014,3960275,-75.68902241663423
264014,5587494,-75.68908287743189
264014,1497332,-75.68998972673639
264014,8339867,-75.72827224708995
264014,96854,-75.72917930791182
264014,6132475,-75.73135577445323
264014,5995805,-75.75964754638811
264014,2144725,-75.75964754638811
264014,5995809,-75.7600102187655
264014,3864388,-75.83405607242486
264014,717305,-75.83423748302184
264014,717307,-75.83423748302184
264014,579571,-75.83635359267835
264014,7385177,-75.83671629011106
264014,2135606,-75.83671629011106
1121402,182373,-54.38335526770189
1121402,182370,-54.82912392669763
1121402,8052621,-54.89595183505377
1121402,6371843,-54.89655640386739
1121402,5614619,-54.89677230358632
1121402,5614620,-54.89720407505858
1121402,7898701,-54.89880130538847
1121402,5189913,-54.964167296351626
1121402,3511795,-55.001873738462706
1121402,8052622,-55.11680599914941
1121402,8052624,-55.1182747831796
1121402,8052620,-55.11831797617887
1121402,188213,-55.1187930745462
1121402,7572312,-55.11944086321252
1121402,4309870,-55.12030445090336
1121402,8654199,-55.12047715054416
1121402,5614625,-55.12052032452235
1121402,188215,-55.25072622953806
1121402,7477361,-55.25405171714687
1121402,1402314,-55.30228059051959
1121402,7477363,-55.30305774561541
1121402,5614618,-55.30335993997828
1121402,188217,-55.40474730013713
1121402,188218,-55.405136117742984
1121402,182364,-55.40543851053403
1121402,7125983,-55.405611298203915
1121402,8616542,-55.40742520832298
1121402,5614624,-55.40815922299595
1121402,4305980,-55.40975641195699
1121402,7125978,-55.5233943338603
1121402,6717342,-55.52348072545613
1121402,7011506,-55.523696697915355
1121402,4727107,-55.524603680387166
1121402,188209,-55.52477642030134
1121402,7898694,-55.525553676071866
1121402,182368,-55.58758727368678
1121402,5614621,-55.65809188710067
1121402,8453588,-55.81073082500098
1121402,2614504,-55.81094681611947
1121402,8052619,-55.811205993146075
1121402,6717336,-55.81120599314608
1121402,3747588,-55.81133557662159
1121402,6677265,-55.811378770367135
1121402,7571547,-55.81142196373955
1121402,22453,-55.81142196373955
1121402,182372,-55.811508349364985
1121402,182369,-55.811508349364985
1121402,2681045,-55.812285752838946
1121402,2801731,-55.81232893837698
1121402,2801732,-55.812372123542005
1121402,6371837,-55.812372123542005
1121402,7477357,-55.812760773243596
1121402,7477358,-55.81280395467903
1121402,1623225,-55.81284713574155
1121402,6929302,-55.812976676691605
1121402,4305978,-55.813019856262486
1121402,501405,-55.813019856262486
1121402,7570554,-55.81345163146331
1121402,7570553,-55.81349480693274
1121402,7477362,-55.81362433110412
1121402,7570552,-55.81457407251828
1121402,3785310,-55.99240435245126
1121402,188214,-55.99257716848861
1121402,6717338,-55.99262037156466
1121402,188211,-55.99305238179494
1121402,5405183,-55.99365713341554
1121402,7572311,-55.99439137634761
1121402,1623224,-55.99456412372187
1121402,4727103,-55.994607309632904
1121402,4305979,-55.994693680335956
1121402,4974876,-55.995082330037555
1121402,4305983,-55.995427771079534
1121402,7898695,-55.99620492617535
1121402,167779,-55.996377610904865
1121402,5167143,-55.9968524631614
1121402,7125985,-56.09824009783982
1121402,182365,-56.0984560964229
1121402,188210,-56.09858569109398
1121402,7125981,-56.09880167474837
1121402,1623219,-56.099147229190606
1121402,5041324,-56.0992336140698
1121402,5816919,-56.09940637935091
1121402,5990005,-56.09979507940855
1121402,7675606,-56.10005419599379
1121402,4305987,-56.10057238888291
1121402,4598757,-56.100745107912246
1121402,4948729,-56.10096099830906
1121402,4027047,-56.101176879384525
1121402,3494458,-56.10126322920491
1121402,5614626,-56.10156544183318
1121402,7354381,-56.1017812968132
1121402,3119017,-56.10212664539957
1121402,1756426,-56.21580712558164
1121402,5805570,-56.21619593310915
1121402,188216,-56.2162823306762
1121402,1865066,-56.21636872675035
1121402,95998,-56.21636872675035
1121402,6900252,-56.21641192422763
1121402,1756424,-56.216584710404746
1121402,6900255,-56.216584710404746
962179,6327380,-61.806370259425336
962179,3902887,-62.31875031419192
962179,6675257,-62.71613345444545
962179,3139216,-63.293102786910175
962179,3139215,-63.329366799663454
962179,1645080,-63.407364074438306
962179,6740295,-63.58662532983868
962179,3139219,-63.601611404030294
962179,6222621,-63.60192227680568
962179,5427063,-63.60347639912379
962179,1371846,-63.66475079832031
962179,2539981,-63.66661622829103
962179,3705165,-63.740467897191635
962179,3156132,-63.82215417364445
962179,2546613,-63.838198797515204
962179,5105844,-63.887635216262865
962179,4606387,-63.88924166278685
962179,2329699,-63.95305474520585
962179,3527737,-63.95481637282424
962179,5427064,-63.96796411859337
962179,2632688,-63.98650903818351
962179,536176,-64.00505544639584
962179,6186348,-64.00614379715873
962179,4209394,-64.00697288430057
962179,3033200,-64.0698531165744
962179,3117916,-64.07068231829632
962179,8785368,-64.13884598806135
962179,2329700,-64.13967518978326
962179,466474,-64.18955350733349
962179,3139217,-64.21435317165349
962179,6740292,-64.21502674969209
962179,5653652,-64.25207101509513
962179,372501,-64.29175265039879
962179,372499,-64.29185632837499
962179,3150562,-64.29190816669129
962179,5053888,-64.29258202405022
962179,6675262,-64.2932039790627
962179,3914164,-64.32101205677388
962179,3633276,-64.3221003887354
962179,6432664,-64.34689996802504
962179,6222622,-64.3804744849474
962179,3065775,-64.38151088862921
962179,336116,-64.41878667287041
962179,7147504,-64.42600975123767
962179,4606389,-64.54021953567423
962179,529450,-64.54311891789175
962179,5931179,-64.5432225949722
962179,8785370,-64.54368911966584
962179,4309122,-64.57995309481734
962179,8773076,-64.58067874034039
962179,2329697,-64.58130065237495
962179,1015976,-64.58746445997431
962179,5822082,-64.69747695008846
962179,7745771,-64.69758062358606
962179,5316110,-64.69763245966311
962179,5173969,-64.6978916333311
962179,5173967,-64.69825445765943
962179,6478742,-64.69851360446182
962179,3633273,-64.6987209138452
962179,4257873,-64.69877274007186
962179,1455221,-64.76201547122602
962179,6675260,-64.76331126120942
962179,2847435,-64.76367403226213
962179,5886688,-64.79257038553946
962179,2329695,-64.83484306957604
962179,6901900,-64.85198084113219
962179,5938030,-64.86872360264626
962179,2329693,-64.86924183581695
962179,6809272,-64.86929365667226
962179,2329692,-64.86934547708
962179,1006868,-64.87985034385513
962179,1006859,-64.87995401645705
962179,2329696,-64.88233799202675
962179,763924,-64.92076646231256
962179,2929469,-64.9461510556502
962179,348552,-64.96500625197035
962179,4511503,-64.98438141420318
962179,3150561,-64.98443325789445
962179,372500,-64.98443325789445
962179,6675259,-64.98531453211487
962179,758944,-64.98578103665706
962179,758947,-64.98578103665706
962179,348555,-64.98578103665706
962179,923858,-64.98661028851771
962179,5427070,-64.98712851273638
962179,8755732,-64.98816482691487
962179,1088220,-64.98868291689016
962179,4664438,-65.01659475446124
962179,5938035,-65.04985305325245
962179,1366406,-65.05094150743454
962179,6214661,-65.05177067334678
962179,2139915,-65.05337685629715
962179,4843267,-65.0727405815998
962179,1398063,-65.07600512639293
962179,3484529,-65.08930372059376
962179,3595106,-65.10294205819662
962179,8184450,-65.11884592473942
962179,1281646,-65.1191050984074
962179,3457925,-65.12200707889288
962179,2929465,-65.12873171448291
1117099,6691413,-51.132831323982614
1117099,3477822,-51.30732884413989
1117099,1632948,-51.44872743582562
1117099,2292114,-51.67092132771937
1117099,6162583,-51.91078810366895
1117099,7722559,-51.942725530215
1117099,6502653,-51.971587104355265
1117099,6485264,-52.07565248453468
1117099,8418548,-52.123449484263034
1117099,7722560,-52.18850620276518
1117099,3633445,-52.22988951716495
1117099,7124372,-52.25896700853376
1117099,3125343,-52.307584496919226
1117099,1519383,-52.34589204837683
1117099,6162584,-52.34862233523768
1117099,3125344,-52.36264368086808
1117099,7610604,-52.36918661696366
1117099,6485263,-52.51869404036313
1117099,3248362,-52.53068487835565
1117099,6502652,-52.54505160239759
1117099,6099853,-52.59457580659512
1117099,1798612,-52.5951802292427
1117099,5286540,-52.63522509550933
1117099,4001649,-52.6362180712883
1117099,2671069,-52.636951883183414
1117099,7748653,-52.68163035905417
1117099,3375846,-52.701835690304236
1117099,6502654,-52.72370428003676
1117099,2205521,-52.76746100590494
1117099,1722288,-52.76784968581859
1117099,5810548,-52.79705689486433
1117099,514314,-52.81663984998802
1117099,1123494,-52.816726219199126
1117099,6983152,-52.81862596448341
1117099,3477828,-52.88212835040163
1117099,1585680,-52.88277596007523
1117099,6912421,-52.88692810301525
1117099,5731110,-52.92428864580581
1117099,1181847,-52.92433181083868
1117099,519515,-52.95073261581836
1117099,8714087,-52.99969549752555
1117099,7172078,-53.01799798370356
1117099,5354867,-53.02007091641476
1117099,6691410,-53.02028679749023
1117099,5979206,-53.0204163216616
1117099,3633442,-53.02071853168039
1117099,6940549,-53.038962819378234
1117099,6171070,-53.0396106584041
1117099,6000387,-53.04086290922353
1117099,8708306,-53.10376048619893
1117099,2292116,-53.103846865108665
1117099,230588,-53.1049264755894
1117099,5793497,-53.105099191635595
1117099,6809396,-53.132449614241466
1117099,6343209,-53.132579168617596
1117099,230596,-53.13275190256416
1117099,6287297,-53.13283826729972
1117099,6983157,-53.13283826729972
1117099,8306436,-53.133442778682536
1117099,3847386,-53.13365865789383
1117099,3847387,-53.13370183261762
1117099,8722332,-53.17396252664722
1117099,3019333,-53.17409206312254
1117099,4441325,-53.20998472380954
1117099,1570999,-53.221241183919155
1117099,5020965,-53.221370759558944
1117099,5793495,-53.22331399130731
1117099,2620705,-53.28556373819465
1117099,1721190,-53.28556373819465
1117099,2413643,-53.285779705056726
1117099,6912425,-53.28660029406872
1117099,6809395,-53.28664347923375
1117099,5975584,-53.28685939946421
1117099,6983156,-53.28737756997732
1117099,114509,-53.326385732714904
1117099,4040438,-53.32651531395154
1117099,4040433,-53.32660169957698
1117099,4040435,-53.32668808370995
1117099,6177939,-53.326947227154534
1117099,5795851,-53.32733591713992
1117099,1620746,-53.327551842965114
1117099,3019330,-53.32807002690361
1117099,1585682,-53.328113206474484
1117099,1632947,-53.35615454360984
1117099,6796177,-53.357233939670344
1117099,7664694,-53.39221991512205
1117099,3833630,-53.39394694137274
1117099,7431534,-53.44408237901445
1117099,5290896,-53.44490301764592
1117099,5390394,-53.44494620542205
1117099,111872,-53.4454212463407
1117099,5912490,-53.46108323558963
1117099,5894687,-53.461212786608996
1117099,6076400,-53.461687778297005
1117099,111868,-53.46177413557433
1117099,4528332,-53.47008771941844
1117099,6691757,-53.47056262497735
1117099,6171064,-53.508620900152025
1117099,8019449,-53.50875048362755
1117099,343993,-53.51004613370562
744366,8318771,-32.49340879178817
744366,6214367,-32.493952882575094
744366,7219555,-32.898485203195825
744366,2110903,-32.89889981121915
744366,6214370,-32.89921072963789
744366,8597232,-33.185234198039126
744366,8318775,-33.18557117620935
744366,8597234,-33.18559709603931
744366,8318776,-33.18562301564534
744366,8597238,-33.18570077311978
744366,8318774,-33.185778528578865
744366,1286409,-33.1858562820227
744366,6214366,-33.18694461869344
744366,1485836,-33.59103628431751
744366,8318779,-33.5910881237535
744366,1485842,-33.591165881227944
744366,2110896,-33.591165881227944
744366,2110901,-33.5914768909732
744366,760507,-33.87882203474551
744366,8318773,-33.87944402737021
744366,6214375,-33.88003998264962
744366,3152828,-34.28402794119462
744366,2110902,-34.28402794119462
744366,5335826,-34.28415754482354
744366,8597235,-34.28433898049817
744366,5335825,-34.28475364941163
744366,3410315,-34.284935049039376
744366,3410311,-34.28506461348691
744366,3410313,-34.285375545332656
277780,4840387,-61.807519875434934
277780,6790286,-62.58881866414389
277780,4109618,-63.44295456015844
277780,4840386,-63.59865730905089
277780,1439378,-63.62859045278907
277780,7462939,-63.7345728213965
277780,4840391,-63.74051973326869
277780,3730468,-63.74067523881291
277780,7049627,-63.88685774899099
277780,4840388,-63.887427901507216
277780,1176710,-63.95403924792623
277780,3620534,-63.95429830074281
277780,7462934,-63.992712113708954
277780,7286767,-64.00464078464738
277780,7302657,-64.00764643325662
277780,5857164,-64.17682010650584
277780,8013188,-64.17847795149062
277780,6001961,-64.25176002952998
277780,3620533,-64.29481039783802
277780,3231713,-64.35986702684598
277780,6531768,-64.41186800730564
277780,7579282,-64.46185904135511
277780,5072847,-64.47614742640448
277780,5857160,-64.58187068178371
277780,6616820,-64.58192249995375
277780,8382133,-64.61040427654311
277780,8285377,-64.6566549555682
277780,7302656,-64.65706963881085
277780,4840389,-64.69706223818346
277780,6759525,-64.7001718790032
277780,1151439,-64.71301795468715
277780,8042974,-64.7609267913338
277780,917777,-64.76258565329596
277780,3297188,-64.76496946414255
277780,8382140,-64.79184490922883
277780,3297196,-64.79267401785201
277780,199283,-64.83235595847539
277780,2101025,-64.86763516726913
277780,4251012,-64.88026502351525
277780,2704794,-64.96687195585672
277780,5080608,-64.98453694393312
277780,1162122,-64.98521085951296
277780,4109614,-64.9861956769136
277780,4109616,-64.98645481252363
277780,7075036,-64.98645481252363
277780,6616823,-64.98686940622197
277780,6632785,-64.98692122842
277780,4109611,-64.98775032272216
277780,5299301,-64.98961536612535
277780,2361025,-65.01509210538671
277780,4306012,-65.04928283177281
277780,5827473,-65.10309756777126
277780,8503078,-65.10366773506396
277780,4109617,-65.10423784818002
277780,2361017,-65.10496336835294
277780,3730465,-65.11874225213748
277780,7197373,-65.12003803092716
277780,6810441,-65.12676225831153
277780,6534978,-65.16820625620153
277780,7305601,-65.16825808690517
277780,3163463,-65.16924278521397
277780,3231719,-65.16991643306095
277780,6061259,-65.17276564504836
277780,5869442,-65.23704363289107
277780,4951510,-65.23823565670092
277780,6548937,-65.27284109499202
277780,2529668,-65.27320394439667
277780,5787223,-65.30287782089181
277780,552790,-65.30608986787132
277780,485096,-65.35000948133201
277780,180414,-65.35187526579712
277780,917778,-65.390727804146
277780,2123784,-65.39093514576727
277780,1095048,-65.39202357174216
277780,6674676,-65.39217904505043
277780,5540893,-65.39254180043682
277780,4404302,-65.39264544080473
277780,5167457,-65.39337087325836
277780,4109550,-65.45635478886838
277780,1561067,-65.45733941913761
277780,6018365,-65.4579612076437
277780,4951511,-65.52690226588288
277780,3566455,-65.52716132764756
277780,4951515,-65.5623890163769
277780,3730469,-65.57258281609309
277780,5733599,-65.57356770155917
277780,6021822,-65.57413782452475
277780,4951506,-65.57527790796158
277780,1253444,-65.63706949667494
277780,7602503,-65.63727685621048
277780,7602504,-65.63753604555265
277780,8523731,-65.6774767506239
277780,6001072,-65.67758043845441
277780,784779,-65.67768412449307
277780,6810438,-65.67799517185875
277780,4630736,-65.67815068949488
277780,489757,-65.67851354830404
277780,2300745,-65.67903187996752
277780,1459635,-65.67908371067116
277780,7602507,-65.67918737073526
1114563,8214655,-41.993950305699016
1114563,7101,-42.36257311620571
1114563,1126820,-42.546137766932326
1114563,3539379,-42.61488895596405
1114563,7808614,-42.688858817301096
1114563,5656976,-42.74634818546299
1114563,2797798,-42.899807905631945
1114563,7997236,-42.90105154709323
1114563,231249,-42.94904720715583
1114563,7161501,-42.9493235743097
1114563,4272668,-42.950187098614784
1114563,5148093,-42.97495227251967
1114563,6867488,-43.05288736205521
1114563,5691326,-43.05306015942872
1114563,4616849,-43.053509397668
1114563,1925447,-43.05354395236593
1114563,7991854,-43.05461499996917
1114563,7991855,-43.05461499996917
1114563,2675758,-43.05475317877255
1114563,624553,-43.054856809742674
1114563,5717571,-43.05551307687941
1114563,7999530,-43.05606563938892
1114563,4219122,-43.081991256170326
1114563,3319433,-43.08302768670937
1114563,7373350,-43.141937272554166
1114563,8118047,-43.17108509886794
1114563,1298319,-43.17357240333196
1114563,2501325,-43.17377960890584
1114563,6433793,-43.23531259816903
1114563,4122466,-43.23555450613176
1114563,5263302,-43.235658176494574
1114563,1824649,-43.235900063559306
1114563,4219121,-43.235900063559306
1114563,7494542,-43.23648744268335
1114563,3220711,-43.23652199171058
1114563,6250315,-43.236660184835486
1114563,6672007,-43.23686746557138
1114563,6140819,-43.23700564676148
1114563,120124,-43.23707473556651
1114563,7494537,-43.237109279521526
1114563,8214657,-43.304305469655986
1114563,3116846,-43.30478927095247
1114563,7233221,-43.30492748914718
1114563,5075441,-43.30599851824844
1114563,4827703,-43.30634395034102
1114563,4570092,-43.30641303317998
1114563,3128309,-43.30651665520139
1114563,7361324,-43.30651665520139
1114563,78763,-43.30796708171173
1114563,4020117,-43.34278067735085
1114563,4016126,-43.342815218322926
1114563,497490,-43.3432296867244
1114563,497491,-43.3432296867244
1114563,5746529,-43.34360957836922
1114563,6956251,-43.37886268781124
1114563,1864288,-43.37900090719998
1114563,7991857,-43.37948463745185
1114563,6827842,-43.41832528176056
1114563,549823,-43.41901628916469
1114563,5261916,-43.458525267536885
1114563,5691327,-43.458594384396214
1114563,6703111,-43.458594384396214
1114563,4904110,-43.45869805744597
1114563,24008,-43.45890539548478
1114563,8527547,-43.45890539548478
1114563,8118044,-43.45907816897444
1114563,574997,-43.45921638239325
1114563,3922876,-43.45942369356737
1114563,2499761,-43.45970009175361
1114563,2928680,-43.46004556263063
1114563,4222258,-43.46011465322568
1114563,6527109,-43.4601491980757
1114563,7997233,-43.460598253979306
1114563,5721174,-43.4606327946531
1114563,1111210,-43.46073641488496
1114563,4983530,-43.46121994047787
1114563,7410649,-43.46277373412772
1114563,7488468,-43.54557120310546
1114563,6854288,-43.547022393875224
1114563,748871,-43.591987542107766
1114563,1893241,-43.591987542107766
1114563,7681266,-43.59236767662384
1114563,7848944,-43.592471343404256
1114563,7931512,-43.59281687993632
1114563,7058717,-43.592885983661006
1114563,8746517,-43.593058737749914
1114563,7523123,-43.593058737749914
1114563,4248111,-43.59326603280856
1114563,5385398,-43.59354240951012
1114563,7418268,-43.59357695525516
1114563,4091517,-43.59368059070022
1114563,7373028,-43.59378422346026
1114563,5996523,-43.59378422346026
1114563,6315386,-43.59378422346026
1114563,5879594,-43.59385331047536
1114563,4831473,-43.59406056436141
1114563,6741590,-43.59444050193105
1114563,3491031,-43.594544115005306
1114563,5949163,-43.59482040341597
1114563,8214658,-43.6407777062772
1014126,7754005,-87.80763369489489
1014126,4189307,-89.59542193730896
1014126,6201437,-89.93740168027414
1014126,2810944,-90.05911705998432
1014126,8407171,-90.07744630945989
1014126,178080,-90.41157616555836
1014126,6028962,-90.50611666910645
1014126,7652173,-90.99178325681402
1014126,8153051,-91.11397659748008
1014126,4986915,-91.13524537226772
1014126,4096649,-91.37128972444563
1014126,3581450,-91.47649477552346
1014126,6984123,-91.76433231255524
1014126,2999701,-91.8264497573533
1014126,566147,-91.82652747722497
1014126,4931322,-91.83025724200962
1014126,8407170,-91.84129335369137
1014126,2707791,-91.8962975105175
1014126,4987928,-91.95139941799971
1014126,6000430,-91.96148574699632
1014126,6588050,-91.97544287017729
1014126,1833684,-92.06532261532547
1014126,1759052,-92.09532797750164
1014126,2379306,-92.27469153452464
1014126,7279756,-92.31800526796872
1014126,7432037,-92.31800526796872
1014126,8460210,-92.31800526796872
1014126,7714781,-92.3183161112174
1014126,1174864,-92.3183161112174
1014126,2197889,-92.40544122325913
1014126,8756308,-92.47192280831379
1014126,4326876,-92.57603981139201
1014126,4003951,-92.58147891091178
1014126,3725078,-92.64511040744901
1014126,8202028,-92.69390057161843
1014126,8202031,-92.69405601874483
1014126,8802300,-92.69576575995733
1014126,5134405,-92.7061676418057
1014126,3822762,-92.71027070098359
1014126,5800907,-92.82766513392573
1014126,5684751,-92.8438798121375
1014126,8282782,-92.87505618937641
1014126,2665737,-92.91373336208255
1014126,6393019,-92.91412196815264
1014126,726853,-92.94068292497994
1014126,4923810,-92.94068292497994
1014126,581640,-92.94068292497994
1014126,6006926,-92.94068292497994
1014126,7087539,-92.94068292497994
1014126,5340606,-92.94076064954997
1014126,4803616,-92.94076064954997
1014126,5612757,-92.94076064954997
1014126,7859614,-92.94153785833463
1014126,2572034,-92.97242883406504
1014126,7184933,-92.99725327646833
1014126,3725104,-92.99725327646833
1014126,5511334,-92.99756417072113
1014126,581646,-92.99756417072113
1014126,1582312,-92.99787505423485
1014126,1687788,-92.99787505423485
1014126,639108,-92.99787505423485
1014126,8001870,-92.9981859270102
1014126,7191569,-92.9981859270102
1014126,1314573,-92.9981859270102
1014126,8661003,-92.9981859270102
1014126,6998787,-92.9981859270102
1014126,53031,-92.99849678904792
1014126,5191757,-92.99849678904792
1014126,8133612,-92.99880764034879
1014126,1466595,-93.03151057881252
1014126,2849278,-93.03228765338625
1014126,2468998,-93.05745548013881
1014126,4853818,-93.0599426126981
1014126,883546,-93.07568699431938
1014126,3896148,-93.09285435678706
1014126,414214,-93.110733651633
1014126,6919890,-93.16266052718835
1014126,6546818,-93.20931075733844
1014126,4386358,-93.28378554622503
1014126,3808617,-93.36868218556926
1014126,3614113,-93.37244869045217
1014126,7694632,-93.40804021994944
1014126,1687790,-93.40952060803045
1014126,2849275,-93.45010939169205
1014126,7643804,-93.45228576424235
1014126,3808623,-93.48623210388557
1014126,4175102,-93.55616951306628
1014126,6984124,-93.55803875043148
1014126,6951005,-93.55827254187687
1014126,6393016,-93.56991336216882
1014126,4803617,-93.59034922507453
1014126,2804919,-93.6257064847369
1014126,4970792,-93.63517492254746
1014126,917494,-93.63701626262737
1014126,5041381,-93.66464324139784
1014126,3822766,-93.67224230539651
1014126,6951007,-93.6981353229701
1014126,2707789,-93.70064641650006
1014126,6965523,-93.70297842549567
1014126,2089732,-93.70976418074541
1117346,8091627,-61.829836731227736
1117346,8091629,-63.768297145307116
1117346,8091632,-64.58000492955094
1117346,8091628,-64.58083422439248
1117346,1518915,-64.91423273221167
1117346,8091625,-64.98536636774409
1117346,2208585,-65.27874762719503
1117346,3311039,-65.31477876741894
1117346,8047654,-65.37404678303852
1117346,6437126,-65.48556136148883
1117346,5651390,-65.68177829046566
1117346,2019156,-65.76853062582293
1117346,8091630,-65.79468947118076
1117346,8091624,-65.7965039219992
1117346,6539851,-65.86513590196587
1117346,3251773,-65.9553061413202
1117346,2299910,-65.97013381882621
1117346,2207948,-66.04507426542216
1117346,2372097,-66.04507426542216
1117346,3251776,-66.08584444087731
1117346,1374566,-66.08584444087732
1117346,3122704,-66.08589625994242
1117346,2206333,-66.08605171445254
1117346,8651233,-66.08713978326293
1117346,2372513,-66.15069386969266
1117346,3539472,-66.1507975020052
1117346,1083474,-66.15100476126065
1117346,3774456,-66.17238942614085
1117346,2372095,-66.17342580297003
1117346,703100,-66.17363305685606
1117346,3111526,-66.22253597776727
1117346,3871790,-66.26780325168404
1117346,2206112,-66.26852872172906
1117346,8193411,-66.26863235314664
1117346,6553405,-66.26946134005689
1117346,2207570,-66.269513147936
1117346,2612434,-66.2714297250492
1117346,5465038,-66.27168867500716
1117346,6539850,-66.29508998860592
1117346,7299489,-66.29597061609778
1117346,1009793,-66.37254186605087
1117346,2818970,-66.37337105344854
1117346,7537974,-66.37337105344854
1117346,1552669,-66.37394105331941
1117346,5465036,-66.37451099904547
1117346,2019153,-66.37544352074143
1117346,2019157,-66.4016973902958
1117346,3251775,-66.40180102797846
1117346,1771126,-66.40180102797846
1117346,6072208,-66.40304454056051
1117346,815680,-66.40309634799229
1117346,2612435,-66.40454677449381
1117346,8193610,-66.40475394966045
1117346,6386741,-66.4609006143765
1117346,6386743,-66.46219587846431
1117346,6386747,-66.46235129136616
1117346,3774457,-66.46240309477224
1117346,4077606,-66.46261030392401
1117346,3814084,-66.46343906897906
1117346,8091626,-66.48856249791405
1117346,4876043,-66.49053220929991
1117346,4372941,-66.49125772947284
1117346,5155155,-66.49146500483818
1117346,3344988,-66.49156863983572
1117346,5651391,-66.49193134823125
1117346,6908839,-66.49250127427081
1117346,1552666,-66.4936409639678
1117346,1468893,-66.55465610808916
1117346,2128735,-66.55491525041448
1117346,702129,-66.5553298548561
1117346,1498200,-66.5561071609733
1117346,1979789,-66.5561071609733
1117346,8641437,-66.55615897780082
1117346,8641439,-66.55615897780082
1117346,8641438,-66.55615897780082
1117346,8641440,-66.55615897780082
1117346,6568812,-66.55621079418083
1117346,6072209,-66.55621079418083
1117346,1409465,-66.55626261011336
1117346,6637779,-66.55626261011336
1117346,2206004,-66.55626261011336
1117346,1552671,-66.55631442559842
1117346,3626460,-66.55631442559843
1117346,929642,-66.55636624063602
1117346,3344982,-66.55646986936881
1117346,6072204,-66.55652168306403
1117346,6073980,-66.55657349631181
1117346,5475036,-66.55683255583942
1117346,1412023,-66.55719522038777
1117346,2211218,-66.55724702781956
1117346,7299492,-66.55797228489816
1117346,4029781,-66.62318249518368
1117346,702127,-66.62318249518368
1117346,4876041,-66.62323432857389
1117346,5504949,-66.62385629433177
1117346,3153866,-66.62411542770344
1117346,3854316,-66.62432272634305
1117346,6527867,-66.62473730213716
1117346,3251772,-66.62561818059912
1117346,1552665,-66.6259290480056
148538,985493,-50.399430354457046
148538,283691,-51.52348671810942
148538,1950974,-52.11370373941887
148538,4539657,-52.22824855883056
148538,1950979,-52.347543023057554
148538,1950976,-52.4122110739589
148538,1247539,-52.54539704642284
148538,7407803,-52.63332494001919
148538,4225978,-52.63531144905802
148538,3631449,-52.635656848339735
148538,985491,-52.767806500653556
148538,3631456,-52.80525366206851
148538,8283532,-52.815905651450784
148538,3918785,-52.81823743893766
148538,6158223,-52.82272522727726
148538,8181574,-53.01890499751425
148538,985488,-53.03801250361137
148538,5844625,-53.174005705845225
148538,615405,-53.175300908422145
148538,4185812,-53.286816216164056
148538,4607267,-53.30822791492954
148538,1384447,-53.32729273085589
148538,1985491,-53.32798366664314
148538,1950977,-53.32841545303005
148538,4410448,-53.3294515882494
148538,8610394,-53.33229985347402
148538,4716046,-53.39247900709111
148538,8002293,-53.39437860474465
148538,8283527,-53.44395279218047
148538,5077707,-53.44399598816497
148538,6460963,-53.470044543949015
148538,734990,-53.51172997702912
148538,339842,-53.61346304832139
148538,8265468,-53.61367904130598
148538,6416241,-53.61510436104076
148538,1969519,-53.61644292774608
148538,2915327,-53.61652927458405
148538,796190,-53.64452745638361
148538,1015320,-53.645649868365325
148538,1384448,-53.69159034074245
148538,5693666,-53.692151772133954
148538,231455,-53.73202361505899
148538,3010218,-53.795827804458725
148538,8080460,-53.7982895502749
148538,615401,-53.798505435078795
148538,2368185,-53.79863496148708
148538,820313,-53.79863496148708
148538,6017980,-53.90222499240223
148538,3783458,-53.90632637890077
148538,1247542,-53.91551124181379
148538,5693670,-53.91568396979316
148538,6894608,-53.91585669180572
148538,3631457,-53.91589987137661
148538,4959637,-53.91628847073517
148538,332404,-53.91650434621823
148538,4607261,-53.91650434621823
148538,332401,-53.9165906938018
148538,615407,-53.9165906938018
148538,332400,-53.91663386703439
148538,6017975,-53.98048157171217
148538,1490398,-53.98065428477534
148538,6314330,-53.98117238817197
148538,4607266,-53.98151776061311
148538,3557946,-54.01888495671295
148538,4264129,-54.01961930113909
148538,3557943,-54.01966249451149
148538,1384441,-54.02061265431395
148538,231452,-54.02082857454442
148538,2419541,-54.02169216223526
148538,8307129,-54.02173533770468
148538,8610395,-54.02190803585424
148538,6222113,-54.022123900153346
148538,844358,-54.022296584882845
148538,6222119,-54.023203081878776
148538,3134606,-54.138870702169875
148538,6598842,-54.15405767623542
148538,2368184,-54.15552577531674
148538,3819528,-54.15582797750737
148538,5324936,-54.20202724430473
148538,615406,-54.20336604224492
148538,3138645,-54.20349558431372
148538,820312,-54.20349558431372
148538,1384446,-54.20349558431373
148538,7696387,-54.20358194382838
148538,1985498,-54.203884190383945
148538,4607264,-54.203927366971875
148538,8610396,-54.203970543186955
148538,190794,-54.203970543186955
148538,2368186,-54.20410006959524
148538,6006382,-54.204143244319035
148538,2564821,-54.20418641867001
148538,7387872,-54.20418641867001
148538,615400,-54.204359112346
148538,6157997,-54.20543831270589
148538,7513910,-54.3071285963698
148538,4406877,-54.30725817984532
148538,4447601,-54.30790604685209
148538,1147038,-54.30846746369605
148538,4995268,-54.309287882629704
148538,3032334,-54.310194504859965
451602,3090666,-64.14185129923433
451602,1665286,-64.17718279924044
451602,2922141,-64.2949140229913
451602,6286977,-64.41233436278102
451602,3177692,-64.51343577922952
451602,5942592,-64.5817152245884
451602,3767019,-64.60952335243488
451602,2922145,-64.76450314088531
451602,4377526,-64.78847846415938
451602,539889,-64.86841264125722
451602,1277289,-64.94558099177672
451602,6286982,-64.94568464378239
451602,1314128,-64.98733578989187
451602,2130155,-65.05171885383413
451602,3090663,-65.16934642826729
451602,6972742,-65.19419782841223
451602,7627412,-65.23901293596549
451602,7627413,-65.23906475100308
451602,6972743,-65.27424053608577
451602,3090668,-65.30318873931034
451602,1277290,-65.39067596762112
451602,381796,-65.39248997958151
451602,6286974,-65.39259362084454
451602,381795,-65.39285271617007
451602,7533989,-65.45479978043672
451602,8033473,-65.45651026754838
451602,5725636,-65.52612501346906
451602,4487185,-65.57279017383706
451602,1534136,-65.57294568744234
451602,6913838,-65.57320486782763
451602,549521,-65.573360370685
451602,1078134,-65.57418965119909
451602,3090670,-65.57455242538524
451602,6225558,-65.6002329856228
451602,3382341,-65.6124108640193
451602,1534135,-65.63743237115936
451602,5179251,-65.67763228169773
451602,349673,-65.67809885073073
451602,2244882,-65.67815068949488
451602,96223,-65.6782543656796
451602,8735661,-65.67866905250483
451602,7859334,-65.67882455267545
451602,3090671,-65.6794465130606
451602,96224,-65.67975746907766
451602,3090667,-65.67986111750221
451602,8383461,-65.68017205203329
451602,5942589,-65.70715092578283
451602,5501826,-65.79676308447253
451602,5725630,-65.79697040639167
451602,7008735,-65.79728137583898
451602,2922147,-65.79759232917013
451602,2922142,-65.79759232917013
451602,5053852,-65.81225227896735
451602,2231421,-65.81230411235755
451602,7620410,-65.86000568128703
451602,7620407,-65.86010936553394
451602,1626653,-65.86036856831264
451602,3177691,-65.86057592247356
451602,3177699,-65.86104244313678
451602,6286976,-65.86197537565654
451602,2099352,-65.86238996577391
451602,1314129,-65.86254542968254
451602,7440660,-65.86280452724577
451602,7233708,-65.86425526687098
451602,5377423,-65.92910223702089
451602,5377419,-65.92941327901164
451602,4687266,-65.93024264549791
451602,8383465,-65.9653143541495
451602,8776048,-65.96536619694486
451602,6618756,-65.96541803929229
451602,2176453,-65.96557356364697
451602,2482418,-65.96557356364697
451602,2176450,-65.96567724431054
451602,4453605,-65.96583276194667
451602,7156519,-65.9672322393087
451602,6775286,-65.96816504290359
451602,2922148,-65.96904589093731
451602,3619906,-65.96982300241503
451602,1534139,-66.04455605463097
451602,1534142,-66.04455605463097
451602,1345712,-66.04533335403482
451602,7571596,-66.06481058504171
451602,1640289,-66.08299370287129
451602,5574842,-66.08309738980589
451602,7864188,-66.0833047582997
451602,5538937,-66.08366763591934
451602,8294680,-66.08371947378778
451602,7804169,-66.08392682078298
451602,2244874,-66.0840823263272
451602,4891403,-66.08418599445099
451602,705851,-66.08428966078361
451602,3090672,-66.08439332532515
451602,8485132,-66.0844451569243
451602,1343872,-66.08454881877933
451602,5596785,-66.08465247884344
451602,7430246,-66.08496344829076
451602,4345752,-66.08599989673003
451602,3419281,-66.08662167986643
451602,6164534,-66.14851717754978
451602,104049,-66.14851717754978
474735,6403354,-71.59585589557288
474735,4708014,-71.88682091194552
474735,1756202,-72.09632598289774
474735,6588151,-72.13118003691028
474735,7919016,-72.51157317076438
474735,318514,-72.64961936931422
474735,5136004,-72.73332609970574
474735,325503,-72.82559891742939
474735,7962379,-72.86800628717793
474735,7151790,-72.97203660209237
474735,7104059,-72.98584978049884
474735,8012147,-73.02951269641464
474735,1908936,-73.06394622150403
474735,514824,-73.13891881741054
474735,7087147,-73.1949987428096
474735,1047602,-73.2964286855511
474735,8128333,-73.32901388657892
474735,3379265,-73.3291952846397
474735,7618581,-73.33094855691995
474735,3407759,-73.35174919205598
474735,7012899,-73.43147182009693
474735,8371382,-73.43153228298351
474735,4138544,-73.44782478243089
474735,2873858,-73.449154730446
474735,7861392,-73.46663009685034
474735,4948586,-73.46693245829324
474735,1465743,-73.483466893896
474735,8686110,-73.48497833551487
474735,2772848,-73.53503785848888
474735,2793805,-73.53503785848888
474735,8025026,-73.53503785848888
474735,96894,-73.53509829840513
474735,625071,-73.54437725057416
474735,1817584,-73.56518459981447
474735,8580454,-73.56524506113435
474735,1268972,-73.62827189258569
474735,3759152,-73.6498586987948
474735,8659031,-73.71379253622477
474735,2191378,-73.71758167415923
474735,5606239,-73.71764215062741
474735,8824633,-73.71776310199633
474735,7896851,-73.71794452513124
474735,7573448,-73.71800499846466
474735,1817278,-73.71830735729553
474735,1611371,-73.7187911042615
474735,7224300,-73.71885157028176
474735,1076749,-73.74202388391285
474735,1740069,-73.75352596842265
474735,3501855,-73.7537678857906
474735,2649284,-73.7818178051184
474735,1923464,-73.78381333893721
474735,4533248,-73.82964705416094
474735,423911,-73.83194507063055
474735,1936166,-73.8340544432001
474735,7671440,-73.83429623731243
474735,5051695,-73.87269991478455
474735,8020577,-73.87269991478455
474735,7618577,-73.8728208504813
474735,5465095,-73.87300225010901
474735,8784037,-73.87336503526254
474735,8651880,-73.89623503393908
474735,7894719,-73.91734473156173
474735,6354711,-73.92735512689592
474735,1547354,-73.98506778371372
474735,8790999,-73.98555155157443
474735,7103281,-73.98591435553081
474735,6959173,-74.00135366566661
474735,1935503,-74.00611036962292
474735,7163623,-74.00665457320716
474735,854688,-74.00665457320716
474735,7087388,-74.00665457320716
474735,6900754,-74.00665457320716
474735,7606141,-74.00665457320716
474735,2433405,-74.00677550159165
474735,5231372,-74.00683596500048
474735,8100203,-74.0070173520935
474735,8142536,-74.0070173520935
474735,2637293,-74.0070173520935
474735,4564053,-74.0070173520935
474735,1908930,-74.0070173520935
474735,7118367,-74.0070173520935
474735,8053974,-74.0070173520935
474735,230357,-74.00707781341339
474735,3379266,-74.00719873448648
474735,3501858,-74.00731965347076
474735,158419,-74.00738011217962
474735,7493297,-74.00738011217962
474735,7926295,-74.00738011217962
474735,951071,-74.00756148517318
474735,1994716,-74.00846827965597
474735,8020582,-74.0086496244572
474735,6052518,-74.01280856635272
474735,8160762,-74.01371571337661
474735,8619467,-74.01395759939649
474735,128747,-74.0334951000459
474735,8452526,-74.03494637855835
474735,590905,-74.0550214715785
474735,56799,-74.05520287434015
474735,8371383,-74.05604935840913
474735,1406712,-74.05647256206092
359349,3176541,-78.15901822946546
359349,3176542,-79.56094566909317
359349,5773718,-79.93190296958747
359349,1648860,-79.95947101459345
359349,15800,-80.93028459492938
359349,68647,-81.05228259863615
359349,6113314,-81.20781216653971
359349,15802,-81.59891073384303
359349,5773719,-81.59891073384303
359349,15803,-81.94905874849387
359349,15804,-81.94919690582051
359349,5773716,-82.10104377270477
359349,576628,-82.16229012128123
359349,6113313,-82.23674082094564
359349,4474872,-82.35542183657974
359349,15808,-82.35788447407452
359349,15799,-82.5337462707932
359349,5773714,-82.5337462707932
359349,5483958,-82.54751743843111
359349,5773717,-82.73654894075969
359349,479000,-82.85847615954349
359349,7857636,-82.9060232941712
359349,68648,-82.95886339777232
359349,5531109,-83.0140101854107
359349,3067773,-83.04346643548963
359349,943229,-83.11287588686181
359349,5531111,-83.16843718227724
359349,6549384,-83.18939919699068
359349,2066276,-83.20613803359521
359349,15801,-83.21591475550147
359349,607024,-83.23452736114325
359349,15805,-83.26484035004128
359349,4846795,-83.33298020100625
359349,5531104,-83.33556034470902
359349,457673,-83.33671036799525
359349,8058867,-83.35362413609519
359349,5773715,-83.36495033466197
359349,68649,-83.46906714441918
359349,4091677,-83.52761979740802
359349,2762790,-83.54814878049271
359349,2259968,-83.66502107694447
359349,2824249,-83.69914229608
359349,2731038,-83.70245884518908
359349,6626190,-83.71188743280715
359349,6957337,-83.7223852259231
359349,8811558,-83.75902919667749
359349,2826510,-83.80567758013346
359349,3223833,-83.80567758013346
359349,4551557,-83.87249604169712
359349,8351332,-83.97048869832402
359349,4013723,-84.01150840988699
359349,15806,-84.01421518082914
359349,576629,-84.12363517057457
359349,8202272,-84.13262001304611
359349,5773713,-84.16580672573035
359349,7557082,-84.19162890784644
359349,1617442,-84.19708944806348
359349,5806110,-84.23882985793746
359349,2259899,-84.28075742610537
359349,15807,-84.38173268469404
359349,2824030,-84.38497939593242
359349,4013720,-84.39387882799114
359349,4013725,-84.39394792306166
359349,2329314,-84.39477701736324
359349,6599311,-84.42094410266196
359349,6106306,-84.44950918268009
359349,2849694,-84.45100192333479
359349,2602022,-84.46418440378145
359349,5673816,-84.50317681053846
359349,1394087,-84.52552442831875
359349,4344100,-84.52761750403688
359349,3892277,-84.53987852893131
359349,8398222,-84.56885404928788
359349,1830516,-84.57544029962044
359349,7329397,-84.61515658678856
359349,6113316,-84.6228954351329
359349,2137078,-84.72072443421611
359349,3626456,-84.74089458937956
359349,7857631,-84.749309958603
359349,68653,-84.77129905704199
359349,5224458,-84.79195274050188
359349,4344093,-84.80870328842369
359349,4551556,-84.80967064865428
359349,5598772,-84.8399586418274
359349,4157950,-84.8559142875877
359349,6113312,-84.86505699228289
359349,6337028,-84.86560965499477
359349,2444686,-84.88512152795667
359349,1830512,-84.90318420920477
359349,4052246,-84.9057408151594
359349,4013719,-84.94271837578515
359349,4344101,-84.95656693953028
359349,6018940,-84.97349003445193
359349,8565962,-84.99172550250515
359349,7857634,-85.00965038445939
359349,4420643,-85.0244219238456
359349,4420644,-85.02449100221071
359349,7904813,-85.0396176324188
359349,4344097,-85.04578943107529
359349,3176548,-85.06523201383544
903469,1672649,-40.570088330405206
903469,3946901,-40.5988463785463
903469,5803772,-40.599260800428155
903469,8143178,-40.634557766914114
903469,4032237,-40.68759502038758
903469,1420768,-40.77807310043037
903469,6340623,-40.821160957265455
903469,5803771,-40.88649391390309
903469,838157,-40.93511138812434
903469,2950154,-40.94478177984662
903469,7888359,-40.97500072807231
903469,590625,-41.22731688779944
903469,973650,-41.263822682139555
903469,84174,-41.34164705374899
903469,3046421,-41.38018945231773
903469,2503173,-41.44479707121135
903469,720097,-41.44490071560743
903469,5348551,-41.44555706775911
903469,1563602,-41.44555706775911
903469,1148694,-41.513306233337936
903469,8177585,-41.51496442196336
903469,6206382,-41.62739500709388
903469,838151,-41.647528621429515
903469,221641,-41.667387807052755
903469,4032236,-41.667906073796736
903469,648944,-41.66870061907332
903469,6726106,-41.6711868713871
903469,7492814,-41.69531680322342
903469,84169,-41.73268642976983
903469,1071984,-41.73344638693816
903469,8728569,-41.7335845454578
903469,1305778,-41.73368816121604
903469,4032232,-41.80140291739403
903469,8072728,-41.84936381537469
903469,3018149,-41.850262179319515
903469,3365634,-41.850676740791585
903469,6186892,-41.8509530912386
903469,1305779,-41.85126396267183
903469,6296325,-41.85185109835735
903469,5809722,-41.91942778997467
903469,7546707,-41.91984233354529
903469,1181833,-41.95579543414554
903469,4955858,-41.95593362010931
903469,111326,-41.95620997771617
903469,8759560,-41.95627906413465
903469,5901500,-41.95662447832966
903469,5327671,-41.956935325604505
903469,1746980,-41.957004399496306
903469,937496,-41.98306798596659
903469,7986395,-41.98458811035869
903469,1921890,-41.98469173416972
903469,6227860,-41.98503712748658
903469,5901504,-41.985106202571195
903469,973652,-42.03258373611347
903469,2749663,-42.07274925375363
903469,5681950,-42.07281836165697
903469,3810879,-42.07302567820348
903469,5809727,-42.073405730633716
903469,3838380,-42.07364756338055
903469,8737808,-42.137909703042475
903469,5189962,-42.13804789616738
903469,5507360,-42.13825517690327
903469,6155961,-42.13891149504633
903469,3966055,-42.20631520047907
903469,3494922,-42.20652251881643
903469,1816852,-42.20697167168867
903469,3557838,-42.207144409364936
903469,2668212,-42.20731713958196
903469,6241939,-42.207420774132
903469,1547911,-42.20800798587038
903469,6090881,-42.24323566967307
903469,6018726,-42.24368478375283
903469,3274962,-42.24447924669418
903469,2586311,-42.25503625614816
903469,1459473,-42.2551053646485
903469,6196351,-42.257592475793686
903469,5266317,-42.31902186629488
903469,6271396,-42.32047309467194
903469,4590329,-42.320991262947814
903469,4366923,-42.32099126294782
903469,6428622,-42.32109488854853
903469,141205,-42.321163970790934
903469,2600280,-42.32116397079094
903469,5836817,-42.32123305184028
903469,5901499,-42.32123305184028
903469,1559189,-42.32126759191757
903469,1446194,-42.321647513084216
903469,7987581,-42.32182019259538
903469,720090,-42.359809301340434
903469,221639,-42.360189439140676
903469,2668214,-42.36029310681667
903469,2719306,-42.36029310681667
903469,4347559,-42.360327662111615
903469,3804813,-42.360362217108054
903469,3876166,-42.36070775065526
903469,398655,-42.36070775065526
903469,1065154,-42.36077685378304
903469,1393983,-42.36081140489925
903469,3207127,-42.36167508582433
903469,4299535,-42.36205504636054
1115776,1245513,-64.94718739667807
1115776,1565105,-65.30277417783849
1115776,7044571,-65.30370690087345
1115776,2510960,-65.39476967392264
1115776,758999,-65.45469609887735
1115776,1059917,-65.61381001503462
1115776,5906394,-65.61381001503462
1115776,7335275,-65.64054182396526
1115776,6337717,-65.68037933276915
1115776,1600770,-65.68074205682693
1115776,5106351,-65.70870566558855
1115776,6291148,-65.79769597669943
1115776,6337716,-65.81375526551311
1115776,889048,-65.81375526551311
1115776,3653094,-65.81463615158245
1115776,8047925,-65.86067959686686
1115776,6150628,-65.8616644142675
1115776,5106352,-65.8627008895631
1115776,6710571,-65.86368537527947
1115776,6189364,-65.93070911377181
1115776,5510985,-65.93070911377181
1115776,6291149,-65.93107189735858
1115776,4523568,-65.96785412448506
1115776,8706771,-65.96795776574811
1115776,7335274,-66.04626598041621
1115776,3680291,-66.06626144995425
1115776,1440035,-66.08346027996691
1115776,2028311,-66.08382314818107
1115776,5926274,-66.08413416061299
1115776,8318619,-66.0847043082039
1115776,3873084,-66.0847043082039
1115776,6287122,-66.08651805381831
1115776,4351142,-66.14794696099666
1115776,3203281,-66.14805064076441
1115776,4433473,-66.14846534192057
1115776,972405,-66.14846534192057
1115776,3606191,-66.14851717754979
1115776,4530239,-66.14945014230632
1115776,3081626,-66.21668062522576
1115776,6826420,-66.21828752974119
1115776,4183317,-66.21828752974119
1115776,5955790,-66.21890944177574
1115776,8017875,-66.26671488211912
1115776,7125695,-66.26733683175904
1115776,8047931,-66.26749230909604
1115776,1271375,-66.26816599767126
1115776,7493008,-66.26992759486536
1115776,2729808,-66.27225832557875
1115776,5814627,-66.37119419207862
1115776,4314169,-66.37140154623955
1115776,4433466,-66.37166072886399
1115776,5382160,-66.37191990029298
1115776,6337715,-66.37191990029298
1115776,5274017,-66.37191990029298
1115776,4267465,-66.37191990029298
1115776,4051141,-66.37191990029298
1115776,6614876,-66.37207539777694
1115776,3406609,-66.37217906052747
1115776,1976990,-66.37217906052747
1115776,4183316,-66.37223089123111
1115776,3803054,-66.37243820956844
1115776,6202146,-66.37259369362053
1115776,7518237,-66.37300829806215
1115776,8047923,-66.3732155895399
1115776,4433472,-66.3740964984322
1115776,6246928,-66.37414831257486
1115776,5555296,-66.37435556467115
1115776,6320795,-66.40045359845374
1115776,8500319,-66.40149010955993
1115776,1809769,-66.40314815497675
1115776,455489,-66.48866618305684
1115776,622471,-66.48980660138643
1115776,6055287,-66.48980660138643
1115776,1286498,-66.49006575714341
1115776,6934013,-66.5530491758083
1115776,1305279,-66.55398228565795
1115776,7650943,-66.55398228565795
1115776,7496690,-66.55398228565795
1115776,6378515,-66.55408595557294
1115776,8078183,-66.55408595557294
1115776,642033,-66.55418962369671
1115776,3961277,-66.55444878617004
1115776,8706768,-66.55455244802506
1115776,7625205,-66.55532985485611
1115776,2230480,-66.55646986936881
1115776,3366472,-66.55662530911218
1115776,8446541,-66.62261229833575
1115776,2729810,-66.65929096568655
1115776,8447122,-66.66048307187431
1115776,8106323,-66.73485227553017
1115776,6826421,-66.73594098364275
1115776,600966,-66.73614833422076
1115776,143334,-66.73796234618113
1115776,2017908,-66.73827326459967
1115776,1328463,-66.73827326459967
1115776,2017909,-66.73842871776726
1115776,2230477,-66.7385323509748
1115776,6246927,-66.73858416690733
1115776,1328460,-66.73879142616278
1115776,8106324,-66.7761927271225
1104492,3569072,-114.83268586803584
1104492,217701,-115.52251824035868
1104492,7600741,-116.40826391596754
1104492,934088,-116.73530460960733
1104492,2607130,-117.03038490844344
1104492,6564743,-117.25598464494836
1104492,144542,-117.34599148013712
1104492,6564742,-117.4380212411834
1104492,953521,-117.673031917835
1104492,953524,-117.67331693746252
1104492,8213723,-117.7160388741256
1104492,1673723,-117.78360681977148
1104492,3647138,-117.89579543149091
1104492,144540,-117.93396813761228
1104492,2573776,-118.12349856836262
1104492,5113610,-118.1654601640235
1104492,4400418,-118.166493933899
1104492,1976163,-118.23009364659379
1104492,7071676,-118.27935860563034
1104492,392677,-118.3402771759158
1104492,6136117,-118.43792685030948
1104492,2573774,-118.47969864364566
1104492,7981951,-118.60548849330375
1104492,5676779,-118.61114037061039
1104492,8502908,-118.630334658135
1104492,1256586,-118.6518678289756
1104492,6655124,-118.6665122884003
1104492,8165260,-118.72070683962566
1104492,6372026,-118.7220367531829
1104492,144541,-118.75399869399969
1104492,915758,-118.76453107358209
1104492,2573778,-118.76861533196482
1104492,2551921,-118.85395322985357
1104492,5633564,-118.90236337934058
1104492,4016314,-118.90454828450302
1104492,6265254,-118.96604681943933
1104492,2299377,-118.9876746248963
1104492,4291787,-119.08154931397736
1104492,247760,-119.10090830940442
1104492,3509113,-119.12275143151928
1104492,8213724,-119.12322656682494
1104492,5740858,-119.14087525981178
1104492,4245096,-119.14277526758926
1104492,8213728,-119.17486743265829
1104492,5633568,-119.20560379649606
1104492,3013784,-119.25201853037944
1104492,7150528,-119.26074828597447
1104492,1942313,-119.29493093063476
1104492,1698162,-119.29588098375194
1104492,144547,-119.29654597211484
1104492,5740854,-119.32595172082459
1104492,5564391,-119.32652161487624
1104492,5886387,-119.34425517704373
1104492,8095241,-119.34956433525608
1104492,4221043,-119.3724620134877
1104492,7390489,-119.37284202488806
1104492,3657737,-119.37293702568694
1104492,2926068,-119.37597661812457
1104492,1234556,-119.40091452298411
1104492,3815681,-119.41537390826902
1104492,3579119,-119.42950737717534
1104492,2566822,-119.45710823704137
1104492,7192883,-119.4743068012001
1104492,2125200,-119.47924750421046
1104492,2020023,-119.53078202649849
1104492,6910328,-119.54188601757055
1104492,2125205,-119.54340605004636
1104492,6616379,-119.54424998024173
1104492,7496267,-119.54824037569739
1104492,7529632,-119.5530733565015
1104492,1482048,-119.59418040511724
1104492,537384,-119.59750549053679
1104492,5846033,-119.59845533035988
1104492,7493206,-119.59950005944341
1104492,6564750,-119.62017709860946
1104492,2142865,-119.66042909572053
1104492,1703744,-119.66071409811714
1104492,5633566,-119.66071409811714
1104492,2125201,-119.66109408982646
1104492,6616380,-119.6977354534012
1104492,1291193,-119.69916084700617
1104492,6442293,-119.72828188377304
1104492,6710151,-119.76521958443149
1104492,8532780,-119.7667395906521
1104492,2232056,-119.79320044585147
1104492,8213727,-119.81333252673015
1104492,2068185,-119.81551848905758
1104492,3945685,-119.81722893922037
1104492,3262836,-119.85508080080972
1104492,1528833,-119.87977190930826
1104492,6393681,-119.880152042182
1104492,7549267,-119.88024707334793
1104492,6265253,-119.88290761272478
1104492,8497720,-119.88319263235229
1104492,1563354,-119.88376264945295
1104492,6539053,-119.8839526485893
1104492,401591,-119.88452262630848
1104492,1851527,-119.95342050355988
1104492,1843902,-119.96774384854295
1104492,8104643,-119.98541752585297
315637,6361702,-105.32866489804354
315637,1704485,-106.94131738667403
315637,1003636,-106.95728090673981
315637,5482493,-107.03575425852497
315637,5482496,-107.18964583631353
315637,5482495,-107.48160952069247
315637,1716588,-107.6234545568268
315637,1716589,-107.6234545568268
315637,6412810,-108.11913637416312
315637,6385398,-108.18376125667984
315637,6412811,-108.56499165870778
315637,48672,-108.80951959671762
315637,5702170,-108.85276009626804
315637,6663760,-109.01420326829607
315637,4404407,-109.03603162002977
315637,2981325,-109.03689514806045
315637,8433522,-109.10074285273905
315637,1716593,-109.14165120192655
315637,7367709,-109.2325469954003
315637,5620992,-109.2325469954003
315637,451062,-109.23280610191468
315637,597781,-109.23487871237496
315637,597782,-109.23513775848085
315637,1716586,-109.25874337936403
315637,1716590,-109.27552800576316
315637,1716587,-109.27665050981182
315637,5821306,-109.32138179426266
315637,1600289,-109.38617944205706
315637,8295683,-109.38773406100579
315637,5587116,-109.42941962829987
315637,1003641,-109.48524324751811
315637,2061892,-109.48766097986966
315637,893621,-109.56269195692262
315637,3842913,-109.56850099885101
315637,8004340,-109.61130940802892
315637,5702171,-109.65821481082597
315637,2981328,-109.68827044916503
315637,6633916,-109.74492715755785
315637,1391159,-109.79653076335501
315637,6374274,-109.83281203644987
315637,479198,-109.83281203644987
315637,1658572,-109.89968231483617
315637,5727909,-109.95301318029381
315637,771021,-109.99606887128411
315637,7565407,-110.01409708213924
315637,893625,-110.01409708213924
315637,1128985,-110.01573817511084
315637,4155314,-110.01616999692395
315637,5676784,-110.01660180009088
315637,8613521,-110.11824819903958
315637,7387072,-110.11842097924585
315637,1218676,-110.11842097924585
315637,20182,-110.11876653070284
315637,1716592,-110.12135778609418
315637,6485990,-110.13352121076724
315637,3893113,-110.1585331468869
315637,5507992,-110.30557917018226
315637,4291217,-110.35390066082866
315637,7565411,-110.35415982777965
315637,3441610,-110.3563192912046
315637,1701134,-110.37319038488782
315637,7571616,-110.41826640026723
315637,286306,-110.52293575927413
315637,6667700,-110.60050156509217
315637,2075679,-110.60101990571118
315637,1441105,-110.60153821946392
315637,8173616,-110.60292025814593
315637,254511,-110.64140995158144
315637,5738093,-110.66642226817893
315637,4079738,-110.70758977833813
315637,4568223,-110.70879898907047
315637,4980709,-110.70983533904678
315637,8813792,-110.81346854507144
315637,1689622,-110.81450496665413
315637,7061772,-110.81450496665413
315637,5927969,-110.81545492541798
315637,6544116,-110.89215689584074
315637,6411882,-110.92814167132207
315637,8158147,-110.9285736610235
315637,4843044,-110.9285736610235
315637,893628,-110.92883284588711
315637,3262437,-110.92943758444588
315637,3955887,-110.93107883335358
315637,8822080,-110.93125158072783
315637,2061897,-110.93142432511794
315637,8559759,-110.93142432511797
315637,3164811,-110.9354829594864
315637,2721041,-111.00019415193552
315637,3878781,-111.04652948733536
315637,2822276,-111.04696145091228
315637,1498330,-111.04929373185037
315637,6569819,-111.04955284060269
315637,1391164,-111.05119370681099
315637,689480,-111.07594643127393
315637,8295682,-111.10555466759334
315637,2628073,-111.11132718885817
315637,4151645,-111.1165093863986
315637,3825706,-111.1761248836637
315637,5702655,-111.17811165865935
315637,26969,-111.18027074908615
1112341,7579818,-82.94349359055866
1112341,7579820,-82.94349359055866
1112341,3729373,-83.85227892810481
1112341,5728410,-84.60722505254974
1112341,1267520,-84.69347659376696
1112341,1954369,-84.84088103933534
1112341,1239323,-84.98910019590795
1112341,1373648,-85.0912730701083
1112341,8504804,-85.13330467583506
1112341,5205144,-85.1927319935939
1112341,4358403,-85.2034961244697
1112341,4419996,-85.24510284959347
1112341,5491054,-85.24551730367982
1112341,8555308,-85.32764511459133
1112341,3519511,-85.32778327430395
1112341,2118405,-85.32847403707919
1112341,6311795,-85.37985335520423
1112341,1998330,-85.39870089057
1112341,90432,-85.4276071112174
1112341,2423393,-85.4441846054517
1112341,6038312,-85.4451518236642
1112341,2873454,-85.46950241343599
1112341,439512,-85.48241749433643
1112341,6303184,-85.49242202099197
1112341,7958852,-85.53358948788096
1112341,5590129,-85.55223922389946
1112341,2938018,-85.56293485932059
1112341,4538538,-85.56555957658266
1112341,6681385,-85.59963610529911
1112341,2873450,-85.60040775256283
1112341,6016292,-85.6637719414918
1112341,3658729,-85.66504782247418
1112341,1307744,-85.66926247626617
1112341,2468296,-85.68562302226204
1112341,439507,-85.70431759749735
1112341,7101094,-85.71376887545668
1112341,1675296,-85.81809265165865
1112341,2468299,-85.85116957539518
1112341,122940,-85.89809441431166
1112341,5906320,-85.91460277110762
1112341,2596431,-85.95224610407897
1112341,3522577,-85.95349007857999
1112341,6257536,-85.96025943727636
1112341,2735215,-86.00138183612448
1112341,90433,-86.00262575689614
1112341,3093482,-86.0054584101632
1112341,6016288,-86.00628728970875
1112341,4560142,-86.08923250392633
1112341,2468298,-86.09170990545203
1112341,4073005,-86.10688057475322
1112341,2468292,-86.12061609387797
1112341,8491427,-86.13525878169855
1112341,1707314,-86.13539699869924
1112341,8326583,-86.13802266809577
1112341,4630259,-86.18432537748143
1112341,1998332,-86.18909231991397
1112341,3670756,-86.22417981956262
1112341,4415267,-86.2292236291877
1112341,4977768,-86.25193599537324
1112341,4538537,-86.27334059806083
1112341,3352256,-86.28934035212995
1112341,7718340,-86.29023872771236
1112341,8442178,-86.29065332857274
1112341,550571,-86.29162064702898
1112341,3212134,-86.34320682972002
1112341,2085244,-86.3456941985702
1112341,943108,-86.35743474713833
1112341,3059677,-86.36144255553836
1112341,8139258,-86.39525372623898
1112341,8045726,-86.39569563445959
1112341,4265326,-86.39808652629274
1112341,3795405,-86.4071924971822
1112341,3007130,-86.40774535085758
1112341,8344034,-86.40933459238867
1112341,1554245,-86.41016363657056
1112341,7597738,-86.47311308087882
1112341,4203921,-86.47673822234454
1112341,6227257,-86.48109061043618
1112341,4073004,-86.5118618920144
1112341,1093564,-86.51241479345128
1112341,3542545,-86.51338227902659
1112341,883227,-86.51414236419123
1112341,1707312,-86.54203685490812
1112341,1998338,-86.54203685490812
1112341,1707313,-86.54217504922659
1112341,439510,-86.54293507530988
1112341,6303183,-86.5450075068017
1112341,2434425,-86.57716064277643
1112341,8223035,-86.57736796559105
1112341,6303185,-86.57909544680058
1112341,6908170,-86.5793718091808
1112341,4263743,-86.59027421793027
1112341,4449213,-86.59283060308523
1112341,7818788,-86.60916386940973
1112341,7194366,-86.61462200306072
1112341,1288918,-86.62999049554683
1112341,7088036,-86.63040515729524
1112341,8562624,-86.63047426549709
1112341,8802641,-86.63157991554334
1112341,7361055,-86.63344535356268
588587,6244255,-84.81105238895962
588587,6409990,-85.99469356338449
588587,3494602,-86.07452035822585
588587,8004795,-86.16729883230937
588587,4163828,-86.49655323847838
588587,2032207,-86.49738226118224
588587,4099577,-86.72801975480532
588587,6210601,-86.7663900663324
588587,6209489,-86.81604323455403
588587,4450862,-86.91774167978261
588587,7608895,-86.92043657376142
588587,2061066,-87.05528053466186
588587,2507242,-87.05569498516967
588587,6549242,-87.10386346552545
588587,6549243,-87.1040706988313
588587,6362859,-87.20887858041038
588587,947058,-87.2732098539259
588587,6409993,-87.32555623336943
588587,3494601,-87.4588112564533
588587,4450863,-87.49303671290218
588587,5562518,-87.52459336534405
588587,6451436,-87.57283084771117
588587,3494606,-87.57352169399829
588587,2286578,-87.61088886034257
588587,2692436,-87.61289284240357
588587,3494600,-87.61365284223143
588587,1216204,-87.61399827283232
588587,1569267,-87.6403036473356
588587,6549246,-87.6779840978489
588587,6244254,-87.6779840978489
588587,3404524,-87.67832953739918
588587,939250,-87.67895129100373
588587,7385389,-87.6803327926995
588587,918571,-87.74428202880205
588587,2124704,-87.745042232157
588587,8500920,-87.74538775525743
588587,1208700,-87.75160462054346
588587,889946,-87.79348685830209
588587,275293,-87.79410881600063
588587,3494599,-87.79569804380526
588587,5913310,-87.7971488022191
588587,6121538,-87.85982201421209
588587,6782322,-87.86168732335668
588587,4346431,-87.86175640052882
588587,3401386,-87.86634890343318
588587,1407575,-87.86648705360241
588587,3615052,-87.92943670373985
588587,2297381,-87.97836504313274
588587,7572461,-88.01628485666674
588587,2090419,-88.01656130022043
588587,3068210,-88.01925612436978
588587,4450864,-88.07985575013244
588587,5101619,-88.08033957859811
588587,4989838,-88.15057644607914
588587,6195292,-88.15271843027752
588587,8339998,-88.18652944641171
588587,1105054,-88.19832996035402
588587,3499744,-88.19867552524468
588587,6792155,-88.26300670923908
588587,8091771,-88.2655634918609
588587,6315701,-88.2865952505199
588587,231795,-88.30327577843859
588587,5493915,-88.30355224587593
588587,7709461,-88.30369047601184
588587,2074831,-88.30375959018413
588587,789807,-88.30382870375934
588587,1042769,-88.30396692911853
588587,820067,-88.30507264602221
588587,6092779,-88.30527995092885
588587,8480960,-88.30541815121562
588587,8480955,-88.30597092848978
588587,3134521,-88.30700728294174
588587,1262891,-88.30700728294174
588587,1481817,-88.30728362145645
588587,3660496,-88.30735270459367
588587,1575352,-88.30776719088982
588587,1865041,-88.36829811132169
588587,7196062,-88.36871278381692
588587,184603,-88.36954206433042
588587,1588752,-88.37037125888958
588587,6267636,-88.37147671795913
588587,5810398,-88.37168397452982
588587,4424043,-88.39671255336671
588587,4450870,-88.42098969574276
588587,256261,-88.4218190765589
588587,6815315,-88.43957141558803
588587,6118033,-88.4474704907635
588587,6118032,-88.44767777239446
588587,668246,-88.48677225586272
588587,6654708,-88.4873250999868
588587,5519047,-88.48739420281615
588587,5846110,-88.48739420281615
588587,1604432,-88.48836157975747
588587,7491511,-88.48856885959823
588587,7369873,-88.48981242587244
588587,3404521,-88.49036505995119
588587,6736723,-88.49126300891582
588587,5095723,-88.55611065940431
588587,1326930,-88.5563870743031
588587,5348043,-88.59185633513113
706080,8186136,-49.39149976986156
706080,8433704,-50.285101818856035
706080,8433710,-50.426083358249926
706080,331034,-50.4680276678519
706080,1128295,-50.51781043925854
706080,4177012,-50.61151694648817
706080,2811044,-50.622739410764815
706080,8207883,-50.6881490275535
706080,724527,-50.721111388995126
706080,1589044,-50.90299821945521
706080,5783110,-50.90830637831471
706080,5928623,-50.908910785305835
706080,5496489,-50.9121887385659
706080,5496488,-50.91240451902227
706080,6992839,-50.93617502438554
706080,5928627,-50.93690898201592
706080,1589041,-51.01676626110204
706080,1589047,-51.14331114913682
706080,665982,-51.17928652966565
706080,5210422,-51.2283114471867
706080,6460006,-51.22926125420604
706080,8433709,-51.26644904108359
706080,5928628,-51.31342607819338
706080,2410836,-51.342201403903566
706080,6904467,-51.39194126848853
706080,1355842,-51.41218713972102
706080,3697340,-51.44548921958093
706080,8138589,-51.44838212599623
706080,4819166,-51.47050964816948
706080,6716120,-51.4961362175678
706080,3628285,-51.517806631043825
706080,724522,-51.51981780391339
706080,3675249,-51.56495638941396
706080,7684661,-51.56720101960567
706080,8112542,-51.65439584249759
706080,1589042,-51.720315841479874
706080,6791521,-51.742054834752864
706080,1563737,-51.785027020513105
706080,321075,-51.82394945018355
706080,2166656,-51.82394945018355
706080,724524,-51.825503693279686
706080,3697339,-51.836544687719865
706080,7011275,-51.85181805710209
706080,844708,-51.85220668666491
706080,2509166,-51.85263846186574
706080,4819165,-51.852940682322696
706080,2385958,-51.90293954567869
706080,6285096,-51.92318541542073
706080,4452031,-51.94199155990927
706080,394904,-51.942552841012386
706080,5794469,-51.95795580168131
706080,6427981,-51.968953309687166
706080,1767366,-51.9713281040962
706080,97888,-52.00467308685127
706080,1873799,-52.004716280596824
706080,866346,-52.00674596585075
706080,4226162,-52.00735039371733
706080,5794464,-52.084872623884095
706080,1175702,-52.12275847089084
706080,3697337,-52.12357903863918
706080,1440423,-52.123924500565096
706080,8723575,-52.12431311670322
706080,5792964,-52.126514704472065
706080,3697335,-52.187642510652
706080,5149501,-52.18928339812775
706080,2505538,-52.22898273834309
706080,2296857,-52.258405790430864
706080,2082754,-52.25991661876478
706080,3526914,-52.294168975419275
706080,2296860,-52.294168975419275
706080,2851613,-52.29434168549951
706080,875983,-52.306461958942506
706080,8236806,-52.3065483169656
706080,6460004,-52.306634673497186
706080,7931900,-52.316728187057166
706080,2633022,-52.34568606093982
706080,4452032,-52.347456668017436
706080,6305813,-52.34870867014806
706080,7954270,-52.363809478948504
706080,7059305,-52.41065649528038
706080,3136459,-52.41177929502945
706080,844700,-52.411952011075655
706080,3968938,-52.411995189155
706080,1589049,-52.4122110739589
706080,7350640,-52.4122110739589
706080,4451256,-52.41234060036719
706080,5496494,-52.41285867244874
706080,270523,-52.412945012577055
706080,2082751,-52.41311768836102
706080,8433707,-52.480988060641955
706080,724525,-52.48137664657793
706080,217275,-52.51567148336065
706080,7807905,-52.519384654060815
706080,2299129,-52.527532470113684
706080,6285097,-52.5292168806939
706080,889154,-52.529864579851505
706080,5496490,-52.530123636023575
706080,5928625,-52.5303395059145
706080,4028239,-52.54496523766204
706080,724530,-52.545569759486014
117831,3930689,-20.8333137805036
117831,5490903,-20.834333038454062
117831,6699898,-20.92143076936525
117831,3672136,-21.015548935624807
117831,1785018,-21.12208419434137
117831,5490907,-21.23926266901238
117831,7372393,-21.239763603949598
117831,6699897,-21.23978087533049
117831,5646684,-21.241041283450897
117831,7615110,-21.372258440680554
117831,2624570,-21.37326045336488
117831,5072014,-21.37358858976674
117831,2511437,-21.526305435365007
117831,7549317,-21.52647824095019
117831,5114039,-21.52649552068754
117831,1004729,-21.526616474668906
117831,6650998,-21.526685587945572
117831,5594852,-21.52694474146416
117831,2344062,-21.52694474146416
117831,8277923,-21.527117491822725
117831,7113391,-21.52741113319214
117831,5072011,-21.527497490096604
117831,8276902,-21.527618383498883
117831,7646684,-21.527739269593997
117831,1063745,-21.528291798713205
117831,7628460,-21.708609710779214
117831,5315018,-21.708799797744145
117831,7658752,-21.708817077481495
117831,125200,-21.70883435706955
117831,2122297,-21.708903473928885
117831,6270416,-21.70893803146286
117831,5594854,-21.70893803146286
117831,1096440,-21.708972588399735
117831,29022,-21.708972588399735
117831,1193879,-21.70900714473953
117831,61159,-21.709024422685527
117831,2838747,-21.70904170048226
117831,7170194,-21.709058978129736
117831,3930688,-21.709076255627956
117831,5490900,-21.70909353297692
117831,7197993,-21.709110810176632
117831,5269853,-21.709128087227093
117831,4311841,-21.709128087227093
117831,70147,-21.70916264088028
117831,5740463,-21.70923174639577
117831,4311840,-21.709249022401558
117831,1529850,-21.709352675302565
117831,3572969,-21.709352675302565
117831,369415,-21.709404499738653
117831,458130,-21.709473596897904
117831,4844020,-21.709508144582344
117831,8276255,-21.70952541820078
117831,5490908,-21.709542691670027
117831,6392652,-21.709542691670027
117831,1870185,-21.70955996499009
117831,4746465,-21.70955996499009
117831,4918035,-21.70959451118267
117831,5879068,-21.70961178405519
117831,5429410,-21.70962905677854
117831,1550303,-21.70962905677854
117831,8377540,-21.70964632935271
117831,8575328,-21.70966360177772
117831,1550304,-21.709680874053554
117831,8442191,-21.70969814618023
117831,1280954,-21.709715418157742
117831,7658373,-21.709715418157742
117831,276927,-21.709715418157742
117831,6970989,-21.709715418157742
117831,6350042,-21.709732689986094
117831,714665,-21.70974996166529
117831,7490046,-21.70974996166529
117831,2080986,-21.70974996166529
117831,8620092,-21.70981904689056
117831,5911069,-21.70981904689056
117831,6236627,-21.70983631782401
117831,2156437,-21.70985358860832
117831,1607707,-21.709888129729524
117831,6166980,-21.709905400066425
117831,479326,-21.709939940292838
117831,2185871,-21.709957210182353
117831,1739854,-21.709974479922746
117831,8275452,-21.710043557393135
117831,1697458,-21.71007809523366
117831,1704630,-21.71012990087616
117831,4009543,-21.710164437225668
117831,6175532,-21.71031984341868
117831,765781,-21.71033711002808
117831,1455281,-21.93171869888596
117831,2452291,-21.93177054347317
117831,1335682,-21.931787824703594
117831,2041222,-21.9318051057847
117831,1335681,-21.931822386716487
117831,8425825,-21.931839667498963
117831,6350385,-21.931839667498963
117831,2452288,-21.931839667498963
117831,6753191,-21.93187422861598
117831,8344743,-21.93187422861598
117831,3913521,-21.93187422861598
117831,6270412,-21.931891508950525
117831,1593570,-21.93190878913577
1120868,8342741,-53.0946969874913
1120868,317421,-53.537436283725086
1120868,5028214,-53.58085235144069
1120868,1433514,-53.59723023867461
1120868,8051924,-53.64521820126673
1120868,8057920,-53.69051048777103
1120868,2110885,-53.71442691096138
1120868,8051926,-53.78762830002429
1120868,8342744,-53.78870754697313
1120868,3677390,-53.95450968355537
1120868,8342742,-54.021864861876054
1120868,1779320,-54.02246926364855
1120868,3953268,-54.0227282706159
1120868,6207333,-54.12397101135567
1120868,7106218,-54.153971304040354
1120868,2110886,-54.20284784040484
1120868,2384523,-54.20327967900113
1120868,1852164,-54.27019938499386
1120868,5391784,-54.2711496925508
1120868,3738074,-54.28947053076641
1120868,8057914,-54.307733290524865
1120868,8057912,-54.307733290524865
1120868,4909809,-54.30833791155778
1120868,255804,-54.4051129834549
1120868,8057916,-54.42473884883451
1120868,6038739,-54.426077762422125
1120868,7588001,-54.427589008261506
1120868,6207332,-54.42810704455904
1120868,6967375,-54.48966612375723
1120868,6392948,-54.490054847318824
1120868,175903,-54.490054847318824
1120868,1034176,-54.49337935858705
1120868,6672065,-54.55926366328217
1120868,2258379,-54.60697401179353
1120868,8512794,-54.60714679797066
1120868,3834995,-54.60744915941362
1120868,1301249,-54.60757873729209
1120868,3768900,-54.60796745078021
1120868,6681408,-54.608356134051036
1120868,3953266,-54.60878796891766
1120868,1242188,-54.60913340995964
1120868,7487133,-54.712377724555424
1120868,8412153,-54.71242092128629
1120868,6769775,-54.71272328795348
1120868,2251161,-54.71276648169902
1120868,5758616,-54.71319839863303
1120868,6623232,-54.741412465241126
1120868,5736731,-54.82994477095939
1120868,7495695,-54.83020395694268
1120868,8057944,-54.83024715330036
1120868,8264095,-54.83041993499934
1120868,5053015,-54.83054951735541
1120868,7632108,-54.831240566541936
1120868,4211830,-54.831499685365245
1120868,4206871,-54.89435369406685
1120868,8297250,-54.894785674437934
1120868,6078836,-54.89482887042243
1120868,4382309,-54.894872066033756
1120868,1071303,-54.894958456136905
1120868,1774408,-54.894958456136905
1120868,8740881,-54.89681548241143
1120868,4064543,-54.89724725015519
1120868,2890569,-54.89750629290594
1120868,8510714,-54.96351936218083
1120868,1433511,-54.96364895573226
1120868,3027386,-54.96369215283633
1120868,7703326,-54.96369215283633
1120868,5826278,-54.963821741909385
1120868,6681406,-54.96386493752071
1120868,7495699,-54.96395132762386
1120868,195478,-54.963994522115705
1120868,1237611,-54.964080909979934
1120868,7419259,-54.96412410335235
1120868,5053010,-54.964771959166455
1120868,5986294,-54.96498789245174
1120868,7487127,-55.00010299373807
1120868,6731195,-55.00075089992216
1120868,1522844,-55.00118279074044
1120868,5619331,-55.001873738462706
1120868,486987,-55.00247823940473
1120868,6859285,-55.076632050770954
1120868,6859287,-55.07697764103926
1120868,3032046,-55.07779832220647
1120868,7106220,-55.116978819666684
1120868,8510717,-55.117410844828086
1120868,8057913,-55.11775643808225
1120868,6681411,-55.117842832663584
1120868,4200047,-55.11805881258613
1120868,5265979,-55.11814520194296
1120868,1869314,-55.11814520194296
1120868,796881,-55.11814520194296
1120868,1663116,-55.11823158980718
1120868,7125788,-55.11823158980718
1120868,991127,-55.1182747831796
1120868,3210331,-55.11857712633918
1120868,8338835,-55.11883626306841
1120868,2056559,-55.119354496239254
1120868,1685136,-55.119354496239254
1120868,4361676,-55.11978631618788
1120868,8137044,-55.120002212177866
1111906,7630274,-61.64081879788365
1111906,8143530,-62.306057205975705
1111906,8143534,-63.19474716907458
1111906,5232240,-63.6648544485354
1111906,7635573,-63.665787219904644
1111906,263052,-63.66754872583216
1111906,6292580,-63.786056937171864
1111906,6292579,-63.7861605265436
1111906,4019184,-63.78631590724792
1111906,4764646,-63.79445607393934
1111906,4102355,-63.889397102530225
1111906,459912,-63.97697839079545
1111906,8587039,-64.00359483676155
1111906,8143536,-64.02090746432356
1111906,8143535,-64.02090746432356
1111906,2879188,-64.07187409504073
1111906,8587038,-64.09864590557565
1111906,1698503,-64.09900865782892
1111906,7635570,-64.17368662493085
1111906,6679490,-64.18716967589774
1111906,462435,-64.20468008653481
1111906,8814939,-64.29486221063839
1111906,8814940,-64.2949140229913
1111906,6696708,-64.29771122583918
1111906,7445187,-64.34068889410896
1111906,948872,-64.41020956087931
1111906,6773661,-64.41197164498831
1111906,4102357,-64.42746090439323
1111906,4102358,-64.45599451481571
1111906,8143532,-64.47448890834889
1111906,6717349,-64.54053048094792
1111906,2841649,-64.54089323006815
1111906,3327074,-64.54695377723804
1111906,6921438,-64.58223339957642
1111906,3327079,-64.60993792106774
1111906,462437,-64.68373496943227
1111906,1519499,-64.68414953090412
1111906,948875,-64.69778796520731
1111906,5275764,-64.69809896420527
1111906,3327076,-64.70131167695152
1111906,1709277,-64.70229587368948
1111906,7139410,-64.71327714402932
1111906,3457810,-64.71384732117342
1111906,3618869,-64.71669739442207
1111906,5284050,-64.76372585490776
1111906,7780228,-64.764088600895
1111906,1015784,-64.7924149337144
1111906,1519491,-64.79246675143692
1111906,3433254,-64.79251856871196
1111906,5363477,-64.79267401785202
1111906,1855118,-64.79562678656391
1111906,7494341,-64.83230413269636
1111906,8143528,-64.83494667683547
1111906,1218619,-64.87089988123377
1111906,7983655,-64.96666468407157
1111906,2156780,-64.9848479912988
1111906,8027836,-64.98661028851772
1111906,412582,-64.98738760806191
1111906,447445,-64.98857930247392
1111906,2102540,-65.0135372447108
1111906,1051816,-65.05420568574954
1111906,7742177,-65.10304573169422
1111906,8708566,-65.1082271239108
1111906,6153475,-65.12060808495316
1111906,1994806,-65.12091900068643
1111906,4400310,-65.12117808482405
1111906,5936599,-65.12852443374703
1111906,4683378,-65.12909443854069
1111906,8143527,-65.16784342873883
1111906,2550475,-65.16784342873885
1111906,8692181,-65.16789526257682
1111906,761282,-65.16794709596704
1111906,462438,-65.16919096301592
1111906,6188887,-65.16945006953033
1111906,1519494,-65.17002006447854
1111906,6342594,-65.17012369410625
1111906,412585,-65.1710044736841
1111906,7180375,-65.23611057947188
1111906,5994040,-65.23937563183216
1111906,4719911,-65.27315211011089
1111906,5297808,-65.27325577823467
1111906,2952877,-65.27341127706194
1111906,8023111,-65.273618602563
1111906,1688470,-65.27424053608577
1111906,3457812,-65.27439600939404
1111906,2426793,-65.27465512262225
1111906,1123341,-65.27496604372608
1111906,1855114,-65.27543239517395
1111906,7435610,-65.30111564545632
1111906,462436,-65.30225593571545
1111906,7124470,-65.35011315124702
1111906,1751642,-65.390727804146
1111906,156858,-65.39083147585227
1111906,7703557,-65.39098698005306
1111906,8205631,-65.39119431271833
1111906,4137623,-65.39140163821939
1111906,6060232,-65.45485162054453
1111906,3448634,-65.45500713818068
1111906,8136936,-65.45542183217124
1111906,435344,-65.45547366690482
523270,8372977,-51.43008637228288
523270,8372982,-51.43008637228288
523270,8372979,-51.4931995121213
523270,5752993,-51.920292708846134
523270,4859930,-52.005450517186446
523270,7696361,-52.22773024955496
523270,7821242,-52.22893955429701
523270,2726812,-52.29464391378558
523270,2292971,-52.31409366438467
523270,4859929,-52.51679436069534
523270,3940166,-52.61335351422686
523270,2657168,-52.66318008207923
523270,1465672,-52.753224012241176
523270,4893265,-52.774954081290744
523270,1465677,-52.88212835040163
523270,1809189,-52.88446659107903
523270,3010424,-52.920877430114906
523270,8718319,-53.01782520051188
523270,5323332,-53.039308343971086
523270,8433130,-53.104581025597454
523270,4893267,-53.10514236971495
523270,1300609,-53.131326669010555
523270,1300606,-53.132017742075355
523270,5765852,-53.132017742075355
523270,2292969,-53.132017742075355
523270,1376654,-53.13219049541815
523270,2657172,-53.17184628902693
523270,7696363,-53.20830032777914
523270,1046093,-53.28582289730976
523270,4100221,-53.3063279399518
523270,8372978,-53.325824175212986
523270,8718316,-53.325953771003725
523270,8227852,-53.32616975652408
523270,5173465,-53.32763821068432
523270,3345508,-53.39062188457311
523270,4469454,-53.39070827766165
523270,1119549,-53.390837864495644
523270,5765846,-53.39092425385247
523270,2098238,-53.39178806533641
523270,8372976,-53.44339121042006
523270,1119553,-53.467107737037374
523270,5765850,-53.467107737037374
523270,2292976,-53.467107737037374
523270,6618496,-53.46766931879778
523270,3080022,-53.46931050392092
523270,1419104,-53.61303103435843
523270,224334,-53.61385182897587
523270,7096321,-53.61411099928538
523270,413639,-53.61415419303092
523270,7696359,-53.61480205444131
523270,4149448,-53.61480205444132
523270,5048486,-53.61484524221745
523270,1665731,-53.614974803307675
523270,7586494,-53.69150396108658
523270,5922225,-53.691633530010776
523270,4893263,-53.71308856385523
523270,1337589,-53.73081407001482
523270,5779174,-53.731289283321146
523270,5752990,-53.73163486463225
523270,7893046,-53.73180764633123
523270,7926030,-53.7341396150733
523270,3027224,-53.79595740024946
523270,5540113,-53.79820319374332
523270,6185190,-53.90114512077317
523270,4893268,-53.90114512077317
523270,8372981,-53.902268182416705
523270,7755181,-53.90282961865757
523270,5966287,-53.9130924233594
523270,5966288,-53.91330843687325
523270,3027220,-53.91378363375631
523270,7436536,-53.91408600826019
523270,1046095,-53.914129203125185
523270,8433125,-53.91451794011889
523270,7540621,-53.97793336080336
523270,4100220,-53.97793336080336
523270,7020821,-54.01970568751077
523270,7850015,-54.01987845577671
523270,5735596,-54.02013759698281
523270,413636,-54.02069902352506
523270,8464552,-54.02091494002586
523270,1300605,-54.021303566232426
523270,5524942,-54.0214331015891
523270,1329373,-54.06394953792855
523270,3851915,-54.06394953792855
523270,5906222,-54.137186364336245
523270,8542262,-54.137272754439394
523270,413016,-54.137445530167874
523270,566909,-54.1376614914331
523270,159438,-54.13800701005668
523270,1265891,-54.13800701005668
523270,7747452,-54.13800701005668
523270,7459505,-54.152243546738504
523270,5540119,-54.1546622398276
523270,5001832,-54.201897664187484
523270,4143783,-54.20245915377677
523270,4366633,-54.20267509452267
523270,8571395,-54.20327967900112
523270,4065433,-54.20336604224493
523270,2657174,-54.2709769227924
523270,4743913,-54.271365646353985
133358,4432668,-40.816193339738746
133358,2196301,-41.6487721125408
133358,1218471,-41.69666423857438
133358,2525442,-41.69676786864956
133358,4203705,-41.73261733559446
133358,8432059,-41.73282461454015
133358,1218472,-41.78717443539991
133358,7252052,-41.78772697405692
133358,4201765,-41.91960052168349
133358,8104531,-41.9542750733871
133358,1176064,-41.95582998108404
133358,871835,-41.984139042821056
133358,1275309,-42.04263407196697
133358,2668443,-42.05320100490305
133358,4432669,-42.072680144656275
133358,1729579,-42.07378574695744
133358,6517112,-42.07406209979103
133358,5451013,-42.137633302468835
133358,8720205,-42.140465503328016
133358,2465303,-42.16131526984904
133358,2763589,-42.20600420282436
133358,3690751,-42.20669527588977
133358,6043979,-42.207489862340374
133358,7991249,-42.20807706393724
133358,4370299,-42.24323566967307
133358,6674872,-42.243719328901186
133358,5405506,-42.24399567934821
133358,2436210,-42.25545088924143
133358,8100776,-42.25565818967163
133358,838764,-42.25697084297022
133358,8157381,-42.31909098434851
133358,642184,-42.32074945943901
133358,6322012,-42.360223995331204
133358,8494377,-42.36115689964795
133358,2123595,-42.36153690940758
133358,6881854,-42.36157145395926
133358,6237113,-42.36253858030348
133358,4824647,-42.38863675727302
133358,2624787,-42.38984596279103
133358,871834,-42.39046769760511
133358,838771,-42.47776513138449
133358,1875611,-42.47883629001307
133358,1065615,-42.479147217830466
133358,7822666,-42.47935448961564
133358,1675962,-42.493997272930855
133358,6517115,-42.4942736949929
133358,2476337,-42.49479193487823
133358,1234557,-42.49482648181672
133358,3782096,-42.494861028456846
133358,2476340,-42.49499921203374
133358,3549428,-42.49503375718209
133358,839517,-42.495241021807246
133358,839516,-42.495379192257786
133358,5853780,-42.495655518841374
133358,5853781,-42.49579367497509
133358,8120106,-42.5421999767852
133358,2606452,-42.5421999767852
133358,122952,-42.54244188265797
133358,4432677,-42.54254555212516
133358,4427959,-42.54268377390201
133358,8146663,-42.54278743710029
133358,8494371,-42.543098410577
133358,2717899,-42.54334026212341
133358,5303227,-42.54389301075321
133358,6526858,-42.5443766031545
133358,4874927,-42.61150386742158
133358,7930178,-42.612540423297744
133358,3733194,-42.64780239831579
133358,1157802,-42.64859712890906
133358,5377812,-42.64904625462586
133358,1479901,-42.64904625462586
133358,1479900,-42.64921898185936
133358,3758216,-42.64925352641104
133358,325637,-42.72462520931602
133358,1388862,-42.72493622040458
133358,501988,-42.7250398853939
133358,4432671,-42.725247207313046
133358,3083087,-42.725419967370954
133358,8802399,-42.72580001323586
133358,1838116,-42.726352742770636
133358,2018508,-42.76534352809941
133358,7107423,-42.76537808697694
133358,4427963,-42.76544720383626
133358,4427965,-42.76544720383626
133358,7708071,-42.76548176181808
133358,788289,-42.76551631950133
133358,7994418,-42.76558543397218
133358,3733195,-42.76558543397218
133358,6028100,-42.76565454724884
133358,2259481,-42.76579277021978
133358,1462119,-42.76582732521622
133358,1743162,-42.766069201833304
133358,1157800,-42.76610375444181
133358,155763,-42.76624196189121
133358,1498770,-42.766276513007426
133358,4370231,-42.76655291119367
133358,3372159,-42.82967468970141
133358,3844446,-42.829743810741
133358,8000688,-42.829882049236986
133358,7696809,-42.8299166081145
67262,4630841,-51.854883092057456
67262,8326588,-52.363723132856094
67262,8552958,-52.545137965641395
67262,4630842,-52.59587090852688
67262,6124842,-52.59587090852688
67262,2702437,-53.05773370724665
67262,6164795,-53.17456700148886
67262,6710096,-53.20955288148354
67262,8326584,-53.32746547375401
67262,2663364,-53.32807002690361
67262,7335064,-53.328674506965136
67262,2490873,-53.39247900709111
67262,2663365,-53.39334255003725
67262,2663358,-53.46099686637854
67262,2663361,-53.46142869751555
67262,6903057,-53.46211954976926
67262,6717003,-53.508707289508855
67262,2490876,-53.578736716869884
67262,3747305,-53.61575209935538
67262,8725996,-53.61575209935538
67262,5209406,-53.73297376665421
67262,8700909,-53.733621493780646
67262,2052540,-53.9159430505746
67262,8326580,-53.91736775495808
67262,5491786,-53.979963396724
67262,1791522,-53.980179309495284
67262,6203502,-53.980222490930714
67262,2663356,-54.02087175747161
67262,2702430,-54.13882752110736
67262,2052544,-54.13904342269081
67262,3116640,-54.13904342269081
67262,545689,-54.13951837336107
67262,8441852,-54.139993278919974
67262,1537436,-54.15405767623542
67262,8442174,-54.15569846451937
67262,6406535,-54.20241596450843
67262,7513848,-54.20271828155273
67262,5934807,-54.20297739589995
67262,6994047,-54.30846746369605
67262,4515545,-54.3106693366188
67262,6459591,-54.424522861448146
67262,1055632,-54.42473884883451
67262,6507284,-54.424954826891174
67262,1791521,-54.425300372378054
67262,7028332,-54.42560270509098
67262,5095134,-54.42573227065764
67262,5095136,-54.42573227065764
67262,8326581,-54.42616413163323
67262,5209407,-54.42638004813403
67262,3841843,-54.427114094501164
67262,5209401,-54.42745949080038
67262,2386657,-54.488888585958684
67262,2663362,-54.49031397957135
67262,2663360,-54.49074583681688
67262,8326585,-54.49087538671735
67262,3750240,-54.4909617514529
67262,5199144,-54.49173896695042
67262,6257534,-54.56025688776711
67262,4644719,-54.60693081431626
67262,3070243,-54.606974011793525
67262,3070244,-54.606974011793525
67262,3070252,-54.606974011793525
67262,6164796,-54.60788107261661
67262,4463781,-54.60870160492799
67262,8326583,-54.60917658841187
67262,5812188,-54.712464117643975
67262,2386652,-54.71259370447795
67262,4332412,-54.71276648169903
67262,3025461,-54.71289606069687
67262,3667793,-54.71293925294991
67262,2707906,-54.71350071828866
67262,7660402,-54.71354390531872
67262,5209404,-54.71358709197578
67262,5911889,-54.713630278259814
67262,2190759,-54.71397575510436
67262,5581950,-54.71492569336123
67262,8700907,-54.71492569336124
67262,3070251,-54.74046220694078
67262,3070248,-54.74046220694078
67262,8135544,-54.74098055203813
67262,7447080,-54.741757968942466
67262,3988638,-54.74292386770457
67262,5481775,-54.7430102197619
67262,666222,-54.7430102197619
67262,8677957,-54.74309657032793
67262,2624440,-54.743182919402706
67262,8700908,-54.74344195767998
67262,6227257,-54.74404632814255
67262,2406985,-54.80154848105933
67262,6087835,-54.83050632360987
67262,1725928,-54.831240566541936
67262,4162109,-54.831456499827226
67262,5491784,-54.83167242378747
67262,4196452,-54.831974701667306
67262,4515549,-54.8321042437361
67262,3795895,-54.83275190374141
67262,420472,-54.83279507809239
67262,4561900,-54.83288142567595
67262,6292688,-54.89422409267752
67262,7088038,-54.894440093126825
1121166,8378301,-64.07373900962365
1121166,8054920,-64.2939295117687
1121166,8378303,-64.47816812563731
1121166,3720789,-64.65706963881084
1121166,8054925,-65.17043457225073
1121166,1933184,-65.27294476848961
1121166,4268449,-65.30391415296974
1121166,3722100,-65.57372319501333
1121166,6439529,-65.57486335723075
1121166,1438877,-65.67830620310018
1121166,4008362,-65.68379843146295
1121166,8296723,-65.71139959393388
1121166,8378299,-65.9689940799266
1121166,2362460,-66.08382314818107
1121166,6994316,-66.08392682078298
1121166,1999760,-66.08418599445099
1121166,7150558,-66.08677711558298
1121166,6673626,-66.08713978326293
1121166,463986,-66.15069386969265
1121166,1735944,-66.15152287807905
1121166,2532661,-66.15157468730021
1121166,6636985,-66.17586058411058
1121166,3249452,-66.26666305007222
1121166,2532660,-66.26977218062164
1121166,2532657,-66.27101538186929
1121166,3817584,-66.37134970837113
1121166,3087309,-66.37155705715773
1121166,8625228,-66.37160889323478
1121166,5963619,-66.37176439877899
1121166,3852124,-66.37181623306478
1121166,686027,-66.3719717332354
1121166,8054924,-66.37243820956844
1121166,5963617,-66.3732155895399
1121166,4453796,-66.37337105344852
1121166,2823196,-66.37383742100687
1121166,1143559,-66.37435556467113
1121166,2532666,-66.37466642939326
1121166,8378307,-66.37466642939326
1121166,4008367,-66.37466642939326
1121166,8358215,-66.37518450147466
1121166,8104384,-66.3760133237713
1121166,1735939,-66.46193684801523
1121166,77039,-66.488977227735
1121166,4767948,-66.48902906694705
1121166,3249450,-66.4893400928141
1121166,5271678,-66.48949559970177
1121166,745329,-66.48949559970178
1121166,3294681,-66.48975476889179
1121166,7128104,-66.48991026503246
1121166,6911531,-66.49006575714341
1121166,8773580,-66.49016941631207
1121166,8773578,-66.49016941631207
1121166,8456423,-66.49105044694673
1121166,8790146,-66.49110226824962
1121166,3773864,-66.49125772947284
1121166,2682812,-66.49219041223304
1121166,1735941,-66.49239765538108
1121166,6160894,-66.49255308304463
1121166,6934894,-66.55356758808462
1121166,5499074,-66.55393045002873
1121166,8704187,-66.55615897780082
1121166,2524861,-66.55621079418084
1121166,6636980,-66.55678074482873
1121166,2737269,-66.55688436640274
1121166,7532720,-66.62468548172943
1121166,6293071,-66.62515184928778
1121166,7199759,-66.62515184928778
1121166,3644783,-66.62655073450348
1121166,2362459,-66.65944647123077
1121166,3773868,-66.66063854652548
1121166,2737270,-66.66136404163358
1121166,6186700,-66.663332800556
1121166,1933180,-66.73858416690733
1121166,6291044,-66.73946496930262
1121166,7200354,-66.77645193885967
1121166,1873052,-66.77655562041903
1121166,8054919,-66.7766593001868
1121166,3112788,-66.776762978163
1121166,4265478,-66.77681481647929
1121166,5987622,-66.77697032874102
1121166,7343339,-66.77702216526589
1121166,2115744,-66.77702216526589
1121166,8018104,-66.77712583697215
1121166,7778074,-66.77738500840114
1121166,3249446,-66.77748867383822
1121166,4265479,-66.77748867383822
1121166,297954,-66.77764416863563
1121166,7843787,-66.77785148876384
1121166,6537466,-66.77816245552503
1121166,1414640,-66.77831793286205
1121166,3666481,-66.77868069764807
1121166,2489406,-66.7787843407014
1121166,5518987,-66.77899162143726
1121166,8609200,-66.77909525911991
1121166,8104385,-66.77909525911991
1121166,2475976,-66.7792507122875
1121166,7928600,-66.77930252911503
1121166,2608473,-66.77971704762604
1121166,3333443,-66.77982067277931
1121166,442184,-66.77992429614292
805321,8694709,-139.3135739433131
805321,5504785,-140.02105297237026
805321,3731060,-140.24889353081653
805321,8694706,-140.6486508457548
805321,5697981,-140.74868411407977
805321,5879695,-140.87974683977697
805321,3445571,-140.9696692094245
805321,1007721,-141.23041530864415
805321,4258729,-141.51910766963312
805321,1649930,-141.53085667266407
805321,4432105,-141.5315301896317
805321,5068464,-141.54483649780678
805321,1687554,-141.55954171659823
805321,7090103,-141.63621718832192
805321,424954,-141.6581374990796
805321,1807773,-141.697499885447
805321,6814129,-141.6979490131029
805321,6194183,-141.7281407725257
805321,5586557,-141.83540961097845
805321,649016,-141.98602963234148
805321,7215302,-142.03831418807906
805321,7423292,-142.04055969060218
805321,1791338,-142.1433998547543
805321,8031787,-142.2235548225258
805321,3445570,-142.31455997655402
805321,4018107,-142.41877166730552
805321,4018108,-142.4192206980037
805321,3959874,-142.4233734968614
805321,3445567,-142.4721747408611
805321,7113258,-142.50461188997562
805321,7090102,-142.50764409092665
805321,3889715,-142.5256380667843
805321,7091414,-142.526087144017
805321,4244799,-142.52698525194575
805321,3854929,-142.527658792177
805321,2579589,-142.56057461837486
805321,8694710,-142.57540170665857
805321,546339,-142.57641237918824
805321,7076925,-142.57775982034687
805321,3055339,-142.57877030957098
805321,7076929,-142.615811569591
805321,3495344,-142.64589083526792
805321,29930,-142.67799228253367
805321,4757971,-142.71836298864497
805321,8694715,-142.73000158397733
805321,2694355,-142.76288809773624
805321,4000856,-142.80172515486774
805321,5500762,-142.81324976078938
805321,6236859,-142.82731436168393
805321,8699732,-142.82843688996374
805321,5878522,-142.9136706401246
805321,1007727,-142.91490572517804
805321,7215303,-142.91726328903516
805321,4997085,-142.93636806562355
805321,7843574,-142.93681719327947
805321,8694707,-142.97884523395558
805321,8694708,-142.97884523395558
805321,1357871,-142.98625616052212
805321,6993943,-142.98625616052212
805321,6671893,-142.9938725748102
805321,5034238,-143.02116441081483
805321,8653605,-143.02632768429444
805321,1007720,-143.03515857897344
805321,7843578,-143.07447459233305
805321,1882391,-143.0841310937635
805321,11759,-143.1078389813343
805321,4813260,-143.11232901695388
805321,877028,-143.12209598169517
805321,29927,-143.12344325993527
805321,8694711,-143.13535439416773
805321,5130453,-143.1383860975064
805321,1723882,-143.1712715525873
805321,3412661,-143.1855608180758
805321,3962292,-143.19563622651427
805321,6551290,-143.20225096788855
805321,6085449,-143.2022509678886
805321,1137824,-143.20618010527855
805321,649015,-143.27060638182652
805321,8294432,-143.27764002149505
805321,5165963,-143.3082851343018
805321,6551286,-143.309856850324
805321,7415617,-143.31790054582711
805321,3889710,-143.36285780094147
805321,3445569,-143.38154066422072
805321,6968077,-143.39332726284613
805321,164460,-143.4215765054063
805321,5767638,-143.4422640922699
805321,5319066,-143.45109504469843
805321,2336650,-143.45244256733108
805321,5319062,-143.45244256733108
805321,2504368,-143.488697923284
805321,8836061,-143.5116199261886
805321,8694713,-143.5362144522245
805321,7439933,-143.54373893291282
805321,1649931,-143.545535179796
805321,3854926,-143.55948728988096
805321,5683872,-143.56521196175464
805321,11767,-143.59664082260272
805321,5500763,-143.60917560851604
805321,2929899,-143.62402581101853
1129828,8535899,-31.107243985044434
1129828,8535892,-31.171082846075436
1129828,2688923,-31.576729363213506
1129828,6250492,-31.64898572281011
1129828,3789991,-31.68424003590756
1129828,6499998,-31.801271987019845
1129828,7072556,-31.88955232835496
1129828,4532860,-31.934881086766232
1129828,8535894,-31.983023630076303
1129828,6499997,-31.984318732020938
1129828,3070877,-32.089083570223195
1129828,5862738,-32.08944617058624
1129828,6025473,-32.089964095091396
1129828,5224855,-32.204897438818335
1129828,4389606,-32.20595991318537
1129828,5925140,-32.2061930889093
1129828,5322811,-32.27003202849711
1129828,1240433,-32.27062797862927
1129828,2900645,-32.27065388681929
1129828,55088,-32.27067979478556
1129828,1635141,-32.27073161004688
1129828,381360,-32.27088705046142
1129828,246722,-32.27104248282247
1129828,4185101,-32.27109429181997
1129828,6500004,-32.33946539627734
1129828,7065760,-32.33975038882889
1129828,5925146,-32.33990582790113
1129828,4655561,-32.34078649721613
1129828,8254977,-32.34094188261511
1129828,544154,-32.41445416702811
1129828,4605311,-32.414609575233705
1129828,4189486,-32.49239807559549
1129828,4420625,-32.492475835085386
1129828,7298986,-32.49260542975648
1129828,2688925,-32.49268318387205
1129828,5839452,-32.49283868605775
1129828,8535895,-32.49296826505561
1129828,2333956,-32.49340879178817
1129828,8535898,-32.4937974381335
1129828,1980986,-32.49387516136109
1129828,6417309,-32.49392697572748
1129828,5862743,-32.49392697572749
1129828,1530090,-32.49405650772839
1129828,3002897,-32.494082413457434
1129828,8815664,-32.49439326475854
1129828,2068100,-32.579798229881064
1129828,3754697,-32.57992781111773
1129828,7192672,-32.58008330121391
1129828,1486247,-32.58008330121391
1129828,2587347,-32.58018695680096
1129828,5731633,-32.58047199119963
1129828,3698763,-32.580731089881844
1129828,8680754,-32.58078290693311
1129828,6513571,-32.58088653835071
1129828,6248963,-32.58093835271711
1129828,6966603,-32.58109379044706
1129828,8815661,-32.581508251691275
1129828,4300109,-32.58212983621605
1129828,1748554,-32.674849230419575
1129828,3723804,-32.67503065825671
1129828,6479700,-32.6750824927664
1129828,7538223,-32.675186159099034
1129828,7791249,-32.675315736977524
1129828,7325759,-32.675315736977524
1129828,8611686,-32.675367566561846
1129828,5322817,-32.67539348101823
1129828,8439821,-32.675419395250756
1129828,8817061,-32.67552304994244
1129828,1190630,-32.67557487594527
1129828,7149262,-32.675652613270856
1129828,7708107,-32.675678525265084
1129828,1229423,-32.67573034858212
1129828,4011093,-32.67578217100396
1129828,1760422,-32.67580808187919
1129828,1535842,-32.67601536082491
1129828,3373619,-32.676352158569586
1129828,8320713,-32.676352158569586
1129828,3262807,-32.67637806452234
1129828,6256944,-32.67650759093064
1129828,4389977,-32.677983796852295
1129828,7281670,-32.77989870139901
1129828,8359869,-32.78010606810118
1129828,6024677,-32.780209746077404
1129828,4420627,-32.780209746077404
1129828,1790762,-32.780261583721895
1129828,1067659,-32.78028750220826
1129828,8137135,-32.78039117391453
1129828,2191263,-32.78044300842422
1129828,2688928,-32.78046892534322
1129828,6024673,-32.78049484203832
1129828,2688921,-32.780650337507396
1129828,296511,-32.780753996676054
1129828,1400900,-32.78075399667606
1129828,2634519,-32.78088356560026
1129828,116344,-32.78088356560026
1129828,3613219,-32.780909478713596
1129828,2202129,-32.78096130426878
1129828,1683693,-32.781013128928684
1129828,6532664,-32.781116775562765
1129828,6765397,-32.78116859753702
131843,6249757,-39.18421702602228
131843,7073518,-39.454232094887146
131843,7589014,-39.50061397824311
131843,7987888,-39.72393019416067
131843,1267422,-40.08152830502564
131843,3299960,-40.12856644419054
131843,5000167,-40.32866472385832
131843,7060161,-40.400016579800884
131843,4013724,-40.54946904320247
131843,36725,-40.55336233712144
131843,5038538,-40.633935951557476
131843,4732641,-40.68416508709665
131843,5000159,-40.70365426489663
131843,6317011,-40.75209899697348
131843,80373,-40.779129736338575
131843,5815587,-40.779164290738
131843,582603,-40.820815501306555
131843,6635134,-40.82088459488517
131843,7471465,-40.821160957265455
131843,7324621,-40.88438658700709
131843,7552118,-40.8848357825588
131843,7552117,-40.88487033397347
131843,7530937,-40.93376415059623
131843,3144616,-40.95431234669421
131843,3287561,-40.95431234669421
131843,8383513,-41.0038970218318
131843,8024309,-41.004794974675775
131843,8412720,-41.03957379585
131843,2687842,-41.062564815503
131843,6248852,-41.06325559617322
131843,45696,-41.10901574650922
131843,5478779,-41.1372211659394
131843,6187397,-41.15777136791688
131843,5000160,-41.157944078742844
131843,8111413,-41.15822040055425
131843,4041247,-41.22092793391969
131843,2004809,-41.220962488617616
131843,826930,-41.22123891545532
131843,5689610,-41.2220680813692
131843,1460377,-41.26164626255509
131843,93388,-41.26330459440067
131843,3988402,-41.29057729362804
131843,6187402,-41.29075003578018
131843,37174,-41.29092277047267
131843,1999686,-41.33922925870439
131843,8336889,-41.339505652115974
131843,924461,-41.34012746747261
131843,3930064,-41.36029563202835
131843,7901047,-41.37960207319368
131843,1235355,-41.443691363853944
131843,837341,-41.443760479519014
131843,378532,-41.44396781934904
131843,8085708,-41.4452807220851
131843,3276049,-41.47144752174924
131843,3276050,-41.471620326587804
131843,5038536,-41.513997228804996
131843,6350715,-41.51454993924606
131843,8389325,-41.56161262964624
131843,2156285,-41.626876780636834
131843,2156286,-41.62736046075212
131843,2436695,-41.66683491516815
131843,68196,-41.66686947314997
131843,7938324,-41.66700770209167
131843,3243231,-41.667180481551675
131843,8226097,-41.66756057009531
131843,5000161,-41.66856244862278
131843,7530934,-41.69455651119988
131843,8191765,-41.6947984379739
131843,5056232,-41.694971233854474
131843,5801595,-41.69531680322342
131843,343798,-41.69545502261216
131843,3900184,-41.6956623427404
131843,8585408,-41.6960424017362
131843,5918052,-41.697769487651016
131843,5000162,-41.731442551970794
131843,611284,-41.7315807797183
131843,8762808,-41.73216819436067
131843,1436828,-41.73241004590708
131843,1436829,-41.73244459493431
131843,6268529,-41.73303188274525
131843,6840510,-41.73337730588882
131843,5894202,-41.75591924279023
131843,5487685,-41.784998072204495
131843,3281460,-41.80136836806839
131843,7637427,-41.80199021027718
131843,2750115,-41.809198337430786
131843,3884881,-41.84044295007601
131843,1730672,-41.849018237049144
131843,3634610,-41.849260145011876
131843,23496,-41.84929470209802
131843,4092755,-41.84929470209803
131843,3426067,-41.849329258885625
131843,8214925,-41.84946748305068
131843,4780825,-41.84970936384671
131843,2152600,-41.84970936384671
131843,7427810,-41.850296727749935
131843,5038537,-41.850642195643225
131843,6502706,-41.91814934344906
131843,4994897,-41.918253016498824
131843,6548887,-41.9202222940815
104861,6658615,-50.70854226594338
104861,1112961,-50.99738970374247
104861,459676,-51.0257440057416
104861,6351571,-51.23325383628179
104861,5588576,-51.40194844005444
104861,459675,-51.49998609307555
104861,7523515,-51.556182631827554
104861,7204477,-51.65396405238188
104861,5150431,-51.67070547087559
104861,5527171,-51.70728897189025
104861,7204473,-51.789222381783134
104861,6708903,-51.82502883692337
104861,1400643,-51.82804988074273
104861,6851723,-51.83762403717855
104861,5101714,-51.876794884823845
104861,4033783,-51.91091764685649
104861,6899292,-51.91143578604642
104861,8233709,-51.94263918635924
104861,4033787,-52.008685885811744
104861,4936223,-52.10701742238348
104861,4158139,-52.25810356997389
104861,7523513,-52.29429850853873
104861,5688415,-52.308318327820004
104861,6202603,-52.316987245466265
104861,1880723,-52.32670784545802
104861,4453886,-52.32679420273534
104861,5181715,-52.32852103513753
104861,5181716,-52.3287800085669
104861,6159998,-52.34463999219182
104861,5903856,-52.348190638323175
104861,2875878,-52.34935613446289
104861,6156641,-52.3650613297517
104861,5634657,-52.41139066211032
104861,7184036,-52.41212472115589
104861,2942616,-52.41350618707269
104861,5402655,-52.479692556035666
104861,1168680,-52.481203945445856
104861,4726633,-52.517269348281246
104861,5778054,-52.5180033312628
104861,1453536,-52.51826235835709
104861,352750,-52.52943278973578
104861,5634654,-52.54613103574246
104861,1313686,-52.54664908098554
104861,3361500,-52.54664908098554
104861,5646944,-52.54664908098554
104861,7436909,-52.546951249258825
104861,6148444,-52.546951249258825
104861,5848355,-52.546951249258825
104861,6442111,-52.547080744357444
104861,459678,-52.594489454537765
104861,2524023,-52.59578457883377
104861,6077176,-52.61486486447866
104861,505006,-52.63431829319407
104861,6899293,-52.635354625273116
104861,130119,-52.63544097658479
104861,6360441,-52.6362180712883
104861,459683,-52.680594044874546
104861,1400645,-52.699461367481234
104861,7817237,-52.7681519715305
104861,5677643,-52.76828151695561
104861,7523514,-52.76836787870772
104861,8759313,-52.7693177595437
104861,8759312,-52.769576786638
104861,6427377,-52.770137965978556
104861,1575458,-52.77577467030273
104861,5852550,-52.77577467030273
104861,740698,-52.79615011604247
104861,5903855,-52.79653875567442
104861,6109071,-52.79705689486433
104861,5144034,-52.79731594432557
104861,6156642,-52.80542636320059
104861,6653835,-52.81659666482298
104861,1811417,-52.816898953145675
104861,5801822,-52.8170284996896
104861,5535956,-52.817244403137614
104861,6653676,-52.817287582708495
104861,6899291,-52.817762533378755
104861,378435,-52.81823743893766
104861,3228914,-52.81845329019028
104861,6427379,-52.85468831991009
104861,1357582,-52.85537925569734
104861,352749,-52.88195564032139
104861,4732002,-52.88195564032139
104861,1995989,-52.882473752665874
104861,8259116,-52.88584864170544
104861,5864691,-52.88619409468078
104861,1443676,-52.8868417546861
104861,4289472,-52.887662003611894
104861,8495099,-52.902657873802774
104861,6686388,-52.921698061657494
104861,1188307,-52.921913994942784
104861,8307049,-52.92415914847129
104861,5698122,-52.92428864580581
104861,7443134,-52.92454763041355
104861,3957221,-52.949480235209016
104861,379545,-52.95034397954285
104861,930951,-52.950387162843
104861,6936416,-52.95090533335612
104861,5914753,-52.95090533335612
104861,5813797,-52.95090533335612
833860,5494116,-83.08373806106131
833860,6822074,-83.29837522684838
833860,115142,-83.33615762891378
833860,6216865,-83.40987554658989
833860,7826521,-83.63681496044559
833860,6277472,-84.01831179460757
833860,6277473,-84.05851204089237
833860,8562779,-84.21148817552992
833860,6926159,-84.3477829294655
833860,5905054,-84.39380973232386
833860,7406139,-84.3945006621431
833860,5075700,-84.46936402904385
833860,6822075,-84.50020662033445
833860,5342987,-84.56509056908989
833860,2702357,-84.56919949182141
833860,6612730,-84.57744400475806
833860,1900579,-84.61573430190865
833860,1900581,-84.61573430190865
833860,7772054,-84.61819691435136
833860,6376841,-84.68781152870477
833860,1900578,-84.71426736343604
833860,1900582,-84.71426736343604
833860,5759683,-84.72279745643496
833860,842060,-84.72362651493614
833860,2165254,-84.93363534167916
833860,2386361,-84.97576991580988
833860,2036934,-84.97576991580988
833860,8742336,-84.99240675259875
833860,4779494,-84.99427194899252
833860,1210757,-85.01013406248543
833860,5108103,-85.02380019171686
833860,6297606,-85.03837403392589
833860,8445962,-85.0755016779246
833860,6230226,-85.12874619244342
833860,1290165,-85.157262500011
833860,3657304,-85.15795331647013
833860,921798,-85.24639105168305
833860,8445964,-85.32640156979531
833860,7886341,-85.36414189777815
833860,2363022,-85.37719512765501
833860,5167513,-85.38109686778434
833860,1707375,-85.39587806500587
833860,3899039,-85.41587554490812
833860,711465,-85.41670461056913
833860,4046129,-85.42802169059219
833860,3182574,-85.57813053448642
833860,1799623,-85.59577850265714
833860,5667419,-85.59792072738759
833860,4565137,-85.6528233445938
833860,4439162,-85.66663721501187
833860,8344031,-85.66774269317611
833860,6339932,-85.66912432609695
833860,5442138,-85.71632559182547
833860,5167515,-85.71736186573136
833860,5060077,-85.80023770449722
833860,6285362,-85.80416599867816
833860,3597102,-85.81940583228008
833860,3107240,-85.83570704292362
833860,3107242,-85.83577614694677
833860,7508039,-85.84812956292215
833860,2192806,-85.85061693177235
833860,6406715,-85.91432641588752
833860,1875953,-85.93698153795782
833860,1707374,-85.9545956713263
833860,4190983,-85.96242565023772
833860,1900577,-85.98875197719151
833860,3802034,-86.0009671528819
833860,6230227,-86.00386948428051
833860,7548520,-86.07002913973534
833860,8154388,-86.07179272845231
833860,1524402,-86.10694968534312
833860,7886338,-86.10750254857018
833860,6285361,-86.11033537308988
833860,5469751,-86.13684813304977
833860,1707378,-86.13712450975122
833860,1969741,-86.18349605398406
833860,6226071,-86.18605285869097
833860,8784409,-86.18632922107119
833860,2192805,-86.18646739868123
833860,7406141,-86.22417981956261
833860,6230220,-86.22749665514172
833860,557588,-86.2410339411947
833860,2544309,-86.24124125505493
833860,6230229,-86.24186316440331
833860,7125486,-86.24248502540905
833860,4565136,-86.25670376127195
833860,6775024,-86.2918970022491
833860,4345196,-86.31751122909664
833860,1428648,-86.37835565925164
833860,1226637,-86.39725751790692
833860,1913651,-86.40684694423263
833860,3106788,-86.40684694423264
833860,1160967,-86.40691605601661
833860,6058740,-86.40705427779345
833860,3321715,-86.40767624623751
833860,4544257,-86.4088509436039
833860,6230221,-86.40954186148873
833860,2584789,-86.42335549798865
833860,591413,-86.43665577676346
833860,7827067,-86.47332036967099
207786,493419,-63.10731128897241
207786,2998723,-63.37991845455023
207786,493412,-63.5624990104852
207786,403538,-63.95357292466899
207786,8273755,-64.18711784295532
207786,3773663,-64.25429927340869
207786,8273759,-64.29377404786007
207786,493416,-64.29429224522448
207786,2970637,-64.43051754293411
207786,8185064,-64.47754644450737
207786,493415,-64.54591757044312
207786,4900224,-64.60998974013283
207786,8532111,-64.65753612320329
207786,1667542,-64.6994464402846
207786,4137924,-64.7175780523269
207786,3322528,-64.83116385228763
207786,4900221,-64.83116385228763
207786,187839,-64.87048541283251
207786,493413,-64.94641015768894
207786,3753001,-64.98489983095874
207786,6003360,-64.98718033269657
207786,5005014,-64.98863110990571
207786,2775840,-65.01374458274957
207786,6786713,-65.01649113557151
207786,1902147,-65.05239247259254
207786,673363,-65.05270334805245
207786,8273763,-65.10346040777189
207786,817102,-65.10620691315091
207786,4156738,-65.12133352993682
207786,817103,-65.12976801076259
207786,2969229,-65.16768792453806
207786,493414,-65.16960552806826
207786,6003357,-65.27377409198758
207786,148199,-65.27522513233875
207786,2998726,-65.27626137492571
207786,6277944,-65.27672762570843
207786,267073,-65.27755642653855
207786,4754012,-65.30360327214065
207786,795760,-65.36213287522585
207786,6031630,-65.39062413064839
207786,2775838,-65.39083147585227
207786,7941579,-65.39119431271834
207786,179042,-65.39212722106197
207786,4754014,-65.39337087325835
207786,817104,-65.39414802499832
207786,493420,-65.45511081436541
207786,4970125,-65.45687303546771
207786,5076413,-65.45801302044407
207786,534183,-65.52441470365818
207786,8651150,-65.52451837267758
207786,7643816,-65.52519217764629
207786,1516373,-65.52555496436668
207786,7869797,-65.52643592651711
207786,5321444,-65.52705770428393
207786,673357,-65.52726494922157
207786,4970131,-65.562803570688
207786,3377254,-65.562803570688
207786,267077,-65.56316628221586
207786,3769686,-65.56399525480927
207786,4759183,-65.57227176603989
207786,8273757,-65.57284201215336
207786,4393128,-65.57377502526926
207786,7668314,-65.57740203102748
207786,2051015,-65.67851354830405
207786,4759179,-65.67866905250483
207786,750858,-65.68053478862186
207786,4913956,-65.68058660634438
207786,673361,-65.68084568824453
207786,2763923,-65.68115657175828
207786,3931755,-65.68115657175828
207786,985510,-65.68126019601671
207786,1085406,-65.68131200747482
207786,3790685,-65.68141562904883
207786,8387971,-65.6816228668283
207786,2998721,-65.7088611174136
207786,1853830,-65.7094310729834
207786,4393129,-65.79598556346757
207786,4900219,-65.796037401336
207786,524449,-65.79629658396044
207786,5076420,-65.79785144463634
207786,5012031,-65.7982660061082
207786,795752,-65.7982660061082
207786,4161973,-65.7982660061082
207786,7757779,-65.81266693355161
207786,3103885,-65.81391072539367
207786,6526575,-65.81396254445878
207786,673358,-65.81489521111004
207786,1186039,-65.81505064145783
207786,221045,-65.81520606777929
207786,6104632,-65.81530968309018
207786,2969232,-65.86047224628885
207786,655407,-65.86119794196406
207786,5745786,-65.86119794196406
207786,5745781,-65.86130160561008
207786,6031629,-65.8613016056101
207786,2051020,-65.86197537565653
207786,5012038,-65.86280452724577
207786,1853822,-65.86290816313833
207786,2051021,-65.92972430487869
207786,6031627,-65.93117554578312
691330,8490462,-49.79536753731245
691330,8490460,-50.20660134100497
691330,8490463,-50.26511209025152
691330,4385036,-50.826622768994184
691330,8490461,-51.18675538728149
691330,4818316,-51.48345222345794
691330,4385029,-51.484913681740416
691330,807723,-51.51724550014867
691330,4385030,-51.66893509316213
691330,4871850,-51.678285074720954
691330,443525,-51.71876165206348
691330,4036822,-51.71923659453103
691330,1488754,-51.74287031197306
691330,8197717,-51.78325699437595
691330,412411,-51.786329425403345
691330,4312342,-51.825892178575714
691330,6186465,-51.84206353533874
691330,4818313,-51.901860363953254
691330,2838820,-51.969989722321294
691330,8805431,-52.00769574826708
691330,7336018,-52.0302981059257
691330,6811680,-52.07461613455558
691330,6811681,-52.074875242188945
691330,3347712,-52.09393004397245
691330,6811678,-52.111372435141426
691330,3415148,-52.12357903863918
691330,443519,-52.124269938623875
691330,6537604,-52.126255744455435
691330,6960521,-52.16050455661418
691330,6960526,-52.16059094671732
691330,355712,-52.16102287484475
691330,6741278,-52.16197298540593
691330,7783902,-52.188722102484114
691330,1949514,-52.190535292163624
691330,5688844,-52.20849300104083
691330,2639309,-52.23664230167714
691330,4999593,-52.23759212509919
691330,1015912,-52.257283165210254
691330,6811677,-52.25741271175418
691330,7658539,-52.25931234221257
691330,1949511,-52.305511922233684
691330,1847844,-52.30598696315234
691330,270087,-52.316771364390796
691330,4717446,-52.31703042056287
691330,109197,-52.33203883652158
691330,7732037,-52.34732713266076
691330,3616217,-52.34737031148585
691330,5578619,-52.36346408563172
691330,4249707,-52.410181388704984
691330,4008133,-52.411822474600335
691330,7618370,-52.411908832623425
691330,3151199,-52.43446804500706
691330,1042442,-52.439259248143486
691330,3161598,-52.440209243828185
691330,7296088,-52.48055626306839
691330,366214,-52.50030173517143
691330,8574235,-52.517701116025016
691330,807727,-52.54621738034376
691330,2700251,-52.55565731389879
691330,6097110,-52.59258933187063
691330,1949516,-52.60518739447295
691330,4328472,-52.612748846188865
691330,4840341,-52.61413083712834
691330,3289580,-52.61594412074578
691330,7060501,-52.63332494001919
691330,7060505,-52.63341132639088
691330,412415,-52.63427510802903
691330,963931,-52.634318293194056
691330,1949508,-52.63449103012437
691330,1431544,-52.634922846343656
691330,1991267,-52.66058866996079
691330,6348194,-52.689102359685336
691330,1924237,-52.69997949772237
691330,2589860,-52.72387693495139
691330,119853,-52.752662702056256
691330,2133103,-52.76676994477948
691330,4388676,-52.76685633264371
691330,828213,-52.76836787870772
691330,2700254,-52.775299608868295
691330,7783909,-52.78918581824232
691330,3020700,-52.79679783198108
691330,6172214,-52.80534001338019
691330,6847179,-52.80568540371458
691330,292132,-52.817201223193834
691330,6348196,-52.81763300585199
691330,6971544,-52.81784888319915
691330,1949509,-52.855897394887265
691330,6348193,-52.856717672142814
691330,3020699,-52.88152383901881
691330,8586082,-52.88576227473216
691330,3738788,-52.88584864170544
691330,780743,-52.88615091436411
691330,7296089,-52.88628045419544
691330,6185854,-52.88662587733894
691330,5480349,-52.921136591468816
691330,1870364,-52.92135254900296
691330,6273628,-52.9222162858763
691330,4385031,-52.94986893862419
691330,5348947,-52.95021442740458
691330,3161601,-52.950603073749555
1103528,2758788,-31.64649957774629
1103528,8728328,-32.08828051342156
1103528,8223067,-32.493693804030954
1103528,2758780,-32.49400469559916
1103528,2758787,-32.675315736977524
1103528,2758779,-33.185882199389496
1103528,8223069,-33.18627093302543
1103528,2758782,-33.367477985264316
1103528,1050825,-33.59186560781943
1103528,8223071,-33.878562833086455
1103528,8223065,-33.87866651643751
1103528,8728323,-33.87897754499194
1103528,8223068,-33.879133047177646
1103528,2758784,-33.879210795247985
1103528,2758783,-34.28361317195256
1103528,2758785,-34.28415754482354
1103528,2758781,-34.28433898049817
1103528,2758786,-34.284364898984535
1132213,2537692,-74.08260690455106
1132213,7670188,-74.17866955517682
1132213,1085452,-74.46078891501114
1132213,7683055,-74.75016382400881
1132213,6985656,-74.76784635015997
1132213,1085450,-74.83596607381251
1132213,3535109,-74.85576614004316
1132213,4307694,-74.99539153089239
1132213,3367512,-75.02336773595977
1132213,1986277,-75.10847075842203
1132213,6940535,-75.2414581964967
1132213,3367509,-75.2585105122228
1132213,5636438,-75.36453765569978
1132213,7670187,-75.39591107851453
1132213,987379,-75.39796570748747
1132213,1986281,-75.54849016446268
1132213,5919006,-75.57617740308703
1132213,4767910,-75.57817219591409
1132213,1477770,-75.62786889621026
1132213,5645087,-75.66717993195655
1132213,6560885,-75.72923977445437
1132213,2723525,-75.73002579198081
1132213,2723529,-75.73087217369999
1132213,2537686,-75.73214155442703
1132213,5792525,-75.79780936917436
1132213,8335034,-75.83913379285477
1132213,7849929,-75.86428266091573
1132213,2537683,-75.91373777899227
1132213,5263346,-75.95177863683749
1132213,2537691,-75.95528510574124
1132213,870029,-75.98260975446706
1132213,7659275,-76.01915874187318
1132213,1054881,-76.08766802095926
1132213,1135814,-76.13313258267861
1132213,3446803,-76.13609546890225
1132213,8618736,-76.13694177752957
1132213,8753120,-76.13857365527564
1132213,147574,-76.20214518367276
1132213,8334480,-76.23819069248182
1132213,577622,-76.2398839970257
1132213,6940534,-76.27041272293098
1132213,130974,-76.31611938637039
1132213,6940532,-76.34019136760662
1132213,6513392,-76.3571228008909
1132213,7684871,-76.3603875571298
1132213,3101725,-76.37661945221562
1132213,603122,-76.37873453884235
1132213,1030078,-76.42129847732593
1132213,4584289,-76.49186354003942
1132213,5321839,-76.49204492399905
1132213,141073,-76.49283086685058
1132213,8639113,-76.49343537823304
1132213,2427030,-76.52774747067215
1132213,6283052,-76.52968212430375
1132213,1030070,-76.54016999067073
1132213,1616866,-76.54071416605095
1132213,2515018,-76.54228599066955
1132213,7923710,-76.54228599066955
1132213,544650,-76.54331353135208
1132213,544649,-76.54343440857535
1132213,7131650,-76.60398287882242
1132213,4458715,-76.60495037275555
1132213,7956308,-76.6268458727574
1132213,6513388,-76.64432107622628
1132213,6661965,-76.64444202864014
1132213,4386332,-76.6448048733427
1132213,5491567,-76.64510722956156
1132213,6493452,-76.64547003978599
1132213,6183578,-76.64643744179487
1132213,6425291,-76.64680018308269
1132213,2469899,-76.64698154667784
1132213,7551795,-76.64722335749543
1132213,8618737,-76.64740471012702
1132213,2528999,-76.64770695407246
1132213,6682171,-76.64776740129557
1132213,3101718,-76.64806962958158
1132213,141077,-76.71079458523928
1132213,5173398,-76.71176187863303
1132213,5258657,-76.71224547521003
1132213,2039338,-76.71230592243313
1132213,1986282,-76.71236636913426
1132213,5032437,-76.71242681531339
1132213,8334475,-76.71254770610585
1132213,1172849,-76.71417952749356
1132213,1600220,-76.7624064889988
1132213,1253776,-76.76343447350314
1132213,6717618,-76.7641600187424
1132213,5636441,-76.76500639315184
1132213,3367515,-76.76796789795125
1132213,531894,-76.77803389668789
1132213,1030076,-76.82809392406976
1132213,1737418,-76.8282148514097
1132213,1616863,-76.82833577666062
1132213,2896671,-76.82894037158239
1132213,6367284,-76.82900082820261
1132213,7075708,-76.82918219493047
1132213,141076,-76.82930310347179
1132213,6682174,-76.83292938894155
1132213,5483345,-76.89744957130955
1132213,3703225,-76.89781232826248
335594,4864090,-42.95132666532815
335594,5704363,-43.17101598499419
335594,3291970,-43.45866350006128
335594,4722772,-43.45866350006128
335594,3291967,-43.458905395484784
335594,6001032,-43.45952734512538
335594,6001037,-43.45952734512538
335594,2812487,-43.46104725947578
335594,8613545,-43.593300580940586
335594,4864091,-43.642332573679546
335594,5588114,-43.746345572513064
335594,6751755,-43.74644924377151
335594,7734602,-43.74676024142622
335594,3291969,-43.86433594799947
335594,2412515,-43.865545216185495
335594,5431639,-43.865752482600605
335594,1551624,-43.86606336208746
335594,6280309,-43.92880535705452
335594,4166072,-44.151430529683736
335594,4973685,-44.151534210795205
335594,6517865,-44.15160333004319
335594,6280308,-44.15184523800592
335594,4754365,-44.15194890836873
335594,3319018,-44.15198346455926
335594,3291973,-44.15198346455926
335594,68720,-44.15215624103404
335594,6001035,-44.15222534953439
335594,3319024,-44.15267452568533
335594,2370399,-44.15270907560781
335594,6068888,-44.153227288637275
335594,780021,-44.153365467440665
335594,2162168,-44.15350364147086
335594,8613547,-44.15350364147086
335594,1955289,-44.33551429998454
335594,2406068,-44.3363087697865
335594,3291968,-44.43938907912756
335594,3488994,-44.43963098082052
335594,1239899,-44.43970009290303
335594,3420790,-44.43970009290303
335594,4441864,-44.44018384404821
335594,3546681,-44.44028749739687
335594,3291966,-44.44035659813711
335594,742432,-44.44042569768365
335594,4864097,-44.44142750699103
335594,5588115,-44.55675739212935
335594,5791332,-44.55682651555787
335594,1155674,-44.557033878676656
335594,4166074,-44.557102997327455
335594,4166068,-44.557172114783945
335594,1383790,-44.557206673064314
335594,4166076,-44.557206673064314
335594,1583785,-44.557275788729385
335594,4129232,-44.55734490320023
335594,3319017,-44.5574140164769
335594,2340678,-44.557448572667425
335594,8457431,-44.557448572667425
335594,68723,-44.55748312855942
335594,3319019,-44.55755223944783
335594,316839,-44.557586794444276
335594,8515789,-44.55765590354163
335594,6802787,-44.55765590354163
335594,1526840,-44.55769045764255
335594,4722776,-44.55769045764255
335594,3405652,-44.55779411815438
335594,7306405,-44.5578977759799
335594,7899635,-44.55793232799148
335594,4770001,-44.557966879704594
335594,5109214,-44.55810508357259
335594,5791326,-44.55810508357259
335594,3420793,-44.55824328266567
335594,1307520,-44.558312380421725
335594,7899637,-44.55851966652841
335594,6009512,-44.55869239674544
335594,936635,-44.55872694189379
335594,3763305,-44.55903783480429
335594,3546684,-44.55927962369676
335594,1637673,-44.55931416377404
335594,2412512,-44.55938324303386
335594,2412513,-44.844404902418916
335594,7734599,-44.84443946458113
335594,6427590,-44.84454314927598
335594,8515788,-44.844577710243684
335594,2412511,-44.84468139135515
335594,4421252,-44.844750510603134
335594,5773269,-44.84478506977924
335594,8515795,-44.844819628656765
335594,3546682,-44.844819628656765
335594,7734606,-44.844819628656765
335594,1583782,-44.844854187235725
335594,1155679,-44.844854187235725
335594,1155673,-44.8448887455161
335594,2812493,-44.8448887455161
335594,7899638,-44.8448887455161
335594,2488976,-44.8448887455161
335594,68717,-44.84499241856586
335594,7960776,-44.845061532439615
335594,8515792,-44.845061532439615
335594,4722768,-44.845061532439615
335594,6280304,-44.84509608892868
335594,5588113,-44.84509608892868
1134138,8255879,-20.099517397571834
1134138,8666691,-20.227247095584097
1134138,8730384,-20.274078115590957
1134138,7997599,-20.322816449056738
1134138,7997603,-20.322816449056738
1134138,8730388,-20.322816449056738
1134138,7702580,-20.545666267675813
1134138,8694942,-20.546011831074598
1134138,1555414,-20.546668237084877
1134138,963808,-20.610083827516643
1134138,8062888,-20.610481244308808
1134138,1530862,-20.610533075460197
1134138,1311431,-20.61099949538708
1134138,1311432,-20.6110340406846
1134138,6759154,-20.679405005504368
1134138,6759157,-20.679405005504368
1134138,6759156,-20.679405005504368
1134138,6759159,-20.679405005504368
1134138,8023290,-20.754273059548787
1134138,1562825,-20.754273059548787
1134138,541397,-20.754273059548787
1134138,8802293,-20.754273059548787
1134138,756518,-20.754307601863122
1134138,6541909,-20.754307601863122
1134138,7556400,-20.754324872796573
1134138,8110829,-20.754324872796573
1134138,8077956,-20.833797560904216
1134138,548393,-20.83417759199881
1134138,444369,-20.83417759199881
1134138,8027180,-20.83417759199881
1134138,1468688,-20.83417759199881
1134138,2229525,-20.83417759199881
1134138,2494523,-20.83417759199881
1134138,8071280,-20.834194864423818
1134138,922334,-20.834194864423818
1134138,8082800,-20.834194864423818
1134138,187285,-20.920152350414945
1134138,2553344,-20.920169631794693
1134138,8489496,-20.920169631794693
1134138,7139910,-20.92070528051601
1134138,8401289,-20.921050784218075
1134138,3586244,-20.921050784218075
1134138,7727165,-21.015859964179583
1134138,487623,-21.121030412579376
1134138,7083751,-21.121064971606195
1134138,1032417,-21.12180784628055
1134138,4045844,-21.122187815020627
1134138,1434734,-21.239832688578275
1134138,7145033,-21.37293226311744
1134138,35742,-21.526443681027605
1134138,487626,-21.52647824095019
1134138,487620,-21.52659919597656
1134138,6625007,-21.52665103160578
1134138,1123714,-21.526771976182964
1134138,1123715,-21.526806530433138
1134138,2174467,-21.526841084086325
1134138,7644724,-21.527065668281878
1134138,1979157,-21.527428404871337
1134138,7977697,-21.52765292312879
1134138,7145026,-21.709076255627956
1134138,7145034,-21.931528590567282
1134138,7504521,-21.931701417058232
1134138,854486,-21.931735980564355
1134138,4291539,-21.93177054347317
1134138,175307,-21.93187422861598
1134138,487619,-21.93187422861598
1134138,7083753,-21.931891508950525
1134138,2675736,-21.931977908383757
1134138,1123719,-21.931977908383757
1134138,3833678,-21.932029746252187
1134138,7145032,-21.932047025243094
1134138,3181081,-21.932064304084722
1134138,2528845,-21.932098861320142
1134138,4628357,-21.932116139713944
1134138,4902462,-21.932133417958475
1134138,2204280,-21.932185251796472
1134138,3077547,-21.932237084291128
1134138,80410,-21.93225436149084
1134138,1854316,-21.932323468797218
1134138,8575991,-21.932340745250706
1134138,6081498,-21.93235802155496
1134138,1361560,-21.932409849572323
1134138,467122,-21.93242712527966
1134138,1854315,-21.93242712527966
1134138,5914900,-21.932461676246653
1134138,189425,-21.932461676246653
1134138,393139,-21.932478951506322
1134138,4358295,-21.932548051052862
1134138,4307923,-21.93256532556648
1134138,6846929,-21.93258259993089
1134138,3904198,-21.932617148212113
1134138,2797202,-21.932686242984236
1134138,3909457,-21.9327035163043
1134138,3034157,-21.93278988066692
1134138,3034161,-21.932824425367766
1134138,3034163,-21.932876241300303
1134138,4055145,-21.932876241300303
1134138,667405,-21.93297986913822
1134138,2254852,-21.933048951380634
1134138,912777,-21.933048951380634
138632,6350715,-28.555638475453467
138632,1345752,-29.813088940920096
138632,36730,-29.90521382528675
138632,1999976,-30.073247947454174
138632,3884881,-30.181384576157825
138632,4173095,-30.26144854669652
138632,136054,-30.416220698378506
138632,8294370,-30.469346873726863
138632,1999972,-30.596340629324125
138632,4173094,-30.622357952400815
138632,7583020,-30.66362445859395
138632,2997002,-30.701053300358485
138632,7868704,-30.702426564908627
138632,8109448,-30.788816164129763
138632,1108976,-30.8046017933498
138632,6509186,-30.81984691252809
138632,597878,-30.819976449003423
138632,544254,-30.83510297987337
138632,1108967,-30.83510297987337
138632,2272898,-30.8838413193829
138632,4929313,-30.884592689341524
138632,8294364,-30.95521719911119
138632,8741211,-30.988994527448
138632,439391,-30.989460949388047
138632,1999971,-30.98951276957201
138632,6509191,-30.989538679328327
138632,5937966,-31.106699819063678
138632,2966699,-31.106777563104387
138632,6956942,-31.1075548927224
138632,136055,-31.10822841550843
138632,136063,-31.1085392211861
138632,6509190,-31.17160112848881
138632,1693157,-31.172248855616843
138632,136058,-31.172533811254645
138632,5603619,-31.17258561846276
138632,7021346,-31.241164007232115
138632,6509189,-31.241189914079726
138632,7258130,-31.241604393218267
138632,3928406,-31.241863413603333
138632,7630355,-31.288969545377853
138632,1999975,-31.290705379166226
138632,7719411,-31.393708025421915
138632,4765707,-31.394252313636976
138632,569256,-31.39427822966042
138632,3200573,-31.39495196770008
138632,5603617,-31.396273091453736
138632,4499947,-31.422293607128136
138632,7021345,-31.423900046743668
138632,7728428,-31.424159069365132
138632,5681459,-31.482533312565963
138632,445468,-31.482636931455698
138632,5152933,-31.511931682960714
138632,6463126,-31.511957599879715
138632,7630353,-31.512009433046032
138632,7126508,-31.512009433046032
138632,5913739,-31.512035349293356
138632,5617045,-31.512553627229828
138632,5843597,-31.513408590122445
138632,3114921,-31.576392451997897
138632,816970,-31.576392451997897
138632,4217235,-31.5764183695886
138632,4000461,-31.576444286955393
138632,7678189,-31.576573870430927
138632,6820615,-31.576573870430927
138632,491120,-31.576573870430927
138632,542347,-31.576573870430927
138632,6782345,-31.576573870430927
138632,6476029,-31.576703448309413
138632,6508344,-31.57675527789374
138632,5485810,-31.577118059914017
138632,544255,-31.578154338303236
138632,1073611,-31.645177974698186
138632,4217237,-31.645333487631717
138632,3751751,-31.64546307558524
138632,7938757,-31.64546307558524
138632,8135092,-31.64556674191788
138632,8312972,-31.64556674191788
138632,8135086,-31.645670404668408
138632,8312971,-31.645670404668408
138632,2997001,-31.645774063837074
138632,4879156,-31.646370034558732
138632,5603616,-31.647509822675474
138632,4879158,-31.681623376343502
138632,1643837,-31.681727049841115
138632,5913736,-31.681778885246423
138632,5289649,-31.681778885246423
138632,7044454,-31.681778885246423
138632,1882551,-31.682530397993673
138632,7021351,-31.682996759511155
138632,544260,-31.683126291512053
138632,7747227,-31.683566658485326
138632,3114922,-31.758610336189918
138632,569255,-31.759076834687697
138632,7682380,-31.759854171019562
138632,6370300,-31.79940641199989
138632,5659540,-31.799432330710168
138632,1114080,-31.79943233071017
138632,1331326,-31.79943233071017
138632,1857666,-31.79943233071017
138632,1618969,-31.79943233071017
671071,791573,-93.59322431413607
671071,8632272,-94.13635692649117
671071,8632276,-94.13651237496002
671071,7321706,-94.44558725445057
671071,7321708,-94.60035962614342
671071,3349944,-94.6077076481825
671071,7542614,-94.65553932094406
671071,5092539,-94.67046842953606
671071,5092543,-94.77551812878276
671071,7398474,-94.89563202592132
671071,6172684,-95.06125735543283
671071,6235730,-95.16417071127853
671071,8302975,-95.51711659873604
671071,6180704,-95.83369694176736
671071,3675633,-95.98026795401104
671071,7395000,-96.09750708207976
671071,4638538,-96.14072695795586
671071,6236602,-96.22619559880927
671071,4958937,-96.34265752213851
671071,2546235,-96.34273523999678
671071,1781467,-96.34320153305345
671071,7425040,-96.34734502404937
671071,2403502,-96.38371266822027
671071,8333103,-96.38386809923912
671071,6225480,-96.3856553630477
671071,5513368,-96.41499165565936
671071,606298,-96.43591059044675
671071,6737906,-96.47580031540461
671071,3454264,-96.47618891476304
671071,3454261,-96.47696606314707
671071,1258814,-96.48777881201272
671071,5092540,-96.5016511348955
671071,698321,-96.50994085950401
671071,7835157,-96.56665593298442
671071,5800910,-96.63463850720976
671071,6235728,-96.6384459589935
671071,5417190,-96.67147245651701
671071,7663410,-96.68614844414778
671071,5090468,-96.68622613986544
671071,5308800,-96.7016637099384
671071,8632271,-96.74905520025504
671071,6737902,-96.7499099712159
671071,6225481,-96.77081197621445
671071,7398473,-96.7891777763284
671071,3546307,-96.79057655887235
671071,8302976,-96.81071798678202
671071,5092541,-96.81172848473402
671071,4219114,-96.81312744846741
671071,1781466,-96.81312744846741
671071,8632270,-96.81727093677905
671071,5535987,-96.83552258981665
671071,7909079,-96.85270593040806
671071,4792037,-96.8534831459045
671071,513070,-96.85371629746598
671071,594160,-96.88307685315668
671071,1124145,-96.88367446910475
671071,8333104,-96.90626133917971
671071,8302980,-96.90734938449897
671071,8009762,-96.92183450608151
671071,5750095,-96.92340858739982
671071,571893,-96.96893433368798
671071,2546236,-96.9714216166063
671071,5061599,-96.97173247864404
671071,1426023,-96.98724769009053
671071,1124146,-97.03704810790376
671071,5535989,-97.04585503855196
671071,3096283,-97.06490814967351
671071,6000827,-97.07592720629232
671071,4958936,-97.07616037597509
671071,7542615,-97.0781809268859
671071,8424872,-97.1938656890751
671071,2324701,-97.19394341163147
671071,8424869,-97.19394341163147
671071,253853,-97.20891451283018
671071,5092547,-97.23817352908
671071,8452014,-97.23863983421639
671071,7321701,-97.23895069088559
671071,8333107,-97.24668116905956
671071,8291056,-97.25902597187094
671071,6172691,-97.25964769057802
671071,6000829,-97.30646689755919
671071,8236758,-97.30846152187894
671071,5712957,-97.32706110220498
671071,8009765,-97.32755252614118
671071,5513367,-97.32895140531365
671071,3416709,-97.3467367793863
671071,514373,-97.37338878672644
671071,3675630,-97.37766385967741
671071,3675631,-97.37774156948309
671071,7377287,-97.39488858822828
671071,1199440,-97.39827144373609
671071,5535992,-97.40013693814196
671071,14622,-97.40060325133179
671071,77580,-97.43746081339708
671071,3003881,-97.44650130954001
671071,5547963,-97.47874930238429
671071,5547962,-97.47882704911136
671071,8452013,-97.48084822831382
671071,2448084,-97.48115913867665
671071,8424876,-97.48185864772529
705609,317358,-60.52647274604119
705609,4805197,-60.60753693251766
705609,6299592,-60.741586294357866
705609,6551706,-61.1459118111615
705609,6776269,-61.3388535265168
705609,6876798,-61.58582748981119
705609,1065690,-61.586812009536175
705609,8706312,-61.707029742248636
705609,3136731,-61.81818067630618
705609,1022871,-61.87454589434088
705609,1414516,-61.902664958954645
705609,691818,-61.90939862967955
705609,5932549,-61.974247900154694
705609,6313188,-62.02065524133828
705609,2933997,-62.05686745113484
705609,322222,-62.07743283239564
705609,5870734,-62.09779306901871
705609,5870729,-62.110163777559166
705609,977725,-62.11109631535904
705609,193594,-62.12668925942532
705609,6920146,-62.154860136392
705609,996695,-62.26352681056718
705609,5328576,-62.28161696350976
705609,4447102,-62.30833731379006
705609,4805237,-62.32843639863877
705609,8292435,-62.33320370461493
705609,724554,-62.34387592809727
705609,7560938,-62.34827846027662
705609,3515829,-62.36748867048223
705609,7042839,-62.377641041946255
705609,1870481,-62.378262706972976
705609,1598854,-62.385578763044506
705609,967987,-62.40002154612802
705609,2490258,-62.42151056472275
705609,6068565,-62.46248799361732
705609,6053338,-62.47336724480189
705609,3136735,-62.492057598783795
705609,8258536,-62.53028909865203
705609,2044047,-62.566242159867286
705609,691822,-62.56733037903415
705609,5557062,-62.56758944974755
705609,8292438,-62.56795212995439
705609,7345107,-62.579701083547654
705609,5386230,-62.59544944051579
705609,7840587,-62.596071196805156
705609,6146418,-62.60078459326047
705609,1085046,-62.672172719703966
705609,123041,-62.68620143652304
705609,1827784,-62.71286975524696
705609,794322,-62.71333610669482
705609,8377656,-62.754987080966835
705609,8355874,-62.770735437934974
705609,177845,-62.77580254784613
705609,4101074,-62.78912658228643
705609,6916102,-62.791354725137715
705609,3671874,-62.8030518941173
705609,8574818,-62.80372543725716
705609,6076731,-62.818541175897465
705609,1465178,-62.8192665582353
705609,1193109,-62.84666023648415
705609,7116692,-62.85527152219933
705609,2044046,-62.86613945009688
705609,2044045,-62.86624310210255
705609,3729082,-62.86888562342144
705609,6539250,-62.9069096179428
705609,2543706,-62.90810151820713
705609,7810074,-62.97258822251719
705609,6152682,-62.97269185572473
705609,3582063,-62.99687440112427
705609,2142114,-63.00158811502924
705609,2142115,-63.001743542692786
705609,588990,-63.00174354269279
705609,3745265,-63.00189896633014
705609,977721,-63.020858171803866
705609,2061802,-63.02173901223084
705609,2061803,-63.02184263201531
705609,590830,-63.02629907237451
705609,5570750,-63.02666175258136
705609,665246,-63.03966355672756
705609,4805195,-63.04049283724166
705609,1335059,-63.04246191921805
705609,4581768,-63.04370521707003
705609,4713882,-63.07626596893293
705609,7674484,-63.08881654522534
705609,8172694,-63.09120027371893
705609,2536447,-63.10606779786669
705609,2031006,-63.10839913232595
705609,1870485,-63.155790604525045
705609,5345180,-63.18157777358552
705609,4832217,-63.18359880441672
705609,691826,-63.224161730460814
705609,3590792,-63.22550876440137
705609,1840719,-63.27274463179504
705609,6913959,-63.27367725817643
705609,2604947,-63.273780874382
705609,4564757,-63.293828156720124
705609,5792179,-63.293828156720124
705609,2085476,-63.311441769353834
705609,7248183,-63.3133593563202
705609,7560936,-63.3133593563202
1114819,8022277,-72.69183892724988
1114819,8115706,-73.29257805886752
1114819,785027,-73.31713433573354
1114819,1724528,-73.38498610780982
1114819,8115440,-73.60179408613153
1114819,5628952,-73.75775831577678
1114819,771719,-73.99072481974514
1114819,6941478,-74.1213133558571
1114819,5396765,-74.56838630631684
1114819,1724520,-74.74937791509568
1114819,8088111,-74.8815186373002
1114819,2446274,-74.97094839399949
1114819,8115439,-75.03585072459023
1114819,8115435,-75.03585072459023
1114819,880089,-75.06565405720082
1114819,4950812,-75.35327567512088
1114819,8754404,-75.37520495734255
1114819,7786792,-75.42913518200405
1114819,8115434,-75.4291956480243
1114819,3906952,-75.4404692243142
1114819,5165249,-75.44083206901675
1114819,8022280,-75.44234371952903
1114819,3781418,-75.44288783381059
1114819,6259301,-75.44560777098403
1114819,8344261,-75.52787087725996
1114819,1315993,-75.54649494089345
1114819,7156443,-75.54734146883422
1114819,7655520,-75.54927600550772
1114819,3435163,-75.57768866197156
1114819,1851540,-75.60940058327566
1114819,4627531,-75.61314958996489
1114819,8031761,-75.64420289763228
1114819,1153003,-75.64438429099243
1114819,5521373,-75.66306847330709
1114819,1315998,-75.66318943303614
1114819,8336232,-75.66421750635084
1114819,1589053,-75.66572910463435
1114819,5091810,-75.68902241663423
1114819,4890560,-75.72790938984828
1114819,6988364,-75.72821177218921
1114819,8508255,-75.72966302562816
1114819,8022279,-75.77658535647343
1114819,3435158,-75.79950232269549
1114819,7155170,-75.80083221328576
1114819,5546245,-75.84901791305346
1114819,8508259,-75.84907836184253
1114819,8099706,-75.91137993005367
1114819,344353,-75.93388003856471
1114819,988373,-75.95044813729137
1114819,8480574,-75.95093198456864
1114819,8096824,-75.95093198456864
1114819,573257,-75.95093198456864
1114819,5628956,-75.95189957880262
1114819,4415944,-75.9525042572868
1114819,5363582,-75.95292750114882
1114819,5151877,-76.07330990210636
1114819,317362,-76.086096114887
1114819,8754403,-76.12137530957789
1114819,2383827,-76.12349158374218
1114819,5649419,-76.12361249437197
1114819,2383828,-76.12385430936624
1114819,5649421,-76.12397521373089
1114819,534362,-76.13355592892846
1114819,5718417,-76.13482581408076
1114819,3435160,-76.1353699800603
1114819,7674831,-76.13669998550523
1114819,6900773,-76.19742918017764
1114819,7674835,-76.20045262487832
1114819,1816958,-76.23855357793968
1114819,496878,-76.23891644458628
1114819,3781419,-76.2389164445863
1114819,1315994,-76.23909787085594
1114819,5019838,-76.23909787085594
1114819,5019832,-76.23976306028426
1114819,4204934,-76.24036772309874
1114819,7964317,-76.24393417093347
1114819,8625086,-76.26914321065341
1114819,7132894,-76.31678457005229
1114819,3435159,-76.3173892276437
1114819,3484458,-76.35669948024267
1114819,8754398,-76.35688090651234
1114819,8443112,-76.35712280089092
1114819,51934,-76.35742515710977
1114819,51925,-76.35742515710977
1114819,3435164,-76.35827168505054
1114819,2926432,-76.3583321474149
1114819,2876472,-76.35857399164995
1114819,6500317,-76.3591181106309
1114819,8088109,-76.42063321318534
1114819,3104955,-76.42135895274916
1114819,2831393,-76.4214194276499
1114819,3906959,-76.42147990202822
1114819,7803435,-76.4216008492175
1114819,694737,-76.42178226608323
1114819,6914052,-76.42184273732698
1114819,5555684,-76.42214508571013
1114819,8298232,-76.42353572009446
1114819,5604847,-76.42365663176847
1114819,5019830,-76.52623565039147
1114819,988369,-76.52641708606606
855434,6942492,-75.03978006564361
855434,2481114,-75.26098944777479
855434,295368,-75.66699859498496
855434,6208779,-75.72936070597261
855434,5255927,-75.83502354128599
855434,3617279,-75.91464443253531
855434,1635632,-75.95335071942162
855434,2243204,-75.95601036281961
855434,5934171,-75.95607079751777
855434,1542537,-76.12385430936624
855434,6053309,-76.1350072074409
855434,6210418,-76.13621637639937
855434,5961050,-76.13688133030647
855434,969942,-76.13706267040985
855434,6208592,-76.20045262487832
855434,874975,-76.20172208233987
855434,2376374,-76.31744969053028
855434,6208774,-76.35863445140318
855434,4594553,-76.3591181106309
855434,7138129,-76.3750478311942
855434,5597217,-76.37516873764714
855434,4637382,-76.42492607826738
855434,5640136,-76.42522829350511
855434,6522883,-76.52726372370618
855434,8269435,-76.53962577298336
855434,8240218,-76.60615955215758
855434,790853,-76.64468392719829
855434,2162355,-76.64716290557415
855434,6135090,-76.64837184481934
855434,7062933,-76.67339904535912
855434,7656664,-76.70934339448026
855434,5927610,-76.71254770610587
855434,5663068,-76.71272903837998
855434,5881151,-76.78202411988568
855434,1829194,-76.78208456032378
855434,8114761,-76.82640072192254
855434,6457432,-76.82803345961636
855434,7373303,-76.82912173987664
855434,1008328,-76.82996806312134
855434,4059063,-76.82996806312134
855434,97641,-76.83014940479065
855434,6053306,-76.89908182957646
855434,6147464,-76.89908182957646
855434,7144908,-76.89986759598015
855434,2140588,-76.9323055257942
855434,7506271,-76.93303117758566
855434,2175613,-76.9333939752742
855434,440062,-76.9336358299541
855434,8747712,-76.93417997243336
855434,6140698,-76.93484497802594
855434,1768441,-76.93502633222363
855434,5640137,-76.93550992044847
855434,1811867,-76.93617479971293
855434,318129,-76.93720221619402
855434,6457434,-77.00956893098532
855434,7506277,-77.04984666080261
855434,5228691,-77.04996761217153
855434,6101705,-77.04996761217154
855434,1017764,-77.05014903530645
855434,4547666,-77.05081421324205
855434,2082697,-77.05111654595493
855434,8587096,-77.05129793931506
855434,5663076,-77.05129793931506
855434,825936,-77.05178163196312
855434,8366209,-77.05184209119417
855434,1795158,-77.05196300808973
855434,6316062,-77.05250710827353
855434,7062931,-77.05268846560361
855434,6942496,-77.0529302680683
855434,6457428,-77.05305116616847
855434,5663069,-77.05359518178112
855434,6208772,-77.0538369529275
855434,7145363,-77.11541320196682
855434,4682248,-77.1160783109545
855434,6974537,-77.11613877227437
855434,7138134,-77.11698517592357
855434,5870825,-77.11698517592357
855434,4594547,-77.11740833937276
855434,2376377,-77.1182545895357
855434,3290422,-77.11855679694499
855434,7216822,-77.18464793857945
855434,2186803,-77.1876101083482
855434,5927613,-77.21968522112984
855434,3333345,-77.220592313296
855434,2609773,-77.2206527819279
855434,2609774,-77.22077371762464
855434,5645686,-77.2212574395193
855434,1133558,-77.2214992879322
855434,5499280,-77.22222478304008
855434,6991869,-77.22222478304008
855434,6296793,-77.22295020296387
855434,6991862,-77.22343377448514
855434,6619175,-77.2325915382448
855434,7062927,-77.23380088476878
855434,3051169,-77.29912536912238
855434,5842209,-77.3364400768788
855434,1976655,-77.33722634568853
855434,6338931,-77.33722634568853
855434,5735182,-77.33746825678621
855434,1429736,-77.33752873325439
1134463,395176,-42.07558169918765
1134463,6074487,-42.36271125683288
1134463,3164811,-42.36271125683288
1134463,6351940,-42.480252543260846
1134463,4814900,-42.480252543260846
1134463,5683796,-42.48032161595986
1134463,2754385,-42.480666961564694
1134463,6950229,-42.48083962318679
1134463,2165757,-42.49468829227248
1134463,5848349,-42.61302405746363
1134463,1895549,-42.613404014718725
1134463,1938173,-42.61361124891933
1134463,7504845,-42.61364578690895
1134463,7343163,-42.61381847238398
1134463,8138506,-42.64776784122965
1134463,5130047,-42.65073865998219
1134463,1040028,-42.72465976729782
1134463,4900376,-42.746002720553385
1134463,6237348,-42.74621000307951
1134463,1605964,-42.74641727486469
1134463,1322772,-42.7466590783735
1134463,1605966,-42.74683178621662
1134463,6237346,-42.74683178621662
1134463,6251941,-42.74728079171309
1134463,7504848,-42.7473153285099
1134463,6325658,-42.7473153285099
1134463,1938176,-42.7473498650085
1134463,6805739,-42.74752254302877
1134463,1833557,-42.74759161214969
1134463,3932832,-42.76741653244729
1134463,694419,-42.83261128105549
1134463,1895550,-42.901189705612865
1134463,6950226,-42.90118970561287
1134463,6805738,-42.90191495956166
1134463,6854062,-42.90191495956166
1134463,6032295,-42.94887446798762
1134463,2165756,-42.94887446798762
1134463,2165755,-42.94928902945969
1134463,5821641,-42.950359781107835
1134463,5848347,-43.0540967869397
1134463,8188498,-43.054131336563756
1134463,2172201,-43.05458045452247
1134463,6471362,-43.05461499996916
1134463,395177,-43.05475317877255
1134463,4005526,-43.08157660874984
1134463,7343165,-43.08237131188332
1134463,2873998,-43.08244040904256
1134463,211463,-43.082544052543476
1134463,2172207,-43.082613146718835
1134463,3932837,-43.082716785744125
1134463,6351941,-43.082785876935866
1134463,4814903,-43.082785876935866
1134463,5683795,-43.082785876935866
1134463,6152147,-43.082993143350976
1134463,2754386,-43.0831658571599
1134463,5227981,-43.08344218374349
1134463,4204887,-43.142489916177624
1134463,5525387,-43.142489916177624
1134463,3277206,-43.14255899126224
1134463,1589353,-43.17208711586428
1134463,2980723,-43.17315795998082
1134463,6551098,-43.17315795998083
1134463,378150,-43.23641834373366
1134463,4005521,-43.23648744268335
1134463,395178,-43.23659108886982
1134463,6325661,-43.236660184835486
1134463,6325660,-43.23669473237074
1134463,2172203,-43.23669473237074
1134463,6251942,-43.2367292796076
1134463,6074486,-43.236763826546095
1134463,7565408,-43.236832919527984
1134463,5878847,-43.236832919527984
1134463,468303,-43.236832919527984
1134463,6022486,-43.23686746557138
1134463,6279241,-43.236902011316424
1134463,1833562,-43.236902011316424
1134463,6279242,-43.236971101911465
1134463,305591,-43.236971101911465
1134463,6606282,-43.23704019131316
1134463,6241028,-43.2370747355665
1134463,6950228,-43.23724745235849
1134463,5620987,-43.237385620422685
1134463,7367705,-43.23745470266509
1134463,4753724,-43.23745470266509
1134463,646387,-43.23762740305154
1134463,3215803,-43.23780009598195
1134463,4126010,-43.23797278145697
1134463,2754382,-43.23807638916366
1134463,6279238,-43.23807638916366
1134463,5724994,-43.23811092446954
1134463,686221,-43.23814545947724
1134463,5620989,-43.23814545947724
1134463,3560416,-43.23814545947724
1134463,2173710,-43.23814545947724
1134463,4005518,-43.23814545947724
1134463,4155315,-43.23814545947724
1134463,6494962,-43.23817999418679
1134463,5458125,-43.23828359652648
1134463,488790,-43.30575669803304
1134463,378155,-43.305929428250074
747511,8429262,-32.205545333810036
747511,2703318,-33.591891520485106
747511,8429265,-34.28410570404386
747511,8429261,-34.284364898984535
747511,7173480,-34.284546322119496
747511,8429264,-34.2845722388146
502261,6675269,-60.00578884673476
502261,8420334,-60.82824542937671
502261,5521109,-61.026885338087006
502261,6043242,-61.026885338087006
502261,7991871,-61.026885338087006
502261,1018259,-61.0272998458592
502261,2918739,-61.027558898675785
502261,8001870,-61.10431269845343
502261,8661003,-61.10431269845343
502261,1125719,-61.20931052450867
502261,1639380,-61.23701505405495
502261,3481136,-61.23701505405495
502261,855268,-61.23701505405495
502261,8661006,-61.23701505405495
502261,6683758,-61.23701505405495
502261,3740844,-61.23701505405495
502261,8591211,-61.237222324050045
502261,7991864,-61.3906993502123
502261,6216986,-61.3906993502123
502261,1124803,-61.3906993502123
502261,4819259,-61.390906636318974
502261,7565830,-61.7684081464061
502261,8151308,-61.82466757679065
502261,1363478,-61.907471728704294
502261,4769235,-61.95000419555975
502261,7557181,-61.95093697498521
502261,3100041,-61.95098879181272
502261,8015336,-61.95098879181272
502261,940772,-61.95098879181272
502261,380755,-61.95114423961034
502261,1587591,-62.13066711967845
502261,1125600,-62.1307189588905
502261,809931,-62.13232575235371
502261,7586515,-62.13232575235371
502261,5834406,-62.13232575235371
502261,5919422,-62.13232575235371
502261,5521117,-62.13232575235371
502261,5634022,-62.13232575235371
502261,5863365,-62.13232575235371
502261,7036457,-62.13232575235371
502261,852291,-62.13232575235371
502261,2168645,-62.13232575235371
502261,767232,-62.13232575235371
502261,8359331,-62.13232575235371
502261,8405059,-62.13253304920282
502261,4060775,-62.13253304920282
502261,8142297,-62.13253304920282
502261,7801712,-62.13274033889017
502261,4835334,-62.16113981341187
502261,416540,-62.1740287090244
502261,2176463,-62.1740287090244
502261,5678318,-62.17413234312693
502261,6802345,-62.19179549949242
502261,7365609,-62.21438432793069
502261,6647433,-62.21438432793069
502261,739828,-62.21438432793069
502261,7477714,-62.21438432793069
502261,2324954,-62.21438432793069
502261,5435209,-62.21438432793069
502261,6181781,-62.21438432793069
502261,674679,-62.21438432793069
502261,744812,-62.21438432793069
502261,5078656,-62.21438432793069
502261,5634021,-62.21438432793069
502261,4432993,-62.21438432793069
502261,4662935,-62.21438432793069
502261,5917411,-62.21438432793069
502261,4662254,-62.21438432793069
502261,7555443,-62.21438432793069
502261,767234,-62.21438432793069
502261,1936233,-62.21438432793069
502261,7066812,-62.21438432793069
502261,5863360,-62.21438432793069
502261,8359335,-62.21438432793069
502261,8460636,-62.21438432793069
502261,196446,-62.21438432793069
502261,8637126,-62.21438432793069
502261,7010712,-62.21438432793069
502261,5834407,-62.21438432793069
502261,5899351,-62.21438432793069
502261,978398,-62.21438432793069
502261,6532584,-62.21438432793069
502261,809932,-62.21438432793069
502261,7717052,-62.21438432793069
502261,7012566,-62.2145397904966
502261,6133888,-62.2145397904966
502261,6775440,-62.241363191383975
502261,8367191,-62.241363191383975
502261,7930967,-62.30792281317678
502261,8420330,-62.34258033957116
502261,6891947,-62.34791572055519
502261,4374300,-62.34796754185808
502261,7365747,-62.35469187669098
502261,155853,-62.35484737014514
502261,6695997,-62.37681205503602
502261,8089437,-62.37701931250163
502261,816803,-62.39629129818816
502261,2233689,-62.47978859512415
502261,5536631,-62.50191093378834
502261,8104362,-62.57825006826174
183378,324178,-31.800391165604374
183378,324175,-31.93324881436966
183378,324177,-31.9339225582289
183378,711450,-32.20513069713476
183378,5286899,-32.20523436167632
183378,8756893,-32.20593400365282
183378,1603314,-32.26969513474354
183378,1603312,-32.27026524047396
183378,5887828,-32.270576161578006
183378,5105265,-32.27073161004687
183378,1603316,-32.27073161004687
183378,1603317,-32.27099067293023
183378,4810797,-32.339258111960916
183378,8079970,-32.492138862738365
183378,424997,-32.49219070710159
183378,8079968,-32.49224255056889
183378,2095187,-32.4924239956494
183378,2805325,-32.492475835085386
183378,6960777,-32.49255359255983
183378,5728400,-32.49255359255983
183378,2796241,-32.49268318387205
183378,5657854,-32.49276093597244
183378,3576220,-32.4929164341281
183378,3576225,-32.4929164341281
183378,1729199,-32.493590166348284
183378,2082020,-32.49377152994349
183378,2522625,-32.49410831896279
183378,4353183,-32.49413422424445
183378,2549035,-32.67446041953232
183378,665785,-32.674849230419575
183378,952906,-32.67487514935379
183378,7315393,-32.67495290481287
183378,145653,-32.67495290481287
183378,3773460,-32.67534165188162
183378,26799,-32.67573034858213
183378,207386,-32.67627443936905
183378,1124034,-32.67650759093063
183378,1987196,-32.67655939992813
183378,427083,-32.67655939992813
183378,7878227,-32.779820935190145
183378,6121685,-32.78015790753717
183378,4309304,-32.780209746077404
183378,4638380,-32.780209746077404
183378,6569755,-32.78028750220825
183378,7132812,-32.78036525632383
183378,6295431,-32.78039117391454
183378,2863617,-32.78041709128133
183378,1261035,-32.78046892534322
183378,2863620,-32.78052075850954
183378,2863619,-32.78052075850954
183378,5843332,-32.78054667475686
183378,2863612,-32.780702167539445
183378,3773463,-32.780753996676054
183378,3601500,-32.7808576522631
183378,7278405,-32.78088356560026
183378,324184,-32.780909478713596
183378,3218442,-32.7809353916031
183378,7278406,-32.78096130426878
183378,5887836,-32.78098721671064
183378,3082152,-32.781013128928684
183378,5887837,-32.781013128928684
183378,2359693,-32.781064952693335
183378,1637576,-32.781064952693335
183378,5843331,-32.781064952693335
183378,6081318,-32.78109086423995
183378,6296310,-32.78109086423995
183378,5668676,-32.78109086423995
183378,6689748,-32.781116775562765
183378,7248228,-32.78114268666179
183378,2203341,-32.78114268666179
183378,7390575,-32.78119450818845
183378,5279704,-32.781246328819975
183378,4504503,-32.78129814855638
183378,6002174,-32.781401785344
183378,8073356,-32.78145360239526
183378,3082155,-32.78153132629407
183378,6002169,-32.78158314110793
183378,1551178,-32.78160904817927
183378,6188847,-32.781686768050946
183378,8570259,-32.78173858018016
183378,3773462,-32.78191991558596
183378,4504504,-32.78207533721032
183378,7420058,-32.78215304500313
183378,7135097,-32.89747435601858
183378,2095179,-32.89778542219818
183378,6121683,-32.897837263425785
183378,719552,-32.89786318370365
183378,150250,-32.89788910375757
183378,6635332,-32.897966862575636
183378,7298541,-32.897992781733784
183378,4530314,-32.8981223741656
183378,400861,-32.8982519609996
183378,3607830,-32.898485203195825
183378,400863,-32.89858886057365
183378,6717352,-32.89871842725948
183378,324183,-32.89871842725948
183378,3985764,-32.89887389989633
183378,1065614,-32.89892572231817
183378,229682,-32.89915891213912
183378,260640,-32.89915891213912
654723,6049653,-42.32102580511301
654723,8728630,-42.495690058322154
654723,7780411,-43.458179665324806
654723,3022503,-43.45952734512538
654723,5158927,-43.46080549354829
654723,6143594,-43.74724396749964
654723,5158929,-43.74779672567746
654723,2124250,-43.80360765761145
654723,8036318,-43.93125810502948
654723,1057423,-44.151430529683736
654723,7146572,-44.15146509035283
654723,1073430,-44.1516378892193
654723,6061912,-44.15170700667578
654723,5106705,-44.15184523800592
654723,7518498,-44.15198346455926
654723,7055345,-44.15326183378562
654723,2076231,-44.15488511932051
654723,158712,-44.2389257288693
654723,7178417,-44.33478877667727
654723,7780406,-44.33572156818964
654723,631817,-44.43900891833654
654723,5577791,-44.43907804116781
654723,2379823,-44.43956186754385
654723,2060442,-44.4399419757886
654723,2583373,-44.440909361089055
654723,8476202,-44.441220256684424
654723,6485147,-44.44122025668443
654723,696148,-44.44122025668443
654723,8476203,-44.441323883180004
654723,416811,-44.442049193489595
654723,7148192,-44.442843430097014
654723,6695217,-44.556308060725364
654723,8668528,-44.556722829967136
654723,1057431,-44.556895637791904
654723,5396064,-44.55717211478394
654723,1107989,-44.557241231046135
654723,7491074,-44.557241231046135
654723,4916217,-44.557310346114086
654723,3494940,-44.55734490320023
654723,8545844,-44.55748312855941
654723,7463821,-44.55751768415289
654723,5577795,-44.55751768415289
654723,6087307,-44.557586794444276
654723,708294,-44.55772501144497
654723,8764415,-44.55772501144497
654723,2124251,-44.558346928852146
654723,8728627,-44.55931416377403
654723,4803463,-44.56014303616519
654723,3786677,-44.69035790818239
654723,5709267,-44.69053071152789
654723,6672077,-44.69167102641802
654723,3837207,-44.693018252311305
654723,8174633,-44.84433577719858
654723,2124247,-44.84433577719858
654723,1057426,-44.84437033995807
654723,412172,-44.844646831283264
654723,7751376,-44.844750510603134
654723,3532738,-44.8448887455161
654723,7751372,-44.844923303497914
654723,8545840,-44.844923303497914
654723,7136228,-44.844992418565866
654723,7780408,-44.844992418565866
654723,8159506,-44.84509608892868
654723,1644996,-44.8451652010112
654723,6286894,-44.8451652010112
654723,4365222,-44.845268866896056
654723,1403921,-44.84530342159398
654723,2134690,-44.84540708389676
654723,2402224,-44.84547619060616
654723,5396061,-44.84571805468726
654723,7005059,-44.84571805468726
654723,8159500,-44.84578715602437
654723,7075166,-44.845821706245275
654723,2076235,-44.845856256167764
654723,7780407,-44.84592535511745
654723,1929041,-44.845959904144685
654723,5660222,-44.845994452873505
654723,6672070,-44.846029001303926
654723,8010888,-44.84609809726959
654723,2886077,-44.846167192041705
654723,3880065,-44.84623628562032
654723,8476206,-44.84637446919722
654723,1528983,-44.846512648000605
654723,4210496,-44.84668536479259
654723,7575020,-44.84671990725607
654723,7575024,-44.84699623622581
654723,2335695,-44.84706531548564
654723,3837205,-44.84758337191134
654723,4202678,-44.84775604247751
654723,1037589,-45.02679558323865
654723,8545841,-45.02683014480361
654723,3498746,-45.026899267037635
654723,8369843,-45.02693382770673
654723,7751371,-45.02703750792239
654723,7751375,-45.0271066265732
654723,7751370,-45.0271066265732
654723,7780412,-45.0271066265732
654723,8669851,-45.02724486029187
654723,1854323,-45.02727941797512
654723,8545842,-45.02727941797512
1117387,5744592,-30.54718768940149
1117387,8091236,-30.583218431088007
1117387,2934326,-30.820080074156714
1117387,3384901,-30.953559654652018
1117387,3384902,-31.513020000830565
1117387,3033235,-31.645774063837074
1117387,8601196,-31.758273375488685
1117387,1410151,-31.758454820569202
1117387,7170935,-31.758895427224886
1117387,8494302,-31.759310056736798
1117387,5744601,-31.759465528030788
1117387,3784537,-31.759750537812018
1117387,3784542,-31.800235699681608
1117387,3784541,-31.800287522551038
1117387,5744595,-31.800391165604374
1117387,2934329,-31.933430221832474
1117387,3784538,-31.93348205052138
1117387,296121,-31.982842271179944
1117387,7170936,-32.20450863464981
1117387,5897422,-32.20471600314371
1117387,8601194,-32.204793762633614
1117387,7170937,-32.20484560117384
1117387,261158,-32.204897438818335
1117387,261156,-32.20492335730469
1117387,7170932,-32.20494927556714
1117387,261161,-32.20494927556714
1117387,261154,-32.20502702901097
1117387,7170933,-32.20507886352066
1117387,511889,-32.20507886352066
1117387,7170934,-32.20515661360598
1117387,261160,-32.20520844587675
1117387,8091232,-32.269954287142596
1117387,3784535,-32.27062797862928
1117387,3121771,-32.270783424413274
1117387,5177519,-32.271249713444334
1117387,3784536,-32.33884350035631
1117387,766756,-32.339232200414294
1117387,2958809,-32.492475835085386
1117387,8091238,-32.49252767362562
1117387,8091233,-32.49281276958654
1117387,7216701,-32.49289051832852
1117387,7634995,-32.49294234970379
1117387,3784539,-32.49294234970379
1117387,3784540,-32.49296826505561
1117387,6881055,-32.49296826505561
1117387,2934330,-32.493279231817
1117387,7322779,-32.580161043239954
1117387,5744600,-32.581585956800396
1117387,2934333,-32.58161185805618
1117387,6821938,-32.581870858315334
1117387,4050113,-32.674641870883974
1117387,6709880,-32.674901068064074
1117387,3363347,-32.67510840968539
1117387,2440155,-32.67510840968539
1117387,7863660,-32.67516024285171
1117387,7216700,-32.67523799092205
1117387,4916464,-32.675367566561846
1117387,7423855,-32.67544530925944
1117387,7423854,-32.675471223044276
1117387,6988445,-32.67549713660528
1117387,850400,-32.67617081063625
1117387,7170931,-32.779613548777334
1117387,5897420,-32.779743166965375
1117387,372097,-32.77987277955337
1117387,192350,-32.77997646559206
1117387,1472111,-32.78008014804727
1117387,7170938,-32.78010606810118
1117387,8601198,-32.78015790753717
1117387,1132240,-32.780183826919256
1117387,8091230,-32.780183826919256
1117387,305638,-32.780209746077404
1117387,3779722,-32.78023566501162
1117387,5897423,-32.780261583721895
1117387,6541348,-32.78033933850922
1117387,261162,-32.78033933850922
1117387,4247531,-32.78039117391454
1117387,6541354,-32.78041709128133
1117387,739615,-32.78049484203832
1117387,3139133,-32.78052075850954
1117387,8651211,-32.780676252635345
1117387,6349706,-32.780728082219674
1117387,2939570,-32.780753996676054
1117387,3384906,-32.780831738702105
1117387,8242369,-32.78116859753701
1117387,3784543,-32.78116859753702
1117387,6830198,-32.78119450818845
1117387,6178240,-32.7812204186161
1117387,1074740,-32.781401785344
1117387,6830199,-32.781401785344
1117387,3384907,-32.78145360239526
1117387,8494301,-32.781505418551546
1117387,3800811,-32.78155723381286
1117387,6620938,-32.78160904817926
1117387,5447088,-32.78173858018016
1117387,3784544,-32.78181629669622
1117387,7438804,-32.781997627404635
1117387,5617156,-32.78277463489415
1117387,43791,-32.89762989314014
1117387,1694701,-32.89770765867705
1117387,4123783,-32.89786318370365
479871,1360646,-20.755567988221873
479871,1018393,-20.921758880267475
479871,1567396,-21.016568237597795
479871,8811622,-21.121168645103815
479871,6764071,-21.121686931995782
479871,835868,-21.12177330008797
479871,5447206,-21.238986237398528
479871,1484949,-21.239210840995014
479871,6263495,-21.239539062424292
479871,5447202,-21.239608154809453
479871,7582347,-21.2396254275328
479871,1830484,-21.2396254275328
479871,6551433,-21.239901770820687
479871,8613731,-21.37234484086028
479871,6595041,-21.37263857355542
479871,8811619,-21.37274223361954
479871,5615234,-21.37274223361954
479871,1116535,-21.372759509774554
479871,3894494,-21.372776785780346
479871,1165667,-21.37293226311744
479871,4712479,-21.37298408621068
479871,1484943,-21.373156820157327
479871,6240386,-21.373174092731496
479871,4655984,-21.37320863743234
479871,2817597,-21.373225909559018
479871,3848797,-21.373640395856548
479871,5757748,-21.52608076578028
479871,5176626,-21.526357278608323
479871,4423307,-21.526374559390796
479871,1567392,-21.52659919597656
479871,2796241,-21.52663375321198
479871,5447205,-21.52665103160578
479871,6356340,-21.526771976182964
479871,3708118,-21.526806530433138
479871,3169928,-21.526823807334353
479871,7976208,-21.52694474146416
479871,8706384,-21.526962017171492
479871,582184,-21.52699656813849
479871,7589633,-21.52704839346985
479871,1296972,-21.5270829429447
479871,3754938,-21.527169314020767
479871,3810789,-21.527186587788393
479871,6263494,-21.527186587788393
479871,1998008,-21.527186587788393
479871,3050346,-21.527272954388714
479871,1434376,-21.527290227261236
479871,1532490,-21.52730749998458
479871,1828361,-21.52734204498376
479871,7501050,-21.527376589386275
479871,7504298,-21.527532031814363
479871,3922887,-21.527618383498883
479871,5970919,-21.527704731455255
479871,7142021,-21.528015553234127
479871,1121997,-21.528153680743138
479871,8016251,-21.70850601936484
479871,1161476,-21.708540583766965
479871,6669635,-21.708557865744023
479871,2273049,-21.708626992158962
479871,3836968,-21.70866155447049
479871,5447207,-21.708730677301766
479871,4691773,-21.708730677301766
479871,835872,-21.708747957636316
479871,5638923,-21.70876523782156
479871,5904069,-21.70876523782156
479871,1567399,-21.7087825178575
479871,8713765,-21.708799797744145
479871,2957772,-21.708817077481495
479871,2142098,-21.708817077481495
479871,3619246,-21.70883435706955
479871,3541464,-21.708851636508314
479871,2974712,-21.708851636508314
479871,6100476,-21.708851636508314
479871,7114870,-21.708851636508314
479871,8713766,-21.708851636508314
479871,3894501,-21.708868915797787
479871,1013917,-21.70888619493798
479871,4073543,-21.70888619493798
479871,44612,-21.70888619493798
479871,2237809,-21.70892075277051
479871,6715105,-21.70892075277051
479871,1567394,-21.70893803146286
479871,7381820,-21.70893803146286
479871,2807294,-21.708955310005933
479871,4263160,-21.708955310005933
479871,658986,-21.708955310005933
479871,891818,-21.708955310005933
479871,891817,-21.708972588399735
479871,3132536,-21.708972588399735
479871,4972818,-21.708972588399735
479871,1567400,-21.708972588399735
479871,3306735,-21.708989866644266
479871,2237804,-21.708989866644266
479871,2237805,-21.708989866644266
479871,3901806,-21.70900714473953
479871,1240851,-21.70900714473953
479871,2412529,-21.709024422685527
479871,1567391,-21.70904170048226
479871,6690203,-21.70904170048226
479871,7053827,-21.709058978129736
479871,5615233,-21.709058978129736
541571,5147608,-30.192170790911227
541571,7062028,-30.636012506628717
541571,3138296,-30.730390196937627
541571,3314257,-30.731167291643914
541571,2132445,-30.836734998565262
541571,3740113,-30.952264060515603
541571,2976815,-30.952963750841022
541571,3138298,-30.989901392422716
541571,1867074,-31.172430194154362
541571,3085497,-31.17294824387115
541571,3494697,-31.195136183449527
541571,425726,-31.23986837952355
541571,6717585,-31.240671734615617
541571,1906434,-31.24093083553559
541571,1906435,-31.24103446963813
541571,3886624,-31.28995417140155
541571,1688496,-31.394589204480376
541571,3314259,-31.395029696969047
541571,2959731,-31.395832781509277
541571,8155413,-31.39596229114266
541571,1959711,-31.422837820115582
541571,3314253,-31.422967380086757
541571,197430,-31.42317466440319
541571,3012743,-31.423200573935738
541571,227294,-31.423200573935738
541571,6140331,-31.42322648324452
541571,3085495,-31.423304209828316
541571,1906436,-31.423433749659672
541571,3314255,-31.42356328389775
541571,6787577,-31.42356328389775
541571,6711517,-31.42410726662995
541571,6030773,-31.481989254669806
541571,1688497,-31.512320413238598
541571,8085464,-31.512812732625427
541571,1770864,-31.57647020409829
541571,6750771,-31.576651617829633
541571,197428,-31.576962587277166
541571,5147612,-31.577014412384706
541571,2319981,-31.5770921483674
541571,1688500,-31.577325344230445
541571,2959733,-31.5774030721568
541571,3494698,-31.577428981018066
541571,3775592,-31.577454889655574
541571,3261907,-31.57781758708863
541571,37717,-31.577947111260023
541571,2078492,-31.5780248230787
541571,3163508,-31.578413351979318
541571,4714454,-31.645411241075546
541571,4803269,-31.645696319796365
541571,6549692,-31.64598137142979
541571,1412644,-31.646007283871654
541571,1867075,-31.646085019854347
541571,464268,-31.646292305961083
541571,6035178,-31.646447761142525
541571,1762891,-31.646810458575583
541571,1762892,-31.64699179084976
541571,6787579,-31.647276719423562
541571,2976813,-31.682012133487458
541571,2959730,-31.682141708007947
541571,3494699,-31.682737678729605
541571,1412645,-31.68379976777485
541571,37718,-31.759232318068285
541571,1070070,-31.759439616707972
541571,4366495,-31.759491439129807
541571,395216,-31.759698719865735
541571,3138294,-31.759724628950757
541571,6186622,-31.759750537812018
541571,5147614,-31.75977644644953
541571,6285004,-31.759957800647285
541571,728408,-31.760035520518965
541571,1114711,-31.760113238377237
541571,6306245,-31.760916205041646
541571,4281904,-31.799536003312106
541571,4489434,-31.799536003312106
541571,7745180,-31.79969150549781
541571,5147613,-31.799950657896858
541571,4096641,-31.79997657190554
541571,2995400,-31.800054312588543
541571,3256013,-31.80013205125705
541571,3442464,-31.80013205125705
541571,5147610,-31.80013205125705
541571,4714458,-31.800183875916954
541571,6186623,-31.800209787911186
541571,2959736,-31.80031343365006
541571,4750924,-31.80031343365006
541571,2959739,-31.800442985788337
541571,37716,-31.800468895544654
541571,197434,-31.800468895544654
541571,37715,-31.80054662347101
541571,8154225,-31.800572532332275
541571,2879298,-31.800702073282345
541571,6473704,-31.80088342121568
541571,611019,-31.80088342121568
541571,6766868,-31.933663443881574
541571,4803270,-31.933896647801248
541571,8336122,-31.933948468432767
541571,2319983,-31.933948468432767
541571,1109225,-31.934103924956794
541571,7768150,-31.934103924956794
541571,3261902,-31.93420755816434
1106007,5490903,-20.834333038454062
1106007,6699898,-20.92143076936525
1106007,3672136,-21.015548935624807
1106007,1785018,-21.12208419434137
1106007,6209484,-21.123655198181336
1106007,5490907,-21.23926266901238
1106007,2384069,-21.239763603949598
1106007,6699897,-21.23978087533049
1106007,7685384,-21.240022659003472
1106007,6126197,-21.24017807593105
1106007,5646684,-21.241041283450897
1106007,7615110,-21.372258440680554
1106007,8204463,-21.37250035177852
1106007,2165342,-21.372966811995468
1106007,2624570,-21.37326045336488
1106007,5072014,-21.37358858976674
1106007,2777113,-21.373640395856548
1106007,4120343,-21.373778538869153
1106007,7638713,-21.373951204217917
1106007,1334335,-21.526201744846617
1106007,2511437,-21.526305435365007
1106007,5836920,-21.52642640084236
1106007,7549317,-21.52647824095019
1106007,7726655,-21.52663375321198
1106007,1334328,-21.52663375321198
1106007,4173709,-21.52663375321198
1106007,8204457,-21.52665103160578
1106007,2143418,-21.52666830985031
1106007,6650998,-21.526685587945572
1106007,3537614,-21.52673742133578
1106007,5594852,-21.52694474146416
1106007,2344062,-21.52694474146416
1106007,4004166,-21.52699656813849
1106007,2464377,-21.527065668281878
1106007,8277923,-21.527117491822725
1106007,7638720,-21.527203861406825
1106007,7113391,-21.52741113319214
1106007,1918089,-21.527428404871337
1106007,5072011,-21.527497490096604
1106007,6147546,-21.527549302449536
1106007,7638716,-21.527549302449536
1106007,7646684,-21.527739269593997
1106007,7638715,-21.528274534488563
1106007,2384065,-21.528326326715415
1106007,5279699,-21.70850601936484
1106007,7628460,-21.708609710779214
1106007,2513608,-21.708678835402278
1106007,1334336,-21.708730677301766
1106007,8348781,-21.70876523782156
1106007,5315018,-21.708799797744145
1106007,7658752,-21.708817077481495
1106007,125200,-21.70883435706955
1106007,7685383,-21.708851636508314
1106007,5594854,-21.70893803146286
1106007,1096440,-21.708972588399735
1106007,29022,-21.708972588399735
1106007,8204464,-21.708972588399735
1106007,1193879,-21.70900714473953
1106007,2777112,-21.709024422685527
1106007,61159,-21.709024422685527
1106007,2838747,-21.70904170048226
1106007,7170194,-21.709058978129736
1106007,8199521,-21.709058978129736
1106007,4000699,-21.709058978129736
1106007,5490900,-21.70909353297692
1106007,7197993,-21.709110810176632
1106007,4311841,-21.709128087227093
1106007,3350802,-21.70916264088028
1106007,70147,-21.70916264088028
1106007,2960561,-21.70923174639577
1106007,5740463,-21.70923174639577
1106007,5952125,-21.70923174639577
1106007,4311840,-21.709249022401558
1106007,8204461,-21.709249022401558
1106007,2623990,-21.709300849523558
1106007,5974974,-21.709300849523558
1106007,5971071,-21.709300849523558
1106007,6492973,-21.709300849523558
1106007,3572969,-21.709352675302565
1106007,8141089,-21.709352675302565
1106007,369415,-21.709404499738653
1106007,2513610,-21.70945632283189
1106007,4255223,-21.70945632283189
1106007,5993697,-21.709473596897904
1106007,8649212,-21.709473596897904
1106007,7638719,-21.709473596897904
1106007,2294712,-21.709490870814722
1106007,7148689,-21.709508144582344
1106007,2621974,-21.709508144582344
1106007,2464378,-21.70952541820078
1106007,6059869,-21.709542691670027
1106007,4747656,-21.70955996499009
1106007,2798884,-21.709577238160968
1106007,2866628,-21.709577238160968
1106007,6282113,-21.709577238160968
1106007,4918035,-21.70959451118267
1106007,548434,-21.70961178405519
1106007,5913575,-21.70964632935271
1106007,8377540,-21.70964632935271
1106007,2621981,-21.70964632935271
60235,3620536,-37.92558122988018
60235,3620537,-37.97940663928864
60235,5857163,-39.77151154955876
60235,3620540,-39.963399816393824
60235,2747390,-39.99253788651889
60235,5857161,-40.05881363522344
60235,5857162,-40.05891727156352
60235,3231717,-40.087502667041434
60235,85624,-40.24154972126799
60235,6107034,-40.26728201554869
60235,3231719,-40.34670297767034
60235,3231720,-40.34687569446233
60235,8712527,-40.34704840379686
60235,2563465,-40.4150740069485
60235,2563468,-40.44345217539297
60235,4289596,-40.46306945425479
60235,6014619,-40.597568307386595
60235,3231721,-40.635248559513975
60235,806158,-40.65627061309103
60235,7389159,-40.66642298455504
60235,953191,-40.666526630741515
60235,6979205,-40.75161534192258
60235,953194,-40.81991717616091
60235,6373390,-40.85593925693364
60235,2021479,-40.85697585758041
60235,6371218,-40.85904825331618
60235,485096,-40.93300397022387
60235,983364,-40.95351767788278
60235,1250062,-41.02143193075707
60235,4292611,-41.09102148932962
60235,3231714,-41.094579793496976
60235,2659063,-41.107461026835836
60235,6778910,-41.10822118750844
60235,1673989,-41.13615021083971
60235,3596958,-41.136772090645415
60235,7311608,-41.14369044445337
60235,2276380,-41.147883275510985
60235,4291626,-41.15621663481474
60235,3231713,-41.15822040055425
60235,581006,-41.22099704301704
60235,2528919,-41.22106615092039
60235,2021478,-41.2211352576298
60235,2799103,-41.221273467466894
60235,2799107,-41.221273467466894
60235,6979208,-41.22130801918001
60235,2799105,-41.221308019180015
60235,6125233,-41.221308019180015
60235,2624942,-41.22134257059468
60235,7303275,-41.22134257059468
60235,2335779,-41.22148077326891
60235,5523642,-41.261231572147025
60235,2659059,-41.261438922725056
60235,8612380,-41.264168036689384
60235,485095,-41.29002446860492
60235,7098947,-41.29040454401562
60235,2821706,-41.29126821748132
60235,3546988,-41.338399963861185
60235,5630536,-41.33860730369122
60235,8712525,-41.338745524274
60235,2563463,-41.34147440256048
60235,7299675,-41.38018945231772
60235,983362,-41.44386415077746
60235,6495185,-41.44396781934904
60235,3736848,-41.44586793382348
60235,6702737,-41.44586793382348
60235,6371219,-41.446420524958725
60235,180418,-41.47227691689852
60235,953196,-41.4724496859107
60235,4699393,-41.51316801991912
60235,4007845,-41.51320257372156
60235,8385574,-41.51624214003883
60235,4001338,-41.54915555256154
60235,4615150,-41.54915555256154
60235,3704982,-41.56233825949926
60235,3051419,-41.625840126260236
60235,8402777,-41.62597836236752
60235,5889543,-41.62639304202786
60235,7505702,-41.62642759672578
60235,2489610,-41.6264621511252
60235,7286028,-41.62746409888232
60235,5857159,-41.62777499716261
60235,3919732,-41.62822402979998
60235,3687252,-41.647424979718906
60235,2169444,-41.64801224724191
60235,4608342,-41.666696680255185
60235,4289597,-41.66683491516815
60235,485093,-41.66731869974639
60235,6701924,-41.6674914657737
60235,1650409,-41.66787152476951
60235,1884872,-41.73199543430277
60235,4311369,-41.73206453922131
60235,4311363,-41.73206453922131
60235,4563573,-41.732479143663134
60235,3714488,-41.784790737748054
60235,5771574,-41.78517084270914
60235,3620533,-41.7864836547297
60235,4336402,-41.80015895363172
60235,6570997,-41.80088464617334
60235,2617001,-41.80116106584762
60235,5889548,-41.80243925842511
180442,6746842,-61.49272054650618
180442,5474738,-62.177758409473434
180442,294952,-62.526116021175966
180442,5396535,-62.61834642352748
180442,465534,-62.654911696828094
180442,4345795,-62.89332272027308
180442,4345794,-62.893478149278735
180442,5139593,-63.090267623176025
180442,1569225,-63.194021567429
180442,1845401,-63.19713067112672
180442,2339171,-63.223643559947845
180442,3657956,-63.22519793725573
180442,94163,-63.272537361799934
180442,2630808,-63.33707588293751
180442,7486853,-63.37820877976543
180442,6073870,-63.37919319747161
180442,5139589,-63.44041514081835
180442,5303653,-63.49490358685628
180442,7425194,-63.57938568417802
180442,2458324,-63.58119936713414
180442,2945036,-63.66283294629823
180442,7125034,-63.66407702827388
180442,2089488,-63.66666803751221
180442,2784247,-63.716906877461994
180442,6187478,-63.75279859689427
180442,7901728,-63.7820155560412
180442,481747,-63.78211921520985
180442,3542298,-63.7831038880027
180442,147379,-63.783311166948366
180442,253769,-63.78398477407204
180442,5917762,-63.85054193910591
180442,7734528,-63.8883089397519
180442,6686841,-63.88856804402846
180442,262668,-63.91689437819045
180442,6192964,-63.95284746088947
180442,3730315,-63.953262022361336
180442,1511840,-63.98630178250771
180442,2780977,-63.99317832826286
180442,1298334,-64.00484811910378
180442,8225804,-64.00536642390189
180442,3411625,-64.02355021386212
180442,6230401,-64.02887563397273
180442,2478861,-64.06974945830117
180442,3847467,-64.07026773175983
180442,5949511,-64.0712523280128
180442,2348059,-64.13806850735689
180442,8721832,-64.13843134422297
180442,688098,-64.14128144208672
180442,7647129,-64.15769369528594
180442,7254159,-64.17474715589918
180442,3496208,-64.17619829652006
180442,5160738,-64.17625011648023
180442,6206700,-64.20597538417765
180442,2945042,-64.2507232945514
180442,6465810,-64.25274476186206
180442,5274535,-64.25300387509027
180442,321849,-64.291856328375
180442,6858844,-64.29216735155494
180442,5009351,-64.29253019155556
180442,6806702,-64.29263385609711
180442,7622770,-64.29268568769625
180442,5139595,-64.29294483897586
180442,2375271,-64.2932039790627
180442,999424,-64.29579476454275
180442,5218683,-64.32085656466295
180442,1358313,-64.32168580936056
180442,244711,-64.35831256899763
180442,321845,-64.42512852269982
180442,1569219,-64.42606158418009
180442,7655299,-64.4276681833389
180442,2171620,-64.42839360326292
180442,5909190,-64.4290153219703
180442,295878,-64.46398400844465
180442,2859394,-64.46543477312561
180442,7991015,-64.4750072444902
180442,108831,-64.47516273660115
180442,6985767,-64.47702832768897
180442,6206698,-64.47816812563731
180442,3114489,-64.53949393402864
180442,3859764,-64.53949393402864
180442,6142457,-64.5406341257916
180442,1079979,-64.54120414043103
180442,1079978,-64.54130777363856
180442,6230397,-64.54208496564495
180442,5057891,-64.54239581426174
180442,1845406,-64.54405194712854
180442,408759,-64.56181129239673
180442,5474737,-64.57969391443207
180442,4999656,-64.57979758792968
180442,1373390,-64.58016043106491
180442,6017885,-64.58016043106491
180442,6727336,-64.580264096502
180442,5909191,-64.58269971880671
180442,1813236,-64.60807213660263
180442,3151549,-64.60817580651764
180442,1930131,-64.60848680551558
180442,5755064,-64.60998974013285
180442,4926087,-64.61035246105806
180442,7886794,-64.65810622154568
180442,6093403,-64.67825710397948
710347,4656404,-52.12405404263389
710347,4656405,-52.12405404263389
710347,1439120,-52.347240773891876
710347,1011082,-52.54461976380132
710347,4327099,-52.634922846343656
710347,2372365,-52.664561619566534
710347,1640444,-52.664561619566534
710347,1011077,-52.76793605502969
710347,3440209,-52.79679783198108
710347,1011075,-52.81711486218756
710347,6264174,-52.88070331379445
710347,6742354,-52.88074650268972
710347,1011074,-52.886582700751006
710347,7037212,-52.95047352832445
710347,8825558,-52.99831359013909
710347,6742355,-52.99965231870044
710347,1976089,-53.03861727090629
710347,6264170,-53.04025841350177
710347,1240998,-53.05492713201503
710347,2505776,-53.133010992295624
710347,5179162,-53.1335723073278
710347,2022385,-53.17223505288764
710347,2372368,-53.17409206312255
710347,6046669,-53.22050685852529
710347,4438502,-53.221068411175764
710347,3422947,-53.2214571414533
710347,6264172,-53.28664347923376
710347,8651755,-53.288543257327994
710347,2022387,-53.327249544198835
710347,1640448,-53.328285921029156
710347,3292874,-53.3916585031271
710347,1439117,-53.44481664097452
710347,6046672,-53.50840492022948
710347,4185615,-53.51129827638735
710347,6867456,-53.578607159136794
710347,6046667,-53.61441334766855
710347,4427082,-53.64189311574994
710347,4479459,-53.64206590192707
710347,4460731,-53.642238682133375
710347,2372369,-53.69193584444379
710347,6264171,-53.71347715314677
710347,1976092,-53.73141887911189
710347,4553948,-53.73150527443963
710347,3740486,-53.73154847154369
710347,3440200,-53.73318968501984
710347,3564912,-53.73388056113821
710347,4577147,-53.795957400249456
710347,3608313,-53.79613018941213
710347,1786995,-53.79729636010161
710347,1439113,-53.866936986686234
710347,2505772,-53.867196065230274
710347,590265,-53.91417239761702
710347,7717410,-53.914474748612065
710347,3440201,-53.91533850786723
710347,8605091,-53.915424875586424
710347,1640452,-53.9159862293997
710347,6450737,-53.91680655623702
710347,827920,-53.9173245880619
710347,4185619,-53.979272413194224
710347,2845871,-53.97979065979371
710347,5927881,-53.98004976295136
710347,1212650,-53.980179309495284
710347,4867765,-54.0191873468914
710347,4867770,-54.01923054399548
710347,1508336,-54.01923054399548
710347,5735301,-54.01927374072634
710347,1911319,-54.01931693708403
710347,2304745,-54.01936013306853
710347,6641376,-54.01944652391801
710347,4215080,-54.01953291327485
710347,4635687,-54.02031035032561
710347,1439112,-54.02100130401554
710347,4553947,-54.048913084537844
710347,6264175,-54.048999451511115
710347,3664749,-54.1525891459645
710347,3080176,-54.152675542038665
710347,8454393,-54.15319388713601
710347,827928,-54.1545758780755
710347,4256333,-54.1546622398276
710347,4185616,-54.15483495885694
710347,1597713,-54.201206513506904
710347,224529,-54.201724885473816
710347,7390304,-54.20202724430473
710347,1703791,-54.20232958485258
710347,4085316,-54.20254553119426
710347,5826808,-54.202804654493825
710347,1439116,-54.202891025942876
710347,1212649,-54.20297739589995
710347,1837263,-54.20315013133837
710347,1640449,-54.20345240399704
710347,364372,-54.20366830185148
710347,1837262,-54.20366830185148
710347,8426220,-54.20431593948617
710347,8074924,-54.2044454569473
710347,6485229,-54.306653428224706
710347,455362,-54.30686941934319
710347,5722267,-54.30691261644725
710347,2897538,-54.30712859636979
710347,6264169,-54.3080356101805
710347,6719737,-54.308337911557786
1124210,2258595,-40.29048011908777
1124210,4506651,-40.5489854257433
1124210,4331925,-40.74494000687455
1124210,7447320,-40.77401909942177
1124210,7447315,-40.84066458351601
1124210,5968010,-41.1959234943186
1124210,5890091,-41.242733906446674
1124210,2775744,-41.39807928488275
1124210,6209133,-41.51437722543713
1124210,5363376,-41.647597714411404
1124210,2258591,-41.697182362104385
1124210,8578086,-41.733791774290296
1124210,5796896,-41.80237017737577
1124210,7447312,-41.85102217586727
1124210,5363380,-41.852300026326475
1124210,7841037,-41.91887499837622
1124210,5542664,-41.95600271130106
1124210,6686657,-41.95631360689643
1124210,1708164,-41.956555397876826
1124210,2258596,-41.9570389359949
1124210,6255992,-41.95703893599491
1124210,2240114,-41.98282609472254
1124210,3797822,-41.98317164916486
1124210,2258594,-41.98393176387537
1124210,8492305,-41.98469173416972
1124210,1503912,-41.984829895075386
1124210,6691162,-42.04221946752515
1124210,4968311,-42.04242677511784
1124210,2805346,-42.0736821097223
1124210,7478182,-42.12723988646173
1124210,5424028,-42.13711499990899
1124210,3282865,-42.137944251771295
1124210,2258598,-42.13911873103636
1124210,5717937,-42.20600420282436
1124210,8146600,-42.206211537280794
1124210,7102466,-42.20766257764082
1124210,4537657,-42.20807706393723
1124210,5664148,-42.20811160252331
1124210,8063120,-42.242579181451674
1124210,2258599,-42.24371932890119
1124210,3282870,-42.2439956793482
1124210,1859223,-42.24496275558788
1124210,41557,-42.25475981020618
1124210,6225008,-42.25614184889974
1124210,8026740,-42.25652182584234
1124210,4899807,-42.25714352844524
1124210,2825130,-42.25828306564546
1124210,3912075,-42.29305013630305
1124210,7949237,-42.294224879336454
1124210,5809912,-42.29463941216696
1124210,1094076,-42.31905642547098
1124210,4336697,-42.31950566759136
1124210,3699025,-42.32040400049658
1124210,2494577,-42.32064582488896
1124210,3466956,-42.32185472760308
1124210,3405102,-42.36056954081816
1124210,2258597,-42.36157145395926
1124210,6183113,-42.36205504636054
1124210,713231,-42.38894773074974
1124210,3284814,-42.39060584777436
1124210,2544871,-42.44861737520223
1124210,3698941,-42.449100963427455
1124210,7768133,-42.46412664875368
1124210,7155543,-42.48007985629481
1124210,31349,-42.49354804633443
1124210,5717938,-42.493651718488536
1124210,1306283,-42.494411898860896
1124210,8586873,-42.494895574798605
1124210,7908389,-42.49493012084201
1124210,1440279,-42.49493012084201
1124210,4568136,-42.495102846583784
1124210,5791447,-42.49551735793571
1124210,6083142,-42.49579367497508
1124210,4648414,-42.49651891640045
1124210,6717686,-42.542510995934634
1124210,4301199,-42.54268377390201
1124210,1193103,-42.543098410576995
1124210,4082758,-42.543098410576995
1124210,3008048,-42.54330571279776
1124210,7447314,-42.54337481115064
1124210,7447313,-42.54368573896804
1124210,2258593,-42.54444568301081
1124210,2258592,-42.54448022249159
1124210,7161244,-42.61112372962134
1124210,8650639,-42.61174575448631
1124210,188783,-42.61243677979683
1124210,6262347,-42.61274770224344
1124210,4466618,-42.631077106026396
1124210,4797171,-42.64835527109547
1124210,685059,-42.64894261470548
1124210,7912341,-42.649149891861
1124210,2461683,-42.649149891861
1124210,1536294,-42.649391701634514
1124210,102696,-42.64946078745637
1124210,3263727,-42.64984073814942
1124210,4618354,-42.65035879457512
1124210,6855548,-42.72490166481111
1124210,5183193,-42.72503988539389
1124210,7157957,-42.725108993894246
1124210,3162331,-42.72531631223159
287683,8299551,-85.14859287697503
287683,6246638,-86.188816052971
287683,6550734,-86.92112742601446
287683,6915200,-87.10040878654098
287683,6550731,-87.61247826660954
287683,4164218,-87.61627774079918
287683,7036002,-87.79549077112509
287683,6550728,-87.90043672531112
287683,6077384,-87.90057491485535
287683,3162039,-88.01683773422184
287683,6550727,-88.01911795033958
287683,2432416,-88.03838899980683
287683,1201145,-88.08565976137317
287683,5080355,-88.18936241773586
287683,4085158,-88.18936241773586
287683,5385461,-88.20178493773443
287683,3162040,-88.30382870375934
287683,6915202,-88.30396692911852
287683,7475657,-88.30438159086692
287683,1607961,-88.30700728294173
287683,6100394,-88.30707636846529
287683,2339814,-88.48621937353143
287683,6100389,-88.4884997669147
287683,2116583,-88.55859804973734
287683,3943072,-88.55873621541527
287683,6293511,-88.558874378707
287683,6915198,-88.5907504940422
287683,8299547,-88.59088873253816
287683,4138775,-88.5928238207064
287683,3023962,-88.59413664972632
287683,6915206,-88.70936292484564
287683,8196939,-88.70957026019761
287683,6915205,-88.70977759017624
287683,5950132,-88.71122874959612
287683,4164220,-88.71191968538271
287683,6550735,-88.71385398817961
287683,1207649,-88.77438522011266
287683,558571,-88.77507627526792
287683,2266706,-88.77611274608624
287683,6641599,-88.77632002413681
287683,251713,-88.77832343512716
287683,6915204,-88.87898550614602
287683,662955,-88.87967662697164
287683,2118385,-88.88105868953069
287683,3587960,-88.88133507339333
287683,4469510,-88.8825786826262
287683,6077385,-88.88299317608075
287683,4318471,-88.8838220985686
287683,3562790,-88.89230647157574
287683,7826999,-88.95829611452947
287683,3162044,-88.99607736126559
287683,3186446,-88.9967685418024
287683,6915201,-88.9967685418024
287683,8299550,-88.99711410967845
287683,4422355,-88.9972523326494
287683,5953684,-88.9972523326494
287683,8804431,-88.99745966262803
287683,3364628,-88.99766698723357
287683,5198086,-88.9980125163034
287683,3781322,-88.99821982658214
287683,7196707,-88.99911810904973
287683,6550730,-88.99925629740045
287683,3781321,-88.99946357545102
287683,7918079,-88.9996017578345
287683,2566127,-89.00015446350169
287683,2402182,-89.00443663818888
287683,3162041,-89.11489714533485
287683,2049561,-89.1150353683058
287683,8206380,-89.11579555195979
287683,4412330,-89.1190427959493
287683,8799226,-89.13334041955909
287683,4702663,-89.13361677000603
287683,3660575,-89.17943566647241
287683,3975517,-89.17957388944336
287683,4961916,-89.18019586326028
287683,1900234,-89.18130147510593
287683,6077387,-89.18475552762662
287683,7877125,-89.250847095222
287683,1348779,-89.25119254372217
287683,652305,-89.2513998056624
287683,8259002,-89.25202155926695
287683,3623647,-89.25285048891229
287683,1065496,-89.2531267797084
287683,3943073,-89.25367933267599
287683,2500104,-89.28382855445838
287683,4330419,-89.28472706974921
287683,3118627,-89.28652379763885
287683,7738277,-89.28659289449968
287683,4469503,-89.28735292058298
287683,5066969,-89.28804379073436
287683,6726524,-89.28880367899683
287683,6726525,-89.28894183274465
287683,8036708,-89.36092783528483
287683,3464275,-89.38506936993068
287683,8036713,-89.40154246937377
287683,7483892,-89.4018189487545
287683,3186443,-89.40195718486174
287683,7071443,-89.40230276467996
287683,8299548,-89.40244099242744
287683,1175434,-89.40264832957061
490595,3572695,-30.730726962691495
490595,1929910,-31.107218074616778
490595,3572702,-31.171808416385872
490595,2507917,-31.24100856144812
490595,3572698,-31.289954171401547
490595,3572701,-31.29026503880824
490595,1620438,-31.290627676740613
490595,4737060,-31.423433749659672
490595,4737065,-31.42410726662995
490595,1288943,-31.512579538776443
490595,1288938,-31.645437158442345
490595,4842897,-31.645514909199342
490595,7698193,-31.646395943643753
490595,3403268,-31.682478575571842
490595,3937200,-31.759413705161354
490595,7839904,-31.79976925356815
490595,4737067,-31.800209787911186
490595,4737063,-31.800468895544654
490595,4737064,-31.80085751503922
490595,4737059,-31.80088342121568
490595,3910738,-31.93293780462441
490595,6986347,-31.933378392248144
490595,720732,-31.933456136288854
490595,3953177,-31.933456136288854
490595,7887209,-31.93425937342566
490595,4604269,-31.98198714582055
490595,8485139,-31.982349956045333
490595,3403266,-31.982790452338612
490595,1546186,-31.983334505536416
490595,2460640,-31.983334505536416
490595,1546185,-31.983360410370693
490595,5612095,-32.03387646240973
490595,3937197,-32.087399494196916
490595,7177233,-32.08817687752899
490595,6206562,-32.0883582379916
490595,3833409,-32.088539587491
490595,4737061,-32.08885044684469
490595,93114,-32.08991230666438
490595,3398165,-32.14419506019926
490595,8754868,-32.14577571918922
490595,1288946,-32.20500111142027
490595,7385093,-32.2051825298533
490595,3403265,-32.20549350735955
490595,549465,-32.205985822494156
490595,7042991,-32.206270810123314
490595,6496868,-32.20645215179266
490595,3574702,-32.20658167484563
490595,2850740,-32.26946187844227
490595,7704221,-32.26969513474354
490595,4292443,-32.27008385494761
490595,6742119,-32.27010976783711
490595,3354665,-32.27042070505398
490595,4737066,-32.270498434322946
490595,6205746,-32.270550252716745
490595,1350799,-32.27062797862927
490595,2460643,-32.27067979478555
490595,5811427,-32.27109429181996
490595,2460647,-32.27114609992275
490595,3833413,-32.27122381039943
490595,3711142,-32.27169003099178
490595,2908483,-32.27280348699068
490595,1915948,-32.33848066819166
490595,5112294,-32.338584339002296
490595,5612099,-32.33861025614519
490595,4420107,-32.33871392247782
490595,1205931,-32.33879166987653
490595,8709994,-32.338998986423064
490595,7704029,-32.33943948652103
490595,8160572,-32.33946539627735
490595,1814180,-32.33969857401503
490595,3833410,-32.33982810937173
490595,6614932,-32.34026848775253
490595,2143553,-32.3412785233723
490595,3326751,-32.41300330209436
490595,6496870,-32.41398789410209
490595,3349773,-32.414609575233705
490595,7177230,-32.41499806053008
490595,7982704,-32.49219070710159
490595,1194055,-32.4924239956494
490595,805046,-32.49247583508539
490595,7839907,-32.49252767362562
490595,4842894,-32.49252767362562
490595,2646639,-32.49255359255983
490595,5359212,-32.49255359255983
490595,5247992,-32.49255359255983
490595,2788470,-32.49263134801892
490595,805048,-32.492657266057435
490595,8160570,-32.49265726605744
490595,7853050,-32.492683183872046
490595,7766020,-32.49268318387205
490595,5263695,-32.49276093597244
490595,4763070,-32.49276093597244
490595,6412650,-32.49278685289144
490595,6742115,-32.49281276958654
490595,1288940,-32.49281276958654
490595,7727360,-32.49283868605775
490595,3500541,-32.49283868605775
490595,2095966,-32.49283868605775
490595,3354666,-32.49283868605776
490595,5612094,-32.49286460230508
291865,3635182,-72.84376407271276
291865,3665621,-73.1585897386898
291865,7644029,-73.33076720428838
291865,3308324,-73.36646837931741
291865,2889934,-73.63634959797035
291865,2218077,-74.00822647927941
291865,351333,-74.11074712877638
291865,3357930,-74.16322342388496
291865,4206072,-74.28064378716395
291865,454822,-74.43424858035947
291865,1923715,-74.46754296977126
291865,3308321,-74.56711681596624
291865,8330899,-74.633650147157
291865,6341778,-74.7376204006897
291865,1923711,-74.75058696918657
291865,351334,-74.76597263185413
291865,3308326,-74.81446053641704
291865,3337798,-74.8156090534941
291865,3308319,-74.81915669549575
291865,351328,-74.88436014757168
291865,1923712,-74.88472281055422
291865,8679765,-74.91879327177618
291865,7700621,-74.93230402503886
291865,6280070,-74.95852856486066
291865,4789121,-74.97342827655534
291865,7839222,-74.98953932469203
291865,4224176,-74.99092946677602
291865,2493291,-75.03814814562621
291865,3031038,-75.03814814562621
291865,674975,-75.0643239368814
291865,260805,-75.07606710928079
291865,2493295,-75.10256576866361
291865,4858382,-75.1052063968996
291865,351330,-75.10683876794752
291865,5916215,-75.10726191312531
291865,6274927,-75.10756414402113
291865,6613581,-75.22071149235653
291865,4238378,-75.2380121690748
291865,5289235,-75.23946333476339
291865,5413609,-75.26056627701662
291865,6280074,-75.26117079884024
291865,3452463,-75.32522570669552
291865,6486558,-75.32583021807798
291865,7700627,-75.37762381756512
291865,8021111,-75.39264660422572
291865,1728901,-75.39427903167
291865,4674846,-75.44464080328959
291865,6759207,-75.46899150998574
291865,260801,-75.48110904663078
291865,3639343,-75.48116950116248
291865,4342066,-75.49613469541349
291865,4342064,-75.49637651876156
291865,6782334,-75.49710193868535
291865,2883867,-75.5071240744577
291865,772298,-75.50954195296609
291865,3308325,-75.52708494798412
291865,8008612,-75.52935509651866
291865,7867037,-75.54601116467431
291865,702434,-75.54740193119855
291865,2889927,-75.54861106882734
291865,5105331,-75.57533095557439
291865,7644030,-75.61194045233613
291865,6769969,-75.61399586205106
291865,231157,-75.6259952587954
291865,6769966,-75.63513881582826
291865,5916214,-75.6507690135831
291865,4104952,-75.65179663412526
291865,5454157,-75.66391514751999
291865,4789125,-75.68962700111233
291865,8423300,-75.72875602748842
291865,8659875,-75.7296025627416
291865,6240071,-75.73032808291428
291865,3588265,-75.73123487739707
291865,3588264,-75.73135577445323
291865,4059305,-75.75274048162397
291865,3295902,-75.79920003959435
291865,5227865,-75.79920003959435
291865,3822725,-75.79920003959437
291865,2879590,-75.79998594850748
291865,223250,-75.81709762820148
291865,7228281,-75.81752082819816
291865,3101585,-75.83586996686635
291865,1365839,-75.83967761593128
291865,6007504,-75.84895746374237
291865,2604063,-75.85095201543501
291865,3295900,-75.8634967248521
291865,6135196,-75.86361764383639
291865,6135198,-75.86385947553882
291865,3454457,-75.87457751306209
291865,1840063,-75.91452355218097
291865,8145501,-75.92257906075486
291865,173637,-75.95171816507133
291865,683071,-75.95232285922604
291865,2223910,-75.95244379178885
291865,4009365,-75.95268565064696
291865,7840009,-75.9529879624687
291865,2093096,-75.95347163422849
291865,8212393,-75.95389481960542
291865,2889932,-75.95395527257085
291865,231165,-75.95425752956707
794725,8771939,-32.49273501882955
794725,8771934,-32.897863183703656
794725,8771940,-33.185519335877565
794725,5925952,-33.59111404313558
794725,8771942,-33.879055297092336
794725,8771941,-34.28433898049817
1103812,955560,-72.53755158723402
1103812,4401695,-72.68737734764483
1103812,5974240,-72.77910470252426
1103812,8224183,-72.88005407436698
1103812,2072279,-72.91245481766043
1103812,3591090,-73.38010141225794
1103812,4566583,-73.38161242321647
1103812,8722859,-73.45336307578432
1103812,5479757,-73.51638651241139
1103812,7672950,-73.79743257915779
1103812,1659852,-73.83320809802841
1103812,8220085,-73.84331889050212
1103812,1059165,-73.92548103640156
1103812,3843263,-73.93663372609606
1103812,5974245,-73.93917315639322
1103812,3122424,-74.00816602788018
1103812,3250558,-74.0255195335335
1103812,3182028,-74.04393008489852
1103812,2609436,-74.08233445143314
1103812,2609438,-74.11171424676631
1103812,3672742,-74.16334431050196
1103812,2884935,-74.18819004457612
1103812,1972869,-74.19127341214697
1103812,7729484,-74.20802246018812
1103812,1059168,-74.24963033647285
1103812,3672744,-74.25381696818293
1103812,6927987,-74.25508655721096
1103812,7507311,-74.29463896270319
1103812,1785498,-74.3144710963359
1103812,8224181,-74.34506141333334
1103812,2752967,-74.40893497482138
1103812,4478524,-74.4140542848203
1103812,4566582,-74.43007772184235
1103812,5974243,-74.43140783067342
1103812,6097238,-74.44661484879461
1103812,864598,-74.45720925194001
1103812,1321912,-74.45865989134904
1103812,8732947,-74.46302579065902
1103812,2703111,-74.4755092785946
1103812,6103245,-74.4772023637322
1103812,1659850,-74.52587160682855
1103812,1583317,-74.5259320676262
1103812,1614307,-74.52623436378147
1103812,3843271,-74.53441025299583
1103812,114812,-74.54516733950985
1103812,5601626,-74.54540921090341
1103812,3591095,-74.56566463069257
1103812,1241994,-74.5671772731086
1103812,6826328,-74.568446752496
1103812,4292848,-74.58226057279063
1103812,5966206,-74.58359062418299
1103812,3565961,-74.63171579424619
1103812,5035852,-74.63219943258852
1103812,3990418,-74.63268303751804
1103812,975547,-74.65764940911887
1103812,6224912,-74.6609748104969
1103812,2679429,-74.69937848796901
1103812,1062408,-74.69937848796901
1103812,59539,-74.69974128879144
1103812,5634110,-74.70143411071656
1103812,1679945,-74.71872717123581
1103812,3668524,-74.72029887368979
1103812,7551186,-74.75149362272963
1103812,4898347,-74.76446120328916
1103812,1931619,-74.78626892717249
1103812,6309289,-74.78856638789445
1103812,8224175,-74.81331183086743
1103812,4586998,-74.81788710646774
1103812,5946686,-74.81818941045603
1103812,1799827,-74.82408768689363
1103812,8084238,-74.83596607381251
1103812,1614303,-74.83681248477198
1103812,7285933,-74.85316634816937
1103812,2139907,-74.85449659487367
1103812,2750961,-74.85461751385796
1103812,7366713,-74.8564914910619
1103812,1062406,-74.88170004476297
1103812,3591094,-74.88357431331279
1103812,3039043,-74.89338556888181
1103812,3444864,-74.90056505626995
1103812,3444865,-74.90129055137783
1103812,7844924,-74.90792481954922
1103812,1931459,-74.9080457395779
1103812,1680191,-74.91927695189108
1103812,2609442,-74.93121579177475
1103812,8525190,-74.93363385820926
1103812,3014674,-74.94090334560832
1103812,3843267,-74.96998177287293
1103812,2360676,-74.98585108852505
1103812,2750965,-74.98814890648248
1103812,3653515,-74.98826982337802
1103812,923799,-75.01644070034472
1103812,6374189,-75.0165616151516
1103812,3564771,-75.0192816462719
1103812,7383481,-75.03445981388471
1103812,6289840,-75.03603212735187
1103812,4146152,-75.03645538218163
1103812,6790264,-75.03663676927466
1103812,8525188,-75.03681815166763
1103812,2489484,-75.03693907065191
436600,2498264,-41.99505554523218
436600,3943290,-42.76724382311276
436600,43980,-42.76724382311276
436600,2925061,-43.0543040802079
436600,2267986,-43.05516768654494
436600,3498519,-43.05582390268329
436600,2498267,-43.08302768670937
436600,6306245,-43.17398680374674
436600,2498263,-43.23634924359027
436600,2267981,-43.30575669803305
436600,8473863,-43.34139879382988
436600,2538721,-43.418256174454186
436600,6140978,-43.459803736149695
436600,6768410,-43.46146168135762
436600,43983,-43.594129646603825
436600,4541820,-43.64095049917198
436600,2498269,-43.642332573679546
436600,5874827,-43.74617278111113
436600,43988,-43.74758945031209
436600,2267989,-43.747623996952214
436600,2267985,-43.74772763508241
436600,3498524,-43.748107618587966
436600,3813285,-43.863955816767515
436600,7990247,-43.86430139210748
436600,7990254,-43.86499245323354
436600,1662519,-43.928390659480996
436600,4450189,-43.92887446913704
436600,4857615,-43.92935822028222
436600,2216106,-43.9295655242936
436600,2267987,-43.9295655242936
436600,3498516,-43.929634623243295
436600,3621571,-43.92970372099935
436600,43984,-43.9301873718731
436600,2267984,-43.93042917538192
436600,7363479,-43.93222497255607
436600,8154225,-43.99911115395836
436600,1352207,-44.00142499953917
436600,1204443,-44.07194075688572
436600,2418848,-44.071975312777724
436600,3050888,-44.151430529683736
436600,8473865,-44.151637889219295
436600,4450190,-44.15187979509207
436600,8370201,-44.152156241034035
436600,4675582,-44.15219079543346
436600,2102027,-44.1523981155617
436600,3498525,-44.15329637863564
436600,5006180,-44.15346909841078
436600,4154634,-44.153572726696126
436600,43982,-44.15360726886132
436600,6306247,-44.153676352296834
436600,6098390,-44.15391813492569
436600,6127194,-44.154436191351394
436600,3983588,-44.15450526047232
436600,2267980,-44.15450526047232
436600,3136551,-44.15485058818854
436600,1352206,-44.15488511932051
436600,3015576,-44.15495418069017
436600,4574122,-44.23902939744089
436600,3293270,-44.23927128032644
436600,3103144,-44.23927128032644
436600,6673420,-44.23927128032644
436600,8209366,-44.23927128032644
436600,8523257,-44.23927128032644
436600,7611212,-44.23927128032644
436600,2889759,-44.23965135245406
436600,8599602,-44.239685902674964
436600,3061027,-44.23992774586564
436600,3015584,-44.240342300176934
436600,8069084,-44.24048047540042
436600,5390898,-44.240584103685755
436600,3619022,-44.240653187717854
436600,3744126,-44.24082589257823
436600,3744127,-44.24096405109787
436600,2171028,-44.241171279930356
436600,56192,-44.241205817025346
436600,4501576,-44.24193102714402
436600,7917701,-44.33364840267871
436600,174341,-44.33371752550998
436600,3874845,-44.33375208647769
436600,4381229,-44.33375208647769
436600,2073853,-44.33375208647769
436600,316731,-44.33385576758916
436600,2895676,-44.33395944601325
436600,3245850,-44.33395944601325
436600,950254,-44.33395944601325
436600,4833937,-44.33399400489078
436600,7505882,-44.334132237415176
436600,3565157,-44.33416679479987
436600,7497259,-44.334512352227414
436600,498462,-44.33451235222742
436600,7270034,-44.33451235222742
436600,2705664,-44.334616013634715
436600,2255510,-44.33475422466569
436600,707533,-44.334892430921265
436600,3136557,-44.33499608247928
436600,2705658,-44.33509973135146
436600,5666259,-44.33513428037869
436600,6211220,-44.33534156827571
436600,3619019,-44.335479754239486
436600,7347308,-44.33551429998454
1047259,6142498,-52.56851754550211
1047259,3661361,-52.636131733396326
1047259,3430141,-53.39044909391761
1047259,6925446,-53.46969912677129
1047259,2296404,-53.577656966503966
1047259,2753185,-53.61389502496037
1047259,2516631,-53.614240579402605
1047259,6655080,-53.6154498319177
1047259,900397,-53.795957400249456
1047259,102371,-53.82253238641663
1047259,4335942,-53.86577096708317
1047259,7174164,-53.979574730238525
1047259,8731278,-54.01910095156366
1047259,224679,-54.019964837671075
1047259,4797492,-54.12608617103861
1047259,1047648,-54.15539625450059
1047259,73663,-54.201465706208104
1047259,7907130,-54.27317929015696
1047259,1960976,-54.290161508328005
1047259,73662,-54.3080356101805
1047259,7289999,-54.386335275823164
1047259,5657500,-54.409602515377514
1047259,900401,-54.424263664268146
1047259,4375528,-54.42435006482111
1047259,73658,-54.42469565210364
1047259,73659,-54.424868436788024
1047259,4734984,-54.42547313616677
1047259,5068214,-54.42555951582265
1047259,5151755,-54.426380048134035
1047259,4313348,-54.48957973663927
1047259,4762599,-54.48966612375722
1047259,1108727,-54.49001165730435
1047259,8831035,-54.49052991285663
1047259,3736022,-54.607449159413605
1047259,4269460,-54.60801063930242
1047259,5033571,-54.60874478710929
1047259,3430142,-54.7120321372729
1047259,37405,-54.71220493389993
1047259,3735618,-54.71272328795348
1047259,2645366,-54.71276648169903
1047259,4887171,-54.714493925617475
1047259,5975599,-54.71462345985554
1047259,6797893,-54.71514156325217
1047259,3230111,-54.71557327507616
1047259,5935938,-54.71557327507616
1047259,8762559,-54.74085097080149
1047259,5994581,-54.74175796894247
1047259,2157168,-54.742707981036396
1047259,6761444,-54.743312440218865
1047259,5148955,-54.74348512942149
1047259,5055541,-54.74357147178623
1047259,6329773,-54.74426215703343
1047259,2144101,-54.82955596679122
1047259,3087033,-54.829642370330305
1047259,1923900,-54.83007436563047
1047259,3188984,-54.830160760211804
1047259,8272100,-54.830247153300355
1047259,3559046,-54.83029034928486
1047259,8272104,-54.83046312949118
1047259,8396987,-54.83054951735541
1047259,3545117,-54.83059271072783
1047259,7735510,-54.8306359037271
1047259,2505415,-54.83076548048622
1047259,6744840,-54.831024623930816
1047259,1663961,-54.89418089146788
1047259,37398,-54.89422409267752
1047259,4472488,-54.89431049397699
1047259,3566393,-54.89435369406685
1047259,3314158,-54.894872066033756
1047259,6394472,-54.89513123186539
1047259,4895102,-54.89513123186539
1047259,3640151,-54.89521761749082
1047259,7744020,-54.89573589990338
1047259,2889736,-54.89608139166785
1047259,6703540,-54.89655640386739
1047259,4914113,-54.89681548241143
1047259,2028950,-54.89685866086365
1047259,6146075,-54.8969450166495
1047259,4797491,-54.89746312004612
1047259,2306187,-54.96351936218083
1047259,2754756,-54.964987892451745
1047259,1060426,-54.96507426315481
1047259,399782,-54.965419731048016
1047259,8272097,-54.99975740944128
1047259,3430144,-54.99997340242587
1047259,6846888,-55.00135553662262
1047259,8272095,-55.001916919525215
1047259,5968950,-55.00334168541991
1047259,314060,-55.07715042721638
1047259,4782526,-55.07736640154138
1047259,6956191,-55.07740959528694
1047259,2751714,-55.07758236653782
1047259,8744272,-55.07762555841775
1047259,4496932,-55.07771194105829
1047259,5941589,-55.07805745669734
1047259,1362051,-55.07814383187657
1047259,3303264,-55.07848931767291
1047259,167235,-55.07848931767291
1047259,4872656,-55.078705234173725
1047259,3542861,-55.078748416355026
964223,4368607,-59.9777367741771
964223,4569464,-60.40309372488068
964223,8693528,-62.125653070525495
964223,7742833,-62.216974844951764
964223,74637,-62.34755295890246
964223,2514717,-62.39763859970436
964223,7583485,-62.41312788372184
964223,6413736,-62.47215137317281
964223,6102704,-62.502221862948375
964223,2874598,-62.53034091950734
964223,6466478,-62.63487224776749
964223,8484204,-62.683403267373095
964223,7257075,-62.68345509718128
964223,5198566,-62.68609782389611
964223,4835293,-62.78840096183687
964223,2372275,-62.84897938976037
964223,3470454,-62.89290822323917
964223,6102706,-62.972018207877746
964223,4368611,-62.97258822251719
964223,4268633,-62.973779896347885
964223,4368606,-63.025832737036005
964223,1780456,-63.04049283724166
964223,7257073,-63.049445628655775
964223,7214602,-63.08017645776698
964223,5322260,-63.1157926993654
964223,31759,-63.13676506857704
964223,5163506,-63.15449522858033
964223,8732174,-63.196768025366765
964223,2945707,-63.223073520692445
964223,6103530,-63.25767888286825
964223,2438492,-63.31164910560141
964223,2438497,-63.329574060708765
964223,2589978,-63.37846785271609
964223,4012667,-63.37867510302267
964223,5163504,-63.39928244834893
964223,2900159,-63.44486949116773
964223,2438493,-63.444869491167736
964223,3085741,-63.446009771576485
964223,4705981,-63.560063977056416
964223,5171164,-63.586159030742124
964223,7680018,-63.586159030742124
964223,5147803,-63.586210843542474
964223,1705631,-63.60036775183391
964223,7506243,-63.66469897254131
964223,4368615,-63.68950354538682
964223,7853361,-63.735712717772984
964223,6089935,-63.75264314506922
964223,7742834,-63.75264314506922
964223,2822990,-63.77005948819914
964223,2319362,-63.78149723333316
964223,2245892,-63.78149723333316
964223,194195,-63.78186006393025
964223,615763,-63.78248200819769
964223,8693529,-63.78274113261632
964223,1186638,-63.78325934788327
964223,4907491,-63.7834666214585
964223,4125065,-63.86784511645779
964223,3396700,-63.8870650834474
964223,3729093,-63.887116915942045
964223,4569468,-63.887894349634536
964223,4334882,-63.88887895439135
964223,7742832,-63.889397102530225
964223,1423236,-63.91461393554982
964223,6905633,-63.91554694866572
964223,2643218,-63.948161491297185
964223,74642,-63.951603604584975
964223,4368609,-63.952484696103454
964223,4569465,-63.96495904098573
964223,5028308,-64.0052109371636
964223,4150688,-64.0052109371636
964223,2939041,-64.00712832538625
964223,2494510,-64.06943847273601
964223,194196,-64.07130414439283
964223,1206464,-64.09315517414836
964223,6614943,-64.13832767878588
964223,3332984,-64.1383795117283
964223,3321783,-64.13931242813051
964223,3733479,-64.13977883194144
964223,7742839,-64.14205850659712
964223,6291273,-64.17562824741766
964223,5804183,-64.17578372072593
964223,3479444,-64.17593919000564
964223,6701074,-64.18727334043928
964223,4783814,-64.18830988735857
964223,1997727,-64.18996799005058
964223,1818174,-64.21295396021506
964223,2663652,-64.21414590165838
964223,7908709,-64.25186369317599
964223,5163500,-64.25357388480677
964223,5194573,-64.26424598768817
964223,2617393,-64.2739320399219
964223,3425618,-64.29196000455973
964223,5613061,-64.29232285709915
964223,4545051,-64.29258202405022
964223,4569471,-64.29263385609711
964223,8485896,-64.29273751884763
964223,2438500,-64.29273751884764
964223,2345088,-64.2929966678886
964223,8829136,-64.29325580573703
964223,2289693,-64.29346310795776
564054,1437408,-62.2187357578769
564054,1437409,-62.350558036510094
564054,5783537,-63.10720767455619
564054,7228531,-63.563068769244595
564054,6241379,-63.66604629732997
564054,4766785,-63.6665644186225
564054,5249806,-63.725328724195215
564054,4260079,-63.75362760528067
564054,3079075,-63.75373122327566
564054,3957330,-63.75373122327566
564054,1437411,-63.753731223275665
564054,4248361,-63.78398477407204
564054,3957331,-63.84883416530052
564054,8670565,-63.91917395442394
564054,6640677,-63.953158384678666
564054,3957332,-64.00847531280276
564054,104507,-64.03094847715685
564054,4766783,-64.07063049654586
564054,104503,-64.14050427692509
564054,5668417,-64.14190310174588
564054,6496223,-64.14288726449753
564054,4260080,-64.20483553701735
564054,700356,-64.20587177065607
564054,700355,-64.20602719026746
564054,1661527,-64.20633801741309
564054,1480219,-64.25352206797926
564054,1125323,-64.26600731111088
564054,5220078,-64.29310032437103
564054,2893239,-64.2932039790627
564054,964874,-64.29584656884336
564054,6817240,-64.3602296757372
564054,4843857,-64.42860084999015
564054,3079077,-64.45625359671585
564054,3447114,-64.46450217895762
564054,6241319,-64.46776562456313
564054,4609958,-64.47521456640933
564054,541054,-64.47557736253097
564054,4609955,-64.47599195981034
564054,3255502,-64.47671743612098
564054,1964698,-64.47718376743234
564054,7014751,-64.47775367870794
564054,388441,-64.47806451658879
564054,7408084,-64.54177410092284
564054,6451929,-64.54239581426174
564054,4653523,-64.58155976336516
564054,4260081,-64.58166340462822
564054,1964699,-64.58181886316615
564054,3957327,-64.58192249995375
564054,3957328,-64.58197431767627
564054,6519649,-64.58249247028981
564054,496706,-64.58280334038074
564054,3079079,-64.58311419436576
564054,1437410,-64.60998974013285
564054,4955013,-64.65706963881084
564054,503715,-64.68508218950114
564054,8429844,-64.69758062358605
564054,541053,-64.69804713215838
564054,3013336,-64.6982026269558
564054,7405024,-64.69830628791536
564054,4728967,-64.70068999582158
564054,4390570,-64.71550571030079
564054,3964492,-64.71643835278971
564054,3964491,-64.71669739442206
564054,3131600,-64.76237832063069
564054,2815944,-64.76258565329596
564054,541161,-64.76320760830843
564054,7241392,-64.76331126120942
564054,2575025,-64.76491765223705
564054,6903077,-64.76533213495414
564054,5260634,-64.7666790060746
564054,8670566,-64.83308147238195
564054,1437413,-64.83365145748503
564054,104504,-64.83380689857071
564054,7469272,-64.86856812396626
564054,3741320,-64.8704854128325
564054,7394558,-64.87167693232597
564054,5140938,-64.88187163655138
564054,5962316,-64.94744645396864
564054,7394561,-64.94843076967715
564054,978553,-64.96702740499678
564054,4955012,-64.98531453211488
564054,3131602,-64.9854700376591
564054,3937228,-64.98624750493097
564054,7034738,-64.98650663830264
564054,104501,-64.98681758357634
564054,104500,-64.98686940622197
564054,4657638,-64.98697305017046
564054,3498644,-64.9882684484889
564054,4260077,-64.98956356719154
564054,3249420,-64.9899261503376
564054,4795044,-65.01524756929534
564054,8691886,-65.05037138939376
564054,1437417,-65.05125245807983
564054,5022714,-65.0514597495576
564054,4763341,-65.0515633926109
564054,8362717,-65.05239247259254
564054,3071275,-65.05270334805245
564054,5249807,-65.0531178236115
564054,1669559,-65.0531178236115
564054,6002608,-65.05322143802772
87181,4632251,-50.97781731740994
87181,8614359,-51.249017087938135
87181,8614360,-51.24910343999548
87181,5197135,-51.786199850882866
87181,2986227,-52.005450517186446
87181,6484575,-52.123103989514426
87181,5197130,-52.12353585422011
87181,47207,-52.25698087688756
87181,8332555,-52.36519081367196
87181,6484578,-52.43787711394674
87181,6521366,-52.52852590910037
87181,8332546,-52.528569097622594
87181,7666831,-52.59172540098295
87181,47212,-52.59189819910292
87181,8183977,-52.66279145587267
87181,5482974,-52.72426538671236
87181,8534135,-52.766985911641555
87181,8246410,-52.80378546155359
87181,2763490,-52.818064751226096
87181,47211,-52.997276908897575
87181,1692902,-52.999911386058
87181,4632256,-53.04038795445182
87181,6262331,-53.05570449520068
87181,1179100,-53.05613631141996
87181,8683181,-53.10255102474894
87181,3817259,-53.104753753576816
87181,7945418,-53.1741352412019
87181,6774305,-53.20955288148354
87181,1902826,-53.2205500571222
87181,1700168,-53.22201858739312
87181,5297950,-53.22378888866508
87181,2556144,-53.32508973561069
87181,6521360,-53.325521771971125
87181,47210,-53.32608336343553
87181,178777,-53.32772457691167
87181,3667956,-53.33165266292727
87181,47206,-53.39053548999177
87181,8332547,-53.39066508130397
87181,1992529,-53.39191762418852
87181,1856236,-53.39191762418852
87181,1825926,-53.392781264087375
87181,8151921,-53.44382320198784
87181,7057928,-53.44399598816497
87181,8522403,-53.4440391837763
87181,2307979,-53.444384735233356
87181,6195582,-53.46948322891684
87181,1961300,-53.5087936773731
87181,5103079,-53.57908218774682
87181,123547,-53.61367904130598
87181,8165403,-53.61380863261818
87181,47203,-53.61385182897587
87181,7666828,-53.61389502496037
87181,8151919,-53.614067805166684
87181,7872516,-53.64310249361731
87181,5288974,-53.64353434340295
87181,5198618,-53.644268402448525
87181,6195577,-53.64487284075338
87181,5753301,-53.693706176291556
87181,8476330,-53.73059804903482
87181,8082516,-53.7310300816622
87181,8183981,-53.73150527443963
87181,2986231,-53.73159166827456
87181,3216315,-53.73163486463225
87181,2530252,-53.731678060616744
87181,2986234,-53.73167806061675
87181,8183982,-53.7319372286873
87181,3986072,-53.73293058186216
87181,5226017,-53.73293058186218
87181,4840915,-53.73318968501983
87181,6679355,-53.73353513501177
87181,1059517,-53.796346167468805
87181,4760525,-53.79777138871165
87181,5103083,-53.867541482408
87181,5631828,-53.86784370286497
87181,5103082,-53.86788687572478
87181,6928212,-53.9009291184576
87181,935164,-53.90382277452153
87181,8179746,-53.90451354922647
87181,2530257,-53.913740435905844
87181,8738512,-53.914301978853665
87181,753721,-53.91633164657743
87181,3657644,-53.91697923947554
87181,6197109,-53.98013612768692
87181,742425,-54.019014554743066
87181,2596279,-54.01910095156367
87181,4786305,-54.01923054399548
87181,7046733,-54.02009440771448
87181,2842948,-54.02056946914892
87181,3782591,-54.02087175747162
87181,8468431,-54.02095812220717
87181,48083,-54.02100130401554
87181,6185120,-54.02104448545098
87181,1844311,-54.02126038703443
87181,2729990,-54.04930172416978
87181,1929610,-54.04934490448647
87181,178773,-54.0498198633597
87181,2396492,-54.13640878623127
87181,2356959,-54.13714316872492
87181,4689525,-54.137272754439394
87181,1856241,-54.13822294707221
1116052,8103709,-61.102084401649776
1116052,6551433,-62.280166436823365
1116052,6764071,-63.10554960050227
1116052,6901054,-63.182821565427595
1116052,7162210,-63.225042517644354
1116052,3528118,-63.31372207411292
1116052,7589633,-63.60031592739783
1116052,7162208,-63.61730794730322
1116052,7582347,-63.629264123908726
1116052,1830484,-63.629264123908726
1116052,1434376,-63.734572821396505
1116052,1685245,-63.7631582311935
1116052,3710858,-63.78274113261632
1116052,5914816,-63.78362207194105
1116052,1567396,-63.78367388787359
1116052,1308164,-63.90796104910443
1116052,1422091,-63.91761979184984
1116052,1308165,-63.919950884773215
1116052,2114159,-63.96355961198097
1116052,5447202,-63.965684542359895
1116052,2061140,-63.96729069757071
1116052,560008,-63.967808720450364
1116052,2502026,-63.96811951271171
1116052,2502027,-63.968326698609275
1116052,6894933,-64.00676562325526
1116052,577869,-64.02054464312948
1116052,6788363,-64.03043033349256
1116052,1779347,-64.03136295987395
1116052,1779348,-64.03157019049574
1116052,1360646,-64.10076581358436
1116052,6894940,-64.12133561660747
1116052,2507138,-64.1872215083924
1116052,1316628,-64.20291803286588
1116052,479227,-64.203539993251
1116052,6240386,-64.20468008653481
1116052,3948495,-64.25191552432739
1116052,3948494,-64.25196735503103
1116052,8082222,-64.29263385609711
1116052,6894932,-64.29506945736563
1116052,577874,-64.35592828451075
1116052,2114161,-64.41046872335264
1116052,8704154,-64.43838212321157
1116052,7846600,-64.47485174834952
1116052,8706384,-64.47552553585666
1116052,3810789,-64.47619924770734
1116052,4021926,-64.47619924770734
1116052,7504298,-64.47723557978526
1116052,5447205,-64.57995309481734
1116052,7205934,-64.58005676383672
1116052,4124951,-64.580264096502
1116052,6222233,-64.5818706817837
1116052,6894934,-64.58192249995375
1116052,1404426,-64.65888354108988
1116052,3528114,-64.69965371744009
1116052,5135565,-64.70188149473975
1116052,6193004,-64.70374597468572
1116052,1567399,-64.7617044399846
1116052,3948496,-64.76201547122604
1116052,3948497,-64.76211914472363
1116052,3948498,-64.76217098080068
1116052,6079216,-64.7651767072906
1116052,6079219,-64.79215583838887
1116052,844936,-64.79293309080268
1116052,844935,-64.79303671685082
1116052,1830482,-64.79350301192083
1116052,1830483,-64.79360662812641
1116052,1314869,-64.8331851100646
1116052,3834857,-64.83328874595718
1116052,4417514,-64.85089269714877
1116052,46806,-64.85410474412826
1116052,1830489,-64.86882725286132
1116052,7504300,-64.86882725286132
1116052,2974712,-64.87969483159341
1116052,2494311,-64.87979850688241
1116052,3901806,-64.88016135628706
1116052,3901804,-64.88031685645768
1116052,7504297,-64.88280431125705
1116052,4263160,-64.94454437322383
1116052,1272203,-64.94490721008991
1116052,6672865,-64.94625469780839
1116052,1779344,-64.94641015768894
1116052,954974,-64.94641015768894
1116052,2665040,-64.94646197675405
1116052,3130233,-64.94661743126417
1116052,815493,-64.947239209031
1116052,5380826,-64.98515902254024
1116052,8514754,-65.01426289650249
1116052,3392144,-65.01426289650249
1116052,3392143,-65.01426289650249
1116052,1165667,-65.01488481390895
1116052,7846601,-65.05052688150471
1116052,1830488,-65.0508378536382
1116052,2423026,-65.05239247259254
1116052,5135562,-65.07527982547852
1116052,7581762,-65.10397871257
1116052,7546962,-65.13049331167701
1116052,2239597,-65.16711770798494
1116052,891818,-65.16768792453806
1116052,891817,-65.16773975971945
1116052,2237804,-65.16779159445306
554515,6416206,-63.44352448619801
554515,8345486,-63.59938301099563
554515,8345483,-64.07094142033506
554515,8345484,-64.41119431873042
554515,2943195,-64.57984942400671
554515,2943197,-64.76268931694197
554515,3872136,-64.8328223703432
554515,520574,-65.05083785363821
554515,2328962,-65.05228884385974
554515,3512200,-65.10475608582684
554515,8345477,-65.27481058518816
554515,5396864,-65.27838511289934
554515,8345480,-65.3906241306484
554515,2095425,-65.45588832865332
554515,1675155,-65.67846171267483
554515,2421344,-65.67898004881614
554515,901549,-65.86062775989413
554515,4591318,-65.86119794196406
554515,5381106,-65.86259725009027
554515,8833198,-65.86264907005047
554515,4945804,-65.96609194904957
554515,3452671,-66.04512608403972
554515,8345481,-66.0834084398591
554515,2421342,-66.08397865641221
554515,322468,-66.08418599445099
554515,6635842,-66.08423782784119
554515,1477107,-66.08460064903525
554515,8572488,-66.08470430820391
554515,3580673,-66.14903550921326
554515,5649965,-66.14939831473666
554515,2203250,-66.15131563672055
554515,3356113,-66.21875396981035
554515,6689165,-66.21875396981035
554515,3356112,-66.21880579424644
554515,2497575,-66.22010125969061
554515,6561549,-66.22077479119834
554515,2406624,-66.26666305007222
554515,6855546,-66.26687037557328
554515,3400364,-66.2679587169354
554515,2565121,-66.2679587169354
554515,8465374,-66.37134970837113
554515,2943201,-66.37140154623957
554515,2980259,-66.37155705715773
554515,7582216,-66.37155705715773
554515,4315683,-66.37181623306478
554515,3579512,-66.37186806690276
554515,1480019,-66.37217906052747
554515,2943193,-66.37373378690432
554515,7935916,-66.37466642939326
554515,7880276,-66.40200829797355
554515,7787999,-66.49042855639892
554515,4516937,-66.49115408910491
554515,455374,-66.5537231030335
554515,455375,-66.55413778985873
554515,8420601,-66.55429329002935
554515,8507757,-66.55538167839696
554515,6258695,-66.55740244743093
554515,3050646,-66.55833488056525
554515,969722,-66.6241672530348
554515,8069144,-66.6592391296095
554515,2483110,-66.65939463649718
554515,798524,-66.6599129636829
554515,5599938,-66.66006845310746
554515,4423589,-66.66006845310747
554515,895863,-66.66012028202022
554515,7942994,-66.66017211048528
554515,2065951,-66.66089766199168
554515,802953,-66.66131222346354
554515,5226449,-66.66260754347738
554515,6561552,-66.7401384368409
554515,5649963,-66.7761927271225
554515,7890993,-66.77660746052686
554515,4591314,-66.77660746052686
554515,8345479,-66.77671113939884
554515,1308407,-66.77671113939884
554515,4410483,-66.7768148164793
554515,7890996,-66.77686665434773
554515,3172462,-66.77697032874102
554515,4597212,-66.77697032874102
554515,7890995,-66.77697032874102
554515,7441776,-66.77712583697216
554515,1711644,-66.77722950688715
554515,471354,-66.77722950688715
554515,975660,-66.77722950688715
554515,4844729,-66.77728134117295
554515,7269279,-66.77733317501094
554515,8667394,-66.77743684134356
554515,5416478,-66.77873251939852
554515,3945487,-66.77888798196443
554515,2767463,-66.77899162143726
554515,8325581,-66.78013153750142
554515,7899849,-66.91293755405209
554515,3982918,-66.9129375540521
554515,8435452,-66.95861796995514
554515,1479556,-66.95944739376611
554515,1863322,-66.9596028979669
554515,709250,-66.96032853095298
554515,4834933,-66.96053583854564
554515,5443844,-66.96131317823122
554515,8376958,-66.96141681591388
443396,279294,-32.204897438818335
443396,4804310,-32.20686660587958
443396,4643887,-32.27003202849711
443396,3501795,-32.27039479485011
443396,6858533,-32.270498434322946
443396,2038000,-32.27078342441328
443396,206207,-32.270938862143225
443396,6119622,-32.33972448153383
443396,45696,-32.33977629590022
443396,624518,-32.41458367442517
443396,3746439,-32.49270910146275
443396,6701137,-32.49289051832853
443396,1577268,-32.49314966625032
443396,4057466,-32.493305144258855
443396,5521683,-32.49340879178817
443396,1115723,-32.4936160761046
443396,2065506,-32.49418603413668
443396,3511663,-32.49426374729741
443396,490626,-32.49457457981077
443396,7283678,-32.49511845922642
443396,5521684,-32.5800055571732
443396,5741221,-32.67477147227332
443396,456708,-32.67482331126143
443396,769303,-32.674901068064074
443396,8718977,-32.6750565756235
443396,2977615,-32.675367566561846
443396,8058577,-32.675367566561846
443396,6797045,-32.67562670105281
443396,2900709,-32.676067178323684
443396,546017,-32.67630034599294
443396,6119628,-32.67635215856958
443396,2863315,-32.67635215856958
443396,2863310,-32.67637806452234
443396,7429757,-32.67705154078513
443396,4914585,-32.67707744069923
443396,3759718,-32.677621287249664
443396,8204777,-32.7803134204707
443396,8022343,-32.7803134204707
443396,5538838,-32.78039117391454
443396,3038048,-32.78041709128133
443396,7967371,-32.780702167539445
443396,302348,-32.780702167539445
443396,260703,-32.780753996676054
443396,2147092,-32.7809353916031
443396,8331958,-32.7809353916031
443396,4458978,-32.78098721671064
443396,8010852,-32.781013128928684
443396,6289231,-32.781013128928684
443396,3511660,-32.781064952693335
443396,1455348,-32.78114268666178
443396,3314939,-32.78114268666179
443396,4033070,-32.78114268666179
443396,6219105,-32.78119450818845
443396,3204364,-32.78119450818845
443396,2232814,-32.781246328819975
443396,6649434,-32.781401785344
443396,2708496,-32.78155723381286
443396,6833176,-32.78160904817927
443396,851531,-32.78163495502688
443396,5685711,-32.781660861650764
443396,6939093,-32.781660861650764
443396,3681778,-32.78181629669622
443396,7902502,-32.78197172368874
443396,7605696,-32.782075337210316
443396,4213196,-32.78215304500312
443396,7746189,-32.89760397084653
443396,7256965,-32.89786318370365
443396,4792650,-32.89791502358753
443396,5310878,-32.897940943193554
443396,6009631,-32.897992781733784
443396,8277743,-32.89807053786464
443396,1411617,-32.8981223741656
443396,4128740,-32.8981223741656
443396,2094898,-32.89814829198022
443396,7170697,-32.89820012693772
443396,3577882,-32.89822604408061
443396,345100,-32.89827787769471
443396,648202,-32.89830379416592
443396,598786,-32.898381542236265
443396,7123613,-32.89845928829173
443396,4209528,-32.898485203195825
443396,6742690,-32.898511117876055
443396,7461392,-32.89853703233244
443396,1619252,-32.89858886057365
443396,99718,-32.89861477435849
443396,6912573,-32.89877025236702
443396,6232109,-32.898796164585065
443396,8118428,-32.898847988349715
443396,1052350,-32.89892572231817
443396,1802518,-32.89900345427248
443396,3530489,-32.899029364476355
443396,3511662,-32.899107093745315
443396,6119627,-32.899107093745315
443396,45692,-32.89923663805165
443396,2149850,-32.89952161583655
443396,765179,-32.90016919196164
443396,1013914,-33.03108351821187
443396,716454,-33.03160193048917
443396,7105758,-33.03170560219544
443396,3405329,-33.031731519562236
1123581,7934232,-73.75757698193688
1123581,651039,-74.22987715947389
1123581,5053261,-74.55127203498583
1123581,4291712,-74.59204238623305
1123581,5829977,-74.5984912021698
1123581,7064021,-74.658375085986
1123581,7064018,-74.74955928652278
1123581,922274,-75.23928195550367
1123581,8509692,-75.2599012427064
1123581,4121605,-75.27728184384495
1123581,8410944,-75.40134034418244
1123581,6357063,-75.4289537808094
1123581,5579250,-75.4439759355071
1123581,7281500,-75.50766816994243
1123581,7213235,-75.50778907430708
1123581,7942374,-75.51075057910649
1123581,8327763,-75.51260612522132
1123581,5096757,-75.51550705338715
1123581,5959124,-75.54625305696317
1123581,6497163,-75.55078699037352
1123581,5163944,-75.55205596565789
1123581,5739586,-75.55217680845004
1123581,4645466,-75.62393972481682
1123581,4279660,-75.6244234341768
1123581,1303678,-75.66512450449059
1123581,8240508,-75.66530589001691
1123581,2020352,-75.73310854716748
1123581,5027762,-75.84829248686492
1123581,4528864,-75.84859475691302
1123581,3232958,-75.91004951096765
1123581,877120,-75.91319373049396
1123581,7030646,-75.91391911909564
1123581,4121607,-75.91621568721466
1123581,2541493,-75.93943904721263
1123581,2567940,-75.95135532350342
1123581,4074934,-75.95256472226248
1123581,2732144,-75.9527461140558
1123581,4176063,-75.9527461140558
1123581,5153296,-75.95292750114882
1123581,4536391,-75.95322980252607
1123581,422426,-75.9540761769355
1123581,8165916,-75.95425752956707
1123581,1797543,-76.01837288725547
1123581,2523907,-76.06956167249386
1123581,5303438,-76.07022682744524
1123581,2261279,-76.08730530473281
1123581,7549594,-76.08754711763874
1123581,6940869,-76.09618022971043
1123581,8194015,-76.09702642872367
1123581,4908184,-76.11825652591159
1123581,365653,-76.12107293246173
1123581,2567935,-76.12131483519956
1123581,5645115,-76.12149625676714
1123581,2317848,-76.12179861559802
1123581,6004860,-76.12349158374221
1123581,4291714,-76.12349158374221
1123581,445519,-76.12506325905105
1123581,8679050,-76.12518414253665
1123581,877113,-76.13639773372945
1123581,1915068,-76.20027125501767
1123581,877117,-76.20154074536826
1123581,1854795,-76.20238694438149
1123581,4113208,-76.2389164445863
1123581,70468,-76.2394002375231
1123581,7173058,-76.24085141574679
1123581,5718450,-76.24139553002836
1123581,3494990,-76.24163734502262
1123581,5523895,-76.2435111280463
1123581,822101,-76.31696597281395
1123581,8327760,-76.31835657116447
1123581,4584793,-76.31853793319333
1123581,4659498,-76.31859838615877
1123581,2249353,-76.31920288710043
1123581,764158,-76.3392242496167
1123581,7108739,-76.35669948024267
1123581,1911961,-76.35688090651233
1123581,4117178,-76.35821122216396
1123581,5027766,-76.35821122216396
1123581,8509889,-76.35827168505054
1123581,2247393,-76.35833214741488
1123581,1999196,-76.3583321474149
1123581,1303673,-76.35851353137451
1123581,3884638,-76.35851353137451
1123581,1791636,-76.35857399164995
1123581,5588093,-76.35857399164995
1123581,2317845,-76.35863445140318
1123581,6497160,-76.35893674233665
1123581,651042,-76.35917856568473
1123581,6624784,-76.35935992771357
1123581,5096756,-76.35935992771358
1123581,250315,-76.36008532884378
1123581,6915080,-76.36050844479063
1123581,8553128,-76.36171720658984
1123581,5810529,-76.37704252067081
1123581,4175147,-76.42184273732698
1123581,4158635,-76.42262881596159
1123581,867059,-76.42347526347423
1123581,2297904,-76.42371708682231
1123581,5027763,-76.42377754135401
1123581,3916845,-76.42540961638504
714453,3277744,-62.39851936407126
714453,3226963,-62.463109690851326
714453,5924522,-62.910588199817965
714453,444830,-63.22385083352308
714453,5924526,-63.27362544940261
714453,7162698,-63.340494922590736
714453,917670,-63.37965944422862
714453,6137881,-63.44357629497182
714453,8430462,-63.44813426152678
714453,4870514,-63.561670173876934
714453,4168233,-63.60166321727807
714453,2042523,-63.603631789217694
714453,6283678,-63.61844774525156
714453,2771893,-63.629885907045136
714453,917668,-63.69437261538235
714453,6331986,-63.77218397814944
714453,3206847,-63.78315570841045
714453,6235278,-63.784502881942416
714453,3277747,-63.784606498147994
714453,3277751,-63.97703019822723
714453,5912909,-64.00583285994207
714453,5087831,-64.00629925972466
714453,840575,-64.07197771661473
714453,1328690,-64.07301383394032
714453,280181,-64.18753249395756
714453,1460458,-64.19053785703888
714453,444836,-64.20499098347254
714453,8455839,-64.25486916007938
714453,841715,-64.29418860933193
714453,7162695,-64.29470677089503
714453,6331992,-64.2949140229913
714453,6331990,-64.32401744581004
714453,1965765,-64.35732787068885
714453,6137883,-64.35971159918243
714453,1014792,-64.35976340885098
714453,5296666,-64.41264524629477
714453,917673,-64.43548089445014
714453,3277749,-64.46476124743378
714453,3277750,-64.46491668315034
714453,3260657,-64.47459257915952
714453,971844,-64.47490358084417
714453,8644609,-64.47495541289106
714453,3647447,-64.47511090634522
714453,5031285,-64.47516273660115
714453,1354433,-64.47671743612098
714453,8837368,-64.47682106843354
714453,2193622,-64.54058230359355
714453,7581591,-64.58145612031184
714453,3193381,-64.5844092459786
714453,5870591,-64.6104560915807
714453,6704534,-64.61050790617084
714453,4828907,-64.65924625575013
714453,2437772,-64.69882456585086
714453,1351375,-64.76310395361675
714453,8127582,-64.76450314088532
714453,6327982,-64.76528032618032
714453,5924524,-64.76528032618032
714453,685008,-64.76714516025964
714453,7505877,-64.83163035682979
714453,631444,-64.83308147238195
714453,4752820,-64.83359964289491
714453,2626736,-64.83406595809831
714453,5737414,-64.83411776866163
714453,5448446,-64.83712201610862
714453,1871454,-64.8711071046984
714453,4220022,-64.87333430505547
714453,7162699,-64.88052418374974
714453,2890244,-64.88078333279073
714453,569047,-64.8832187868161
714453,5932474,-64.88332240123232
714453,4791457,-64.94495904213679
714453,5296670,-64.94718739667807
714453,5659003,-64.98572920461017
714453,8292318,-64.98572920461017
714453,7370345,-64.98692122842
714453,7581597,-64.98697305017046
714453,6331989,-64.987594876267
714453,4220025,-64.98769850768458
714453,3271692,-64.9878021373123
714453,7141880,-64.98837206827336
714453,7555875,-65.01421106714203
714453,4828904,-65.01535120966327
714453,4828906,-65.0157657532337
714453,6327983,-65.01628389242346
714453,971845,-65.04969754367781
714453,971840,-65.04990488888167
714453,2902287,-65.05063054067335
714453,4220023,-65.05197794692201
714453,1607412,-65.10304573169422
714453,1607418,-65.10325307331549
714453,1351376,-65.10366773506395
714453,280182,-65.10418602195335
714453,8837370,-65.10496336835294
714453,3277745,-65.10532609554335
714453,6884666,-65.12008985625852
714453,6137885,-65.13018247916385
714453,490198,-65.1673769040452
714453,6428126,-65.16768792453806
714453,781276,-65.16773975971947
714453,841713,-65.16805076140412
972007,4646626,-75.15496393801071
972007,4335551,-75.15526621589052
972007,3275654,-75.61460027947936
972007,3751298,-75.83381418431537
972007,7258397,-75.95165769278275
972007,5986268,-75.9525042572868
972007,5631818,-75.95341117708614
972007,3091095,-76.02012582646009
972007,4076507,-76.02242211702188
972007,321684,-76.17473984882608
972007,488466,-76.20099670626625
972007,6049653,-76.2012989554319
972007,6210252,-76.20154074536826
972007,1125878,-76.24121416330048
972007,5937971,-76.2415768920572
972007,8704416,-76.31599843709132
972007,98092,-76.31660316258952
972007,6055142,-76.35724374494565
972007,8704419,-76.35742515710977
972007,7258398,-76.35827168505054
972007,5387596,-76.36020622172406
972007,4076511,-76.4242611588128
972007,1125881,-76.42432160864593
972007,5269896,-76.52726372370618
972007,7682633,-76.54131875575084
972007,3751292,-76.60374098444387
972007,3672201,-76.60706629965559
972007,2356276,-76.64456297896412
972007,1230599,-76.6448048733427
972007,7258403,-76.64486534563127
972007,1027578,-76.64522816839242
972007,7907962,-76.64673972750674
972007,7923161,-76.64776740129557
972007,4076509,-76.71194323126458
972007,4221450,-76.76101544610086
972007,6484210,-76.76186220078496
972007,8704423,-76.76276932429757
972007,5986266,-76.76295073489456
972007,1130115,-76.78075475011997
972007,2299214,-76.78093610275154
972007,3730594,-76.78208456032378
972007,555,-76.8265216785164
972007,4076510,-76.89847733385506
972007,8011988,-76.9307935095795
972007,98095,-76.9316402788964
972007,8119173,-76.93176123758036
972007,5657795,-76.93218457651514
972007,8011980,-76.93236599965007
972007,5000052,-76.93242647298348
972007,3318404,-76.93375675416056
972007,1125877,-76.9340590555378
972007,4506820,-76.9350867825788
972007,6407690,-76.96428523571967
972007,2356274,-77.0093270407862
972007,108101,-77.04954427323675
972007,3318399,-77.05002808707229
972007,1152364,-77.05051186747073
972007,5648250,-77.05063280734633
972007,4610334,-77.05099561443672
972007,3708657,-77.11511085880728
972007,4382257,-77.11523179763816
972007,3091086,-77.18579668381537
972007,7925604,-77.18591759340092
972007,6497816,-77.21914090940311
972007,7258399,-77.21956426662601
972007,6210250,-77.22016901824625
972007,558,-77.22041090426613
972007,4469301,-77.22071325003745
972007,4664990,-77.22234569158141
972007,1125883,-77.22295020296387
972007,8186625,-77.23241011824453
972007,2128532,-77.23446593631078
972007,3367560,-77.23519137502913
972007,3129739,-77.2357958498704
972007,2143493,-77.29972989616671
972007,5656971,-77.302570474164
972007,7258395,-77.33746825678622
972007,2128541,-77.33783110775823
972007,1774602,-77.33789158109164
972007,6425037,-77.33795205390264
972007,2457684,-77.33813346920114
972007,2407241,-77.3382544101215
972007,1958700,-77.33855675328104
972007,4076515,-77.33928232358859
972007,1850108,-77.34000781869646
972007,2073708,-77.34006827322817
972007,3712786,-77.34290904744289
972007,4646631,-77.36860186642132
972007,1798592,-77.36872276765365
972007,2750777,-77.42423772267816
972007,4221455,-77.45434408271603
972007,7258400,-77.45458601680632
972007,8218296,-77.45500938134491
972007,4203620,-77.4550698599031
972007,8704421,-77.45531176891078
972007,2181493,-77.45531176891078
972007,8704422,-77.45543272027969
972007,7892692,-77.45549319518045
972007,4519503,-77.45561414341462
972007,8186626,-77.45567461674804
929033,4548810,-51.94229379602485
929033,2465141,-52.25806039413165
929033,6314115,-52.346808957672586
929033,4548811,-52.41186565379832
929033,8194487,-52.55436195473163
929033,3733211,-52.593928129810834
929033,3733205,-52.59414403139428
929033,2356231,-52.635570500756174
929033,2408555,-52.64418496680602
929033,710533,-52.76806560604905
929033,5920699,-52.81823743893766
929033,26413,-52.921266167108605
929033,7470812,-52.92523819045884
929033,3886332,-53.06781091642106
929033,5139631,-53.103890054003934
929033,7276711,-53.12688114750297
929033,5207735,-53.12705388144952
929033,7899132,-53.131413058367386
929033,3434193,-53.17262378652323
929033,7812256,-53.173098864371575
929033,3733209,-53.210071087799214
929033,5920700,-53.32629934335807
929033,8660590,-53.32651531395154
929033,4831476,-53.35477257654368
929033,1605005,-53.3574066214179
929033,26412,-53.390492292141296
929033,5300001,-53.413267525109546
929033,3834128,-53.41616078131254
929033,6299136,-53.41620395156305
929033,710528,-53.5088368707455
929033,8353353,-53.534672970096395
929033,7633901,-53.577397791716436
929033,3834129,-53.598093789077886
929033,8199214,-53.615536195907374
929033,5947957,-53.64189311574994
929033,2237411,-53.642541033128424
929033,5626798,-53.64508869386968
929033,1275643,-53.65297424339975
929033,3886333,-53.693447142487585
929033,2583913,-53.693447142487585
929033,2465143,-53.70215892319542
929033,2465140,-53.70284983511389
929033,2465139,-53.70293619239122
929033,4644919,-53.71162028725592
929033,3184969,-53.712484031589746
929033,2946275,-53.73258509009769
929033,4396802,-53.73275783896405
929033,8201551,-53.73275783896405
929033,5582496,-53.7657156122558
929033,6228065,-53.79798729588887
929033,6938560,-53.79919620381915
929033,4838707,-53.81877582845586
929033,26414,-53.81933733259647
929033,1926258,-53.81972602929662
929033,2128309,-53.82037378998882
929033,4304535,-53.86538223344759
929033,5519615,-53.866289231588574
929033,2585988,-53.86784370286496
929033,2778557,-53.868491256623614
929033,6787955,-53.90179307173716
929033,4701572,-53.90257050207233
929033,1047306,-53.903606887853364
929033,3565023,-53.90377959793361
929033,4150181,-53.90377959793361
929033,26408,-53.914042813022036
929033,1054195,-53.91425878548125
929033,7664734,-53.91460432201325
929033,7704783,-53.91473389205665
929033,7277387,-53.91486345874249
929033,4822350,-53.91611576363776
929033,4795507,-53.916288470735175
929033,2128311,-53.94052676147538
929033,4033511,-53.97845174620609
929033,6518503,-53.98095651828103
929033,6518502,-53.98125873351882
929033,1926259,-54.01927374072634
929033,7276715,-54.01936013306853
929033,8660587,-54.019662494511486
929033,7246743,-54.01979207238997
929033,6628106,-54.020742207571146
929033,3756809,-54.02126038703443
929033,5572563,-54.02130356623242
929033,7018004,-54.021648986393004
929033,6984456,-54.02177851280129
929033,7607327,-54.02199438269223
929033,4511714,-54.02212390015334
929033,6167080,-54.04753101003523
929033,8397851,-54.048913084537844
929033,5792416,-54.04947444319912
929033,6518501,-54.04969033359592
929033,2128308,-54.10783995153405
929033,5119793,-54.10814222419272
929033,2585994,-54.12345287664019
929033,8027434,-54.137618299926274
929033,7812251,-54.13912978071391
929033,1484269,-54.15271873951593
929033,4648979,-54.153884930353236
929033,5521712,-54.20137931013393
929033,7662911,-54.20181127557696
929033,316442,-54.20215682106385
433234,5000064,-29.69924190603685
433234,3212354,-31.108306119946658
433234,2284497,-31.4250136853764
433234,1621267,-31.75881767781124
433234,6256695,-31.759983707494897
433234,693051,-31.760268668053975
433234,6176182,-31.760268668053975
433234,693050,-31.760294572217205
433234,6227628,-31.800727980801142
433234,1621270,-31.80088342121568
433234,3685014,-31.933793003852745
433234,1391439,-31.93451843630902
433234,693049,-31.93454434136698
433234,809574,-31.93457024620126
433234,6336766,-31.934647959361985
433234,7040746,-31.982479520492866
433234,7055366,-31.9830236300763
433234,6256691,-31.983075444890158
433234,3880691,-32.08693296748733
433234,2210359,-32.08786594836874
433234,7561297,-32.087891860362966
433234,7533071,-32.088513681090824
433234,4873517,-32.08864321085462
433234,2966961,-32.205545333810036
433234,6256693,-32.20577854175822
433234,7055369,-32.205985822494156
433234,6739834,-32.20632262314738
433234,2210356,-32.269228604003416
433234,3146260,-32.269280444335195
433234,6256696,-32.269280444335195
433234,6538375,-32.269332283771185
433234,7838928,-32.26969513474354
433234,4922524,-32.26977288281388
433234,7561301,-32.26979879838958
433234,2210360,-32.269954287142596
433234,1535814,-32.27003202849711
433234,441237,-32.27013568050279
433234,6470965,-32.27013568050279
433234,488165,-32.270161592944646
433234,5840669,-32.27018750516269
433234,1630619,-32.27021341715692
433234,1860250,-32.270291151796776
433234,3441620,-32.27034297377102
433234,2044144,-32.27034297377102
433234,1027477,-32.27036888442246
433234,4873523,-32.27060207021552
433234,1932282,-32.27070570252808
433234,6718461,-32.27086114428496
433234,3511872,-32.27096476764858
433234,1768793,-32.27117200363865
433234,1204533,-32.27119790713087
433234,2870580,-32.33845474992922
433234,8437654,-32.339620850116226
433234,6915444,-32.34013897140971
433234,4641254,-32.41352154869465
433234,6851369,-32.413858360982616
433234,2020065,-32.41393608152545
433234,2067964,-32.415023957761235
433234,6929094,-32.492346234815805
433234,2004050,-32.49239807559549
433234,7936419,-32.492475835085386
433234,3880695,-32.49250175446747
433234,8110167,-32.49281276958654
433234,1264053,-32.49283868605776
433234,424219,-32.49283868605776
433234,3729110,-32.49294234970379
433234,6264691,-32.49296826505561
433234,8820408,-32.49299418018357
433234,224495,-32.49299418018357
433234,6213679,-32.493046009767895
433234,250442,-32.493046009767895
433234,2067961,-32.493227406261816
433234,592868,-32.49325331915132
433234,1372150,-32.493279231817
433234,642623,-32.49340879178817
433234,7533067,-32.493434703110985
433234,270750,-32.493434703110985
433234,6127151,-32.493434703110985
433234,6127152,-32.493434703110985
433234,449876,-32.493434703110985
433234,321347,-32.493590166348284
433234,3852597,-32.4936160761046
433234,1860255,-32.493667894945936
433234,1677539,-32.493667894945936
433234,690301,-32.49384925384229
433234,1390523,-32.49387516136109
433234,8781081,-32.49390106865614
433234,4679729,-32.49390106865615
433234,1079334,-32.49390106865615
433234,4095628,-32.49392697572749
433234,1746485,-32.493978789198984
433234,2052962,-32.49403060177563
433234,6183356,-32.49488538012184
433234,2103857,-32.49493717704338
433234,6912088,-32.579357611805435
433234,1529725,-32.57943537263903
433234,133373,-32.579461292469
433234,6770411,-32.58031652124849
433234,7521323,-32.580368345460755
433234,6738199,-32.58075699851936
1121709,3145979,-54.108358122047164
1121709,3423067,-54.13882752110735
1121709,2940488,-54.20323649681982
1121709,3145987,-54.42659595531125
1121709,8049582,-54.55835663380122
1121709,5611203,-54.56025688776712
1121709,8049583,-54.60675802067505
1121709,3200100,-54.712464117643975
1121709,3423063,-54.71285286807072
1121709,1752813,-54.71354390531872
1121709,3897028,-55.001657827556144
1121709,5961613,-55.001873738462706
1121709,8049586,-55.11732444278209
1121709,8049585,-55.11779963555952
1121709,8730991,-55.1182747831796
1121709,4256104,-55.11887945121759
1121709,3423059,-55.11909538636799
1121709,3145978,-55.119527228693975
1121709,5611207,-55.11991585490053
1121709,8049584,-55.30003479702574
1121709,1752809,-55.300250782546094
1121709,5611206,-55.30266918316675
1121709,7002616,-55.303532614271404
1121709,7686607,-55.658696455914296
1121709,5594593,-55.658696455914296
1121709,8171653,-55.81086042079173
1121709,7590689,-55.81116279790791
1121709,8171656,-55.811767497286674
1121709,5611202,-55.81306303546048
1121709,3897025,-55.992922782645095
1121709,6612660,-55.993009182451566
1121709,7503527,-55.994736865128004
1121709,3897030,-56.21576392287888
1121709,8357463,-56.21641192422763
1121709,5790466,-56.21736217431904
1121709,3015619,-56.50392120453107
1121709,2239280,-56.504396368571015
88073,8772713,-53.581240840090544
88073,5137415,-54.04921536241767
88073,8170833,-54.04947444319912
88073,6692871,-54.05098548025693
88073,4085111,-54.10883306451471
88073,1581721,-54.10896258644926
88073,7112950,-54.1525891459645
88073,8170834,-54.1553530801496
88073,6741274,-54.27274752987001
88073,6699171,-54.27292023845883
88073,190775,-54.29033423779913
88073,1390178,-54.308381095976834
88073,3348121,-54.308985638684206
88073,6741279,-54.405458475219376
88073,5912961,-54.42456605967183
88073,4520250,-54.42517079561893
88073,3792697,-54.42573227065763
88073,2676275,-54.42715727034342
88073,4780225,-54.490573098394655
88073,2123901,-54.49061628355969
88073,2697877,-54.55973870830384
88073,3792696,-54.559781891976954
88073,4987396,-54.559954622939856
88073,6651382,-54.560213708196244
88073,3439665,-54.56068866296794
88073,1578367,-54.60848568842718
88073,1301796,-54.60857205614638
88073,2020219,-54.60930612153135
88073,5569144,-54.61012642003548
88073,290106,-54.71224813212361
88073,5137418,-54.713587091975775
88073,590961,-54.71427802776303
88073,8454898,-54.71458028214905
88073,5481709,-54.71458028214905
88073,1104672,-54.740764581444665
88073,5025030,-54.74106693766357
88073,1916611,-54.741110129916606
88073,1916612,-54.741196513303365
88073,2676280,-54.741671595255355
88073,6741272,-54.741671595255355
88073,3761360,-54.74175796894247
88073,3453584,-54.7420170810517
88073,4728647,-54.74236254297762
88073,1922930,-54.74240572404014
88073,6281539,-54.831240566541936
88073,7334306,-54.8313269409751
88073,4355187,-54.83279507809238
88073,6741273,-54.8330109442554
88073,1566922,-54.89431049397699
88073,41133,-54.89444009312683
88073,5932559,-54.89478567443793
88073,7668584,-54.89500165062875
88073,190774,-54.89556314506839
88073,4174571,-54.89560633433672
88073,4174573,-54.8957790876795
88073,5517253,-54.89577908767951
88073,7654876,-54.896038206502816
88073,7055121,-54.89616776087896
88073,6954349,-54.896210944925045
88073,6306615,-54.89647004136944
88073,6306620,-54.89659958455698
88073,3761356,-54.89664276487367
88073,8454901,-54.897074547531815
88073,4737359,-54.89716089958915
88073,6275361,-54.89716089958916
88073,3661744,-54.89720407505858
88073,6275364,-54.89737677320814
88073,6275363,-54.89767898061749
88073,1934524,-54.897808492487265
88073,6236704,-54.89901710819652
88073,7085865,-54.963216964164474
88073,7663703,-54.96347616358392
88073,809046,-54.963821741909385
88073,4709003,-54.964253681230815
88073,276703,-54.96529018338527
88073,276702,-54.96541973104802
88073,649324,-54.965721995875285
88073,698,-54.96641281830048
88073,5553213,-54.99967100963482
88073,7687867,-55.00010299373808
88073,3212014,-55.0012259777705
88073,1072384,-55.001873738462706
88073,1269980,-55.00208964004615
88073,1638951,-55.00342802182107
88073,6427887,-55.07723681806588
88073,7516757,-55.07749598165863
88073,6651381,-55.07784151222094
88073,6971521,-55.07788470186234
88073,1513705,-55.07797108002595
88073,3299378,-55.07797108002595
88073,2477628,-55.078230205563685
88073,1762966,-55.078230205563685
88073,5003123,-55.078402948461815
88073,3919744,-55.078532501718996
88073,4111696,-55.07883477959883
88073,266554,-55.07918021765761
88073,8454899,-55.07922339573696
88073,6275365,-55.079352927737844
88073,5073891,-55.07948245638311
88073,5959601,-55.079698330002095
87452,5836705,-41.668735160940216
87452,4502603,-41.73323914021089
87452,1176095,-41.919116854100714
87452,5746165,-42.0737166557657
87452,8819113,-42.13773695492216
87452,5732043,-42.2064188609909
87452,4328255,-42.24434109056047
87452,5219890,-42.36091505645728
87452,5836706,-42.36157145395926
87452,7897960,-42.3616059982126
87452,4328252,-42.448859176622896
87452,8745364,-42.542510995934634
87452,8055167,-42.54261466361062
87452,2026777,-42.54278743710029
87452,5116022,-42.61323131134968
87452,8363122,-42.631042562966314
87452,7897963,-42.649149891861
87452,4248450,-42.64946078745637
87452,7115848,-42.64963349679091
87452,6782663,-42.74641727486468
87452,8363115,-42.74669362053869
87452,1071159,-42.747211717224886
87452,88525,-42.765896434313575
87452,6018160,-42.76679474394049
87452,5052038,-42.767174737290894
87452,6909889,-42.76734744960834
87452,5052034,-42.76783100442763
87452,186939,-42.83015851189735
87452,6018163,-42.83095323562549
87452,1642856,-42.831298718437935
87452,3499427,-42.83202413523073
87452,6163042,-42.8322659115963
87452,7115846,-42.90032613656501
87452,8348433,-42.900395228950174
87452,5348450,-42.90063704290032
87452,6096579,-42.90167322285603
87452,3568137,-42.90170775756557
87452,8081937,-42.947976104042795
87452,3809018,-42.948183436708106
87452,8819115,-42.948770820905935
87452,5286924,-42.94911630073444
87452,7897958,-42.950256172506585
87452,7897957,-42.95042885201775
87452,1642159,-43.05333661970062
87452,7499676,-43.053405731783144
87452,6018161,-43.053924034342984
87452,4866237,-43.053924034342984
87452,4496461,-43.054338628041535
87452,6018169,-43.05513314587114
87452,6000535,-43.05516768654494
87452,4654331,-43.08140382630451
87452,8257345,-43.081783937832974
87452,4845290,-43.0822676639064
87452,5348449,-43.08240586061215
87452,6782661,-43.08240586061215
87452,6778046,-43.082544052543476
87452,4328254,-43.08257859978035
87452,7897966,-43.08268223970072
87452,3268217,-43.082820422084204
87452,4328259,-43.082889511485895
87452,558862,-43.083027686709364
87452,2196054,-43.08302768670937
87452,5052039,-43.08306222976945
87452,6909882,-43.08340764396446
87452,7588885,-43.083649416154685
87452,5052037,-43.083683953846105
87452,7166746,-43.17077407703147
87452,7166751,-43.17077407703147
87452,7166743,-43.17077407703147
87452,7166749,-43.17087775366406
87452,8126315,-43.17105054208034
87452,8819114,-43.17115421154753
87452,7388832,-43.17129243332438
87452,7965004,-43.17146520382903
87452,4496466,-43.17160341486001
87452,1071165,-43.17201801930183
87452,5116017,-43.17336518702399
87452,3809017,-43.235450833082
87452,3809016,-43.23562362000551
87452,7304538,-43.23562362000552
87452,5746167,-43.23562362000552
87452,3732121,-43.23583095446195
87452,1150485,-43.23586550915988
87452,4866240,-43.23596917146266
87452,5280076,-43.23621103972228
87452,88529,-43.23621103972228
87452,4866241,-43.23631469307093
87452,8257347,-43.236418343733654
87452,4312660,-43.23641834373366
87452,8154603,-43.23645289335771
87452,3268218,-43.236487442683355
87452,4292550,-43.236763826546095
87452,6679413,-43.23679837318622
87452,8594769,-43.23683291952798
87452,2740334,-43.23693655676312
87452,3268223,-43.23700564676148
87452,3268216,-43.23707473556651
87452,6999830,-43.23707473556651
87452,5105201,-43.23710927952153
87452,6000538,-43.23748924333889
1005165,3334946,-107.88486564523274
1005165,4439056,-107.92620572972807
1005165,2095586,-108.32838914790918
1005165,8565565,-108.47265231013482
1005165,5343908,-108.5649052928534
1005165,8625667,-108.86773114040628
1005165,8213529,-108.91928480906236
1005165,8211327,-109.01790794409703
1005165,8722220,-109.09979290217893
1005165,6886566,-109.14165120192656
1005165,3163277,-109.20593065682519
1005165,5980173,-109.31189564993403
1005165,2515464,-109.32500895656611
1005165,1662433,-109.33363623892227
1005165,2095590,-109.42536018766958
1005165,2657979,-109.42743329941773
1005165,4650258,-109.42777877626219
1005165,5343912,-109.49240366474599
1005165,2516023,-109.54556181191857
1005165,2448108,-109.54694359995449
1005165,4449640,-109.55169204061264
1005165,6226570,-109.72537839113623
1005165,4472554,-109.8335029841713
1005165,1613471,-109.83505744201406
1005165,2147429,-109.95076781351234
1005165,7272766,-109.95189055992398
1005165,5938849,-109.96772527677967
1005165,3180224,-109.97083373613137
1005165,2591840,-110.01668815848683
1005165,5977533,-110.01668815848683
1005165,2381308,-110.01668815848683
1005165,2363885,-110.08559467157784
1005165,2448103,-110.11988949048043
1005165,897617,-110.12049410890162
1005165,5465079,-110.13334847682069
1005165,1613467,-110.13386666970946
1005165,1476281,-110.23698148888965
1005165,8211328,-110.30212467022997
1005165,5210911,-110.30782395538303
1005165,2363886,-110.33219566984664
1005165,5465085,-110.35441898801415
1005165,4650260,-110.42025320958757
1005165,2515456,-110.42172146715714
1005165,4258978,-110.42336220583863
1005165,8569828,-110.50698085270034
1005165,3314283,-110.5227629626471
1005165,3101033,-110.5231949486163
1005165,7272760,-110.52354052395606
1005165,8213528,-110.52431802480955
1005165,5343916,-110.52518184375364
1005165,3792523,-110.52526822154418
1005165,7272764,-110.5259592170098
1005165,4650255,-110.52941347830719
1005165,2095589,-110.52941347830719
1005165,585823,-110.53053585636846
1005165,3265971,-110.55568465921952
1005165,6298075,-110.59187958585265
1005165,3640141,-110.59239772951678
1005165,6899069,-110.59257043810555
1005165,8470102,-110.62053148623261
1005165,6279036,-110.64313763424498
1005165,6279037,-110.64322401054332
1005165,5735623,-110.64365588084414
1005165,5980171,-110.64581495262435
1005165,2095585,-110.70802165609952
1005165,8211282,-110.70810802941362
1005165,3449413,-110.70923081461302
1005165,643663,-110.81044503509888
1005165,5337886,-110.81225925077959
1005165,2448100,-110.81286391620542
1005165,2515926,-110.81320942289098
1005165,4650253,-110.81485041664594
1005165,1263075,-110.81536856925928
1005165,6330354,-110.8230403517245
1005165,2095588,-110.82468177077813
1005165,7437049,-110.84155304872402
1005165,3043084,-110.84250311414972
1005165,4193119,-110.84388486638645
1005165,3339973,-110.89232961039544
1005165,8835991,-110.92762325904593
1005165,3508372,-110.92822807075527
1005165,3508363,-110.92831446944204
1005165,2424152,-110.9285736610235
1005165,4782122,-110.92857366102352
1005165,2515922,-110.92883284588711
1005165,860517,-110.92909202403322
1005165,4174254,-110.92961036017431
1005165,4174256,-110.92995590267608
1005165,4449638,-110.93073332965236
1005165,6298077,-110.93159706652406
1005165,2448101,-110.93168343610816
1005165,5938854,-110.9322880023105
1005165,3971529,-110.93531028519327
1005165,4449642,-110.93720953844714
1005165,8122139,-110.95968157316071
1005165,25297,-110.99613558766163
1005165,692296,-111.0473070083396
1005165,5465084,-111.04765255382638
1005165,3424606,-111.06996400742992
1005165,2515807,-111.09752229584133
1133249,3019349,-40.375046571429024
1133249,7566545,-40.634350505868774
1133249,1522297,-40.871194515911796
1133249,3952643,-41.005105757546616
1133249,4942899,-41.13753203468818
1133249,5174818,-41.14690297695648
1133249,1074202,-41.22631515635321
1133249,2667385,-41.29154455360978
1133249,3433412,-41.395523197681555
1133249,2706887,-41.56313284594985
1133249,8382598,-41.601664940941546
1133249,4961829,-41.648564890865366
1133249,8346450,-41.666247383792495
1133249,2898966,-41.66738780705276
1133249,7167894,-41.69659515036601
1133249,1147965,-41.787070825904095
1133249,5371451,-41.801817486027105
1133249,7011333,-41.8024737985024
1133249,161359,-41.803268137972886
1133249,5140320,-41.80464922231043
1133249,5922742,-41.850711285641594
1133249,8041463,-41.85091854847681
1133249,524750,-41.91925505080646
1133249,3027159,-41.95620997771617
1133249,308343,-41.956486316230965
1133249,1543828,-41.9586272926709
1133249,114962,-41.98386266850648
1133249,6198992,-41.9842081334161
1133249,6072542,-41.984242678266114
1133249,3027161,-41.98434631102616
1133249,2546837,-42.03237643926434
1133249,8825905,-42.07230002327633
1133249,2898961,-42.07285291516092
1133249,1266035,-42.07347482719617
1133249,308341,-42.07516732023773
1133249,7462407,-42.137011331337405
1133249,6289210,-42.137944251771295
1133249,6198988,-42.13894603512361
1133249,4431774,-42.1394295648915
1133249,4401448,-42.13977490751476
1133249,2930257,-42.20572774016398
1133249,524754,-42.20586597388266
1133249,7226761,-42.2059350889506
1133249,8603217,-42.206038759313415
1133249,6665068,-42.20704076765433
1133249,3594573,-42.20728259413527
1133249,3490738,-42.207420774132
1133249,2706889,-42.20748986234037
1133249,5174819,-42.20790436653328
1133249,540551,-42.20807706393723
1133249,8807065,-42.24247551556682
1133249,4085128,-42.24403022181169
1133249,1578398,-42.24416838868274
1133249,2667384,-42.2560727583047
1133249,8090732,-42.256590908681304
1133249,7040041,-42.31957477728573
1133249,758452,-42.3201967108092
1133249,7378802,-42.32026580856525
1133249,5922743,-42.32036945296133
1133249,4506474,-42.32106034697991
1133249,4503308,-42.360085768777864
1133249,4591414,-42.360154882651614
1133249,5243845,-42.360362217108054
1133249,4203252,-42.36046588030633
1133249,3681671,-42.36122599501684
1133249,8807060,-42.361364182174086
1133249,3002886,-42.36139872821748
1133249,2706891,-42.361433273962525
1133249,508717,-42.36150236455757
1133249,2812201,-42.36164054216763
1133249,1577959,-42.36170962918273
1133249,6240234,-42.36174417224281
1133249,4015847,-42.36177871500459
1133249,4754097,-42.361951424339125
1133249,540550,-42.362400433712665
1133249,3052863,-42.36257311620571
1133249,5963072,-42.36264218711564
1133249,3686113,-42.363022055802226
1133249,2283890,-42.36309111896048
1133249,1522293,-42.3894314192204
1133249,6665064,-42.38963869637592
1133249,6299311,-42.38998413443477
1133249,4942895,-42.390640384571164
1133249,3026633,-42.477592336996814
1133249,7300200,-42.47786880443425
1133249,6906454,-42.478145252764435
1133249,6906461,-42.47817980746237
1133249,8726286,-42.47845623430007
1133249,4093702,-42.479527207899196
1133249,7832828,-42.480252543260846
1133249,2667393,-42.49475738764136
1133249,4401445,-42.495171934792154
1133249,2912869,-42.49531010762911
1133249,2080933,-42.49613904443429
1133249,524756,-42.54192349501561
1133249,2611859,-42.54233821050387
1133249,8051082,-42.54327116317371
1133249,5124322,-42.54337481115064
1133249,2483246,-42.54347845644191
1133249,6198991,-42.54354755181079
953067,6251817,-72.36807735905575
953067,5332278,-73.60342630210961
953067,7517568,-73.65161198621787
953067,6251808,-73.76915321523319
953067,6251809,-73.76927411959784
953067,754223,-73.7844783904792
953067,8139546,-73.87439282443805
953067,41833,-73.89956009067872
953067,1443732,-73.90298686485393
953067,5332283,-73.91903746576752
953067,5564945,-74.005263746611
953067,6382447,-74.01161092471074
953067,6899444,-74.04773687703869
953067,5332276,-74.05604935840914
953067,8794745,-74.1652177861558
953067,7517569,-74.19030622734405
953067,3646159,-74.2241948503137
953067,4271537,-74.22975630729336
953067,5332281,-74.25369604293202
953067,8335741,-74.30363491265106
953067,1631823,-74.34348958871472
953067,1631822,-74.3435500500346
953067,6790227,-74.40796764801021
953067,6655996,-74.4282308171698
953067,3646162,-74.4473988760062
953067,7449816,-74.44818499538486
953067,2404043,-74.46133308569098
953067,4788735,-74.4639324285448
953067,1631829,-74.47865325370293
953067,2477494,-74.59577133545223
953067,6955771,-74.5959526927823
953067,6251813,-74.63407321561219
953067,6251811,-74.6352818417526
953067,480052,-74.70070866573313
953067,502513,-74.70070866573313
953067,5833803,-74.70070866573313
953067,8827637,-74.70125275651884
953067,6943635,-74.72767030063247
953067,6790226,-74.74955928652278
953067,1364310,-74.7511914179297
953067,2977851,-74.7656099187601
953067,6283517,-74.76633532615473
953067,8605213,-74.76959872947724
953067,3012984,-74.84154317072071
953067,7517573,-74.84232914072513
953067,4271538,-74.88448103732023
953067,2088828,-74.91939786669796
953067,7607472,-74.93248538080276
953067,717491,-74.95365523951554
953067,41827,-74.97246100822319
953067,3324703,-74.98929753266769
953067,4892773,-74.99442402024393
953067,372732,-75.01777064835986
953067,3261691,-75.03524601476418
953067,4239487,-75.03530648809759
953067,5542780,-75.03609259389445
953067,8794751,-75.03663676927466
953067,7517570,-75.03760408773127
953067,4788730,-75.03814814562621
953067,1229902,-75.03845038174174
953067,3159162,-75.06547269203934
953067,1429228,-75.0663190225929
953067,7517571,-75.0663190225929
953067,8794750,-75.10423888625112
953067,6838432,-75.10429935958456
953067,6838435,-75.10429935958456
953067,4741333,-75.10532732632865
953067,6790234,-75.10617377384129
953067,2366124,-75.14326686299559
953067,408193,-75.2169023304077
953067,3012985,-75.21932108615472
953067,4788726,-75.21944200200595
953067,636267,-75.2201070018553
953067,529170,-75.2201070018553
953067,6811290,-75.25784528256688
953067,2477495,-75.260143080675
953067,1878790,-75.32262571271212
953067,6994132,-75.3228676133601
953067,2849946,-75.32292808721597
953067,421708,-75.32298856054938
953067,7727199,-75.32365373273878
953067,8748788,-75.32425837988436
953067,5332282,-75.32589066634506
953067,1004714,-75.35388019694452
953067,5884975,-75.37671684292891
953067,7060025,-75.39161858419908
953067,2088836,-75.3936744732995
953067,8745019,-75.39621326765908
953067,755178,-75.40206583929032
953067,6457237,-75.4275024019943
953067,7532163,-75.43531445091966
953067,8111091,-75.44028779490968
953067,8600210,-75.44083206901675
953067,5874814,-75.44089254130532
953067,211860,-75.4426460104625
953067,886988,-75.505068220875
953067,559134,-75.53352555888983
953067,6775083,-75.54522495700235
953067,6775085,-75.54570878755817
953067,6775084,-75.54570878755817
101169,2194351,-39.94293017263054
101169,8408327,-40.05984987781362
101169,1961313,-40.75417114220813
101169,6243304,-40.95617747063786
101169,4535875,-41.040471903782176
101169,2194348,-41.040471903782176
101169,6264556,-41.1096374652173
101169,4188428,-41.11029361903504
101169,4287083,-41.136357514851085
101169,1165440,-41.1591873766004
101169,3355202,-41.2639608275376
101169,3871376,-41.397250462584466
101169,5762442,-41.398355520822875
101169,6441333,-41.445626151194624
101169,2194347,-41.44590247300603
101169,4671230,-41.44718021314354
101169,1002426,-41.47300249660847
101169,4941249,-41.4737279447258
101169,6627804,-41.47428057880521
101169,4743111,-41.514135413575325
101169,6264555,-41.51427359357206
101169,2802876,-41.51541339644568
101169,2802877,-41.55053760319289
101169,8621280,-41.56461795387469
101169,1662213,-41.69669878223108
101169,6441329,-41.73317005558222
101169,3355203,-41.80161020708141
101169,5878881,-41.80178294028205
101169,4194379,-41.80257741694476
101169,5249800,-41.81006201089648
101169,2802879,-41.850262179319515
101169,3871378,-41.85112580057313
101169,5878878,-41.85154027255347
101169,6284650,-41.851989235406585
101169,7586540,-41.85243814787344
101169,7594429,-41.91949688355329
101169,8663261,-41.91977324593356
101169,3161733,-41.919876876903686
101169,5475633,-41.920118672060084
101169,8263692,-41.983828120374454
101169,2527738,-41.98427722281779
101169,56594,-41.98451902632661
101169,2527315,-41.984829895075386
101169,3252397,-41.984898973738716
101169,6648395,-41.984898973738716
101169,5316487,-41.98503712748658
101169,5878883,-42.0327219280448
101169,6156131,-42.043048633439035
101169,3353296,-42.073267533927975
101169,1648336,-42.07361301674042
101169,1600602,-42.0737166557657
101169,6310856,-42.074062099791036
101169,4074847,-42.074062099791036
101169,6745078,-42.07409664255281
101169,5628418,-42.07565075817266
101169,3256306,-42.13790970304247
101169,3710040,-42.13790970304247
101169,2527316,-42.138807873024916
101169,1165442,-42.20818067880079
101169,5622964,-42.254759810206195
101169,1372459,-42.25610730375139
101169,8018025,-42.31916010120785
101169,4743118,-42.31957477728573
101169,4070405,-42.32023125983642
101169,2527321,-42.32030035699567
101169,5762446,-42.32054218765383
101169,6648389,-42.32064582488896
101169,5628419,-42.32092217772255
101169,3835242,-42.32123305184028
101169,118552,-42.3215093641078
101169,4194383,-42.360189439140676
101169,8030623,-42.3602585512232
101169,6677589,-42.360362217108054
101169,6565324,-42.36046588030633
101169,6751533,-42.36136418217408
101169,6441336,-42.36136418217408
101169,2459757,-42.361502364557566
101169,6648391,-42.36177871500459
101169,8315840,-42.36198596531119
101169,1541463,-42.362158665697635
101169,5110296,-42.36219320488018
101169,1165446,-42.38918958229615
101169,1541461,-42.39012230130582
101169,2820704,-42.390640384571164
101169,7381743,-42.47755777722353
101169,7381742,-42.47773057310411
101169,268396,-42.47842168199003
101169,7324467,-42.494411898860896
101169,5878886,-42.49461919571003
101169,1909118,-42.49503375718209
101169,3757565,-42.542510995934634
101169,3423265,-42.5429602031276
101169,5003243,-42.543098410576995
101169,5003245,-42.54365119262627
101169,823426,-42.543754830756484
101169,6781903,-42.54392755500656
101169,3813531,-42.544203898294114
101169,5710389,-42.544272981133076
101169,4074846,-42.544652915422006
101169,6243302,-42.54489467299966
855410,8651771,-55.5233943338603
855410,8651775,-56.09966551608014
855410,8651776,-56.21641192422763
855410,8651770,-56.504007601351674
855410,8651772,-56.909299914325715
1121276,8053899,-40.75061329895907
1121276,3519772,-41.80226655356474
1121276,5594668,-41.84967481034277
1121276,7640263,-41.937239007580324
1121276,8547889,-41.954620660669704
1121276,8055664,-41.95658993825237
1121276,5271643,-42.160831669095415
1121276,8053893,-42.20755894935547
1121276,8463867,-42.24520448811954
1121276,4720097,-42.29291190855554
1121276,3229243,-42.49413548634966
1121276,5271640,-42.49461919571003
1121276,8055660,-42.612540423297744
1121276,2211572,-42.65001343107983
1121276,5494370,-42.744897032298596
1121276,4782540,-42.74548446723908
1121276,376918,-42.76551631950134
1121276,8622639,-42.766656555589755
1121276,6711261,-42.82943275665631
1121276,922155,-42.82977837081288
1121276,922157,-42.82981293058617
1121276,8035232,-42.85529134427037
1121276,7993508,-42.85560213519025
1121276,5494371,-42.899047712125856
1121276,922152,-42.94756140646927
1121276,7644767,-42.97467592684566
1121276,3786696,-42.97557398049087
1121276,8055659,-43.05254174491238
1121276,1660162,-43.05295648190038
1121276,1660157,-43.05295648190038
1121276,1660161,-43.05295648190038
1121276,5494374,-43.05295648190038
1121276,1548310,-43.05299104137508
1121276,1548307,-43.05299104137508
1121276,1548303,-43.05299104137508
1121276,293357,-43.05323294933781
1121276,1767215,-43.05326750642396
1121276,1767211,-43.05330206321156
1121276,6218895,-43.05575483236971
1121276,248379,-43.081438383390655
1121276,1419401,-43.0818184916354
1121276,8463871,-43.08340764396446
1121276,8055298,-43.1415918315121
1121276,7368243,-43.14176455576218
1121276,7132269,-43.17094686992624
1121276,1459366,-43.17105054208034
1121276,7011499,-43.17143065032509
1121276,4861400,-43.172743473684406
1121276,6540412,-43.1728125577165
1121276,8053891,-43.23475961073997
1121276,6602513,-43.23513979780958
1121276,6602520,-43.23517435847868
1121276,1548305,-43.23531259816903
1121276,2201349,-43.235450833082
1121276,51764,-43.23548539106382
1121276,8463870,-43.237040191313156
1121276,4130940,-43.30427091018129
1121276,8826621,-43.30572215109456
1121276,388969,-43.3408804644049
1121276,7640266,-43.341260579217135
1121276,534902,-43.41718485850029
1121276,4130946,-43.41718485850029
1121276,1678127,-43.41732310894098
1121276,7519426,-43.417323108940984
1121276,7519427,-43.417323108940984
1121276,7519431,-43.417323108940984
1121276,5494376,-43.417323108940984
1121276,7504280,-43.417323108940984
1121276,1660160,-43.417323108940984
1121276,1660156,-43.417323108940984
1121276,7504275,-43.417323108940984
1121276,7519428,-43.417323108940984
1121276,7504277,-43.417357670804556
1121276,1678128,-43.417357670804556
1121276,1548308,-43.41739223236951
1121276,1660158,-43.417426793635826
1121276,7318354,-43.41759959548829
1121276,4720100,-43.41770327301663
1121276,8560885,-43.41777238987596
1121276,3786698,-43.45869805744597
1121276,4979357,-43.45869805744597
1121276,1501659,-43.45880172780879
1121276,442171,-43.45890539548478
1121276,1199395,-43.45921638239325
1121276,2374408,-43.45928548731179
1121276,8334285,-43.459838283684945
1121276,6509629,-43.46180700013022
1121276,6711263,-43.591296295875495
1121276,2847519,-43.591849302417415
1121276,6472636,-43.59198754210777
1121276,8343138,-43.59198754210777
1121276,7592447,-43.59274777501777
1121276,1333436,-43.59385331047536
1121276,926107,-43.594371425057126
1121276,7701895,-43.5944059636432
1121276,1578172,-43.59564915416352
1121276,534901,-43.64025928280226
1121276,7519422,-43.64043209809299
1121276,1660159,-43.64043209809299
1121276,317275,-43.64063946658684
1114646,4656404,-52.12405404263389
1114646,4656405,-52.12405404263389
1114646,4908869,-52.54444701791913
1114646,4908870,-52.5444902049492
1114646,8793449,-52.88294864182279
1114646,8793448,-52.88299181132784
1114646,7037212,-52.95047352832445
1114646,8825558,-52.99831359013909
1114646,1240998,-53.05492713201503
1114646,1379786,-53.12679477829185
1114646,2505776,-53.133010992295624
1114646,5179162,-53.1335723073278
1114646,4438502,-53.221068411175764
1114646,3422947,-53.2214571414533
1114646,8651755,-53.288543257327994
1114646,6220312,-53.328156385672486
1114646,6172109,-53.328285921029156
1114646,2331562,-53.328329098735644
1114646,3292874,-53.3916585031271
1114646,1103230,-53.5092255943071
1114646,1871650,-53.50944153878349
1114646,1698413,-53.510650655529595
1114646,3141935,-53.511470961116856
1114646,6867456,-53.578607159136794
1114646,89757,-53.616356579416916
1114646,4427082,-53.64189311574994
1114646,4479459,-53.64206590192707
1114646,4460731,-53.642238682133375
1114646,6383360,-53.64228187625207
1114646,2080311,-53.64245464899546
1114646,2957725,-53.64258422463525
1114646,4554204,-53.64262741576897
1114646,2452018,-53.64288655473662
1114646,1268778,-53.73349195506799
1114646,4327099,-53.73353513501176
1114646,4577147,-53.795957400249456
1114646,3608313,-53.79613018941213
1114646,1786995,-53.79729636010161
1114646,8117094,-53.866634711417
1114646,2505772,-53.867196065230274
1114646,590265,-53.91417239761702
1114646,8605091,-53.915424875586424
1114646,2842768,-53.9158998713766
1114646,2729532,-53.9159430505746
1114646,7348566,-53.916245294520095
1114646,6106578,-53.97892688561667
1114646,6264172,-53.97979065979371
1114646,2845871,-53.97979065979371
1114646,5927881,-53.98004976295136
1114646,5549480,-53.980826991872746
1114646,4867765,-54.0191873468914
1114646,4867770,-54.01923054399548
1114646,1508336,-54.01923054399548
1114646,5735301,-54.01927374072634
1114646,8454121,-54.01927374072635
1114646,1911319,-54.01931693708403
1114646,2304745,-54.01936013306853
1114646,6372405,-54.01936013306854
1114646,6641376,-54.01944652391801
1114646,1864741,-54.019489718783014
1114646,7950140,-54.01979207238996
1114646,4635687,-54.02031035032561
1114646,4655941,-54.02199438269221
1114646,3360647,-54.05029477712004
1114646,7577009,-54.14025229930494
1114646,3664749,-54.1525891459645
1114646,3080176,-54.152675542038665
1114646,8454393,-54.15319388713601
1114646,1597713,-54.201206513506904
1114646,5279669,-54.201292912566885
1114646,8181052,-54.20185447006881
1114646,1776038,-54.20194085793304
1114646,7390304,-54.20202724430473
1114646,1415141,-54.20215682106385
1114646,1703791,-54.20232958485258
1114646,6704401,-54.2035387642575
1114646,364372,-54.20366830185148
1114646,8074924,-54.2044454569473
1114646,6485229,-54.306653428224706
1114646,2016857,-54.30695581317812
1114646,2897538,-54.30712859636979
1114646,3148456,-54.30717179123479
1114646,8181051,-54.307344566963266
1114646,1348686,-54.30803561018049
1114646,7500194,-54.308251541600704
1114646,2661304,-54.30963328191142
1114646,6012751,-54.38581714110768
1114646,3721191,-54.40597666810852
1114646,4270203,-54.42387484330273
1114646,8572330,-54.42439326453772
1114646,8572329,-54.424522861448146
1114646,5149782,-54.4247820451922
1114646,5780520,-54.424868436788024
1114646,1782519,-54.424954826891174
1114646,898854,-54.42495482689118
1114646,509101,-54.4250412155017
1114646,4400851,-54.42512760261965
1114646,4400852,-54.42525718049812
1114646,307891,-54.425300372378054
1114646,1239752,-54.42530037237806
19335,5078867,-41.79998615028622
19335,903639,-41.85226549519449
19335,1331255,-41.87754877174871
19335,7954314,-41.91911685410072
19335,6180356,-41.9578331931728
19335,6188457,-41.984829895075386
19335,6267534,-42.138462446898394
19335,8107928,-42.206660725072005
19335,6873717,-42.207420774132
19335,6466946,-42.24458286066308
19335,1352169,-42.244617398056285
19335,6466945,-42.24482461615338
19335,6238013,-42.32061127944226
19335,3428081,-42.32085309130408
19335,1035224,-42.36122599501684
19335,1603316,-42.36170962918273
19335,5687685,-42.3619859653112
19335,3254512,-42.362469507604466
19335,2520834,-42.39102026965621
19335,6568700,-42.47852533802477
19335,1560550,-42.4787671916602
19335,3579772,-42.478836290013064
19335,6027490,-42.47931994506397
19335,5829205,-42.49396271882993
19335,1967031,-42.49413548634966
19335,6202675,-42.49437734834156
19335,7278403,-42.49448099900428
19335,1901071,-42.49475738764136
19335,3823015,-42.49482648181672
19335,8767466,-42.495171934792154
19335,6158375,-42.49520647844886
19335,8388429,-42.49548281696365
19335,7267248,-42.542027177918726
19335,2053771,-42.54344390830988
19335,3849558,-42.54365119262628
19335,8227932,-42.54365119262628
19335,4317908,-42.54423843986274
19335,114024,-42.54427298113308
19335,2597128,-42.54451476167414
19335,501588,-42.61164209039253
19335,6533726,-42.61233313361036
19335,5213151,-42.6129204264935
19335,3801694,-42.61319676978107
19335,8204084,-42.64797517926845
19335,5668548,-42.6480097345634
19335,6487783,-42.648286166176916
19335,4856832,-42.72493622040457
19335,2053766,-42.72521265440607
19335,6981499,-42.725627269591726
19335,2725017,-42.726352742770636
19335,3936280,-42.72642182859251
19335,5117808,-42.744827916633525
19335,2966377,-42.765723659331364
19335,4486321,-42.766069201833304
19335,6562111,-42.767623773805795
19335,3366913,-42.829985724973845
19335,3656967,-42.83005484063891
19335,3366911,-42.8300893980236
19335,736391,-42.8300893980236
19335,993676,-42.830504063354496
19335,298111,-42.83081503414499
19335,515292,-42.83116052889369
19335,4709519,-42.83116052889369
19335,6413931,-42.83126417149944
19335,7695105,-42.831298718437935
19335,6238007,-42.83136781141982
19335,6981504,-42.83147144865495
19335,5370866,-42.83164417141336
19335,8113145,-42.83164417141336
19335,613560,-42.83167871507007
19335,5445520,-42.83178234425033
19335,5459549,-42.899116826596696
19335,4095467,-42.89928960754935
19335,156132,-42.89953148834539
19335,5869996,-42.89953148834539
19335,1484353,-42.89977335451573
19335,3260688,-42.899877006969064
19335,7039451,-42.900015206062136
19335,4798567,-42.900637042900314
19335,1885929,-42.94859806980138
19335,5870000,-42.948770820905935
19335,6908321,-42.94887446798763
19335,7954312,-42.9489781123837
19335,1331252,-42.949081754094315
19335,5213152,-42.94925448431134
19335,3683653,-42.94953083714493
19335,5603587,-42.949703547970906
19335,6315507,-42.949738089241244
19335,7627418,-42.949738089241244
19335,5711213,-43.05250718155558
19335,1720395,-43.0529219221271
19335,1720389,-43.05295648190038
19335,1572913,-43.053267506423964
19335,7778619,-43.05347484267156
19335,1906597,-43.0537167213781
19335,3088434,-43.05388948292831
19335,1208861,-43.053924034342984
19335,7891863,-43.053924034342984
19335,222274,-43.05413133656376
19335,2842582,-43.054269532075864
789700,6939903,-30.883426689870987
789700,6939905,-31.982609079344996
789700,4273580,-32.49265726605744
789700,7301424,-32.49283868605776
789700,8197220,-32.78054667475686
789700,1437501,-32.89807053786464
789700,4273589,-33.18528604329832
789700,338319,-33.18562301564534
789700,6834592,-33.185648935027416
789700,6939898,-33.185674854185564
789700,6939904,-33.18570077311978
789700,6834597,-33.185778528578865
789700,6939899,-33.18580444661738
789700,1590503,-33.18621910478422
789700,302463,-33.1867891661971
789700,4273582,-33.59077707370008
789700,6834598,-33.590880760634676
789700,6939901,-33.590880760634676
789700,6834594,-33.59093260275813
789700,1698200,-33.591010364263596
789700,4273584,-33.59103628431751
789700,6834593,-33.5910881237535
789700,4273583,-33.59113996229373
789700,4273587,-33.59121771842459
789700,4273585,-33.59121771842459
789700,3272322,-33.591243636687025
789700,4492312,-33.59126955472555
789700,768317,-33.59132139013086
789700,1533753,-33.59132139013086
789700,6939902,-33.59150280699664
789700,6834590,-33.87879611558736
789700,6834596,-33.87887387239001
789700,1260652,-33.87889979087637
789700,6834599,-33.87892570913881
789700,1590507,-33.87939219957669
789700,6834595,-34.28382056374165
789700,698486,-34.28395017632965
789700,8598565,-34.28407978331808
789700,1563909,-34.28410570404386
789700,4273588,-34.284209384707424
789700,1260650,-34.28428714285367
789700,1142252,-34.28428714285367
789700,8829257,-34.284364898984535
789700,1563907,-34.284364898984535
789700,8829258,-34.28439081724697
789700,8299302,-34.2844167352855
789700,6834591,-34.2844426531001
789700,7639308,-34.284468570690805
789700,5471744,-34.284546322119496
789700,8302630,-34.284546322119496
47923,5417582,-62.82014726176358
47923,8348762,-63.88908621901646
47923,1681336,-64.25290023114177
47923,1868438,-64.58176704410104
47923,6241150,-65.390727804146
47923,3196227,-65.52700589193101
47923,6213244,-65.52700589193101
47923,99926,-65.56192260853756
47923,4257346,-65.56228537332358
47923,6643066,-65.68001658678192
47923,1868437,-65.68022387288858
47923,4321228,-65.68151924883331
47923,611271,-65.70766921714929
47923,284591,-65.70844657026302
47923,5586331,-65.81401436307634
47923,3883233,-65.8141179989689
47923,291219,-65.814325265384
47923,291225,-65.81536149007462
47923,5878045,-65.86295998041335
47923,6550064,-65.93247100003919
47923,6241152,-65.96578092318252
47923,1488916,-65.96795776574811
47923,3631392,-66.06558787773237
47923,2135499,-66.0835639588389
47923,6241147,-66.08361579760306
47923,618556,-66.08434149327827
47923,611017,-66.08558533883857
47923,8418681,-66.14846534192056
47923,1488918,-66.14981292275948
47923,2921292,-66.15027932254206
47923,6813699,-66.15033114250224
47923,528296,-66.15069386969265
47923,4684893,-66.15095294711799
47923,4684895,-66.15100476126065
47923,291226,-66.17332217334233
47923,3946163,-66.21963492435209
47923,3395317,-66.26790689563254
47923,5147526,-66.26816599767128
47923,7400069,-66.26847690534903
47923,5032362,-66.37166072886399
47923,6241153,-66.37166072886399
47923,1681331,-66.3717125640454
47923,1681334,-66.37212722937608
47923,2772864,-66.37228272148704
47923,1023866,-66.3732155895399
47923,611018,-66.37331923259323
47923,436332,-66.37378560417935
47923,6244013,-66.37388923738688
47923,4081982,-66.37404468384206
47923,2416689,-66.37414831257486
47923,3853969,-66.37440737657666
47923,1488915,-66.37528811052319
47923,5992203,-66.37658307269373
47923,4523463,-66.4017492093609
47923,3306869,-66.40200829797355
47923,8418683,-66.48851065467073
47923,5147527,-66.49125772947284
47923,8619129,-66.49151682256071
47923,5417580,-66.49177590446085
47923,8418680,-66.49224222369115
47923,3246975,-66.55346390921265
47923,1296110,-66.55387861395168
47923,7827961,-66.55387861395168
47923,4991357,-66.55393045002873
47923,3883232,-66.55538167839694
47923,8641106,-66.55548532413582
47923,3748439,-66.55579625061041
47923,5443246,-66.55584807012305
47923,4321230,-66.55584807012305
47923,4914474,-66.55646986936881
47923,2838662,-66.5566771214651
47923,3395316,-66.55838667815755
47923,4202492,-66.62395994902344
47923,5137402,-66.62525548160032
47923,2101908,-66.62530729708539
47923,994679,-66.62592904800562
47923,1569551,-66.62691335521527
47923,8012628,-66.65815046853004
47923,2655670,-66.65934280131577
47923,7760812,-66.66017211048528
47923,1488919,-66.66032759319431
47923,6935784,-66.66048307187431
47923,4587558,-66.66074219405478
47923,2956414,-66.66105312590031
47923,495327,-66.6616231257712
47923,2772857,-66.66188219872186
47923,2772858,-66.66203763712292
47923,3023989,-66.66214126048655
47923,6213242,-66.66364359818364
47923,1014755,-66.66374719381537
47923,5298344,-66.73744411301044
47923,1681339,-66.77629641316118
47923,4297620,-66.77671113939884
47923,1960681,-66.7768148164793
47923,2148997,-66.77686665434773
47923,6919836,-66.77702216526589
47923,3438013,-66.77712583697216
47923,525511,-66.77738500840114
47923,3719511,-66.77800697415903
47923,4536183,-66.77800697415903
301524,5794161,-63.19443620768554
301524,6169217,-63.445646978588634
301524,5633393,-64.3570168797507
301524,5585186,-64.46170352640624
301524,5498039,-64.5823888433468
301524,5498037,-64.69970553561012
301524,8745829,-64.76175627964453
301524,1825966,-64.83292601250139
301524,7524164,-64.94744645396864
301524,8652475,-64.96573187241991
301524,6391535,-64.96671650268914
301524,5660547,-64.9848479912988
301524,4322234,-64.98495167017079
301524,3664994,-64.98572920461017
301524,5703889,-64.98609201953579
301524,1825970,-65.36021532138629
301524,5585190,-65.39020941874341
301524,5498040,-65.39041677827895
301524,4104753,-65.3914534684753
301524,6523265,-65.3914534684753
301524,5794158,-65.45479978043672
301524,3664995,-65.45495529941653
301524,289131,-65.45583649750193
301524,2928417,-65.45780576655804
301524,390540,-65.56264811617787
301524,7524163,-65.6777359668405
301524,8731137,-65.67804701151869
301524,8731138,-65.67804701151869
301524,6391532,-65.67809885073073
301524,4322237,-65.67835804007291
301524,1825974,-65.67877271973303
301524,4402118,-65.86290816313833
301524,3822156,-65.86409984725961
301524,982597,-65.9296724683538
301524,7524159,-65.96583276194667
301524,7499911,-66.08268263131613
301524,3664992,-66.08320107494866
301524,7524156,-66.0835639588389
301524,7825902,-66.0835639588389
301524,8731133,-66.08361579760304
301524,5119196,-66.08371947378778
301524,2293168,-66.08439332532517
301524,6412965,-66.0847043082039
301524,640598,-66.08491162116874
301524,8652481,-66.08563716014145
301524,6056500,-66.08745062382769
301524,6191594,-66.15048659969754
301524,2701360,-66.15064205286514
301524,4512078,-66.15069386969265
301524,7388158,-66.15162649607403
301524,8835617,-66.15162649607403
301524,8433321,-66.26630021320616
301524,7890596,-66.2680105377907
301524,539346,-66.2680105377907
301524,5596289,-66.27039381344441
301524,8745828,-66.37020916194227
301524,8745827,-66.37093498929994
301524,3067457,-66.3711423524187
301524,3067456,-66.37124603129068
301524,2987535,-66.37129787005483
301524,1365086,-66.37145338366012
301524,2790373,-66.37181623306478
301524,3538626,-66.37254186605087
301524,6523272,-66.3732155895399
301524,3538629,-66.37487366359382
301524,729194,-66.37559892693437
301524,3538630,-66.46167780638288
301524,3538623,-66.4621958784643
301524,3185150,-66.48788850080807
301524,6777580,-66.48882170741152
301524,8458062,-66.48923641931651
301524,1719275,-66.48954743443537
301524,8665817,-66.49032490170724
301524,7467707,-66.49063586041026
301524,5831797,-66.49270850668198
301524,8745826,-66.55361942684878
301524,1825969,-66.55517438154783
301524,8444266,-66.55517438154784
301524,1773511,-66.55564078938718
301524,1773516,-66.55636624063602
301524,2916215,-66.55781688004694
301524,2919508,-66.65939463649718
301524,5961086,-66.6599129636829
301524,1773508,-66.66126040484598
301524,6412966,-66.66208944902844
301524,6391534,-66.69661659251324
301524,4478798,-66.73987941981048
301524,5782214,-66.77614088343124
301524,1365087,-66.77634825550861
301524,1681095,-66.7764000974081
301524,1681097,-66.77645193885967
301524,1825973,-66.7765037798633
301524,4034318,-66.77655562041903
301524,6010946,-66.77671113939884
301524,982590,-66.77676297816299
301524,4231267,-66.7768148164793
301524,8745825,-66.77691849176828
301524,4395201,-66.7769184917683
301524,3735866,-66.77707400134294
301524,1010736,-66.77717767215356
405717,2514108,-62.46569940282924
405717,8156519,-62.53127361837703
405717,4529803,-62.883516203408156
405717,1018529,-62.91089896256794
405717,1829324,-63.10684501000784
405717,3458607,-63.19733788743467
405717,5354529,-63.27440253404117
405717,6960749,-63.35613847727677
405717,5921487,-63.407467687959866
405717,211715,-63.42502769138591
405717,5564915,-63.514226811059956
405717,7589975,-63.56073759581483
405717,3171746,-63.56125571263322
405717,2702419,-63.664543492518334
405717,6419725,-63.66475079832031
405717,5093718,-63.69343990845771
405717,218777,-63.69380264504629
405717,4353488,-63.693906280043834
405717,931517,-63.7631582311935
405717,5638740,-63.782274700605036
405717,8205108,-63.78294842409407
405717,5041497,-63.7834666214585
405717,5668741,-63.78367388787359
405717,211720,-63.886961417114776
405717,7170626,-63.88789434963453
405717,3430312,-63.88929347648208
405717,2365659,-63.91627252524085
405717,8433858,-64.00526276652405
405717,6924359,-64.03043033349255
405717,3033900,-64.06928297390873
405717,7631901,-64.06943847273601
405717,2300933,-64.07145959084801
405717,814861,-64.07151140543814
405717,3292704,-64.0992159349844
405717,953490,-64.09978591024273
405717,7447941,-64.13832767878588
405717,6211213,-64.14024519949977
405717,6316274,-64.17780450721094
405717,5142606,-64.1877398087132
405717,3977357,-64.20198497138561
405717,1018527,-64.20457645064224
405717,4365901,-64.20587177065607
405717,506337,-64.25233015742043
405717,2278076,-64.25321115761636
405717,7631900,-64.29398133217643
405717,6312437,-64.2952766969346
405717,7340937,-64.32064923557984
405717,3863710,-64.32189310262872
405717,7986118,-64.37917872854456
405717,3685243,-64.41305973259098
405717,1829321,-64.42761636427377
405717,4123811,-64.43579180749819
405717,619037,-64.47479991540709
405717,7728831,-64.47588831317627
405717,2365660,-64.4763028889704
405717,3093887,-64.4770801413842
405717,28368,-64.47899693362282
405717,5430016,-64.53980491690737
405717,6535575,-64.54001222987222
405717,4797303,-64.54146322009375
405717,1054670,-64.54389645233113
405717,4288232,-64.54555485578287
405717,4972016,-64.54622845127221
405717,4804772,-64.54643569620984
405717,506336,-64.57959023914307
405717,2790595,-64.58057508206716
405717,2790588,-64.58057508206716
405717,2432223,-64.58161158422047
405717,3082589,-64.58420205650381
405717,3368184,-64.6106633472565
405717,5401338,-64.61071516005686
405717,7170630,-64.65769160994157
405717,1754541,-64.66877842109066
405717,213362,-64.6789307925547
405717,8433854,-64.69773613047373
405717,3417863,-64.69944644028459
405717,1067475,-64.69949826024478
405717,3975692,-64.76336308698843
405717,8792404,-64.76367403226213
405717,3527731,-64.76367403226213
405717,1773176,-64.76377767710581
405717,6382171,-64.76388132015913
405717,2432217,-64.7641404199601
405717,2438351,-64.76445132495277
405717,470379,-64.76460677140797
405717,8817604,-64.76465858599809
405717,6624738,-64.76481402708377
405717,7403276,-64.76502127560066
405717,5638735,-64.76843984300265
405717,5690238,-64.8310601796857
405717,4153787,-64.83168218842893
405717,8126199,-64.83266690374909
405717,213361,-64.83308147238195
405717,3887704,-64.85208446360099
405717,1849743,-64.86794616895378
405717,6786304,-64.87959115451297
405717,37346,-64.87969483159341
405717,37342,-64.88021319012506
405717,4704975,-64.8806796745175
405717,6297274,-64.88145706791852
165633,6160623,-42.36198596531119
165633,5689373,-42.49558643898506
165633,5689372,-42.64959895552056
165633,4951677,-43.083096772531235
165633,2324443,-43.3436441121843
165633,6160628,-43.419154476321935
165633,6228229,-43.64136517166747
165633,7846340,-43.642678017704874
165633,1908533,-43.74665657822794
165633,3720078,-43.74717486735626
165633,8342630,-43.864059492504374
165633,404254,-43.93025646008147
165633,4870562,-44.15139596871603
165633,8274266,-44.151534210795205
165633,8274268,-44.15156877056849
165633,6450707,-44.15177612293797
165633,4443764,-44.151810680621224
165633,2882238,-44.15222534953439
165633,6160626,-44.15326183378562
165633,404252,-44.15329637863564
165633,6160624,-44.15333092318731
165633,1929750,-44.33354471619207
165633,8329314,-44.333648402678705
165633,6740363,-44.33420135188602
165633,4215354,-44.335548845431234
165633,2802183,-44.33575611184635
165633,5689375,-44.33592882565527
165633,5150065,-44.43966553701104
165633,5150061,-44.43987286788524
165633,4460733,-44.43990742198616
165633,8342625,-44.4399419757886
165633,6266751,-44.44028749739687
165633,5789035,-44.44059844132779
165633,4626635,-44.44094390623741
165633,2802186,-44.441012995639085
165633,2262665,-44.44146204766483
165633,8627336,-44.556584578331865
165633,1052687,-44.55661914168866
165633,715096,-44.55703387867665
165633,6450704,-44.557033878676656
165633,675168,-44.557068438151354
165633,7957303,-44.557241231046135
165633,8274271,-44.55734490320023
165633,5929918,-44.55772501144498
165633,1281767,-44.5594177822164
165633,5689381,-44.559452321100714
165633,6905300,-44.6899085845436
165633,6378161,-44.691878321476665
165633,7174634,-44.69194741744233
165633,8537768,-44.69212015213482
165633,8537774,-44.69243105578508
165633,6405228,-44.69308732858879
165633,8274265,-44.84450858800965
165633,8274267,-44.84454314927598
165633,2006568,-44.84454314927598
165633,7047020,-44.844612270912776
165633,4870557,-44.84468139135515
165633,2172292,-44.84468139135515
165633,5659317,-44.8448887455161
165633,6719097,-44.844992418565866
165633,6719090,-44.844992418565866
165633,2512110,-44.845061532439615
165633,78991,-44.845130645119205
165633,5929920,-44.845130645119205
165633,3023319,-44.84519975660467
165633,6719091,-44.84519975660467
165633,6719099,-44.84519975660467
165633,675163,-44.845268866896056
165633,5684442,-44.84533797599341
165633,7147096,-44.84540708389676
165633,3214680,-44.84540708389676
165633,715100,-44.845441637400704
165633,7692600,-44.84561440044326
165633,638195,-44.845648952156374
165633,1929749,-44.845683503571045
165633,4940955,-44.84571805468726
165633,8537771,-44.845752605505034
165633,3619874,-44.84595990414468
165633,1442829,-44.84613264480484
165633,5435598,-44.846167192041705
165633,2081405,-44.84623628562032
165633,5435605,-44.84627083196208
165633,4215348,-44.84633992375053
165633,3487778,-44.84640901434557
165633,7405346,-44.84661627897073
165633,764171,-44.84661627897073
165633,2802184,-44.84665082203081
165633,5689378,-44.84671990725607
165633,884432,-44.84671990725607
165633,7646256,-44.84699623622582
165633,884437,-44.84703077600486
165633,2599018,-44.847134393552494
165633,1052689,-45.026380821164814
165633,1822644,-45.026968388077215
165633,8754414,-45.026968388077215
165633,7459867,-45.02703750792239
165633,8537767,-45.027072067397086
165633,5597747,-45.0271066265732
165633,3214681,-45.02717574402968
165633,4870561,-45.02721030231006
952774,2480749,-39.09539059849278
952774,4557559,-39.22970700608069
952774,1449047,-39.26006411043613
952774,6825750,-39.3015770049417
952774,4573402,-39.3660464414506
952774,2619548,-39.36635731288383
952774,1028816,-39.59129653734662
952774,6304505,-39.90411018289573
952774,6304502,-40.12763377350974
952774,1449055,-40.16331041027648
952774,1028815,-40.19231048180456
952774,3191935,-40.1928977239696
952774,5172401,-40.2159231995856
952774,5358968,-40.2404096624436
952774,4342621,-40.34583928182611
952774,8765815,-40.59694639535134
952774,7070207,-40.598846378546305
952774,6092207,-40.646323923424
952774,790350,-40.6471529962472
952774,3470170,-40.68645489263373
952774,5358971,-40.68648944673466
952774,4227962,-40.750544183294004
952774,7297431,-40.75182262981961
952774,4857634,-40.77567713053359
952774,5186543,-40.781409686655934
952774,4778003,-40.78147875577686
952774,5735052,-40.85725223905605
952774,4619848,-40.9221424617129
952774,3491005,-40.934282372577336
952774,5117724,-40.97430973260525
952774,4810097,-40.97448249266315
952774,1218877,-40.97475889323679
952774,4916405,-41.040022875022274
952774,4032456,-41.15649307598039
952774,2480752,-41.15777136791687
952774,2480753,-41.15780591067866
952774,2506693,-41.2208588236283
952774,374172,-41.22289707543968
952774,278696,-41.24467911483132
952774,3087303,-41.26188814544065
952774,18932,-41.262060909975574
952774,2619552,-41.26213001370027
952774,4557262,-41.262544610979845
952774,8576300,-41.33867641457964
952774,7236718,-41.339021951111704
952774,4573400,-41.37915284271637
952774,3190359,-41.37939474231948
952774,8765818,-41.37946385380494
952774,7277340,-41.39573050885567
952774,4956882,-41.396214193148616
952774,56289,-41.44372592183576
952774,7812728,-41.443760479519014
952774,5677309,-41.444278808944006
952774,1744602,-41.445557067759104
952774,3490998,-41.4460406267539
952774,4153023,-41.446213312228906
952774,6825747,-41.51375539396948
952774,2654293,-41.51416995902201
952774,3238119,-41.561647186433845
952774,2654289,-41.5883470211741
952774,186681,-41.66697314530407
952774,6092204,-41.66697314530407
952774,8735068,-41.667042258580736
952774,5014872,-41.66711137066326
952774,5703930,-41.66759512180843
952774,3994186,-41.66773332567642
952774,8242810,-41.66825154765753
952774,5058128,-41.668286093402585
952774,3490999,-41.66832063884927
952774,6825753,-41.668389728847636
952774,2637440,-41.668838784751244
952774,790353,-41.698632751048976
952774,1711073,-41.731407994287544
952774,4665970,-41.731407994287544
952774,2654295,-41.73282461454015
952774,8765812,-41.74802661997703
952774,3415972,-41.75415730324636
952774,3190354,-41.784998072204495
952774,2654292,-41.80185203147379
952774,3871953,-41.848983677574445
952774,8554991,-41.84950203834563
952774,6109375,-41.849536593342066
952774,4522822,-41.84957114803999
952774,4197211,-41.84977846995915
952774,1733901,-41.850089432691284
952774,5804229,-41.85022763059069
952774,8396145,-41.851056717734174
952774,4887291,-41.85129850245087
952774,1480789,-41.851436658584575
952774,909429,-41.877030764521784
952774,2911253,-41.91814934344906
952774,4651451,-41.918425798944156
952774,5890614,-41.91973870168022
952774,782001,-41.91973870168022
952774,5677306,-41.954586103285
952774,3700478,-41.954724331032516
952774,688431,-41.95551904789565
952774,4198814,-41.95558814624852
952774,8812750,-41.956693557589475
952774,8812751,-41.95672809677201
766511,7582727,-42.36101870532946
766511,6535766,-42.36516245942294
766511,2421133,-42.64856257868816
766511,3180940,-42.65160185631523
766511,7716873,-42.72707808439557
766511,6473883,-42.8305731700639
766511,5993278,-42.948287099010884
766511,1373960,-43.0537167213781
766511,1243179,-43.05540946291051
766511,144543,-43.08240586061215
766511,1243183,-43.142213603910115
766511,7099413,-43.171534309941464
766511,8141041,-43.171534309941464
766511,6077340,-43.17215621123317
766511,7157811,-43.172501670175585
766511,7727615,-43.17277801584959
766511,1686104,-43.236107383687546
766511,2010312,-43.23621103972227
766511,869407,-43.342815218322926
766511,2785219,-43.41867080038423
766511,4389443,-43.41908538334005
766511,7972545,-43.419154476321935
766511,4121030,-43.41932720355544
766511,1801052,-43.42019072786052
766511,8776609,-43.42025980175232
766511,2377236,-43.421364821831006
766511,3969589,-43.45855982611583
766511,5916422,-43.459009060474095
766511,6480198,-43.45911272277687
766511,6437951,-43.46087457101867
766511,2286621,-43.59392239629722
766511,3952207,-43.593991480925894
766511,5807432,-43.59554556970981
766511,4455656,-43.64098505685523
766511,5107335,-43.64188345184182
766511,7628937,-43.6421598404789
766511,638070,-43.6421598404789
766511,2024925,-43.642678017704874
766511,8644206,-43.642781645095326
766511,170137,-43.642781645095326
766511,2372408,-43.642781645095326
766511,900087,-43.64288526980119
766511,48501,-43.6430925111597
766511,5347211,-43.64316158922655
766511,6706860,-43.64329974178153
766511,714984,-43.64333427917473
766511,1838710,-43.643472425765545
766511,6447535,-43.643541497271826
766511,5332523,-43.74579261375081
766511,8594381,-43.74620733998866
766511,5994152,-43.7463110148298
766511,1102432,-43.74638012989775
766511,6374635,-43.74648380026056
766511,8569577,-43.74651835645109
766511,6130842,-43.746967559763576
766511,1475997,-43.74720941757717
766511,5345800,-43.74738216420539
766511,3240145,-43.7475549033736
766511,6808075,-43.74845302681753
766511,5356310,-43.75004152061825
766511,4455660,-43.86412860816944
766511,1855048,-43.86412860816944
766511,2466308,-43.86416316555414
766511,6908976,-43.86426683591695
766511,5720329,-43.86440505888789
766511,1122129,-43.864577830885025
766511,7141876,-43.864888801675534
766511,1677427,-43.86502700315603
766511,6928039,-43.86506155278009
766511,5581334,-43.865372485968464
766511,3313713,-43.86544157895035
766511,3844478,-43.865545216185495
766511,8026032,-43.865545216185495
766511,6051983,-43.865752482600605
766511,7806636,-43.865994279845054
766511,756382,-43.92856345536157
766511,1476002,-43.92863257162376
766511,7930992,-43.928667129307016
766511,4471427,-43.92887446913705
766511,2480126,-43.92894358002546
766511,7726313,-43.929012689719826
766511,1272374,-43.929012689719826
766511,291593,-43.929116352022604
766511,4815812,-43.92918545873201
766511,2210204,-43.92922001163898
766511,4677678,-43.929289116557534
766511,1476000,-43.929323668569104
766511,2752348,-43.929323668569104
766511,940743,-43.929358220282225
766511,6111321,-43.929427322813105
766511,5678236,-43.92973826942977
766511,4771281,-43.929772817561805
766511,5135025,-43.92980736539543
766511,3240146,-43.93001464613133
766511,4815810,-43.93022191612645
766511,8836618,-43.93025646008147
766511,3757417,-43.930360090156654
766511,6437948,-43.93042917538192
766511,3180943,-43.930705504351664
766511,7679017,-43.930809122794024
1106293,7260300,-42.36132963583232
1106293,5997644,-42.49496466658705
1106293,6101864,-42.54289109761211
1106293,2582327,-42.54582702966484
1106293,2431595,-42.64946078745637
1106293,7300563,-42.83081503414499
1106293,8753851,-42.83185142887899
1106293,3445111,-43.05312927628805
1106293,2309385,-43.171223323033
1106293,8196725,-43.17167251858471
1106293,3196382,-43.17305434243318
1106293,3797882,-43.17319249856689
1106293,5942272,-43.23558906321791
1106293,2332032,-43.343160611639775
1106293,7861145,-43.45869805744597
1106293,5933474,-43.45893995077973
1106293,8199433,-43.45935459103648
1106293,7260335,-43.459423693567366
1106293,2332966,-43.45952734512539
1106293,7260308,-43.459907377860304
1106293,2912530,-43.59343877048483
1106293,3117642,-43.64146883307477
1106293,2332862,-43.641745250361325
1106293,6907148,-43.643057971678914
1106293,5933431,-43.74613822193502
1106293,2309383,-43.74624189856762
1106293,2332752,-43.74644924377151
1106293,3445106,-43.74648380026057
1106293,2332751,-43.746691132925875
1106293,1867605,-43.74676024142622
1106293,2332637,-43.746967559763576
1106293,653991,-43.747174867356264
1106293,2501017,-43.748211244188674
1106293,7504023,-43.749350948650296
1106293,8199430,-43.863990375645045
1106293,6101861,-43.86433594799947
1106293,2343965,-43.864474168582255
1106293,2321816,-43.864646937594436
1106293,7349666,-43.86471604310992
1106293,4893045,-43.86478514743153
1106293,3730077,-43.86499245323355
1106293,6658101,-43.865096102105724
1106293,4009272,-43.86523429642423
1106293,253998,-43.865268844257855
1106293,2333201,-43.86526884425786
1106293,1907403,-43.865372485968464
1106293,8817834,-43.86557976133385
1106293,3911597,-43.86564885073553
1106293,5591316,-43.866788653609156
1106293,7349671,-43.86716851573675
1106293,4698715,-43.928390659480996
1106293,4696930,-43.929150905526555
1106293,7873114,-43.92922001163898
1106293,5072007,-43.929841912930684
1106293,1301696,-43.93008373732306
1106293,3806312,-43.93032554709657
1106293,6497220,-43.930463717547106
1106293,3898882,-43.93111996201691
1106293,7745446,-44.15118859663863
1106293,4675054,-44.15132684588475
1106293,7260306,-44.15149965072332
1106293,8192781,-44.15160333004319
1106293,4675051,-44.1516378892193
1106293,4979774,-44.15167244809683
1106293,8441356,-44.15170700667578
1106293,6128010,-44.15170700667578
1106293,8790253,-44.151741564956154
1106293,1865166,-44.151741564956154
1106293,1865174,-44.151741564956154
1106293,7260323,-44.151776122937974
1106293,2422081,-44.151776122937974
1106293,3855108,-44.151810680621224
1106293,8358872,-44.15184523800592
1106293,4386067,-44.151845238005926
1106293,4397535,-44.151879795092064
1106293,3684842,-44.15191435187967
1106293,2814715,-44.15198346455926
1106293,4938105,-44.15198346455926
1106293,3898219,-44.15201802045125
1106293,3383397,-44.15201802045125
1106293,7890245,-44.15201802045125
1106293,5439195,-44.15205257604472
1106293,8494408,-44.15212168633611
1106293,4065582,-44.152121686336116
1106293,7734702,-44.152156241034035
1106293,7260336,-44.152156241034035
1106293,2332861,-44.15225990333681
1106293,8199428,-44.152294456840764
1106293,2596690,-44.1523981155617
1106293,3223239,-44.152432667871736
1106293,2284045,-44.152432667871736
1106293,2332756,-44.15243266787174
1106293,4469040,-44.15246721988332
1106293,6424923,-44.1525363230111
1106293,7260305,-44.15257087412731
1106293,3591294,-44.152605424945094
1106293,7974192,-44.15277817455751
1106293,2887717,-44.152881820743985
1106293,8012759,-44.152881820743985
1106293,3553097,-44.15291636887601
452431,996347,-39.953487665310654
452431,489111,-40.046702016190125
452431,3399113,-40.05933179007474
452431,154488,-40.12735738487267
452431,8720583,-40.29753281030514
452431,7520147,-40.687491385837546
452431,1036665,-40.687940449497106
452431,1466204,-40.77890195135241
452431,4889896,-40.80133610556278
452431,4643486,-40.88583765243324
452431,5450907,-40.954623261084954
452431,470914,-40.97434428521375
452431,3466597,-41.021570107173815
452431,8836185,-41.06329013207545
452431,4915373,-41.092541928893176
452431,3793444,-41.11039721243097
452431,1036667,-41.15784045314214
452431,7519416,-41.2209279339197
452431,1466203,-41.226522431718585
452431,1898634,-41.26164626255509
452431,2004960,-41.26185359163822
452431,129265,-41.263408217316886
452431,6281529,-41.26378814504456
452431,2765214,-41.28992080540664
452431,6281528,-41.29168271451544
452431,5121285,-41.33912560625106
452431,2644506,-41.33922925870439
452431,710860,-41.36105550388861
452431,5450903,-41.444866167773796
452431,8802016,-41.44562615119463
452431,4915381,-41.446075164445304
452431,182811,-41.468064465478065
452431,2220518,-41.47200047095655
452431,3461995,-41.512926134943996
452431,8438344,-41.51306435672085
452431,8147865,-41.514411768795526
452431,3399114,-41.51451539708087
452431,129271,-41.53160115135185
452431,5450900,-41.627325914112
452431,8653158,-41.647528621429515
452431,630502,-41.647666806199844
452431,5642858,-41.647943161420045
452431,5157802,-41.64825403822231
452431,3717859,-41.66697314530407
452431,4556044,-41.696387878580836
452431,938099,-41.69659515036601
452431,1512773,-41.69680241141134
452431,1193055,-41.731926328190326
452431,6178017,-41.732271846814
452431,1036664,-41.73337730588882
452431,976172,-41.75415730324635
452431,6069847,-41.78565456042589
452431,1036671,-41.78641457010103
452431,7056952,-41.78755431392541
452431,5917624,-41.80088464617334
452431,2610526,-41.80112651443296
452431,182808,-41.80147201515008
452431,323699,-41.80147201515008
452431,5450908,-41.801921121472155
452431,5851099,-41.803130003308844
452431,3627601,-41.80819624252889
452431,6709585,-41.80878370791916
452431,5450905,-41.80971656388783
452431,2069991,-41.80985474627133
452431,4889902,-41.81033834702495
452431,343316,-41.849191029943924
452431,3698287,-41.849329258885625
452431,1046416,-41.84964025654034
452431,3168072,-41.85019308156346
452431,4942882,-41.851436658584575
452431,2570401,-41.85150573486206
452431,6216471,-41.85174749243972
452431,3685146,-41.85219643203623
452431,4769355,-41.875718179235136
452431,4942886,-41.91991141996377
452431,1441986,-41.954758887223036
452431,3046441,-41.95510443270999
452431,388752,-41.95589907406591
452431,8802012,-41.95610634585109
452431,7100044,-41.95634814935991
452431,1458543,-41.9563826915251
452431,4942889,-41.9563826915251
452431,5157803,-41.95645177496061
452431,1562061,-41.95731521724933
452431,2644507,-41.95745335072081
452431,4176155,-41.98417358826775
452431,2447680,-41.984760815219076
452431,1948854,-42.031512586737875
452431,2004963,-42.031581701805834
452431,4889897,-42.033723676792455
452431,8397814,-42.0431868110491
452431,6985970,-42.05130057856714
452431,8622053,-42.05168073607358
452431,6281526,-42.05382276656234
452431,5642853,-42.072023548672995
452431,938092,-42.072472810199834
452431,3707589,-42.073094781331264
452431,8312549,-42.07354392256506
452431,7043119,-42.07382029210579
452431,2644510,-42.07395846971585
1109818,2972502,-41.55102120812279
1109818,7826068,-41.75519383226201
1109818,7826065,-41.84137600752807
1109818,5081535,-42.0421503626066
1109818,5128176,-42.162454954630306
1109818,8670826,-42.44906642335017
1109818,8164328,-42.61105460977617
1109818,2284614,-42.63080075319281
1109818,5173996,-42.68747744679517
1109818,3229195,-42.76686383632565
1109818,3152566,-42.76945393963176
1109818,5662131,-42.76948846301488
1109818,7787524,-42.76948846301488
1109818,1324668,-42.83088413548211
1109818,2656890,-42.83192051231452
1109818,4286451,-42.83219683412592
1109818,2551120,-42.83264581636137
1109818,4158623,-42.899496934841444
1109818,521617,-42.899635147066334
1109818,6844535,-42.902398389149866
1109818,6216758,-42.94928902945969
1109818,922931,-42.975159519246944
1109818,1660195,-42.97571212469617
1109818,1042653,-42.97571212469617
1109818,3244375,-42.975746660002045
1109818,226116,-43.05309471800767
1109818,7920101,-43.05326750642396
1109818,3836265,-43.05399313627698
1109818,6646630,-43.05585843739283
1109818,4788453,-43.081507496667314
1109818,5113768,-43.14214452286077
1109818,3244382,-43.14221360391011
1109818,6844536,-43.142282683766425
1109818,7787530,-43.142282683766425
1109818,6007962,-43.14297341672215
1109818,7225312,-43.17129243332438
1109818,2709387,-43.17129243332438
1109818,6123256,-43.235001552147025
1109818,8649771,-43.23728199482198
1109818,6007961,-43.237834633673366
1109818,660368,-43.23876703863487
1109818,5752458,-43.239146845020215
1109818,2709384,-43.30427091018129
1109818,2930600,-43.30440914628858
1109818,2930601,-43.30461649149247
1109818,3382297,-43.30489293504626
1109818,887333,-43.3052384626239
1109818,1263712,-43.305342115077224
1109818,916628,-43.3415715553801
1109818,6718542,-43.342124342203924
1109818,3064761,-43.34253888219445
1109818,2879886,-43.34257342525453
1109818,2170343,-43.34271159451188
1109818,3824257,-43.342953379228575
1109818,5584454,-43.343160611639775
1109818,4479635,-43.343851308813946
1109818,4479636,-43.343851308813946
1109818,7697669,-43.38152257244609
1109818,3885946,-43.381833352634004
1109818,2038660,-43.459112722776865
1109818,4949472,-43.45928548731179
1109818,6424090,-43.45935459103649
1109818,776777,-43.45945824438514
1109818,256810,-43.45976918831606
1109818,7698173,-43.4606327946531
1109818,5662134,-43.460667335028646
1109818,3581316,-43.46097818498757
1109818,8709067,-43.46101272238077
1109818,8798519,-43.46128901079145
1109818,6356118,-43.46135807991237
1109818,3824261,-43.461737938760564
1109818,106335,-43.54664237098719
1109818,7716262,-43.546815113139324
1109818,6262072,-43.5471260302153
1109818,8798512,-43.54722966387035
1109818,2041534,-43.547471465291004
1109818,5979585,-43.54778233135538
1109818,987504,-43.54788594800831
1109818,7624204,-43.54850759156604
1109818,1254742,-43.54850759156604
1109818,8672039,-43.59233312043331
1109818,5891600,-43.592436788109296
1109818,5834964,-43.59254045309861
1109818,7383924,-43.59292053507568
1109818,340604,-43.593024187529004
1109818,1026539,-43.59316238662208
1109818,8789739,-43.59316238662208
1109818,5756295,-43.59326603280856
1109818,6249415,-43.59333512877422
1109818,916629,-43.59343877048483
1109818,5582660,-43.593715135251884
1109818,8516572,-43.64036297287264
1109818,8784126,-43.64039753563213
1109818,6267328,-43.64088138290978
1109818,3274556,-43.64115784079327
1109818,933253,-43.64115784079327
1109818,7953392,-43.64122695227873
1109818,8496031,-43.64126150757368
1109818,7148010,-43.641434279570824
1109818,707344,-43.64150338628022
1047902,4793518,-76.07415599883868
1047902,3893270,-76.2432693777743
1047902,4458881,-76.35815075875512
1047902,4209850,-76.64504675936256
1047902,4887380,-76.64655835764609
1047902,5931023,-76.76276932429758
1047902,7930254,-76.82936355695932
1047902,5931022,-76.82972626692097
1047902,3870188,-76.9323055257942
1047902,6275905,-76.93496588134647
1047902,4978061,-77.0093270407862
1047902,5931014,-77.1173478890176
1047902,6211611,-77.2991858241762
1047902,3578817,-77.33777063390237
1047902,5321215,-77.33789158109165
1047902,4907907,-77.33819393992252
1047902,1335199,-77.33910093806227
1047902,4983543,-77.34024963369075
1047902,1283678,-77.34133769780236
1047902,4458875,-77.45597697557889
1047902,3969860,-77.45863717028878
1047902,2961955,-77.52112017520065
1047902,3724600,-77.52154341906267
1047902,5931021,-77.52190617914877
1047902,8777662,-77.62605742140416
1047902,5931017,-77.62714577686668
1047902,5988399,-77.62793170614252
1047902,4983548,-77.70495319972201
1047902,6211610,-77.70495319972201
1047902,8829166,-77.74232857147416
1047902,5406763,-77.74299384136256
1047902,3861721,-77.74311479273146
1047902,4458874,-77.74341716201079
1047902,4824533,-77.74353810606553
1047902,2819943,-77.74384045706053
1047902,7718304,-77.74396139380198
1047902,4458876,-77.7446265085348
1047902,5672414,-77.74535201617485
1047902,4793515,-77.7457147417989
1047902,5439176,-77.80716949585354
1047902,3724603,-77.80783473700396
1047902,2819937,-77.80940687390742
1047902,6274570,-77.80989053731243
1047902,4575140,-77.8106159697658
1047902,6154863,-77.8106159697658
1047902,4575135,-77.92821765435674
1047902,8216248,-78.03007112561944
1047902,8839900,-78.03031304716775
1047902,2819938,-78.03031304716775
1047902,8216249,-78.03049448284233
1047902,4907903,-78.03061543734616
1047902,4824537,-78.03073638976004
1047902,3279340,-78.03103876165159
1047902,4434610,-78.03109923446257
1047902,4434607,-78.03115970675117
1047902,1819929,-78.03134112048245
1047902,8829163,-78.03170393384099
1047902,6211607,-78.03218765573564
1047902,4537516,-78.03285271876598
1047902,4907900,-78.03309454420258
1047902,4983540,-78.03327590779773
1047902,4575139,-78.06174904698126
1047902,8216250,-78.14749126327598
1047902,8778402,-78.14779367958232
1047902,3578814,-78.14791464244672
1047902,8829164,-78.1479751230951
1047902,5240054,-78.14827751849872
1047902,6580611,-78.14845894947072
1047902,5321213,-78.14870085011869
1047902,3520615,-78.14882179730799
1047902,1577416,-78.1490032141737
1047902,4956714,-78.1490032141737
1047902,2129923,-78.14912415613884
1047902,7575513,-78.14960790310482
1047902,194565,-78.15087757985896
1047902,5009327,-78.15111939694164
1047902,3809163,-78.15148210690329
1047902,3251321,-78.15208658174456
1047902,5069718,-78.15226791401867
1047902,7615767,-78.21293699414012
1047902,4857621,-78.21402549063494
1047902,6580610,-78.21463013778052
1047902,2129917,-78.21463013778052
1047902,8226808,-78.21571837104464
1047902,4793519,-78.21577882348801
1047902,7930252,-78.21716908561311
1047902,7938245,-78.28289742642512
1047902,4208469,-78.28295789453468
1047902,5931018,-78.28356254690311
1047902,5931019,-78.28368347110957
1047902,5931015,-78.28452988206902
1047902,3178337,-78.31829750979794
1047902,1418304,-78.31878130691436
1047902,7575518,-78.31914413280984
1047902,503759,-78.31950693990021
1047902,7939187,-78.31950693990021
1047902,4147898,-78.31962787141842
1047902,3809165,-78.32017203739795
1047902,4793520,-78.3202324976734
1047902,4147897,-78.3202324976734
306076,6414937,-115.2060955346404
306076,211461,-117.51575739793763
306076,211462,-117.9761199882679
306076,4143927,-117.97768860127962
306076,4143929,-117.9880675781027
306076,6414936,-118.50193240064475
306076,6163017,-118.61686621205124
306076,6385398,-118.74470836125556
306076,3256033,-118.99071421733392
306076,2874001,-119.03163043059796
306076,6385397,-119.03229543619025
306076,4078388,-119.19365506133059
306076,2335737,-119.66535844596204
306076,6414933,-119.66697329218752
306076,6152152,-119.76474453941007
306076,1663914,-119.8153284226207
306076,4143926,-119.8832876372537
306076,6414938,-119.88366764865407
306076,408786,-120.15081982143542
306076,6152153,-120.1701146360521
306076,6549966,-120.3120038978222
306076,6150716,-120.46349594441567
306076,378151,-120.46548997958004
306076,4143928,-120.47249927722075
306076,8249943,-120.64496280404394
306076,3432676,-120.64666267835537
306076,2146382,-120.6964027397638
306076,8236527,-120.79824822583352
306076,8249938,-120.80252311415731
306076,6150715,-120.80385274065476
306076,378149,-120.80584687910175
306076,539523,-120.81675170116091
306076,539515,-120.82755923547121
306076,3233031,-120.86829629380084
306076,6152151,-120.87105003272798
306076,2912503,-120.87948415529343
306076,4308924,-120.91821641197447
306076,1106769,-120.92049610629637
306076,670538,-120.97014241725887
306076,3295471,-120.98218493570283
306076,6894608,-120.98294492568508
306076,796183,-120.98379985165667
306076,6311155,-120.98607932945723
306076,1975882,-121.05364758267511
306076,1662942,-121.08631035563943
306076,2193180,-121.08631035563943
306076,3169818,-121.0891603673145
306076,3298059,-121.11543131854633
306076,1857399,-121.16507648990601
306076,1674399,-121.29974778874836
306076,8249935,-121.32605619141577
306076,3247369,-121.33971486467978
306076,8782663,-121.37646248087091
306076,4143933,-121.37912191756683
306076,4618779,-121.3904047577108
306076,6155293,-121.40453836606304
306076,3169822,-121.40472834879188
306076,3432675,-121.4927255496878
306076,5291339,-121.49396053874258
306076,3169816,-121.4942455165273
306076,6776849,-121.49538535384245
306076,7069708,-121.49538535384245
306076,130843,-121.52156143799009
306076,6161448,-121.52384117168393
306076,8249937,-121.52469595002478
306076,6662213,-121.57168150423199
306076,7738432,-121.60851331008142
306076,5530256,-121.61117359667978
306076,7020789,-121.63508011915174
306076,4264405,-121.67381197875703
306076,6424595,-121.67409702054154
306076,3693321,-121.67419203282836
306076,992029,-121.67419203282836
306076,800567,-121.67428704429452
306076,7396216,-121.6747620893159
306076,2857846,-121.67504710648176
306076,6471367,-121.67561711865939
306076,6876727,-121.67599711036873
306076,7815200,-121.74460999014636
306076,2654273,-121.78135762602655
306076,7696385,-121.78401720050758
306076,3256034,-121.79216509059643
306076,796184,-121.80933850877943
306076,4009454,-121.85708364610988
306076,3158158,-121.89467492985051
306076,6019960,-121.8956252374052
306076,4032027,-121.89648044401581
306076,5346079,-121.89762061607917
306076,5693668,-121.89885566913156
306076,5696962,-121.92740653452593
306076,3256038,-122.08051221458992
306076,1473620,-122.08060721867075
306076,3429286,-122.08098722678915
306076,5862205,-122.08136722178016
306076,1640207,-122.08222216251768
306076,2831094,-122.08222216251768
306076,6046073,-122.08269710088368
306076,4440218,-122.13685066509885
306076,5555405,-122.14714063598855
306076,1147039,-122.15330460944716
551040,8147204,-96.22925111830212
551040,8265043,-97.21349935187713
551040,5809988,-97.2459039669865
551040,224179,-97.31475710357014
551040,8486072,-97.32879598503132
551040,5107712,-97.39333450616888
551040,1234253,-97.39527706681669
551040,224175,-97.66581218089891
551040,6251928,-97.66845380111158
551040,5809996,-97.95124049383492
551040,5146155,-98.17174098747519
551040,5930515,-98.30783771186113
551040,5809991,-98.35911477234798
551040,4283635,-98.42593164714013
551040,1247060,-98.60786457772768
551040,7930522,-98.76310336864722
551040,6263020,-98.76776521242428
551040,1515274,-98.82461039590332
551040,166388,-98.82499910603359
551040,6256895,-98.84621238112715
551040,8088537,-98.86473266987952
551040,1876526,-98.94122720042836
551040,501417,-98.98554743507555
551040,8129738,-99.00285012907966
551040,3796910,-99.04767620317685
551040,6617685,-99.04790943328426
551040,6251932,-99.05063000471135
551040,1234259,-99.05086315828615
551040,6781490,-99.12047774311169
551040,224177,-99.156379106305
551040,3597841,-99.15785557986779
551040,7112386,-99.1687239104586
551040,26669,-99.27027552740132
551040,3149269,-99.2703532761433
551040,3042012,-99.27043102421365
551040,6487006,-99.27509467976024
551040,5334406,-99.38712552576132
551040,3065968,-99.39101254318372
551040,8047627,-99.41503995868422
551040,501415,-99.44336171199191
551040,1247052,-99.45166404689886
551040,8486075,-99.45205282419434
551040,7775211,-99.45259708419526
551040,224176,-99.45562878754889
551040,5373479,-99.63826123054125
551040,5373480,-99.63826123054125
551040,8632291,-99.67496311114658
551040,8486068,-99.67558513601053
551040,1731966,-99.67597387972052
551040,8486074,-99.67768415259191
551040,501422,-99.67900550451867
551040,192247,-99.68040437161184
551040,8147207,-99.74012365714809
551040,1315131,-99.74097887114664
551040,8129655,-99.74416577120711
551040,6666807,-99.74548683790609
551040,5334411,-99.84424008008448
551040,5334414,-99.84431784091811
551040,6251934,-99.84952628686494
551040,331995,-99.85744017818692
551040,4123543,-99.86148250172714
551040,3042013,-99.96350045670324
551040,5334408,-99.96474434523898
551040,6106097,-99.96629896418848
551040,3776989,-100.02850545618857
551040,6885275,-100.03060430960223
551040,7702608,-100.1453555109702
551040,7775213,-100.14551101449928
551040,2778702,-100.14558876525628
551040,1060831,-100.1456665153416
551040,7775210,-100.14574426475521
551040,323573,-100.14589976156755
551040,3646725,-100.1464439792548
551040,3213822,-100.14963087931527
551040,1430666,-100.25157126279049
551040,3380604,-100.25250415501634
551040,8817309,-100.25623475723386
551040,1802735,-100.28292912239162
551040,2272174,-100.2854934352897
551040,501419,-100.33070890205256
551040,5943303,-100.36826580195292
551040,5930514,-100.3683435560685
551040,5542813,-100.36881006665581
551040,1101719,-100.3689655648114
551040,1220557,-100.36904331288176
551040,6069542,-100.36966527326656
551040,1907110,-100.37090906510616
551040,5002219,-100.37168634772661
551040,458913,-100.43303758342199
551040,1897489,-100.43334858779339
551040,3213817,-100.43754609527552
551040,6251930,-100.43770152092597
551040,2857174,-100.50397405593408
551040,2018965,-100.50498456261354
551040,3498834,-100.50514001510986
551040,7775206,-100.50793770099718
551040,3213815,-100.54018622746813
551040,1804176,-100.55027633556696
551040,8632294,-100.55089837117877
551040,2859408,-100.55144261707441
1059231,4605023,-94.63461803831164
1059231,4215155,-94.63472241974004
1059231,2813725,-94.85854967507817
1059231,1710234,-95.47183977361345
1059231,1710230,-95.56707225904154
1059231,2845499,-95.6092015079362
1059231,3602584,-95.67080103784483
1059231,4638367,-95.70174446286337
1059231,4441004,-95.78081038929633
1059231,7052526,-95.85273404225539
1059231,7969541,-96.16235641157812
1059231,8732472,-96.44548038217386
1059231,8701200,-96.44669673151431
1059231,8229456,-96.4604405577949
1059231,7848674,-96.49744590222151
1059231,6068660,-96.50444843431538
1059231,2625279,-96.6579117210269
1059231,2876683,-96.67085071096614
1059231,3408312,-96.67240499431585
1059231,8732468,-96.68882664080559
1059231,2998052,-96.74998767364153
1059231,4193031,-96.76677083944732
1059231,7743652,-96.79049885443413
1059231,3633276,-96.80321621490117
1059231,7743650,-96.83754294882738
1059231,3556864,-96.85628056608401
1059231,5062380,-96.90214111849886
1059231,5270223,-96.95868822383243
1059231,5209990,-96.96978941472699
1059231,2588384,-96.9950601497401
1059231,7515679,-97.04088077712348
1059231,2814510,-97.0752276609964
1059231,4822786,-97.07678213226414
1059231,4817202,-97.12126158157122
1059231,5355610,-97.13999936994085
1059231,4594174,-97.15389860576127
1059231,3796098,-97.15615207339351
1059231,8712317,-97.17184728107014
1059231,1886062,-97.17239140945006
1059231,2651813,-97.20844812714637
1059231,6233392,-97.24769143142662
1059231,2768476,-97.25646092813126
1059231,3174074,-97.26011395142517
1059231,3174073,-97.26026936633981
1059231,3174075,-97.26026936633981
1059231,4817201,-97.28033298937565
1059231,7301296,-97.32278353836382
1059231,2791795,-97.32504100481744
1059231,2791789,-97.35611200246632
1059231,4091431,-97.36679540832074
1059231,2711018,-97.37416622377616
1059231,3593013,-97.37657585193914
1059231,8328704,-97.39146925340317
1059231,3043845,-97.40886232923951
1059231,4991376,-97.43948211481269
1059231,5406562,-97.4398707745843
1059231,6228920,-97.44142524585205
1059231,3862068,-97.44150296236812
1059231,4576224,-97.44642359772135
1059231,3589819,-97.46186110070448
1059231,72558,-97.47831471920597
1059231,2662421,-97.47882704911136
1059231,4895448,-97.47960447944546
1059231,7839325,-97.47968221878544
1059231,3460930,-97.4804595752557
1059231,7802850,-97.48216952318515
1059231,7515674,-97.48248038790723
1059231,4084311,-97.48364603499407
1059231,6292436,-97.48512230461083
1059231,3236685,-97.57169193865498
1059231,8719959,-97.57285803882894
1059231,3961542,-97.57402398793471
1059231,7848669,-97.57622403371664
1059231,3521832,-97.60010799254475
1059231,4573823,-97.61313587206999
1059231,3275937,-97.6147682572137
1059231,3613717,-97.62063759157739
1059231,4878566,-97.63130985558115
1059231,8669584,-97.6615373294668
1059231,4529005,-97.69040786653721
1059231,3272276,-97.69048560319136
1059231,3695322,-97.6907965430936
1059231,2951308,-97.69118520286521
1059231,2983795,-97.6912629328055
1059231,3247352,-97.69328367565288
1059231,8778628,-97.72576487309836
1059231,4878560,-97.72786376276932
1059231,5079501,-97.73146306900557
1059231,4566032,-97.73332851507841
1059231,8801999,-97.76619813062504
1059231,4287637,-97.76666461300249
1059231,3896899,-97.76689784512462
1059231,2770509,-97.76775297786519
1059231,2924997,-97.77830964893899
1059231,5065075,-97.7796313318843
1059231,6274724,-97.78673202117399
1059231,2662728,-97.7876720669428
1059231,2672795,-97.80790278834186
1059231,8795510,-97.80961235240815
1059231,983862,-97.83213602636592
182539,3760957,-40.634765017220715
182539,1924234,-41.09769939449605
182539,4518543,-41.24664762730592
182539,57444,-41.44379503690371
182539,36730,-41.44756000313723
182539,4185100,-41.50458031569713
182539,7037499,-41.60066312298218
182539,5828294,-41.64821949754851
182539,1243171,-41.66731869974638
182539,3025028,-41.66842427339931
182539,6282909,-41.66852790526438
182539,1924238,-41.668666076908124
182539,374133,-41.66880424377918
182539,1924235,-41.80216292706916
182539,6524924,-41.8511603415452
182539,5828295,-41.85129850245087
182539,57447,-41.91852946482902
182539,1990519,-41.91973870168022
182539,2403043,-41.92001504735423
182539,3693771,-41.921154771496894
182539,57448,-41.955138985616976
182539,1016580,-41.9561063458511
182539,6343418,-41.95620997771616
182539,4988197,-41.95662447832965
182539,4900275,-41.956762635656325
182539,7037507,-42.032169131671644
182539,3412552,-42.042703168529414
182539,48392,-42.04291045105555
182539,6446084,-42.04339406851473
182539,1628822,-42.07236913894139
182539,7014316,-42.08584581494591
182539,2857321,-42.12865600518872
182539,8180618,-42.13714955550246
182539,7640198,-42.14018927931023
182539,48389,-42.160624393730046
182539,1924236,-42.16079712394707
182539,57443,-42.20690257452942
182539,3693769,-42.24354660017594
182539,563693,-42.24371932890119
182539,2384731,-42.25603821255965
182539,2558328,-42.256176393749755
182539,1757620,-42.25697084297022
182539,5582712,-42.293361131271126
182539,7860336,-42.294224879336454
182539,36722,-42.29463941216696
182539,8020087,-42.361053254356676
182539,771921,-42.36115689964795
182539,696519,-42.3612950891922
182539,7365030,-42.361467819409214
182539,6105789,-42.36181325746807
182539,1774261,-42.36288392590831
182539,1642207,-42.38822208835986
182539,4352105,-42.38988050614942
182539,6350715,-42.390018676599965
182539,3629048,-42.39043315931726
182539,3462091,-42.39043315931727
182539,4283693,-42.449066423350175
182539,2801908,-42.44910096342745
182539,2857318,-42.46329755444987
182539,1525576,-42.47866354189275
182539,7842059,-42.47956175066098
182539,6444177,-42.49420459126821
182539,3976932,-42.49448099900428
182539,3462093,-42.494895574798605
182539,4111703,-42.49496466658705
182539,36729,-42.495033757182085
182539,172902,-42.495379192257786
182539,5850971,-42.5420962983611
182539,4827429,-42.54278743710028
182539,6508344,-42.54292565051909
182539,8580802,-42.54306385916233
182539,5549287,-42.54316751251098
182539,3760964,-42.54410027179855
182539,6207835,-42.5460341905253
182539,3883077,-42.546103241761315
182539,1627985,-42.611607535097576
182539,1627992,-42.611711200086894
182539,8623469,-42.61198762692459
182539,3689936,-42.61247132792885
182539,36721,-42.612644064113226
182539,48393,-42.612644064113226
182539,1563950,-42.61278224769013
182539,6844848,-42.61281679283847
182539,6105788,-42.61340401471873
182539,629610,-42.6135421720454
182539,8022917,-42.63342533456265
182539,1627991,-42.648044289559834
182539,7371262,-42.64852802816881
182539,6207838,-42.64966803776298
182539,8645860,-42.68637200681439
182539,1924233,-42.70741360249744
182539,405814,-42.72465976729782
182539,4447024,-42.72535086424317
182539,8394366,-42.72631819941224
182539,1007355,-42.726352742770636
182539,7197786,-42.72638728583072
182539,6480575,-42.72645637105599
182539,6081120,-42.74524259271141
182539,2635847,-42.746728162405596
182539,4938249,-42.76541264555589
1115569,8108289,-40.046632929175026
1115569,4303203,-42.74527714711084
1115569,4299967,-43.34284975899672
1115569,1627668,-43.64019015459536
1115569,8108287,-43.640812265453306
1115569,1743110,-43.746276456847994
1115569,5050869,-43.93046371754711
1115569,8296138,-43.931119962016915
1115569,6287324,-43.99928387522513
1115569,8108284,-44.15191435187967
1115569,110285,-44.152052576044724
1115569,3132958,-44.153676352296834
1115569,5186472,-44.15478152503028
1115569,5186471,-44.15485058818854
1115569,1360548,-44.33402856346974
1115569,7500714,-44.33420135188602
1115569,3288820,-44.334961532258376
1115569,5050870,-44.33506518202582
1115569,6290200,-44.335445208196084
1115569,333306,-44.335479754239486
1115569,4948545,-44.43942363740794
1115569,3813475,-44.439527310457706
1115569,3024289,-44.43987286788524
1115569,4948548,-44.44049479603652
1115569,3132957,-44.440909361089055
1115569,269217,-44.44125479914791
1115569,3872038,-44.441738362318254
1115569,4644488,-44.442532660640325
1115569,3769800,-44.556722829967136
1115569,8108283,-44.556930198461
1115569,6563746,-44.557379459987835
1115569,3769802,-44.55741401647689
1115569,4816379,-44.55741401647689
1115569,3083171,-44.55751768415289
1115569,581954,-44.55765590354163
1115569,7695602,-44.557794118154376
1115569,3403986,-44.55793232799148
1115569,3403985,-44.557966879704594
1115569,5026481,-44.55831238042172
1115569,5026480,-44.558346928852146
1115569,6256813,-44.55845057235306
1115569,1460717,-44.55855421316855
1115569,5895672,-44.55917600167534
1115569,5339106,-44.55921054264741
1115569,4213008,-44.55924508332121
1115569,4044810,-44.55934870355308
1115569,7306396,-44.84423208712819
1115569,2787845,-44.84433577719858
1115569,4042818,-44.84433577719858
1115569,3435496,-44.84443946458113
1115569,3596266,-44.8444740264447
1115569,7634763,-44.844646831283264
1115569,5208406,-44.844715951128435
1115569,7306398,-44.844715951128435
1115569,4802478,-44.844750510603134
1115569,7634758,-44.84478506977924
1115569,1627665,-44.844854187235725
1115569,5374353,-44.8448887455161
1115569,3663340,-44.844923303497914
1115569,967918,-44.844923303497914
1115569,8083702,-44.84495786118117
1115569,5208410,-44.844992418565866
1115569,781126,-44.84502697565201
1115569,1743112,-44.845061532439615
1115569,3578978,-44.845061532439615
1115569,1627667,-44.84509608892868
1115569,5731687,-44.84509608892868
1115569,5231846,-44.845130645119205
1115569,2649794,-44.845130645119205
1115569,5208409,-44.845130645119205
1115569,7634759,-44.8451652010112
1115569,7634761,-44.84519975660467
1115569,2103194,-44.84519975660467
1115569,5997026,-44.84523431189962
1115569,6755579,-44.84526886689605
1115569,5172234,-44.8453379759934
1115569,4046593,-44.8453379759934
1115569,2651647,-44.84540708389676
1115569,3417664,-44.845683503571045
1115569,3332968,-44.845821706245275
1115569,8203116,-44.84592535511745
1115569,8203120,-44.845994452873505
1115569,4387045,-44.846167192041705
1115569,62153,-44.84640901434557
1115569,7309163,-44.84654719195563
1115569,7989378,-44.84661627897073
1115569,2787840,-45.249455241285304
1115569,8056399,-45.24980088530674
1115569,1627662,-45.249870010527076
1115569,2365836,-45.24990457268929
1115569,3718346,-45.24990457268929
1115569,2365838,-45.24993913455286
1115569,8108288,-45.24997369611782
1115569,1514540,-45.25000825738414
1115569,4816381,-45.25000825738414
1115569,1360545,-45.25000825738414
1115569,2651641,-45.25007737902094
1115569,3810888,-45.25007737902094
1115569,2365845,-45.25007737902094
1115569,8056402,-45.25007737902094
351697,8303857,-78.5863740006841
351697,2857066,-82.81921919309238
351697,5876033,-83.87311773087875
351697,1716516,-84.7881650360737
351697,5332912,-84.9024930943497
351697,5620044,-85.026424954303
351697,6933311,-85.22010890537453
351697,8303858,-85.32626338621841
351697,5519651,-85.32785235326553
351697,470705,-85.33783626552534
351697,8586240,-85.3824783217681
351697,707151,-85.40446799362877
351697,707153,-85.40515878026248
351697,2538787,-85.4162209993751
351697,3061936,-85.4483980583787
351697,6712600,-85.51055158074162
351697,5519654,-85.55051233932203
351697,5519653,-85.55092682561818
351697,707147,-85.55765147194877
351697,77191,-85.56082898075461
351697,6283688,-85.5959167280163
351697,6325825,-85.59881890900257
351697,6522643,-85.82237697166845
351697,5707676,-85.82444920632607
351697,6945176,-85.83929966084517
351697,8302271,-85.84861327854935
351697,8303856,-85.85103141806852
351697,5735749,-85.95328276292896
351697,5662921,-86.0020729270984
351697,7622069,-86.08867980303229
351697,77199,-86.09144292573377
351697,5174361,-86.10867725608307
351697,1985110,-86.12172161023358
351697,8679804,-86.13733178601164
351697,5332911,-86.18425627047354
351697,8697560,-86.1844635897063
351697,7513165,-86.18453269492332
351697,6887376,-86.19437571333494
351697,2144452,-86.2267366684409
351697,5876035,-86.2286019614774
351697,5551623,-86.25552935807822
351697,7377615,-86.27700149858534
351697,1779706,-86.40636314502642
351697,5519658,-86.40843636422913
351697,8302273,-86.40981821193567
351697,5707677,-86.41168332780151
351697,4829094,-86.41265025375513
351697,915793,-86.42598107667594
351697,8433498,-86.47442581919341
351697,6294273,-86.47470215770814
351697,4697404,-86.47504756742886
351697,4178410,-86.47560019196389
351697,727465,-86.47867290939246
351697,5396738,-86.4998327858906
351697,4376461,-86.51794170714902
351697,6325823,-86.5610226705126
351697,8302274,-86.56839106209755
351697,7363839,-86.58648485440372
351697,7432677,-86.59061972312371
351697,1321936,-86.59061972312371
351697,6494438,-86.59400488459545
351697,5519655,-86.61054602748021
351697,362312,-86.64636083707799
351697,67412,-86.65085151256757
351697,6462729,-86.69418344880835
351697,7334753,-86.69445990430337
351697,6433264,-86.69494367843282
351697,2109693,-86.6952892134723
351697,1104174,-86.6994344702687
351697,362309,-86.73807009065884
351697,5519657,-86.76079515333059
351697,8421845,-86.76162427627472
351697,6003764,-86.76217697716876
351697,1451027,-86.76259147778197
351697,3009198,-86.76355856236852
351697,5519650,-86.76476580894303
351697,362304,-86.76621680542748
351697,1716512,-86.76718399023002
351697,1384924,-86.78534065544535
351697,5085031,-86.80230808960489
351697,6997822,-86.80265353810505
351697,2915793,-86.91767256799862
351697,2429298,-86.91967656736989
351697,2729377,-86.91995294168439
351697,8302272,-86.92009112526128
351697,8302276,-86.92022930645135
351697,6715580,-86.98262575088461
351697,816178,-87.01535648910624
351697,5867467,-87.0357320472087
351697,1026886,-87.03932494438789
351697,1176906,-87.0528624786741
351697,77194,-87.05576405816687
351697,551795,-87.07171011428187
351697,5269134,-87.0996485569165
351697,4089047,-87.10075432158044
351697,1176902,-87.10282721846544
351697,8302269,-87.10282721846544
351697,1769975,-87.10386346552545
351697,77196,-87.10400162165915
351697,8634966,-87.10420885138628
904965,7844340,-73.746195102628
904965,7236949,-74.8520172952715
904965,4300610,-75.27637508851647
904965,7721961,-75.28873715398332
904965,1115008,-75.323532797042
904965,2836126,-75.32528616018304
904965,7664031,-75.66222169667364
904965,8731387,-75.73044899563259
904965,8515211,-75.7319602284158
904965,7500220,-75.78863508326135
904965,7500221,-75.78869552996247
904965,2747324,-75.79986504518695
904965,7973344,-75.8359304219202
904965,8731394,-75.84490617028194
904965,4352727,-75.9527461140558
904965,7293321,-75.95292750114882
904965,2836119,-75.95316934329502
904965,2747325,-75.95383436611789
904965,6111058,-75.99941918499545
904965,6611794,-76.09352008095192
904965,1303233,-76.13379782957642
904965,4204910,-76.13482581408076
904965,4448470,-76.13549090008897
904965,6925630,-76.22274411086971
904965,5621437,-76.22334865879779
904965,5621436,-76.22334865879779
904965,5621434,-76.22340911071909
904965,8235133,-76.23909787085594
904965,4853166,-76.24073049571813
904965,3167382,-76.24079095599357
904965,8515215,-76.24133507497453
904965,2388900,-76.31793337482283
904965,5910434,-76.34073531276343
904965,7290802,-76.35833214741488
904965,5285827,-76.35833214741488
904965,7290810,-76.35833214741488
904965,4876605,-76.35881582752978
904965,6497724,-76.37492692265288
904965,4346695,-76.42317297254075
904965,6025594,-76.49156122299516
904965,6656539,-76.49156122299516
904965,3571642,-76.49428160647393
904965,8731396,-76.5392024633063
904965,7721965,-76.53938388487389
904965,1410385,-76.53938388487389
904965,223229,-76.53938388487389
904965,4248171,-76.53962577298337
904965,3221883,-76.5399281213665
904965,6564381,-76.54156057701042
904965,3051215,-76.64504675936257
904965,155518,-76.64516769923816
904965,7203968,-76.64637698308601
904965,7225593,-76.64722335749543
904965,4440999,-76.64788829417584
904965,6315923,-76.64813007367296
904965,17337,-76.64867404700992
904965,4204909,-76.67382231481345
904965,2088096,-76.71145961380579
904965,6315927,-76.71272903837998
904965,5944326,-76.71327300702004
904965,3955527,-76.71514635328518
904965,4922361,-76.76476458233422
904965,4922362,-76.76482503582174
904965,7292065,-76.77882002964887
904965,8120993,-76.8192509223717
904965,3576722,-76.82621928311278
904965,4110260,-76.82688453575808
904965,1338511,-76.82706595732566
904965,395857,-76.82748925603212
904965,137132,-76.82748925603214
904965,567611,-76.82960536568864
904965,1558764,-76.83051207403636
904965,6909758,-76.93170075849964
904965,7296536,-76.93303117758566
904965,8731390,-76.93333351029854
904965,7820502,-76.93496588134647
904965,2144708,-77.00926656693032
904965,4488516,-77.00975034314946
904965,4166885,-77.01337759947037
904965,5013345,-77.04960475179493
904965,816999,-77.04960475179493
904965,155524,-77.04972570734378
904965,324904,-77.04984666080261
904965,7543155,-77.05002808707228
904965,5539003,-77.05063280734633
904965,1046856,-77.05087468082925
904965,3522848,-77.05117701093059
904965,5285828,-77.05117701093059
904965,4768970,-77.05117701093059
904965,3522847,-77.05117701093059
904965,8237967,-77.05117701093059
904965,6568537,-77.05123747538396
904965,7810026,-77.05123747538396
904965,3104757,-77.05123747538396
904965,6568534,-77.0513584027239
904965,1324019,-77.05147932797483
904965,5526717,-77.05190254990303
904965,955951,-77.05226529119085
904965,955950,-77.0523862007764
904965,1505234,-77.05268846560361
292906,8298540,-84.30295374956368
292906,3973269,-85.31231122960325
292906,1520641,-86.35943890231533
292906,3405923,-86.4239083230111
292906,5622635,-86.45066427799487
292906,6667426,-86.5803390023356
292906,4450367,-86.69770754095816
292906,6105360,-86.91864007864673
292906,5622636,-86.92105834347377
292906,6706576,-86.93680670044192
292906,4479880,-86.98601135090752
292906,6706573,-87.03994662820153
292906,6975505,-87.05237877975927
292906,4916274,-87.2048708412442
292906,3007467,-87.20625304707536
292906,2427099,-87.23587498318966
292906,3007465,-87.38774530902835
292906,8634904,-87.38802175019393
292906,7715363,-87.46212706097192
292906,3892275,-87.49656065286217
292906,6245156,-87.52417885757191
292906,2018948,-87.52514600896684
292906,652444,-87.61151083953249
292906,7715364,-87.61572520214285
292906,8816758,-87.67936576656273
292906,6975502,-87.74524954780804
292906,5462915,-87.74828956028104
292906,8307530,-87.78161719197892
292906,8307529,-87.78251549772341
292906,8738071,-87.79410881600063
292906,6706582,-87.79707972445047
292906,3118851,-87.79839210006914
292906,5825223,-87.86051292016295
292906,4450366,-87.86496727051234
292906,391484,-87.89850182101036
292906,4188999,-87.8989855909606
292906,8816757,-87.93040388019028
292906,8552996,-87.93171628980318
292906,3313434,-88.00471908922871
292906,6706574,-88.02146658434948
292906,6450500,-88.03825088422133
292906,8634901,-88.08013222712438
292906,8615225,-88.08455456001755
292906,2756366,-88.08496902841873
292906,6447803,-88.15237298774399
292906,3902143,-88.15313294162918
292906,3185183,-88.16997694251593
292906,5261670,-88.18618389346211
292906,6764461,-88.18694409025002
292906,4299730,-88.18943150206626
292906,3865392,-88.19784614442855
292906,8219508,-88.20275206407513
292906,8167580,-88.26963883397124
292906,4133304,-88.30244631879623
292906,4988512,-88.3040360409025
292906,5514886,-88.30431248206808
292906,7743728,-88.30486533574347
292906,4711700,-88.30583273775201
292906,2512180,-88.30673093488133
292906,8265547,-88.30742178713436
292906,3185181,-88.30769811133176
292906,983218,-88.30845795366506
292906,5801706,-88.30852702666225
292906,391481,-88.3675378225842
292906,6388785,-88.3694729609042
292906,4531432,-88.42223373472515
292906,3874048,-88.42278657884924
292906,6010544,-88.42479031859811
292906,4189002,-88.48635759769645
292906,4216020,-88.48787790590897
292906,6193189,-88.4903650599512
292906,6424246,-88.49153928062908
292906,531183,-88.57592569105485
292906,188727,-88.59455118255656
292906,4496329,-88.59510385958615
292906,6609114,-88.59572557560902
292906,6197389,-88.62279114624003
292906,104046,-88.62431090308353
292906,4488696,-88.62583037127422
292906,3423417,-88.68301325532285
292906,603547,-88.70970848078038
292906,762985,-88.7106068563628
292906,8738393,-88.71122874959612
292906,531188,-88.71157422494866
292906,4980897,-88.71191968538271
292906,6609112,-88.71212695448278
292906,6396578,-88.71233421821294
292906,3595490,-88.7127487295646
292906,7874498,-88.77369410525759
292906,1479141,-88.77410878133517
292906,2655854,-88.77777082013554
292906,5801711,-88.79927650788916
292906,8738070,-88.83327115992618
292906,1479140,-88.84344719980145
292906,365893,-88.84351630740632
292906,1856499,-88.84372362663908
292906,7579893,-88.88340764806081
292906,760804,-88.89154625508624
292906,5230808,-88.89182270580461
292906,7290559,-88.89479394784385
662372,6235728,-127.09062000127811
662372,5765671,-127.78148815663243
662372,5556969,-128.0827323157893
662372,8610897,-128.1907746066548
662372,8322043,-128.29344033309084
662372,568145,-128.4729669363013
662372,2644830,-128.81363025760427
662372,5765673,-128.87066039098227
662372,4271347,-128.96130841242308
662372,4442962,-129.17068302017492
662372,6235730,-129.4315191703475
662372,3593475,-129.53781236249858
662372,1976207,-129.55842067131604
662372,1976208,-129.5585242915479
662372,4375380,-129.59810371918434
662372,4325840,-129.6304181663126
662372,5384232,-129.64513110018066
662372,7425048,-129.6488617668083
662372,1054039,-129.66740654325545
662372,4792042,-129.67237106459316
662372,7425043,-129.8233187670273
662372,1935781,-129.85045347299058
662372,7995796,-129.87034738725214
662372,3454262,-129.92409994696033
662372,5384306,-129.9328111685412
662372,7575674,-130.00377600961292
662372,6348241,-130.0179689768815
662372,6394120,-130.01890172005375
662372,4792039,-130.05505214764943
662372,5546008,-130.07452958223396
662372,3554445,-130.1107936124359
662372,1418377,-130.11461648954167
662372,6412119,-130.15916931178302
662372,4325848,-130.18298945594796
662372,8236618,-130.1862003366706
662372,5765668,-130.19448770135912
662372,434701,-130.26556596265715
662372,3416706,-130.26959432760887
662372,3416707,-130.26969796663417
662372,4909905,-130.2730139429253
662372,7569434,-130.29415126866152
662372,3195922,-130.32844662450287
662372,4792044,-130.4470586184354
662372,5090475,-130.4939732924247
662372,4629253,-130.52308707748435
662372,5183234,-130.52422689019332
662372,2169749,-130.55903774324833
662372,1720748,-130.61248990301607
662372,5675876,-130.61934059134398
662372,804544,-130.6267894904581
662372,3440946,-130.63010546674926
662372,1875708,-130.64419362986962
662372,5516936,-130.67009855309664
662372,6394123,-130.6942295409576
662372,4792045,-130.70324202045694
662372,7542614,-130.72078403372842
662372,4679103,-130.74705959423278
662372,4328425,-130.78684537301228
662372,3440944,-130.78757073342595
662372,7340045,-130.78767435276308
662372,5675871,-130.78839966307086
662372,4282718,-130.83335497854597
662372,4178061,-130.8505548571278
662372,475231,-130.85283457113422
662372,3440952,-130.85324901806348
662372,1094841,-130.86630321409598
662372,8333110,-130.8797620214231
662372,2673170,-130.90535376908235
662372,5691019,-130.92203479514689
662372,2797919,-130.9449222720049
662372,1140788,-130.9655394699074
662372,6235727,-130.99288345642356
662372,4167138,-130.99713137244206
662372,189804,-131.03069991919511
662372,4792046,-131.0543226552951
662372,3482675,-131.07121095366938
662372,3081551,-131.07141826126207
662372,6064211,-131.07411293411243
662372,1958008,-131.0784645893433
662372,3554446,-131.09865846911515
662372,3593474,-131.1023874402594
662372,5800915,-131.10342368284444
662372,6004701,-131.11803216804728
662372,4629249,-131.16682233221673
662372,8243037,-131.1669234486875
662372,6394118,-131.167962203982
662372,7808214,-131.18764640267068
662372,3416712,-131.19293222130227
662372,2946802,-131.20464070347995
662372,1781161,-131.20505516472357
662372,4792040,-131.21509433706072
662372,6412120,-131.21581975385175
662372,8248182,-131.21602700773775
662372,5183231,-131.2381984484647
662372,6631390,-131.25259958197444
662372,6412121,-131.28408720854765
662372,4629245,-131.28688500313834
662372,1404483,-131.3172417654148
662372,7425045,-131.32159477370212
662372,8220334,-131.3219034376833
364142,2654727,-51.7429613552276
364142,2921860,-51.85363140335021
364142,4536609,-52.00752307397394
364142,8652171,-52.1125813952689
364142,1211754,-52.258189920539934
364142,3463600,-52.344467270179244
364142,6914910,-52.51701026973721
364142,42041,-52.517398882519316
364142,734269,-52.54664908098554
364142,3989144,-52.593064430237945
364142,2171777,-52.61499438753161
364142,6358882,-52.66235961354667
364142,3463598,-52.663007363049886
364142,2749370,-52.815560108948915
364142,3433353,-52.815819268064025
364142,4408764,-52.81966188503201
364142,7804823,-52.885762274732166
364142,8652170,-52.88623727462456
364142,1543906,-52.922691277564304
364142,6489636,-52.92316622413318
364142,1897488,-52.95012805744751
364142,5206971,-53.000343135160236
364142,1211750,-53.039912954559426
364142,120167,-53.10639437184558
364142,1211753,-53.17383298681588
364142,3280473,-53.174351126005796
364142,2370843,-53.21045970729343
364142,8652173,-53.286816216164056
364142,4934770,-53.28785251244488
364142,42049,-53.30749391927175
364142,5939667,-53.30749391927175
364142,7319382,-53.32569457606315
364142,8705162,-53.32625614811992
364142,2944654,-53.32737910305095
364142,4408763,-53.356931732260996
364142,8648050,-53.390967447971164
364142,1822196,-53.3924358260286
364142,4564973,-53.39321302810271
364142,4759275,-53.44745045838667
364142,908168,-53.46879229312958
364142,2171785,-53.46974230522352
364142,3833226,-53.509009640503905
364142,2654729,-53.51000295077842
364142,4536610,-53.51021886168498
364142,4993676,-53.510391583697555
364142,3728083,-53.5109097139387
364142,6599093,-53.614024610674846
364142,3125836,-53.614758866292135
364142,3485500,-53.61475886629214
364142,3280470,-53.61519073099784
364142,257285,-53.61566573909492
364142,5939669,-53.61566573909492
364142,425878,-53.64418204815412
364142,2921865,-53.644268402448525
364142,6237293,-53.64482966901187
364142,1623850,-53.6450455239919
364142,7985120,-53.645908850737314
364142,4693615,-53.69124481316489
364142,2654732,-53.69184947075667
364142,1940755,-53.69184947075667
364142,3457325,-53.69266996054773
364142,2654731,-53.69349031572018
364142,6308350,-53.7132180969747
364142,2130954,-53.73150527443962
364142,2213871,-53.731807646331234
364142,8414799,-53.731850840823064
364142,7873648,-53.73206680768514
364142,4759280,-53.73314650209264
364142,1350927,-53.73344877475131
364142,3389245,-53.733751029137316
364142,2831843,-53.73405326525291
364142,6509624,-53.73448499944307
364142,8800197,-53.79777138871165
364142,1211758,-53.866332417872606
364142,6156960,-53.86698016737583
364142,5939666,-53.86710970720716
364142,4408762,-53.86710970720716
364142,425870,-53.86728242176185
364142,6332168,-53.86736877680195
364142,7041208,-53.86758465787743
364142,3453510,-53.86767100769782
364142,5939672,-53.902915987868674
364142,6550196,-53.903693243639204
364142,2369283,-53.91417239761702
364142,8836657,-53.91456113125261
364142,3572315,-53.91529532344818
364142,2939441,-53.91577033154526
364142,908161,-53.97935879135783
364142,8528736,-53.98004976295136
364142,7856943,-53.98013612768692
364142,1350930,-53.98065428477534
364142,7551707,-53.98078381565766
364142,6156968,-53.98078381565766
364142,7551708,-53.980913343184426
364142,5316446,-54.01931693708403
364142,734276,-54.019316937084035
364142,4408765,-54.020396724758776
364142,5939671,-54.02078539124426
364142,429024,-54.02082857454441
364142,6332165,-54.02126038703443
20455,6921271,-32.03382463909269
20455,1795457,-32.14403954054758
20455,151258,-32.205104780439655
20455,1914317,-32.269539632557844
20455,981072,-32.4125108848863
20455,7310659,-32.4127441452179
20455,4051877,-32.493046009767895
20455,7689804,-32.493071924224274
20455,3655193,-32.49387516136109
20455,821625,-32.49441916757979
20455,5803264,-32.496024705861856
20455,160655,-32.57948721207502
20455,1607429,-32.580264696140944
20455,6645948,-32.58080881512313
20455,8333284,-32.6751343263805
20455,8167859,-32.67528982184957
20455,4286448,-32.67536756656185
20455,168352,-32.67611899492745
20455,8667947,-32.6764557810384
20455,1808905,-32.6767925293453
20455,3053352,-32.67736232499757
20455,4290591,-32.77982093519015
20455,7580035,-32.779846857483754
20455,2036372,-32.77995054441835
20455,4934750,-32.7800542277694
20455,6967590,-32.78008014804727
20455,7418819,-32.780209746077404
20455,7332885,-32.78036525632383
20455,427422,-32.78036525632383
20455,7605008,-32.78041709128133
20455,4652584,-32.780468925343214
20455,5874333,-32.780468925343214
20455,5666838,-32.7808576522631
20455,5686812,-32.7808576522631
20455,1343301,-32.78109086423995
20455,6010108,-32.78142769398151
20455,2951719,-32.78153132629407
20455,1605138,-32.78155723381286
20455,6925473,-32.78155723381286
20455,2857056,-32.781997627404635
20455,7911240,-32.78215304500313
20455,919040,-32.78217894715343
20455,7933485,-32.782489755514455
20455,4491721,-32.78267104552241
20455,1170657,-32.782800531678205
20455,4449518,-32.89762989314014
20455,1121984,-32.898096456127085
20455,4504007,-32.89814829198021
20455,8194161,-32.89817420957092
20455,7689808,-32.898614774358485
20455,6437687,-32.89864068791949
20455,3243762,-32.89882207657929
20455,7602434,-32.89900345427249
20455,1257678,-32.899107093745315
20455,3243759,-32.89918482100038
20455,6167000,-32.89928845420793
20455,4605580,-32.89949570988379
20455,4782504,-32.89970295124234
20455,1686257,-32.90016919196164
20455,5070105,-32.90063536023206
20455,2006804,-32.901230914293485
20455,6340610,-33.03090205274859
20455,6340609,-33.03092797705824
20455,7267893,-33.03121312967991
20455,7231061,-33.031394576328175
20455,6353458,-33.03152417435831
20455,1794469,-33.03155009329252
20455,7990543,-33.03160193048917
20455,4963739,-33.03167968460474
20455,7605007,-33.031757436705135
20455,1782334,-33.031757436705135
20455,7302178,-33.03178335362412
20455,6884611,-33.03178335362412
20455,4006216,-33.03180927031923
20455,3518108,-33.031887019061216
20455,3518103,-33.03201659582035
20455,7605011,-33.03206842495697
20455,6157017,-33.032249819884
20455,6010109,-33.03227573254968
20455,8584864,-33.032327557209584
20455,3189356,-33.03245711494269
20455,1132729,-33.03245711494269
20455,3422711,-33.032508936469355
20455,6886792,-33.032508936469355
20455,7104949,-33.03253484689701
20455,6898909,-33.03258666708097
20455,7630722,-33.03266439567862
20455,7285596,-33.03274212226242
20455,7630726,-33.032768030676166
20455,6344911,-33.032768030676166
20455,4925567,-33.032768030676166
20455,4518086,-33.032768030676166
20455,6188082,-33.03281984683245
20455,6997933,-33.03287166209377
20455,4837373,-33.03289756938884
20455,8044870,-33.03294938330778
20455,6824500,-33.03294938330778
20455,6919990,-33.03297528993168
20455,1605142,-33.03313072497713
20455,1544854,-33.03313072497713
1119058,4522897,-53.69344714248759
1119058,4522899,-54.309201529080994
1119058,5160317,-54.312525064581756
1119058,821325,-54.38542850483216
1119058,6713010,-54.405069795305735
1119058,8730930,-54.42430686473125
1119058,8027788,-54.55835663380122
1119058,1048499,-54.56094771019231
1119058,2807179,-54.60848568842718
1119058,5439772,-54.61077392906914
1119058,2807185,-54.71280967507144
1119058,7372491,-54.71406212058581
1119058,4522893,-54.742535264990195
1119058,7923863,-54.799389101545046
1119058,7741430,-54.830333544896185
1119058,6816799,-54.83201788272982
1119058,3129109,-54.89418089146788
1119058,7741427,-54.894656084245305
1119058,7372489,-54.89560633433672
1119058,3730808,-54.896038206502816
1119058,3508155,-54.89616776087896
1119058,3446865,-54.89625412859816
1119058,7372483,-54.89716089958916
1119058,2189798,-54.96412410335235
1119058,5195212,-54.965506094291825
1119058,6666134,-54.966758193723706
1119058,1048504,-55.00256459071642
1119058,6494382,-55.0773232074227
1119058,7837991,-55.07771194105829
1119058,6217031,-55.078230205563685
1119058,6713017,-55.07848931767291
1119058,6217023,-55.079957366042706
1119058,4525494,-55.11736764399173
1119058,5085388,-55.117756438082246
1119058,821331,-55.11779963555952
1119058,569780,-55.117972421736646
1119058,5159527,-55.11801561734797
1119058,7018801,-55.11805881258613
1119058,3764709,-55.118317976178886
1119058,4036212,-55.118620316726734
1119058,1814314,-55.1187930745462
1119058,6713009,-55.11892263899371
1119058,5504072,-55.119484046139725
1119058,8288054,-55.11961359268365
1119058,3730802,-55.12034762637279
1119058,1973364,-55.2511582360357
1119058,5138642,-55.251719788686174
1119058,8075207,-55.25254040605141
1119058,3274923,-55.29951639370749
1119058,2686139,-55.29955959603696
1119058,2419427,-55.299862001891626
1119058,3247400,-55.300164389457535
1119058,4428080,-55.30020758618841
1119058,778561,-55.30046675873692
1119058,2948787,-55.30193514947761
1119058,6713014,-55.301978330913045
1119058,6666138,-55.302064692665155
1119058,5431938,-55.302151052925616
1119058,8288053,-55.302366947051176
1119058,1313915,-55.40552490511537
1119058,8626225,-55.40552490511537
1119058,1973361,-55.405654494188425
1119058,7210288,-55.40574088503791
1119058,6228088,-55.4057840799029
1119058,6228089,-55.405827274394746
1119058,5182853,-55.406388768834375
1119058,7933988,-55.40647514699798
1119058,1328066,-55.407079752364155
1119058,797978,-55.407727462709
1119058,6494385,-55.522746349307354
1119058,340748,-55.52326474366768
1119058,424231,-55.5233943338603
1119058,6843938,-55.5233943338603
1119058,7612426,-55.523653504169815
1119058,4036215,-55.52412861484936
1119058,7343122,-55.5245173081921
1119058,252542,-55.52456049447614
1119058,2753363,-55.524819604347414
1119058,8587872,-55.524819604347414
1119058,6816802,-55.52486278802053
1119058,6713016,-55.52499233680214
1119058,8730929,-55.52499233680214
1119058,3016140,-55.525078700791816
1119058,7372486,-55.525208243979364
1119058,1048505,-55.5253377838107
1119058,3730806,-55.5253809630087
1119058,77822,-55.52559685340549
1119058,3730801,-55.52585590957756
1119058,2919229,-55.58732807202783
1119058,7982820,-55.587760067327984
1119058,6660535,-55.58780326480526
1119058,3727526,-55.58784646190932
1119058,4556124,-55.58784646190932
1119058,3664893,-55.58797605098238
1119058,7914662,-55.58801924659371
1119058,6228087,-55.58819202530738
1119058,4034210,-55.58862394597246
1119058,6228090,-55.58892626823945
1119058,5670048,-55.588969455642555
1119058,1807378,-55.58901264267263
203318,4187023,-54.02497243582413
203318,6646651,-54.42430686473126
203318,8340381,-54.424868436788024
203318,8340382,-54.42495482689117
203318,8340387,-54.48962293038482
203318,3083622,-54.49044354066157
203318,3083624,-54.71337115496025
203318,4152728,-54.714537104069706
203318,8307087,-54.71496886808503
203318,8307091,-54.742535264990195
203318,8248321,-54.83473753813452
203318,253950,-54.895951835053765
203318,7016555,-54.896340494825516
203318,5245086,-55.001873738462706
203318,8307085,-55.00230553230732
203318,7039165,-55.0034711894626
203318,536065,-55.03918223530853
203318,1184092,-55.0770640348742
203318,1184093,-55.0770640348742
203318,6556106,-55.078921141350946
203318,3619000,-55.07961198167293
203318,7566775,-55.07961198167294
203318,8340379,-55.117842832663584
203318,6200648,-55.1200885679637
203318,6947714,-55.2513742252881
203318,1349755,-55.251762982431714
203318,8240264,-55.25258359270846
203318,8817701,-55.253533604802385
203318,578975,-55.25374949147056
203318,6328298,-55.25379266768564
203318,4197879,-55.254138063984854
203318,6664648,-55.254483436426
203318,8496703,-55.30038036938008
203318,5128749,-55.30107144244488
203318,8496708,-55.30163286898712
203318,4997790,-55.30271235826336
203318,8560553,-55.40552490511537
203318,1067328,-55.40561129820392
203318,8248325,-55.407338846570866
203318,5588700,-55.408375089158966
203318,5431407,-55.40846143301474
203318,2522629,-55.408806793528086
203318,1738624,-55.523135150116254
203318,6878739,-55.52317834833995
203318,1488039,-55.52322154619042
203318,4427860,-55.523264743667674
203318,2825937,-55.523307940771744
203318,3351438,-55.52339433386031
203318,6878746,-55.52348072545614
203318,4132453,-55.52352392069429
203318,3972562,-55.523653504169815
203318,8080318,-55.523653504169815
203318,8496707,-55.52369669791536
203318,8340385,-55.52373989128776
203318,7265164,-55.52373989128776
203318,1999450,-55.52391266104616
203318,1286782,-55.524776420301336
203318,991961,-55.52490597132069
203318,7995204,-55.525251424296044
203318,6684719,-55.525251424296044
203318,7915086,-55.587198466159265
203318,346241,-55.58741447407383
203318,3815239,-55.58784646190932
203318,2054939,-55.58793285499787
203318,1208506,-55.58823521905293
203318,7368628,-55.588969455642555
203318,582409,-55.58909901561371
203318,5677490,-55.589401309158106
203318,8514276,-55.589401309158106
203318,5753510,-55.58948767538546
203318,6556108,-55.589530857939714
203318,1578605,-55.58996266297137
203318,1174322,-55.590351255618536
203318,1242866,-55.590523953768084
203318,856841,-55.591301021633576
203318,6817437,-55.656536945830354
203318,367849,-55.65692572648483
203318,5332308,-55.657314476911566
203318,5245081,-55.65817825854971
203318,5717615,-55.73116328547254
203318,7154758,-55.73120648033752
203318,7841700,-55.80960752075363
203318,8340383,-55.810428421759134
203318,1682148,-55.81051482455167
203318,8340378,-55.810601225851144
203318,5128747,-55.81064442594101
203318,8387087,-55.81064442594101
203318,3650614,-55.810687625657614
203318,5761312,-55.810687625657614
203318,4135033,-55.810687625657614
203318,6925792,-55.81077402397112
203318,7108742,-55.81077402397112
203318,3351436,-55.81081722256803
203318,118834,-55.81081722256803
203318,8319681,-55.81081722256803
203318,7762906,-55.8109036186422
203318,6746282,-55.81094681611946
203318,6185829,-55.8110332099544
203318,5761305,-55.81107640631209
203318,13579,-55.811119602296586
1126813,8783942,-20.83336561971565
1126813,402809,-20.921448039702156
1126813,8783939,-21.121030412579376
1126813,1208583,-21.121531460030326
1126813,3420740,-21.121617834836535
1126813,2955686,-21.1219978396741
1126813,5173107,-21.12237777232355
1126813,3840807,-21.238692486939016
1126813,1208582,-21.238848007262575
1126813,4991805,-21.239124457981355
1126813,4066413,-21.239366321018068
1126813,1299266,-21.2393835958301
1126813,573828,-21.239435419370942
1126813,3420739,-21.239487241568987
1126813,8271309,-21.239521788955045
1126813,7472486,-21.239573608915233
1126813,8778525,-21.23972906074036
1126813,2917173,-21.23997085067701
1126813,968532,-21.239988120268283
1126813,5720391,-21.240022659003472
1126813,109054,-21.240091734684526
1126813,4356818,-21.24010900323202
1126813,4274420,-21.3722411601967
1126813,2565925,-21.37232756112293
1126813,2750616,-21.372362120448336
1126813,6683448,-21.3723793998871
1126813,5072022,-21.372396679176575
1126813,3380792,-21.372413958316763
1126813,7421676,-21.372431237307673
1126813,2750618,-21.372431237307673
1126813,2283981,-21.372465794841645
1126813,7726697,-21.372724957315285
1126813,4020496,-21.372724957315285
1126813,8101389,-21.372845888311232
1126813,996804,-21.373018634193507
1126813,2678576,-21.373018634193507
1126813,8457395,-21.373018634193507
1126813,5720393,-21.373087728368876
1126813,2917181,-21.373105001539756
1126813,8699121,-21.373174092731496
1126813,5357412,-21.373174092731496
1126813,943798,-21.373191365156508
1126813,4434798,-21.37324318153653
1126813,3147663,-21.37324318153653
1126813,3147658,-21.37326045336488
1126813,943797,-21.373277725044076
1126813,3147659,-21.373312267955008
1126813,6627268,-21.373312267955008
1126813,7726699,-21.37332953918675
1126813,2338845,-21.37341589310831
1126813,7664180,-21.373744004010533
1126813,1708183,-21.37381307313146
1126813,2724424,-21.37384760679747
1126813,2750619,-21.52632271659543
1126813,5711445,-21.526374559390796
1126813,3253500,-21.52642640084236
1126813,3380799,-21.526512800275594
1126813,4305654,-21.526512800275594
1126813,5282069,-21.526512800275594
1126813,3772172,-21.526512800275594
1126813,5626636,-21.52653007971436
1126813,8417051,-21.52653007971436
1126813,2750622,-21.526547359003835
1126813,3840808,-21.526564638144023
1126813,573827,-21.52658191713493
1126813,4726292,-21.52658191713493
1126813,7907213,-21.526616474668906
1126813,3563937,-21.526616474668906
1126813,3658552,-21.52663375321198
1126813,6864420,-21.52663375321198
1126813,6452820,-21.52665103160578
1126813,1393258,-21.526685587945572
1126813,4403688,-21.526685587945572
1126813,1217379,-21.526754698834
1126813,3592957,-21.526771976182964
1126813,1858706,-21.526771976182964
1126813,3706536,-21.526858360689054
1126813,4835308,-21.526858360689054
1126813,797831,-21.526875637142542
1126813,6355421,-21.526875637142542
1126813,6748578,-21.52694474146416
1126813,8352563,-21.526979292729603
1126813,2600551,-21.52701384339816
1126813,2459747,-21.52701384339816
1126813,3307824,-21.52704839346985
1126813,6403142,-21.527117491822725
1126813,7500975,-21.527134766037936
1126813,1508685,-21.527134766037936
1126813,3000862,-21.527169314020767
1126813,5189416,-21.527203861406825
1126813,7108573,-21.527272954388714
1126813,822451,-21.52730749998458
1126813,3887633,-21.52734204498376
1126813,1888122,-21.527359317259602
1126813,813092,-21.52756657293557
1126813,5790737,-21.52758384327247
1126813,6627266,-21.527601113460243
1126813,8652866,-21.527618383498883
1126813,6547016,-21.527618383498883
1126813,5262559,-21.5276356533884
240053,5492716,-97.54328782352187
240053,6532859,-97.6639470408772
240053,5408962,-97.66402476276241
240053,7318059,-98.06902352949129
240053,4084170,-98.13566039657186
240053,5853959,-98.35709422143714
240053,5617191,-98.45825675826792
240053,1938455,-98.46051147179716
240053,5758527,-98.4926461649725
240053,5853963,-98.49688373240417
240053,4318428,-98.57813902810209
240053,4318429,-98.57844998411909
240053,2775531,-98.70074067511179
240053,5363679,-98.7215041653423
240053,3857660,-98.74624985927385
240053,3162892,-98.74648312363585
240053,3165650,-98.76318108583436
240053,4328560,-98.76318108583436
240053,5695019,-98.76520149717787
240053,6244367,-98.86838616644677
240053,2139360,-98.8719604935015
240053,4822557,-98.94962069348949
240053,3165647,-98.98593604450157
240053,4318431,-98.98593604450157
240053,3165651,-99.0101965961269
240053,8661775,-99.0503191238823
240053,6317932,-99.1228864767279
240053,3069261,-99.15435827620168
240053,4328564,-99.15567963954014
240053,7698460,-99.25090013947927
240053,7474304,-99.27050877161234
240053,5099927,-99.27338495331131
240053,3418791,-99.27346267519651
240053,6919470,-99.39085709471487
240053,5387803,-99.3914788724814
240053,1129080,-99.4527525810076
240053,4790299,-99.45461833323203
240053,4328559,-99.45492925433584
240053,8013685,-99.52071135248644
240053,4287112,-99.636784425446
240053,2919784,-99.67480759821306
240053,6963592,-99.67511862139297
240053,8806088,-99.67558513601053
240053,3692254,-99.67558513601054
240053,856399,-99.74533142835877
240053,706613,-99.84672809357708
240053,8315346,-99.96248967066485
240053,7404878,-99.9625674274675
240053,1215440,-99.96280069384476
240053,3517862,-99.96295620140415
240053,5168785,-99.96427790718445
240053,6653260,-99.96435564853896
240053,6696990,-99.96458886857343
240053,898545,-99.96544395699802
240053,7957850,-99.96544395699803
240053,6963593,-99.96583260669944
240053,2919788,-99.96583260669945
240053,397241,-99.9662989641885
240053,4447135,-99.96762017919052
240053,2162676,-100.02788347968519
240053,6549091,-100.02990474618127
240053,6067562,-100.02998247813557
240053,1215752,-100.03013794003014
240053,6924801,-100.03215870032808
240053,7649865,-100.08509235817772
240053,3658250,-100.1464439792548
240053,363464,-100.14722137601267
240053,7050627,-100.14823189141975
240053,6963596,-100.25017174311664
240053,2960576,-100.25024949991928
240053,1961954,-100.25056052041212
240053,5617189,-100.25079377872845
240053,3965510,-100.25164900750278
240053,5183167,-100.25172675154346
240053,3692252,-100.25180449491262
240053,4823860,-100.25390331207022
240053,6244372,-100.28285140453335
240053,2652005,-100.2832399871137
240053,8709988,-100.36811029170651
240053,3857662,-100.36811029170653
240053,6665636,-100.3681880471656
240053,6720262,-100.36826580195292
240053,4454132,-100.3684213095123
240053,6499986,-100.36865456581349
240053,6881185,-100.36943204315915
240053,8661772,-100.37020945334714
240053,904832,-100.37052039862084
240053,422750,-100.37207496386462
240053,219040,-100.37471710868347
240053,5471941,-100.43529212166374
240053,2301283,-100.43552531752671
240053,8308551,-100.4368466466307
240053,222134,-100.4374683814438
240053,631774,-100.43832319668776
240053,845990,-100.54057490402451
240053,3175410,-100.54174083299084
240053,1336707,-100.54228488148907
240053,3206759,-100.5501208199463
240053,2026447,-100.55019857809252
240053,377295,-100.55066511286245
1115392,7086975,-42.25590002659588
1115392,5212698,-42.76824543346565
1115392,8110046,-43.237420161693024
1115392,3913375,-43.237592863570754
1115392,2518508,-43.64070858702921
1115392,5212694,-43.64253984367467
1115392,5060782,-43.86537248596847
1115392,2653628,-44.151776122937974
1115392,7081654,-44.151879795092064
1115392,8069293,-44.55672282996713
1115392,8110043,-44.557068438151354
1115392,8838196,-44.557102997327455
1115392,3093358,-44.55927962369676
1115392,8110044,-44.84409382951969
1115392,8713469,-44.8451306451192
1115392,4068049,-44.84547619060616
1115392,8110041,-45.24997369611782
1115392,1679429,-45.2501810592366
1115392,1829917,-45.25049208376017
1115392,1829918,-45.25145956098167
1115392,3093361,-45.25197775610877
1115392,3093360,-45.2524268042567
1115392,344436,-45.94291350280855
1115392,1325713,-45.94308631511281
1115392,5632415,-45.94312087667777
1115392,2557675,-45.94343191732488
1115392,8207894,-45.94357014984928
1113437,7618564,-63.61782606412161
1113437,61756,-63.782792956157174
1113437,919328,-63.95378018392443
1113437,5748055,-63.965166336044355
1113437,4193422,-64.00578103550599
1113437,4311392,-64.07088960082241
1113437,5188746,-64.17280570082261
1113437,5188745,-64.17301298871959
1113437,4898185,-64.25155269686468
1113437,5215408,-64.29455132712464
1113437,5215406,-64.29455132712464
1113437,7618558,-64.29501764635492
1113437,7910205,-64.32199674657721
1113437,6267538,-64.46388036897184
1113437,1783158,-64.46398400844465
1113437,2082753,-64.47899693362282
1113437,168671,-64.58166340462822
1113437,7126000,-64.58244065704201
1113437,340020,-64.58295876938638
1113437,1399077,-64.6574842933951
1113437,3957201,-64.69815079580441
1113437,58131,-64.69975735333266
1113437,742044,-64.70317633394734
1113437,6232395,-64.71519479725274
1113437,933160,-64.76289663886111
1113437,802366,-64.76294846822158
1113437,3088434,-64.76315578118643
1113437,4288373,-64.8701745427416
1113437,549548,-64.87027816789488
1113437,1317211,-64.88000585208627
1113437,5938419,-64.88223436060916
1113437,1253484,-64.9449590421368
1113437,6220189,-64.94630651821612
1113437,156328,-64.94734283239461
1113437,5574006,-64.94739464340533
1113437,2780065,-64.98552187194488
1113437,4854578,-64.98557370578288
1113437,5253279,-64.98635115962264
1113437,5258080,-64.98635115962264
1113437,1560551,-64.98728397127431
1113437,2341681,-64.98733578989187
1113437,582602,-64.98754305988697
1113437,2181089,-64.98764669219952
1113437,959608,-65.05177067334678
1113437,4615569,-65.05239247259254
1113437,1560548,-65.1206599053609
1113437,2712936,-65.12102263568397
1113437,3405850,-65.16898366974776
1113437,6644643,-65.16929460696441
1113437,2584092,-65.17069362506732
1113437,3518298,-65.19704753248519
1113437,3485252,-65.2413441697787
1113437,3357893,-65.27346310910883
1113437,3357895,-65.27351494070798
1113437,5545723,-65.30318873931034
1113437,436902,-65.30365508673077
1113437,4216336,-65.35068330376323
1113437,6511446,-65.35151251980987
1113437,5386684,-65.35208253937235
1113437,156334,-65.35374047025063
1113437,313542,-65.36291008736698
1113437,8342232,-65.39041677827895
1113437,4867779,-65.39083147585227
1113437,4016934,-65.39109064728125
1113437,7050819,-65.39134980751575
1113437,8299324,-65.39171261303913
1113437,556888,-65.3918162677308
1113437,5938418,-65.39316361579274
1113437,313538,-65.39482147509248
1113437,3518300,-65.45645844176937
1113437,8043443,-65.45661391776345
1113437,1757018,-65.45671756618799
1113437,6438275,-65.4575466891327
1113437,6252170,-65.4575466891327
1113437,2363456,-65.4575466891327
1113437,6238006,-65.4575466891327
1113437,8128794,-65.4575466891327
1113437,6300177,-65.45801302044406
1113437,5141464,-65.52446653839179
1113437,4628484,-65.52462203990578
1113437,1564996,-65.52472570534285
1113437,4498864,-65.52602137220603
1113437,1251392,-65.5618707832062
1113437,8387587,-65.5618707832062
1113437,1149495,-65.56207808184581
1113437,4407177,-65.56207808184581
1113437,6155503,-65.56311446762574
1113437,1630250,-65.57351586951229
1113437,1525430,-65.5746560711241
1113437,1655114,-65.57584786845337
1113437,7138132,-65.57709123071659
1113437,631945,-65.6389872989935
1113437,1954468,-65.63976461182412
1113437,457997,-65.63997187823922
1113437,5545722,-65.64007550876187
1113437,4186999,-65.6777359668405
1113437,8162984,-65.67799517185875
1113437,1007896,-65.67830620310019
1113437,5384769,-65.67846171267483
1113437,7437754,-65.67877271973302
1122461,8042589,-50.97742877173621
1122461,777761,-51.27882839903022
1122461,7241508,-51.421980709880344
1122461,5820098,-51.72010001072569
1122461,2043708,-51.823344891812695
1122461,590253,-52.01054207839362
1122461,4882990,-52.03603929356383
1122461,6007061,-52.09349827995712
1122461,6845381,-52.163311471197915
1122461,5361454,-52.19027630532009
1122461,2067397,-52.190664780555
1122461,3977514,-52.22984634094986
1122461,2267207,-52.255771540807174
1122461,2518428,-52.32795988002071
1122461,391767,-52.48219689550373
1122461,3591933,-52.51744205985294
1122461,5126003,-52.52826677013272
1122461,6845385,-52.52982140251787
1122461,2422742,-52.5451379656414
1122461,7040393,-52.66223005357551
1122461,6280340,-52.66318008207923
1122461,2422738,-52.66318008207923
1122461,5361452,-52.700022672818974
1122461,6845388,-52.70010902189374
1122461,7040387,-52.76854059773706
1122461,7040392,-52.79563188287163
1122461,7040391,-52.7964523939223
1122461,48062,-52.81612160338855
1122461,7040388,-52.817028499689606
1122461,777766,-52.817676182067075
1122461,5190210,-52.88230105451632
1122461,2518424,-52.92251855853497
1122461,2035154,-52.92290716796111
1122461,5820096,-52.9499121260273
1122461,2864423,-52.950257611823645
1122461,2141027,-53.0001704399931
1122461,4378565,-53.00068850760138
1122461,6160937,-53.01968230698862
1122461,7129659,-53.041855850708004
1122461,942068,-53.042028516056675
1122461,6280341,-53.056481737546406
1122461,2864424,-53.10419236582571
1122461,3977522,-53.10453784267026
1122461,3638165,-53.10574682367788
1122461,2141028,-53.1324927994065
1122461,5159574,-53.13318371132497
1122461,2388130,-53.13331324668165
1122461,2388131,-53.133442778682536
1122461,6195339,-53.17378980612629
1122461,5361456,-53.17417841890838
1122461,5529002,-53.17417841890839
1122461,6007060,-53.17443747731748
1122461,2763609,-53.19232645529339
1122461,6179363,-53.22236406125385
1122461,8721077,-53.22257997029572
1122461,2365042,-53.287032128935344
1122461,7040824,-53.287291211954226
1122461,6195334,-53.287636635097726
1122461,5885381,-53.30568005615534
1122461,1676354,-53.30693255576237
1122461,3704866,-53.32794048595354
1122461,3475354,-53.32819956449758
1122461,1849746,-53.329451588249405
1122461,1746630,-53.35516129338957
1122461,7846462,-53.355290858956224
1122461,3638170,-53.35602500042229
1122461,2518425,-53.35649997570234
1122461,6697487,-53.35706125195878
1122461,6845384,-53.39139936863624
1122461,6623218,-53.4455507951223
1122461,2043704,-53.44568034054742
1122461,6765639,-53.4458098826162
1122461,5885378,-53.459787540744436
1122461,699450,-53.46892185086268
1122461,7040386,-53.470087719418444
1122461,8341996,-53.50831852564815
1122461,7129660,-53.50857770491386
1122461,6195340,-53.50918240429262
1122461,6051487,-53.509441538783484
1122461,1482227,-53.50965747393388
1122461,4556349,-53.51013249844118
1122461,495312,-53.510175680249546
1122461,7511487,-53.510434763268435
1122461,2763616,-53.51052112129153
1122461,4182583,-53.51052112129153
1122461,5528996,-53.51056429974376
1122461,6195333,-53.511384619497605
1122461,7469078,-53.57934127524073
1122461,5885379,-53.61367904130598
1122461,5528999,-53.61471567776992
1122461,5288372,-53.61575209935538
1122461,6160935,-53.61700415554039
1122461,1482233,-53.64254103312843
1122461,2837021,-53.642670606529606
1122461,2597372,-53.643534343402955
1122461,6906683,-53.64357752633015
1122461,6906684,-53.6436638910657
1122461,2075502,-53.64418204815412
1122461,7129662,-53.69163353001078
1122461,1676347,-53.69219495655302
1116341,8100866,-43.23527803869434
1116341,7966975,-43.235450833082005
1116341,6721930,-43.23752378371444
1116341,4662992,-43.46001101688559
1116341,8321540,-43.546020437463724
1116341,2201137,-43.54785140942223
1116341,1201127,-43.59378422346026
1116341,4662985,-43.641434279570824
1116341,7212226,-43.641641596117324
1116341,3328558,-43.74634557251306
1116341,4662989,-43.74682934873259
1116341,6782961,-43.746863901938056
1116341,2197145,-43.747174867356264
1116341,8529370,-43.747451260767846
1116341,2197149,-43.747520356136725
1116341,3480516,-43.74765854329397
1116341,6401105,-43.74841848733674
1116341,8444344,-43.74900561795277
1116341,8100865,-43.863679334997926
1116341,8100864,-43.863679334997926
1116341,8146383,-43.86371389626425
1116341,2829743,-43.8645432770826
1116341,7862243,-43.865096102105724
1116341,8100853,-43.865407032608594
1116341,2738585,-43.86544157895035
1116341,2087789,-43.86561430618386
1116341,2989461,-43.86620152299313
1116341,2989460,-43.866443293095735
1116341,712432,-43.86682318802054
1116341,658727,-43.92973826942977
1116341,3480515,-43.929841912930684
1116341,1555133,-43.930360090156654
1116341,5146316,-43.93039463291844
1116341,4352974,-43.9307400441307
1116341,5247384,-43.93118903411956
1116341,7773705,-43.93118903411956
1116341,6284364,-43.998143777013496
1116341,2093172,-43.99928387522513
1116341,6225285,-43.99973291561765
1116341,2738581,-43.999974685720254
1116341,6688461,-44.000527248229766
1116341,1618070,-44.07366818589364
1116341,8550069,-44.151534210795205
1116341,8550063,-44.151568770568495
1116341,3502693,-44.15160333004319
1116341,8024150,-44.151637889219295
1116341,7212225,-44.1516378892193
1116341,1473410,-44.15184523800592
1116341,8274411,-44.15187979509207
1116341,2994127,-44.15191435187967
1116341,6755999,-44.152052576044724
1116341,3215645,-44.152190795433455
1116341,7435457,-44.15222534953438
1116341,4607515,-44.1523635629532
1116341,1618076,-44.15239811556171
1116341,3514430,-44.15277817455751
1116341,6249637,-44.15291636887601
1116341,1480966,-44.15305455842025
1116341,5515600,-44.153089105060374
1116341,333208,-44.153089105060374
1116341,2826691,-44.15312365140213
1116341,3431497,-44.153227288637275
1116341,4662993,-44.153227288637275
1116341,3251433,-44.15326183378562
1116341,6120482,-44.15333092318732
1116341,784859,-44.153365467440665
1116341,1599012,-44.153365467440665
1116341,1599019,-44.153365467440665
1116341,424944,-44.153434555052385
1116341,1433492,-44.15364181072822
1116341,6894650,-44.15388359544491
1116341,784856,-44.154056289866475
1116341,3800646,-44.1540908278561
1116341,1223924,-44.23992774586564
1116341,2874594,-44.24006593540988
1116341,879640,-44.24027321077525
1116341,5719015,-44.24089497243454
1116341,3800889,-44.241067666856104
1116341,817633,-44.24158570539026
1116341,3389729,-44.2417238376692
1116341,5967738,-44.33378664714679
1116341,1118851,-44.33389032736245
1116341,6764614,-44.33389032736245
1116341,7530103,-44.33395944601325
1116341,4607516,-44.33395944601325
1116341,1931186,-44.334097679731926
1116341,6690582,-44.334132237415176
1116341,7035158,-44.334132237415176
1116341,5554157,-44.33420135188602
1116341,3028488,-44.33420135188602
1116341,5193895,-44.33420135188602
1116341,2818679,-44.33423590867362
1116341,7280422,-44.33430502135322
1116341,4151581,-44.334374132838676
1116341,5681836,-44.33440868813362
1116341,6756002,-44.33454690632834
1116341,40664,-44.33489243092127
1116341,8226568,-44.33506518202582
1116341,7580609,-44.33516882910751
1116341,6900000,-44.335168829107516
1129237,3279719,-72.87102853093862
1129237,2697752,-73.21026282216366
1129237,8588219,-73.30844836903697
1129237,4261970,-73.68989364939323
1129237,8682824,-73.8105172630469
1129237,3683096,-73.87457418333437
1129237,1239397,-73.8929215016113
1129237,4922579,-73.92085065543728
1129237,128984,-74.05580751626293
1129237,7812954,-74.0743365535844
1129237,2015118,-74.12167606581876
1129237,350,-74.14091150480414
1129237,2564582,-74.22649250948608
1129237,3905057,-74.24830033102792
1129237,3588803,-74.25417973140227
1129237,6080460,-74.28052289219578
1129237,3705875,-74.28100645954133
1129237,3181951,-74.29572719596732
1129237,2344376,-74.29633169690898
1129237,2188742,-74.29645259083321
1129237,2121225,-74.3053878367189
1129237,6981247,-74.40990216797655
1129237,6179560,-74.41616964537585
1129237,4200308,-74.4306823480973
1129237,2015115,-74.46266310262247
1129237,8750091,-74.46302579065902
1129237,7371126,-74.47841145959062
1129237,493608,-74.47847190890171
1129237,3737013,-74.52399706303552
1129237,4565944,-74.52816875010109
1129237,2159707,-74.52847094968237
1129237,1686020,-74.59631539334717
1129237,5401741,-74.59885377123067
1129237,4915547,-74.63068795180654
1129237,4486836,-74.68111707006935
1129237,2801279,-74.69998314556042
1129237,7176981,-74.74968019819681
1129237,6106530,-74.76548901021877
1129237,4233385,-74.76621443014257
1129237,4233383,-74.76627487840965
1129237,892136,-74.81433962891992
1129237,2015109,-74.81548816583329
1129237,3683092,-74.81770571780797
1129237,3683090,-74.81806849042736
1129237,5855939,-74.83454233623745
1129237,3732605,-74.84232914072513
1129237,2528830,-74.8554638882674
1129237,7152827,-74.8564914910619
1129237,6669162,-74.91994195748367
1129237,4486834,-74.93206221004459
1129237,4773351,-74.97421408367074
1129237,1974178,-75.03748318023412
1129237,8446714,-75.03863171714748
1129237,6903787,-75.09996595433472
1129237,4982588,-75.10292845670016
1129237,6790712,-75.10581102315457
1129237,608384,-75.1067783165483
1129237,3679529,-75.1074432532287
1129237,7911557,-75.13957840381372
1129237,2015110,-75.14242050320529
1129237,6332387,-75.14284369589195
1129237,1779233,-75.14683254104794
1129237,4003056,-75.15423841783803
1129237,7072552,-75.15744223138192
1129237,664279,-75.16998677480616
1129237,2015112,-75.17125638576458
1129237,3705879,-75.17149819031745
1129237,6277833,-75.17173998651782
1129237,7688471,-75.17222355386338
1129237,2336243,-75.22010700185531
1129237,1987140,-75.2208323841929
1129237,795096,-75.22143681205912
1129237,5942552,-75.24163951937663
1129237,6790708,-75.25971985874678
1129237,6790710,-75.25978032058887
1129237,6172879,-75.25996170298184
1129237,2964518,-75.2613521452075
1129237,2015116,-75.26141259295257
1129237,5249031,-75.26237968589002
1129237,898257,-75.2631653505329
1129237,2249650,-75.27643554252609
1129237,3112511,-75.2766773533437
1129237,2364443,-75.27691915580839
1129237,5168243,-75.27740273568128
1129237,7248784,-75.28631854448695
1129237,923288,-75.28867669892949
1129237,7397082,-75.32250475925329
1129237,5855938,-75.32462114310368
1129237,1011385,-75.32540706559183
1129237,184215,-75.32546751751313
1129237,4974609,-75.35152226654594
1129237,6601990,-75.35424288498106
1129237,6129440,-75.35472643979996
1129237,5831781,-75.3921023771359
1129237,3792420,-75.39300939878042
1129237,710733,-75.39530666108622
1129237,7350960,-75.40267036111395
1129237,5249039,-75.4028517074812
1129237,7350959,-75.40309349532966
1129237,4315655,-75.40345616144376
912070,4547349,-75.35484732328555
912070,3996436,-75.66258418515488
912070,2303998,-75.66403512524835
912070,3008572,-75.6850435399002
912070,2896588,-76.1239752137309
912070,4929214,-76.13736489347642
912070,6146730,-76.20526970085174
912070,6193959,-76.31817520443661
912070,3996433,-76.33759193496122
912070,4929215,-76.42395890181658
912070,5162628,-76.49077513757017
912070,2282173,-76.53191840122392
912070,3628829,-76.6079124913622
912070,2005845,-76.64819051724241
912070,1202000,-76.64994315376082
912070,2516376,-76.7124872609706
912070,278313,-76.71411909644753
912070,4615448,-76.76573177548941
912070,1237852,-76.78033157570721
912070,6826389,-76.8284566998226
912070,2303995,-76.82906128430069
912070,5834743,-76.82954491428941
912070,2303990,-76.82996806312134
912070,391675,-76.83196256314994
912070,2942692,-76.8320834236769
912070,2303994,-76.89817506641742
912070,904930,-76.89859823717559
912070,2970197,-76.8989609346083
912070,3226256,-76.93327304480059
912070,4213888,-76.93454271058829
912070,3996432,-76.93466361912962
912070,5072259,-76.93472407261714
912070,3838685,-76.93720221619401
912070,3996438,-76.96150438726522
912070,1594671,-76.96368079741517
912070,3008575,-77.01301495840724
912070,5960134,-77.05329295610484
912070,7611799,-77.05329295610485
912070,6230240,-77.11553413557426
912070,6803689,-77.13843024260011
912070,6826387,-77.14151315751575
912070,3996430,-77.18446654051867
912070,1002566,-77.1847084035551
912070,6826391,-77.18482933193958
912070,7224610,-77.18531302458764
912070,4333398,-77.18561531552112
912070,3008576,-77.18591759340092
912070,4581871,-77.18591759340092
912070,2877137,-77.18640121085971
912070,1202008,-77.18646166069283
912070,3095243,-77.18688479490852
912070,2942686,-77.18948348695882
912070,2005843,-77.2216202090053
912070,4546765,-77.23525182486225
912070,2970193,-77.2360980677177
912070,1202004,-77.23615850972143
912070,4647652,-77.23724637655492
912070,2483292,-77.27371483179478
912070,8337146,-77.29833940590636
912070,4698025,-77.33819393992252
912070,3946692,-77.3398264519686
912070,3650260,-77.34055189068697
912070,3920328,-77.34055189068697
912070,2507646,-77.34284861744027
912070,6228375,-77.36914590552333
912070,1637370,-77.42925566570922
912070,5096366,-77.45573508955903
912070,2225612,-77.45851627427663
912070,3996434,-77.45857672254371
912070,2225611,-77.4586371702888
912070,3996435,-77.45869761751189
912070,4039636,-77.45893940118461
912070,3650263,-77.47220907951301
912070,391680,-77.47390193067992
912070,2303991,-77.47414373314461
912070,3108364,-77.47420418245571
912070,3133569,-77.47420418245571
912070,7549671,-77.47498997600006
912070,4156807,-77.47559437255364
912070,4581873,-77.52099924368243
912070,6826386,-77.52172480145563
912070,3920322,-77.52232937549041
912070,7549664,-77.52245028403173
912070,904927,-77.52257119048468
912070,829322,-77.52263164292806
912070,6055293,-77.52353836693548
912070,4287451,-77.52384058217322
912070,2584671,-77.52384058217322
912070,278306,-77.52468671543161
912070,4415117,-77.52523060423684
912070,5722347,-77.59095950882241
912070,1229925,-77.59144315551869
912070,2131997,-77.59150360900622
912070,8337139,-77.5930147765401
912070,3653780,-77.60915938575218
912070,777849,-77.62581554165293
912070,3323147,-77.62762943609441
912070,2483294,-77.62762943609441
912070,6230241,-77.62781079968957
912070,2634029,-77.62781079968957
278813,5358273,-114.24979174702587
278813,7354996,-114.46933547738684
278813,200786,-115.07707653300379
278813,3390550,-115.14408446710493
278813,200782,-115.21070291330153
278813,787246,-115.40349066361762
278813,3768248,-115.50297095050759
278813,8466368,-115.5474019624232
278813,4514037,-115.72715933916038
278813,5646385,-115.82688905272535
278813,4555317,-115.83384950427588
278813,5190917,-115.88530070077658
278813,3186463,-115.9072011228872
278813,595965,-115.94040113839945
278813,7354990,-115.99991949079977
278813,5044118,-115.99991949079977
278813,3186464,-116.0107564830515
278813,8470450,-116.06599615220021
278813,6504583,-116.07805012254832
278813,4555314,-116.1713680803841
278813,2914659,-116.30043371013319
278813,8639933,-116.30071870268455
278813,334446,-116.30347325007672
278813,1142963,-116.31329072550001
278813,6425469,-116.32714544224913
278813,3583856,-116.36591106624765
278813,3408151,-116.36820171457666
278813,2893705,-116.42040150001189
278813,3276268,-116.49073226864941
278813,6333895,-116.53637976987363
278813,6158696,-116.54662877672912
278813,3618614,-116.55307804048657
278813,4725529,-116.63879503182042
278813,5850005,-116.68774922121514
278813,8639934,-116.70589881824135
278813,8437411,-116.7070387441472
278813,1568999,-116.70719229578766
278813,4734357,-116.7341646935456
278813,3574107,-116.73454467869168
278813,1961280,-116.77100731709811
278813,6265642,-116.83564083165095
278813,4631489,-116.90785307509807
278813,3177931,-116.92942235798324
278813,7390013,-116.93255676175538
278813,7779005,-117.01122905854844
278813,1667328,-117.08857002249124
278813,7414971,-117.09704126729062
278813,744102,-117.13982007575063
278813,4361005,-117.21320892663482
278813,3177932,-117.2933054815889
278813,5853137,-117.31242733466678
278813,7315877,-117.34200087787521
278813,4514035,-117.34276110421565
278813,3583858,-117.34607509535083
278813,6149458,-117.35111079013578
278813,8466364,-117.39999594525948
278813,1349650,-117.40047088772674
278813,2914656,-117.4140343395324
278813,7391039,-117.42284875672583
278813,1831712,-117.47296665987058
278813,1266468,-117.47334675333906
278813,8349950,-117.47401188530746
278813,5676096,-117.47448695494845
278813,4131024,-117.47515201797849
278813,1590228,-117.51404787815386
278813,6161321,-117.51568899040952
278813,4688509,-117.51739956269306
278813,4844639,-117.51920374680289
278813,8639935,-117.5321023874314
278813,5450599,-117.56989498205488
278813,714845,-117.57889731080608
278813,2684221,-117.58032251973073
278813,1636275,-117.58184253907888
278813,2113533,-117.58488194779507
278813,3486245,-117.59559582757441
278813,7733350,-117.59597586851524
278813,5853133,-117.65254518130456
278813,6418815,-117.66894891030407
278813,4673132,-117.67312692519808
278813,5348550,-117.69071729521141
278813,2750247,-117.71280877719951
278813,3008216,-117.7527755872716
278813,7390015,-117.7560059352914
278813,2837976,-117.75610093116772
278813,7390018,-117.75714583166547
278813,7477644,-117.78676737018351
278813,7414968,-117.80147072684264
278813,1593470,-117.90683124250046
278813,7337008,-117.91386084652564
278813,6504584,-117.92305410629518
278813,3483738,-117.937282483297
278813,1330739,-117.98341217703388
278813,1714810,-117.98641663622571
278813,4794659,-118.02537445196049
278813,4669858,-118.02556448720341
278813,2241118,-118.02679963626473
278813,4310893,-118.02898456029614
278813,1022796,-118.0423579793273
278813,6505796,-118.09209818020327
278813,4130075,-118.09456789170646
423273,6668015,-52.481333471854136
423273,151716,-52.54608786288264
423273,3020790,-52.70105876330791
423273,3321495,-52.81651029337393
423273,8545200,-53.02115022859488
423273,151710,-53.04073338057826
423273,23781,-53.10604902325921
423273,4572178,-53.133831354552164
423273,3860562,-53.13387452778476
423273,3321497,-53.17452382713788
423273,8012486,-53.17581889552473
423273,1217555,-53.21210021223829
423273,6161797,-53.289838146837994
423273,6813716,-53.30814156809156
423273,3860561,-53.328501805833056
423273,8237690,-53.328501805833056
423273,6668023,-53.39170169090323
423273,4508401,-53.39183125199345
423273,1623143,-53.392867619873215
423273,5172597,-53.39455125965929
423273,2164393,-53.46775571039362
423273,7029294,-53.510434763268435
423273,7923576,-53.510434763268435
423273,640989,-53.510693832863225
423273,1414628,-53.5109097139387
423273,151711,-53.57977305789888
423273,1811282,-53.579816234113956
423273,958972,-53.64370707287407
423273,3321491,-53.64392297632208
423273,8560833,-53.644009335090956
423273,8237693,-53.644009335090956
423273,1211997,-53.64444110656322
423273,5550430,-53.64677202844185
423273,5500838,-53.69383568816133
423273,1761537,-53.7034543047357
423273,151712,-53.73349195506799
423273,7919740,-53.73366467260574
423273,2027160,-53.73426913700786
423273,1127321,-53.735434683460156
423273,1831921,-53.796734904462504
423273,8339672,-53.79708042308609
423273,5029856,-53.79738273229669
423273,6813710,-53.79824637219554
423273,1903574,-53.79824637219555
423273,7404511,-53.798375905315005
423273,599897,-53.79841908227578
423273,6668017,-53.79876448454004
423273,8237688,-53.86680744237991
423273,4572174,-53.86732559946833
423273,448839,-53.86745513035067
423273,1867311,-53.90403865186869
423273,1217559,-53.91546805888659
423273,8135169,-53.91555442436804
423273,8339679,-53.91823101462873
423273,306620,-53.979963396724
423273,8237691,-53.98000658002415
423273,7029298,-53.98004976295136
423273,695599,-53.98009294550561
423273,1835159,-53.980222490930714
423273,1830408,-53.98026567199324
423273,5793774,-53.98030885268283
423273,360466,-53.98056792898951
423273,6259771,-53.980826991872746
423273,1088569,-53.980826991872746
423273,5403189,-53.980870167715004
423273,3381653,-53.98104286735581
423273,6611779,-53.98108604133399
423273,6172388,-53.98112921493937
423273,232076,-53.98143141973934
423273,6171868,-53.98207893995367
423273,6668014,-54.01987845577672
423273,690677,-54.01996483767107
423273,590552,-54.0202239744003
423273,1571871,-54.02039672475878
423273,7839351,-54.020655839106
423273,7919741,-54.02095812220717
423273,7322256,-54.021519456629214
423273,3860559,-54.021692162235254
423273,4429991,-54.04835166284479
423273,1811021,-54.136797590399446
423273,6153455,-54.13692718507053
423273,8370566,-54.1372295595744
423273,6611778,-54.139906935809734
423273,7001344,-54.14003644991598
423273,8055681,-54.153798555174006
423273,7332703,-54.154273600195665
423273,4307875,-54.15440315009614
423273,1015997,-54.154489514831695
423273,5603791,-54.1545758780755
423273,2633985,-54.1546622398276
423273,3815735,-54.15474860008807
423273,4261306,-54.15474860008808
423273,3733896,-54.15513720280244
423273,241822,-54.20194085793304
423273,1903575,-54.20267509452266
423273,2027158,-54.20271828155274
423273,5221000,-54.202891025942876
423273,2430952,-54.202891025942876
423273,1571674,-54.20297739589995
423273,7685102,-54.20302058031901
507445,3990765,-71.11415632071099
507445,5889638,-71.27551068943399
507445,8722482,-71.82871814522903
507445,138394,-71.91536679032927
507445,7794488,-72.43727168116315
507445,1479754,-72.53522101287002
507445,570034,-72.714701967141
507445,5298400,-72.82807789580528
507445,5298395,-72.82910550747353
507445,269423,-72.832443417542
507445,250223,-72.84392556476146
507445,493308,-72.89587486798936
507445,6186391,-73.02372869660522
507445,6828030,-73.15138073270937
507445,5907838,-73.22595073243068
507445,6952461,-73.3290138865789
507445,1544091,-73.33245964616212
507445,3740361,-73.36223709184098
507445,483963,-73.42635234352423
507445,483959,-73.42665468146033
507445,348381,-73.43286233437586
507445,7245415,-73.47019712994201
507445,7422887,-73.47158717600804
507445,8168036,-73.47599565939757
507445,2909099,-73.58646893281518
507445,5749619,-73.61145491689403
507445,5790259,-73.64937495600758
507445,6952457,-73.65088654123446
507445,2399970,-73.66645352520902
507445,867076,-73.71830735729553
507445,7317452,-73.721209337766
507445,6151631,-73.73574868240784
507445,92319,-73.75407218483764
507445,1485181,-73.75437264263552
507445,1485183,-73.75443311544652
507445,6180779,-73.7569725018757
507445,6534391,-73.79274883539755
507445,2638897,-73.82114830991924
507445,1149568,-73.82145057213609
507445,3540115,-73.82193416453697
507445,5716524,-73.83375218881412
507445,5369728,-73.85510339337306
507445,1485187,-73.8721556782919
507445,8180849,-73.8738487195551
507445,1479752,-73.90419576234243
507445,570031,-73.90431664060938
507445,8722485,-73.91903746576753
507445,7034117,-73.98670036626802
507445,6534393,-74.00322804754211
507445,5181430,-74.03409983599262
507445,2249821,-74.03549053043744
507445,5288831,-74.03706228718448
507445,353892,-74.04223613195305
507445,3128132,-74.05756068255086
507445,6692439,-74.11986232804054
507445,1906021,-74.1419392229694
507445,1806936,-74.22667387151493
507445,7095241,-74.22931328799558
507445,3337955,-74.25236572728038
507445,1479749,-74.25460293139896
507445,361584,-74.25712244429691
507445,1125832,-74.28076468004423
507445,6828032,-74.28112734615834
507445,397906,-74.30303035428058
507445,4728915,-74.32371671247145
507445,5040609,-74.32553010568569
507445,4792166,-74.34197788597007
507445,6168772,-74.34488006696608
507445,186220,-74.41496094619217
507445,6310236,-74.42980264178843
507445,832478,-74.44818499538486
507445,4030341,-74.44903148676552
507445,7057327,-74.44945469407244
507445,1828507,-74.4502405826239
507445,2855402,-74.45090549633674
507445,4936296,-74.45138903027929
507445,254797,-74.4860773748538
507445,6026981,-74.52508556893379
507445,4959808,-74.54607431414607
507445,286391,-74.54619523521916
507445,5747302,-74.54619523521916
507445,1439300,-74.54710207669157
507445,1082880,-74.54722298001211
507445,1826015,-74.54770657241299
507445,5459870,-74.54873409535061
507445,5279202,-74.56530285885187
507445,2067792,-74.5671772731086
507445,8520595,-74.5680236182803
507445,5720359,-74.56832585961573
507445,3251106,-74.5888379639016
507445,3458333,-74.59089379972592
507445,68510,-74.63008326809893
507445,4460396,-74.63014373882031
507445,4517966,-74.6592820762911
507445,6828038,-74.68105662180226
507445,7136751,-74.69968082329349
507445,7071761,-74.70058775092625
507445,2538033,-74.72857725176635
507445,1851525,-74.73014902208722
507445,2659875,-74.74961974262087
25129,3683470,-63.66666803751221
25129,3806623,-63.891158471575594
25129,3683467,-63.953883810867445
25129,5031195,-64.00640289919748
25129,7263713,-64.15981800177819
25129,3457604,-64.1810156392116
25129,211673,-64.2065970277347
25129,4798634,-64.20680422794192
25129,3806622,-64.2293806812144
25129,6201254,-64.27388022443685
25129,1985156,-64.45703077529963
25129,3156627,-64.4781163213367
25129,6212943,-64.54581393992049
25129,7734044,-64.54773081491251
25129,6212640,-64.61175132211518
25129,7462870,-64.62023279827265
25129,6659834,-64.68383861248559
25129,6876107,-64.68461587832456
25129,3059825,-64.7010526509755
25129,5056218,-64.7010526509755
25129,2739347,-64.71654197078472
25129,2408165,-64.76429587447024
25129,8816564,-64.82890833405622
25129,4033963,-64.83214865267338
25129,5180770,-64.83328874595718
25129,1492496,-64.83494667683546
25129,6876111,-64.87089988123377
25129,113906,-64.87974666946185
25129,6181304,-64.94900056286855
25129,4733774,-64.96827085315205
25129,3950702,-64.98883833515958
25129,7263707,-64.99184229734477
25129,612834,-64.99518530724167
25129,4688334,-65.01643932545558
25129,3164140,-65.01659475446122
25129,8600593,-65.01752724395102
25129,6857849,-65.05197794692201
25129,4882896,-65.05208158102454
25129,3683466,-65.0549308176122
25129,7447694,-65.10387505519218
25129,612830,-65.10579242685472
25129,2207241,-65.10662137081596
25129,7615159,-65.12081536389883
25129,8600592,-65.12117808482405
25129,2764295,-65.12862807501008
25129,1468979,-65.16856906172492
25129,6857846,-65.16945006953034
25129,6192879,-65.16950188949052
25129,709498,-65.16965734668582
25129,4675557,-65.1697609825784
25129,6333530,-65.16981279985342
25129,2095203,-65.17012369410625
25129,8816558,-65.17022732194415
25129,3038509,-65.17079724306231
25129,8776499,-65.19580419169313
25129,5605793,-65.21076587062032
25129,2607758,-65.23875385406535
25129,7447690,-65.27294476848961
25129,7926134,-65.30256688636074
25129,6659833,-65.303499641618
25129,3806625,-65.35140887407101
25129,6876104,-65.3517716263243
25129,3156624,-65.35218617347488
25129,3058636,-65.37187069237876
25129,6212938,-65.37285521210376
25129,7750508,-65.39046861704311
25129,3194557,-65.39264544080473
25129,612829,-65.39337087325836
25129,2607750,-65.39544305424943
25129,6557697,-65.45454057317886
25129,7447687,-65.45536999698984
25129,2379625,-65.45671756618799
25129,6857848,-65.45713214198211
25129,7367666,-65.45718396194229
25129,3497380,-65.45744305503017
25129,863337,-65.45790939439593
25129,211669,-65.4579612076437
25129,6117441,-65.45806483279699
25129,1363116,-65.45863473915145
25129,6609242,-65.52612501346907
25129,3683469,-65.52648774379215
25129,1212206,-65.52736856900606
25129,2258265,-65.56259629711276
25129,4798632,-65.56311446762572
25129,6283105,-65.5644096981602
25129,3292326,-65.57408599740276
25129,2960589,-65.575951491817
25129,7447696,-65.63738053329094
25129,7715144,-65.63872817233667
25129,7106156,-65.63966097593156
25129,7734047,-65.63976461182412
25129,2486388,-65.63992006230669
25129,6659836,-65.63997187823922
25129,5056222,-65.64028276443767
25129,1921890,-65.64049001295456
25129,3683471,-65.64059363452857
25129,113908,-65.67861721821905
25129,1993878,-65.67903187996752
25129,2039194,-65.67939468549092
25129,1376706,-65.6794465130606
146187,7008850,-84.111584379749
146187,3340983,-84.20100010866915
146187,4032972,-84.20505474629495
146187,8716240,-84.21738129022121
146187,8140512,-84.26259042830856
146187,6914598,-84.64011702343223
146187,1311959,-84.68460051914552
146187,6601035,-84.70141812345618
146187,3245829,-84.83774722711257
146187,2167303,-84.83774722711257
146187,3636162,-84.83809280095961
146187,7392167,-84.85750332324692
146187,6065113,-84.8954596875104
146187,4787674,-84.98325452855248
146187,5142349,-84.9884091825364
146187,3526354,-85.10798872882394
146187,5040193,-85.14608340669163
146187,4992322,-85.15253180637416
146187,8602882,-85.22438986903455
146187,2970604,-85.27183461199719
146187,6464518,-85.28720068511922
146187,4332600,-85.29615768851554
146187,8434618,-85.31148226416865
146187,3241340,-85.48082860961604
146187,5426149,-85.51310838544856
146187,4332606,-85.53137820687873
146187,4111407,-85.58757078205649
146187,672070,-85.62671343313576
146187,4289224,-85.62671343313576
146187,5203708,-85.64867744332892
146187,5677749,-85.64867744332892
146187,609579,-85.66342651685693
146187,4562963,-85.6637719414918
146187,6220258,-85.66411735121254
146187,8434623,-85.70106990473974
146187,1895409,-85.78072593296629
146187,5566562,-85.78745994811676
146187,2226093,-85.79864832568862
146187,5332230,-85.80092864028381
146187,8049312,-85.80382991912332
146187,251613,-85.81919850230145
146187,4072041,-85.81919850230145
146187,7088851,-85.81995868595547
146187,5142353,-85.82154792748655
146187,6270268,-85.82196246031678
146187,4099104,-85.83124103903903
146187,5050456,-85.83909243827517
146187,867197,-85.88670823981485
146187,6853507,-85.91684601234716
146187,2991807,-85.91960980325932
146187,3580385,-85.94016000732482
146187,1329682,-85.95979957257208
146187,4935029,-85.99262141818458
146187,1569126,-86.07058204117226
146187,76348,-86.08681415555348
146187,5332231,-86.08798887321306
146187,674092,-86.10694968534312
146187,8504973,-86.10943726903841
146187,1367172,-86.12013238242896
146187,3860555,-86.13525878169855
146187,6294879,-86.17556467489638
146187,1712716,-86.2038369878549
146187,1712714,-86.20473540224083
146187,50197,-86.20501181713962
146187,4935024,-86.20604828795793
146187,5454037,-86.20929502723148
146187,4906538,-86.22514737200169
146187,4487459,-86.22791116291383
146187,4155296,-86.22867103805311
146187,7001028,-86.33861231199657
146187,1056540,-86.3420319699884
146187,150488,-86.3692725583165
146187,3580383,-86.3904423836236
146187,1329681,-86.40581019581978
146187,7088850,-86.40691605601661
146187,7307262,-86.40864365660208
146187,8140179,-86.44555192700308
146187,5008158,-86.47366583905597
146187,8370174,-86.47366583905597
146187,2592261,-86.47587648991674
146187,4992658,-86.47642905719633
146187,6082309,-86.49366126653274
146187,2278898,-86.49379945368996
146187,2026963,-86.49379945368997
146187,1715996,-86.50086936414723
146187,2681789,-86.51206923453128
146187,6425232,-86.51227657167443
146187,6010042,-86.5146260171531
146187,4155293,-86.51642218648416
146187,6868897,-86.57695331458886
146187,5050464,-86.58020083904385
146187,1418994,-86.589583162775
146187,4212997,-86.63061248010985
146187,5703717,-86.6319944949181
146187,2902981,-86.6326163236996
146187,4730655,-86.63406706958557
146187,2026968,-86.67460082045561
146187,4822604,-86.68162269747967
146187,8140605,-86.68162269747967
146187,5213466,-86.6825902666361
634428,7137907,-48.276396834839076
634428,1149020,-49.28205586902194
634428,3112254,-49.6397950528512
634428,77084,-50.51497673225443
634428,331492,-50.687933086807604
634428,495895,-50.84208376663487
634428,894965,-51.12898837517237
634428,1365473,-51.16087271144012
634428,5734073,-51.27217228982852
634428,576161,-51.34051740062326
634428,576162,-51.5222343050484
634428,5230973,-51.67504585150294
634428,3234659,-51.67504585150294
634428,8682524,-51.67647136826241
634428,2164843,-51.697149157531925
634428,6039405,-51.86047710286965
634428,8573800,-51.89922618258292
634428,7490680,-52.082281994994176
634428,7144917,-52.12306080099221
634428,1149015,-52.20659259934214
634428,4744351,-52.30434572132222
634428,331496,-52.3045185089921
634428,576160,-52.305080027684795
634428,7045908,-52.30529597962256
634428,6608485,-52.34559967382187
634428,573203,-52.36871144881858
634428,4266426,-52.55738393758969
634428,8083790,-52.749984817003096
634428,7139848,-52.75002802007916
634428,1743446,-52.75136713031321
634428,1041939,-52.79735911793095
634428,7126195,-52.81607841374716
634428,7129232,-53.03771009253093
634428,336055,-53.03809890341783
634428,7146552,-53.05427923702495
634428,4266425,-53.105919511389445
634428,7712529,-53.13162902522947
634428,5815191,-53.22201858739312
634428,8077547,-53.326212952508584
634428,7137652,-53.32638573271491
634428,4266423,-53.33009906374336
634428,1746451,-53.39083786449564
634428,540779,-53.61294462708639
634428,8080870,-53.61298783090908
634428,7194576,-53.613247046005824
634428,8085790,-53.613247046005824
634428,7708601,-53.613247046005824
634428,493013,-53.613247046005824
634428,364726,-53.613247046005824
634428,1829421,-53.613247046005824
634428,8548487,-53.613247046005824
634428,907863,-53.613247046005824
634428,8083674,-53.61329024721545
634428,7490607,-53.61346304832139
634428,7553367,-53.61350624766476
634428,926920,-53.6136358434555
634428,7045169,-53.61415419303092
634428,6524894,-53.6157089194116
634428,6722273,-53.645045523991904
634428,7132372,-53.69193584444379
634428,868421,-53.7311164837082
634428,7605011,-53.732282765219296
634428,2055810,-53.79548219926068
634428,7605009,-53.795957400249456
634428,7138455,-53.79613018941213
634428,5230967,-53.89993538759984
634428,462226,-53.90041067482491
634428,1190438,-53.90054029077287
634428,1951087,-53.90062669953818
634428,562598,-53.90097231966723
634428,8071487,-53.901101921056565
634428,7840391,-53.90114512077317
634428,7136582,-53.901317915907285
634428,1162152,-53.901317915907285
634428,7130565,-53.901317915907285
634428,7136586,-53.90140431123503
634428,7130566,-53.90140431123503
634428,1162154,-53.90140431123503
634428,7139388,-53.90149070506996
634428,7133025,-53.90149070506996
634428,7130775,-53.90157709741216
634428,6991503,-53.901663488261626
634428,5734070,-53.90174987761846
634428,1827262,-53.90179307173716
634428,1235736,-53.91352444105512
634428,4266430,-53.917410921481576
634428,4159049,-53.981517760613116
634428,8592253,-54.018712154113985
634428,1639659,-54.01892815642955
634428,783394,-54.04791975710363
634428,628972,-54.13649518977036
634428,6524896,-54.13735914304992
634428,517386,-54.13787744337087
634428,783393,-54.201336111537024
634428,1451470,-54.201508903685365
634428,6722274,-54.20405689449864
634428,7011279,-54.205049827409866
634428,4266422,-54.27253163574446
634428,4148897,-54.274129031571135
634428,8075227,-54.3058325768704
1121986,5186612,-92.34412985412627
1121986,5198257,-93.3102802489827
1121986,1024820,-93.60317709190446
1121986,4384679,-94.08314796912516
1121986,7577743,-94.16757839726941
1121986,7518995,-94.26531412710531
1121986,155472,-94.28031747706429
1121986,2764642,-94.45012174299352
1121986,3125543,-94.484225047156
1121986,7784554,-94.51515213281525
1121986,4771483,-94.62160056227015
1121986,4447541,-94.62160056227016
1121986,2978982,-94.70729088396736
1121986,2223580,-94.77598434937427
1121986,439886,-95.04203695948206
1121986,6398726,-95.07406847814562
1121986,3247898,-95.20892099450482
1121986,8583501,-95.36143966976836
1121986,440220,-95.40420449331424
1121986,6398730,-95.43105429217523
1121986,7075362,-95.46680018542618
1121986,7457404,-95.5349380792585
1121986,5070867,-95.56435253323828
1121986,4185047,-95.56450796828368
1121986,3247905,-95.58225127251056
1121986,4239742,-95.63537785888315
1121986,8004928,-95.65269622357879
1121986,3787275,-95.69328514301864
1121986,6053847,-95.70569209370852
1121986,8046995,-95.71850321306552
1121986,1586097,-95.77882023764656
1121986,8657656,-95.78477553662206
1121986,7182456,-95.78568376495943
1121986,6463042,-95.80718270510498
1121986,2978985,-95.8303551315386
1121986,6816108,-95.9364151985339
1121986,4771489,-96.03427844395459
1121986,4771488,-96.05489773115735
1121986,4121919,-96.07618843681828
1121986,53176,-96.07665468156236
1121986,180003,-96.09447613792497
1121986,8004929,-96.09634145512192
1121986,6179398,-96.123113380436
1121986,661823,-96.15676021819094
1121986,1719989,-96.16157937054984
1121986,423749,-96.16157937054986
1121986,4771487,-96.16173478412261
1121986,2249663,-96.2107821899069
1121986,6053846,-96.2273856722293
1121986,5803441,-96.23597570019868
1121986,2577381,-96.25788829637852
1121986,4185050,-96.3059012786092
1121986,524599,-96.34312381922167
1121986,1969543,-96.359984196802
1121986,8004930,-96.3630933810175
1121986,454883,-96.38215821037674
1121986,1747575,-96.41025135740315
1121986,4517750,-96.4118058286709
1121986,564965,-96.44863976187197
1121986,3833005,-96.45795323191346
1121986,454884,-96.479477416697
1121986,496432,-96.49760905574792
1121986,6179395,-96.50048533681874
1121986,4121928,-96.50102939471358
1121986,1978435,-96.50126255231514
1121986,5837695,-96.50180656323008
1121986,1200660,-96.51895365443289
1121986,2755073,-96.54502634852007
1121986,131202,-96.54510406772059
1121986,817043,-96.54518178625
1121986,8100609,-96.5654901953083
1121986,943539,-96.56618965603307
1121986,625229,-96.56642279752836
1121986,4262123,-96.59389423189003
1121986,8375955,-96.66984028282852
1121986,3677701,-96.68063033308592
1121986,4765529,-96.68179641311518
1121986,2850880,-96.69886614483362
1121986,7101261,-96.72672612754752
1121986,817049,-96.78746785793302
1121986,983257,-96.78746785793302
1121986,4771490,-96.7881674092705
1121986,184019,-96.79011032217943
1121986,7602288,-96.79026573709407
1121986,7889387,-96.81416172571045
1121986,5784874,-96.8175817988168
1121986,8530649,-96.85177318320763
1121986,246011,-96.86520617497666
1121986,625233,-96.88056590238213
1121986,244698,-96.92099925055754
1121986,1118585,-96.94862599444467
1121986,6255312,-96.95721143149116
1121986,1832500,-96.96699066550345
1121986,3901192,-96.96994487527884
1121986,974958,-96.96994487527887
1121986,2539959,-96.98670366038459
1121986,3873050,-97.03425020458158
1121986,3459802,-97.03487203604823
1121986,3782788,-97.03924865981384
1121986,5803447,-97.04554416040752
321441,696452,-83.70301146972412
321441,1343173,-84.02937390394747
321441,8408877,-84.46701634779377
321441,5920250,-84.70604637404614
321441,7766897,-85.26186304865773
321441,7780747,-85.37705697867861
321441,5531006,-85.48193395413122
321441,5531007,-85.48227934297435
321441,294032,-85.49297476962111
321441,7766899,-85.66397918911386
321441,7921339,-85.67216307886362
321441,512872,-85.7142526412278
321441,771376,-85.88449720709303
321441,5493499,-85.89678151725452
321441,7918792,-86.00255665526058
321441,3090956,-86.10618943601533
321441,4593074,-86.12282697383952
321441,3298753,-86.19914265576747
321441,1434502,-86.29362400611997
321441,1856483,-86.36365290100524
321441,5274487,-86.47276758762234
321441,2720065,-86.50086936414723
321441,3456698,-86.51248390344418
321441,8652411,-86.51393507539908
321441,3048658,-86.51676755743419
321441,6109903,-86.57964816201431
321441,1548186,-86.61165158202986
321441,7477564,-86.63005960733081
321441,7780744,-86.63337627102199
321441,5682948,-86.69743119767068
321441,6614492,-86.72380561055478
321441,6538834,-86.76511130816786
321441,7594076,-86.87767987548327
321441,5669169,-86.90340906696784
321441,5453358,-86.93680670044192
321441,542060,-86.94715646677565
321441,8466152,-86.97083922726827
321441,2020291,-87.01432038520085
321441,4323717,-87.01459669269659
321441,2841983,-87.03828869732786
321441,6147699,-87.09964855691652
321441,3659101,-87.10213631251456
321441,337554,-87.10296539249562
321441,7500112,-87.16632935829959
321441,4527586,-87.20314274805871
321441,5558085,-87.20604573142433
321441,3857921,-87.20791137890313
321441,6767428,-87.21005288219943
321441,4476280,-87.23580589110287
321441,1713991,-87.23698037543294
321441,6151969,-87.23732577918841
321441,6538828,-87.23787839418003
321441,5625608,-87.23801654196363
321441,1217615,-87.27307168586172
321441,6802111,-87.28383600293175
321441,542059,-87.30355500297841
321441,1955079,-87.32320678789077
321441,6651317,-87.32369055366189
321441,491338,-87.32472709610329
321441,7312852,-87.32583259336289
321441,6586737,-87.3908547215181
321441,2020288,-87.39147645901565
321441,614594,-87.45715283868155
321441,4531583,-87.45736015970525
321441,5113698,-87.49269114502613
321441,3728112,-87.49510980674721
321441,7397907,-87.50456072537263
321441,5571990,-87.50815415015684
321441,6497701,-87.51209124309041
321441,7927855,-87.5237643283216
321441,6192614,-87.52417885757193
321441,3311691,-87.52445519847302
321441,1286783,-87.52445519847302
321441,2435526,-87.52445519847302
321441,691743,-87.52466244788472
321441,6538829,-87.52514600896684
321441,2435168,-87.52528416390761
321441,3206188,-87.57676787266035
321441,7766896,-87.58433189186832
321441,2227949,-87.59752298986623
321441,159775,-87.6104741806825
321441,4527588,-87.61081974855855
321441,8770098,-87.61137262611369
321441,3900506,-87.61323830582121
321441,3262373,-87.61365284223143
321441,5113697,-87.6141364408965
321441,7532611,-87.61420552403372
321441,6609747,-87.61482724542515
321441,8239533,-87.6154489185031
321441,3271274,-87.6746671190162
321441,4951223,-87.67777682695879
321441,5920245,-87.678191363369
321441,5682947,-87.74704605843921
321441,8000275,-87.75231931083226
321441,3048659,-87.77563145749656
321441,2009167,-87.77756560997592
321441,5334015,-87.78341370261008
321441,6441717,-87.78355187902682
321441,614600,-87.79341774890622
321441,799957,-87.7947998234035
532603,8586180,-41.26354637702953
532603,5171463,-41.550537603192886
532603,8057004,-41.801679301256776
532603,6964808,-41.98386266850649
532603,2926366,-41.984208133416104
532603,4256468,-42.07261103436489
532603,3622362,-42.0733711819049
532603,4887627,-42.0733711819049
532603,4866631,-42.07340573063372
532603,5350139,-42.07357846980192
532603,3464532,-42.07382029210579
532603,3169384,-42.0738548369558
532603,3169385,-42.07388938150747
532603,6378313,-42.13918780731384
532603,4476434,-42.20690257452942
532603,1313732,-42.207040767654334
532603,1346306,-42.2435811465177
532603,1453001,-42.25565818967163
532603,6172243,-42.25579638399013
532603,4568561,-42.32074945943901
532603,412591,-42.32088763466247
532603,5021575,-42.3605349876127
532603,1298529,-42.36081140489926
532603,6285236,-42.36101870532946
532603,714335,-42.38912048334645
532603,4502367,-42.47762689647152
532603,4234437,-42.47762689647152
532603,1168062,-42.49448099900428
532603,4928242,-42.5420962983611
532603,631087,-42.54223453566273
532603,3454168,-42.542269094241675
532603,2713929,-42.54271832859994
532603,6233104,-42.5429602031276
532603,1241654,-42.543098410576995
532603,5438500,-42.543374811150635
532603,2582217,-42.543823921351525
532603,8816641,-42.611607535097576
532603,8522774,-42.646800121587134
532603,6137449,-42.64859712890905
532603,2754381,-42.72631819941225
532603,4866634,-42.74586452623488
532603,2965422,-42.76520528960343
532603,3036114,-42.76520528960343
532603,2773390,-42.76520528960343
532603,7007994,-42.76520528960343
532603,1088241,-42.76520528960343
532603,3164875,-42.76523984967531
532603,8365865,-42.76523984967531
532603,7587599,-42.7652744094486
532603,729442,-42.7652744094486
532603,4156398,-42.76534352809941
532603,4576285,-42.76537808697694
532603,7059952,-42.76537808697694
532603,244366,-42.765412645555884
532603,6888387,-42.76558543397218
532603,8713393,-42.76579277021978
532603,4866630,-42.76596554221692
532603,587646,-42.830227624576935
532603,5363373,-42.83033129135735
532603,4056199,-42.83040040105171
532603,3328436,-42.83046950955207
532603,7077286,-42.83046950955207
532603,3252691,-42.83067682788942
532603,8430069,-42.830711379901
532603,3282513,-42.83074593161411
532603,3596125,-42.83081503414499
532603,3252692,-42.8309532356255
532603,5168537,-42.83109143233124
532603,2550565,-42.831713258428465
532603,7583236,-42.89884036154782
532603,2195902,-42.89991155718997
532603,5293380,-42.899980656736496
532603,589289,-42.94759596624255
532603,2883761,-42.94780331861203
532603,6492405,-42.94783787629529
532603,7933693,-42.94787243367998
532603,589288,-42.947906990766135
532603,2107438,-42.947976104042795
532603,5291707,-42.94807977171879
532603,2269185,-42.94814888201017
532603,766960,-43.052714557216646
532603,6957058,-43.05271455721665
532603,1488181,-43.05278368004792
532603,3285962,-43.05285280168473
532603,3580889,-43.05285280168473
532603,1488175,-43.05285280168473
532603,3603162,-43.05285280168473
532603,4678900,-43.05288736205521
532603,7707937,-43.05288736205521
532603,2162721,-43.05295648190038
532603,5717240,-43.05295648190038
532603,2145306,-43.05295648190038
532603,1615161,-43.05299104137507
532603,8436550,-43.05299104137508
532603,2563303,-43.05309471800767
532603,291073,-43.05316383426987
532603,7548800,-43.05319839195312
532603,4819568,-43.053232949337804
532603,3160652,-43.05326750642396
532603,8522780,-43.05326750642396
