1108939,6707713,-61.3627389626807
1108939,3259017,-62.06031747713627
1108939,6669588,-62.140566255262044
1108939,3647358,-62.592855588719026
1108939,6529622,-62.85135168852504
1108939,6707715,-63.02286068398489
1108939,2561987,-63.10402613121596
1108939,7919347,-63.26587958887868
1108939,7577156,-63.32065289926587
1108939,5553585,-63.336903029042325
1108939,8620089,-63.350930038357234
1108939,7152561,-63.37779564009262
1108939,1887084,-63.46025089806325
1108939,699259,-63.53052656189318
1108939,7724054,-63.61167205384684
1108939,2068541,-63.655343571856925
1108939,6092801,-63.70392994744326
1108939,6707716,-63.744853810518364
1108939,6164673,-63.75387304916488
1108939,6758075,-63.76347335239345
1108939,3899060,-63.79738599368914
1108939,753531,-63.80686549542107
1108939,3130232,-63.823605330487666
1108939,8596284,-63.82415942986532
1108939,1448805,-63.85798583957374
1108939,2044726,-63.863405754158244
1108939,8027461,-63.864609609939286
1108939,5836378,-63.91841643972498
1108939,7201778,-63.92871245140475
1108939,3351100,-63.992133161610795
1108939,242056,-63.99646258383346
1108939,6843852,-64.04704864289258
1108939,127555,-64.09197109995995
1108939,6179150,-64.10957905175128
1108939,1818494,-64.15094710924825
1108939,631424,-64.15600763742978
1108939,1347694,-64.21552979013629
1108939,4104109,-64.26010554608843
1108939,5101048,-64.33129359685601
1108939,7405170,-64.33834619174766
1108939,2735037,-64.38908272649586
1108939,5794106,-64.41070014409416
1108939,4036414,-64.42951041951359
1108939,2011059,-64.44159479795611
1108939,5668417,-64.45195694509496
1108939,4100158,-64.49664538774852
1108939,4260849,-64.50800619430588
1108939,3168054,-64.54301553293014
1108939,8661642,-64.57156298699506
1108939,8596282,-64.623820420808
1108939,8596286,-64.64293358567001
1108939,8476367,-64.66760799579933
1108939,5308169,-64.66788246623628
1108939,7919417,-64.71371264088936
1108939,3009955,-64.72322429521749
1108939,4260848,-64.72326287703869
1108939,6273537,-64.7410667628222
1108939,532318,-64.77780329610414
1108939,6485678,-64.79482704916191
1108939,2430867,-64.81965560294739
1108939,893831,-64.82827335664778
1108939,5553584,-64.8512962770508
1108939,4421943,-64.88724248791343
1108939,160716,-64.90070154162606
1108939,1666545,-64.91936396777052
1108939,8804355,-64.93028846338123
1108939,3865302,-64.9676666785083
1108939,5010667,-65.00771616074668
1108939,7777453,-65.02672010733878
1108939,1889170,-65.03893148624057
1108939,4847697,-65.08026735680528
1108939,25753,-65.11502926183479
1108939,6564869,-65.1500825697272
1108939,4056029,-65.15525841789311
1108939,2251472,-65.17430685086909
1108939,7109155,-65.22520909526985
1108939,893828,-65.23662444191655
1108939,7844766,-65.24997816077712
1108939,7844765,-65.25057666622389
1108939,4568144,-65.29318667324182
1108939,2068537,-65.29961704193705
1108939,6521246,-65.3013078976078
1108939,631428,-65.30589285684131
1108939,4346292,-65.3110022761749
1108939,1022480,-65.31166633267237
1108939,2918202,-65.31631158997199
1108939,7428365,-65.31692130837531
1108939,7640797,-65.32112126050185
1108939,1569136,-65.33448699427358
1108939,414222,-65.37278389743852
1108939,8540801,-65.39351141330417
1108939,5628061,-65.41508458262187
1108939,6316877,-65.45427724238924
1108939,3124564,-65.4800205780819
1108939,841371,-65.48047876341411
1108939,1889169,-65.49075600900001
1108939,4016944,-65.5137904944184
1108939,7607668,-65.5555510777508
1108939,7889053,-65.56975943537837
1108939,119359,-65.57337379997594
1112389,6064417,-71.14543924485365
1112389,6064419,-71.58057195994374
1112389,6064420,-71.58057195994374
1112389,6064418,-71.58057195994374
1112389,4931198,-71.58120723009942
1112389,4492425,-72.42021155132782
1112389,5139660,-72.91867121790551
1112389,5139657,-72.91935845589644
1112389,5139658,-72.92004563485546
1112389,5139659,-72.92004563485546
1112389,5139661,-72.92004563485546
1112389,7817890,-72.9650026473864
1112389,6064415,-73.83716753638976
1112389,8138766,-74.1894498738468
1112389,196853,-74.37020435388973
1112389,190730,-74.62917117938778
1112389,7759969,-74.64401150918343
1112389,2086171,-74.68786439166114
1112389,2107820,-74.69169637493201
1112389,4790816,-74.80083943882711
1112389,2472193,-74.80152661778612
1112389,1105208,-74.91518397331208
1112389,5892680,-74.98041142057423
1112389,3397526,-75.06304811920964
1112389,5613397,-75.0666622989744
1112389,6064416,-75.25721967782498
1112389,4076,-75.30348688067635
1112389,3180612,-75.32639725400603
1112389,2639248,-75.41770257673141
1112389,1745424,-75.48583871542505
1112389,7651158,-75.51218775667863
1112389,8440265,-75.53020765167442
1112389,684770,-75.7188007110695
1112389,8097877,-75.82083826556354
1112389,7909652,-75.84448709453606
1112389,2472196,-75.8656898784277
1112389,1250266,-75.9338299208863
1112389,640348,-75.98910298229777
1112389,4553544,-76.00903460655321
1112389,4284834,-76.03123650519655
1112389,6780773,-76.06479129848286
1112389,1116794,-76.0864581559452
1112389,4615686,-76.16624374732568
1112389,2123630,-76.20529181904394
1112389,1357130,-76.28373346303314
1112389,7558109,-76.32431581687723
1112389,1422900,-76.3244550248508
1112389,8487545,-76.32651904385125
1112389,6780768,-76.3449680893676
1112389,3176358,-76.347357596578
1112389,5356573,-76.34873437886908
1112389,6021852,-76.35079910814292
1112389,7198431,-76.38495863306768
1112389,5435289,-76.40036568704988
1112389,4337245,-76.47461983337102
1112389,7198424,-76.58326194331096
1112389,2436039,-76.60707705816823
1112389,2472200,-76.62178039393062
1112389,6746135,-76.64187246575571
1112389,6780774,-76.71404107350374
1112389,4790809,-76.72574725059978
1112389,4069,-76.72918698648107
1112389,8817195,-76.7505795355046
1112389,7741091,-76.7543601747781
1112389,8501533,-76.87778236749155
1112389,8837646,-76.88190951821547
1112389,7558106,-76.88328476210978
1112389,6496650,-76.91773235910887
1112389,4855805,-76.92200217794861
1112389,392039,-76.92544013997765
1112389,5892677,-76.99500402242518
1112389,7198430,-76.99707070747387
1112389,6510432,-77.00395580424717
1112389,6799753,-77.02404505178389
1112389,2024154,-77.03669481575308
1112389,8792649,-77.07079091463449
1112389,6128818,-77.18067081917705
1112389,6716219,-77.23397231157021
1112389,4159198,-77.2408712382628
1112389,4046101,-77.24154233484512
1112389,6766797,-77.26881853898576
1112389,6799747,-77.26950731537492
1112389,7936685,-77.28835671091939
1112389,6378558,-77.29041984276495
1112389,3570708,-77.39016408756082
1112389,2472195,-77.39204402561822
1112389,7524966,-77.42682179986073
1112389,5016975,-77.42888759546175
1112389,5745639,-77.44442199868377
1112389,8634010,-77.4506215202532
1112389,1521558,-77.4602556813962
1112389,7266913,-77.52647337392501
1112389,4070,-77.53123595882445
1112389,979703,-77.53154437782106
1112389,6116741,-77.5603722010037
1112389,5340373,-77.56931705348546
1112389,6832274,-77.57400600138129
1112389,7651152,-77.6076836057134
1112389,4931195,-77.62550234063173
1112389,2086170,-77.64369787239893
792752,8666254,-27.794304881209364
792752,8803599,-29.1594639851173
792752,8803596,-29.538073502382943
792752,8803604,-29.540920342604167
792752,8803603,-29.545831257992425
792752,8803598,-30.193749434057313
792752,6571521,-30.886143044014588
792752,8803595,-32.580005557173195
792752,8803602,-32.586994464370356
792752,5080327,-32.59731856496399
792752,6348951,-32.59809144213232
792752,5080330,-32.59912163538953
1119729,2787567,-116.72690052519987
1119729,2787566,-116.72801241558528
1119729,4620393,-118.45238821596239
1119729,3580797,-120.01472600973332
1119729,7653915,-120.75829493740166
1119729,8250359,-121.08061935167736
1119729,528940,-121.47201043150615
1119729,6125120,-121.71170384794152
1119729,4809530,-122.14016863350932
1119729,5875858,-122.44846424277699
1119729,6925614,-124.01513094750189
1119729,7737913,-124.051318767516
1119729,1557029,-124.34808885110492
1119729,2218824,-124.653286046681
1119729,7131005,-125.01894473741329
1119729,623144,-125.04468735243225
1119729,5918486,-125.26046911095565
1119729,5875852,-125.37326501693002
1119729,2159311,-125.40495081495575
1119729,4292741,-125.46244821785473
1119729,2981145,-125.88372609349366
1119729,6662035,-126.23992130984298
1119729,5875857,-126.2678918052471
1119729,6840053,-126.32591166226324
1119729,3825482,-126.42455545952772
1119729,2159307,-126.53298739145885
1119729,6987878,-126.56083706534321
1119729,8569229,-126.61286437898937
1119729,7653921,-126.68714343522372
1119729,385220,-126.92245215822058
1119729,1056860,-126.93472918598691
1119729,1315448,-127.11949022902536
1119729,1088975,-127.12161712337152
1119729,5809617,-127.40069182312132
1119729,8721935,-127.4309659035806
1119729,6754413,-127.75655045890309
1119729,5875853,-127.79310643600823
1119729,8777737,-127.83428163179255
1119729,5142151,-128.01686488392352
1119729,6895029,-128.17901379720266
1119729,2941211,-128.17928750517683
1119729,1293569,-128.21824415238737
1119729,6840051,-128.2326814759112
1119729,8250361,-128.25060108692267
1119729,7044761,-128.31655296679298
1119729,4594468,-128.3440725797619
1119729,5648725,-128.36044570268146
1119729,8557132,-128.57731604472207
1119729,6662032,-128.7376910933376
1119729,8537209,-128.7669036972806
1119729,4499241,-128.77764448377857
1119729,5490307,-128.8234052299629
1119729,8537206,-128.88725599325423
1119729,5452351,-128.9899311586004
1119729,3264992,-129.01906378641826
1119729,4598089,-129.06841091797045
1119729,8557137,-129.28777468346422
1119729,5876399,-129.45437149447142
1119729,6662033,-129.5188481227328
1119729,2492709,-129.52840703207443
1119729,990539,-129.56077134208894
1119729,7331717,-129.6380525965637
1119729,2481122,-129.67982936742968
1119729,1056852,-129.70954896905766
1119729,2981149,-129.71111205734692
1119729,6122013,-129.7130578777867
1119729,4598095,-129.789034299893
1119729,429610,-129.9073162105292
1119729,6403337,-129.9236118102969
1119729,8786248,-129.93775213361158
1119729,136225,-130.04122940307244
1119729,2796281,-130.17619473614377
1119729,1753806,-130.18409056078812
1119729,1753808,-130.18744430323932
1119729,7126319,-130.1943451009106
1119729,8537211,-130.3337536699269
1119729,6651979,-130.48258385223252
1119729,5876400,-130.49270185306614
1119729,6178091,-130.53069625831878
1119729,555549,-130.53552469766137
1119729,6662029,-130.59836304642755
1119729,2203469,-130.6355263021876
1119729,8537205,-130.7232588976528
1119729,2868515,-130.72672734541766
1119729,8537203,-130.7310554673959
1119729,3121645,-130.75098332016483
1119729,7237985,-130.79151355912552
1119729,1725180,-130.7982288399822
1119729,3119635,-130.9327018056114
1119729,1225276,-130.936051803053
1119729,4288158,-130.93612462736436
1119729,1130792,-130.95596589189879
1119729,427485,-130.96880868209038
1119729,818542,-130.97391496826566
1119729,5427054,-130.98509555258127
1119729,2840515,-131.03133792193472
1119729,8537210,-131.0978085480771
1119729,8721941,-131.13485177868156
1119729,4813168,-131.19104994680282
1119729,8537207,-131.19991160740759
1105095,4789493,-54.436613514704575
1105095,3598029,-55.27234124720658
1105095,4505613,-55.29480637381401
1105095,5446356,-55.87527434769602
1105095,3853483,-56.08157293804474
1105095,3563995,-56.489164303558624
1105095,3563994,-56.763606587488624
1105095,7576784,-56.89074823378528
1105095,6497976,-56.907248334418775
1105095,3627776,-57.02011231907399
1105095,6847368,-57.133489259622465
1105095,3598870,-57.16026973033763
1105095,8208165,-57.18639188776159
1105095,4491995,-57.285415396843206
1105095,2938192,-57.56237899643986
1105095,2575486,-57.57084383644493
1105095,5977790,-57.666622310891135
1105095,6990777,-57.67952021607973
1105095,3557488,-57.76744947857422
1105095,3557487,-57.767963406007986
1105095,520921,-57.78114865597635
1105095,1585143,-57.79661085518232
1105095,2189169,-57.79815488579696
1105095,7465882,-57.82057353724785
1105095,8133809,-57.83654908521618
1105095,4285557,-57.87660337009255
1105095,825470,-57.93756955092426
1105095,4505612,-57.94500032691356
1105095,5738696,-58.009715543214874
1105095,5981942,-58.03985906839
1105095,7488419,-58.0514370360864
1105095,7576781,-58.0545374641867
1105095,8208159,-58.05711993099883
1105095,8520703,-58.06073351819552
1105095,4702616,-58.06486066899064
1105095,4885304,-58.06486066899064
1105095,2277903,-58.07671043842301
1105095,6515071,-58.15634084854869
1105095,3198377,-58.18889819871125
1105095,4806819,-58.20797384113664
1105095,5977793,-58.312216444641905
1105095,1267260,-58.31428232916217
1105095,3598032,-58.31583127588699
1105095,8483177,-58.416810484222836
1105095,4404524,-58.4277758209014
1105095,1253552,-58.43314371611798
1105095,2536852,-58.43911866153564
1105095,7576785,-58.44090180284812
1105095,460926,-58.446325684100444
1105095,2470961,-58.44761737333947
1105095,4989750,-58.44889752420566
1105095,3085404,-58.45277808686819
1105095,3899291,-58.456535842791986
1105095,5382330,-58.46102600685629
1105095,6400882,-58.57956161221532
1105095,6945429,-58.57956161221532
1105095,6243243,-58.588427952515715
1105095,8100165,-58.63866802502042
1105095,7116361,-58.673175103834865
1105095,5141781,-58.69961461532524
1105095,8208162,-58.69961461532524
1105095,8208161,-58.704263455930395
1105095,6920718,-58.706844589604096
1105095,3356378,-58.70787673224876
1105095,2469042,-58.70925675686112
1105095,8178605,-58.70942461338007
1105095,7880172,-58.729932914721836
1105095,7265124,-58.73588524194109
1105095,8739292,-58.746244335607955
1105095,7118762,-58.76221165496895
1105095,8194994,-58.763240346903956
1105095,3877827,-58.83530687392051
1105095,773275,-58.83530687392051
1105095,773272,-58.8368532922524
1105095,2062100,-58.84995336579764
1105095,4248370,-58.855377295488076
1105095,4013708,-58.85822723684776
1105095,1542125,-58.85897493476199
1105095,6243244,-58.862349425548494
1105095,3637499,-58.86491622440529
1105095,1153895,-58.91710321468956
1105095,8010212,-58.96398211866912
1105095,8010211,-58.9655293345487
1105095,8674716,-58.97016858974984
1105095,6286501,-58.97325943490675
1105095,6243102,-58.97686340968432
1105095,7581376,-59.01878951800977
1105095,7327532,-59.069756545283795
1105095,6859010,-59.0734871677538
1105095,6945426,-59.08225397235265
1105095,4768286,-59.08431488965285
1105095,1952674,-59.08689004119712
1105095,5977788,-59.09011276910156
1105095,8454268,-59.092179009339624
1105095,43779,-59.09269545823732
1105095,4922234,-59.09269545823732
1105095,2475407,-59.09269545823733
1105095,5432154,-59.09372822269212
1105095,4302854,-59.09424453826452
1105095,5382334,-59.09579321845345
1105103,6998798,-66.39825485415999
1105103,3687596,-66.80681405396419
1105103,8208072,-67.96343558941427
1105103,7228998,-68.41227843685823
1105103,1021887,-68.41288018364355
1105103,2655093,-68.41348187870487
1105103,10513,-68.41348187870487
1105103,7471361,-68.41348187870487
1105103,103519,-68.41348187870487
1105103,7832416,-68.41348187870487
1105103,8815028,-68.41588814188782
1105103,4463341,-68.57189070915467
1105103,7621476,-68.66281820405315
1105103,2791912,-68.69306674092402
1105103,1593363,-68.80294664546659
1105103,904475,-68.81496969832658
1105103,321703,-68.82697213604678
1105103,5715084,-68.89727052078284
1105103,4467188,-68.94240306627232
1105103,8573636,-68.94420985982607
1105103,2655085,-69.00073324311622
1105103,2795694,-69.01578727135305
1105103,1912851,-69.01939542586194
1105103,7868573,-69.0528852871518
1105103,4184557,-69.06445811973126
1105103,8100011,-69.0655219730676
1105103,4586191,-69.08373474267192
1105103,2418846,-69.32041396458348
1105103,858151,-69.32463599162905
1105103,2917502,-69.32885547370776
1105103,8206947,-69.33006057300231
1105103,7005118,-69.33126546486623
1105103,7621475,-69.33247014937095
1105103,4656672,-69.34029554919528
1105103,4348677,-69.35652040365366
1105103,4495375,-69.42233633707482
1105103,8433823,-69.43994047754488
1105103,2402995,-69.45679011988875
1105103,5904554,-69.46898728181186
1105103,5557539,-69.51099592961796
1105103,1843973,-69.65459038208802
1105103,8573635,-69.69469246961705
1105103,2397728,-69.71349776755586
1105103,2397729,-69.71590941930275
1105103,7005116,-69.71590941930275
1105103,7005113,-69.71832024046948
1105103,1737593,-69.72012781162037
1105103,791536,-69.72675158198591
1105103,5020187,-69.72795523076417
1105103,3535883,-69.73397037210343
1105103,243018,-69.73397037210343
1105103,4775396,-69.73577390704186
1105103,8166132,-69.73577390704186
1105103,2291142,-69.73577390704186
1105103,7832412,-69.73577390704186
1105103,178022,-69.73637498210792
1105103,1753373,-69.73637498210792
1105103,8061417,-69.73697600556538
1105103,8061670,-69.76456744853562
1105103,6859407,-69.91802430701797
1105103,8503480,-69.9640238360602
1105103,337431,-69.9640238360602
1105103,3420593,-69.9640238360602
1105103,2018881,-69.9640238360602
1105103,1626630,-69.96523090951362
1105103,5319426,-69.96523090951362
1105103,4775400,-69.96523090951362
1105103,7696045,-69.96523090951362
1105103,337424,-69.96523090951362
1105103,8412875,-69.96523090951362
1105103,1626638,-69.96583436819431
1105103,3388201,-69.96583436819431
1105103,7696038,-69.96583436819431
1105103,1391427,-69.96583436819431
1105103,8457419,-69.96583436819431
1105103,8524919,-69.96583436819431
1105103,8617415,-69.96583436819431
1105103,7644334,-69.96583436819431
1105103,7832417,-69.96583436819431
1105103,5900016,-69.96583436819431
1105103,4088727,-69.96583436819431
1105103,4262300,-69.96583436819431
1105103,1850076,-69.96583436819431
1105103,3927536,-69.96583436819431
1105103,651142,-69.96583436819431
1105103,1912847,-69.96704112950853
1105103,654598,-69.9809039524106
1105103,5545111,-70.07544393585673
1105103,169049,-70.07631767939885
1105103,5864892,-70.10356552515249
1105103,5316602,-70.10416846404932
1105103,4184559,-70.10537418606448
1105103,4586185,-70.10657970043461
1105103,2341909,-70.10762336573144
1105103,4508001,-70.1113996828944
1105103,3145750,-70.35454556785187
1105103,8208070,-70.35590254161802
1105103,2917500,-70.35831564825813
1105103,8061672,-70.36055193496914
1105103,8208073,-70.36434477793846
1128373,8656493,-16.842680735187027
1128373,4254836,-18.075118878638058
1128373,8085708,-18.384300672732905
1128373,6249757,-18.543606290238873
1128373,3299960,-18.626444115227862
1128373,8519713,-18.706932390540622
1128373,3884881,-18.70796693575176
1128373,6248852,-18.72273691005136
1128373,7073518,-18.724789192112357
1128373,97739,-18.8124003182623
1128373,8146334,-18.814811970277553
1128373,7678189,-18.81618875261962
1128373,6820615,-18.81618875261962
1128373,491120,-18.81618875261962
1128373,542347,-18.81618875261962
1128373,6782345,-18.81618875261962
1128373,5000167,-18.823915543253356
1128373,8024309,-18.82887925934362
1128373,1941266,-18.9277762140782
1128373,3930069,-18.93655208251426
1128373,5038538,-18.93655208251426
1128373,4013724,-18.939983115324363
1128373,6497852,-18.940325895097768
1128373,387427,-18.940668616132253
1128373,6341833,-18.940668616132253
1128373,7589014,-18.944776694226476
1128373,7987888,-18.945631482764803
1128373,7208948,-19.060752305069162
1128373,4682759,-19.061096975177637
1128373,8530759,-19.061441585897608
1128373,8074471,-19.062475061931043
1128373,617668,-19.062475061931043
1128373,3152904,-19.062475061931043
1128373,3219547,-19.062475061931043
1128373,3363729,-19.062475061931043
1128373,1114080,-19.062475061931043
1128373,1331326,-19.062475061931043
1128373,2213812,-19.062475061931043
1128373,2476773,-19.062475061931043
1128373,2942442,-19.062475061931043
1128373,1857666,-19.062475061931043
1128373,7792356,-19.062475061931043
1128373,2178330,-19.062475061931043
1128373,1618969,-19.062475061931043
1128373,1725357,-19.062475061931043
1128373,6767150,-19.062475061931043
1128373,3983276,-19.062475061931043
1128373,7272856,-19.062475061931043
1128373,8609679,-19.062475061931043
1128373,7370319,-19.062475061931043
1128373,7466871,-19.062475061931043
1128373,5227680,-19.062475061931043
1128373,5371380,-19.062475061931043
1128373,5430008,-19.062475061931043
1128373,6546266,-19.062475061931043
1128373,37595,-19.062475061931043
1128373,385859,-19.062475061931043
1128373,4659772,-19.062475061931043
1128373,4335375,-19.062475061931043
1128373,526577,-19.062475061931043
1128373,5484838,-19.062475061931043
1128373,4840263,-19.062475061931043
1128373,4843649,-19.062475061931043
1128373,499216,-19.062475061931043
1128373,6694981,-19.062475061931043
1128373,1935431,-19.062475061931043
1128373,317313,-19.062475061931043
1128373,332773,-19.062475061931043
1128373,5630800,-19.062475061931043
1128373,8146836,-19.062475061931043
1128373,8386260,-19.062475061931043
1128373,8050441,-19.062475061931043
1128373,8339485,-19.062475061931043
1128373,836259,-19.062475061931043
1128373,1721919,-19.062475061931043
1128373,1762465,-19.062475061931043
1128373,6087979,-19.062475061931043
1128373,2135122,-19.062475061931043
1128373,55905,-19.062475061931043
1128373,5680352,-19.062475061931043
1128373,996938,-19.062475061931043
1128373,6958665,-19.062475061931043
1128373,4262451,-19.062475061931043
1128373,6349699,-19.062475061931043
1128373,947067,-19.062475061931043
1128373,186957,-19.062475061931043
1128373,20073,-19.062475061931043
1128373,2009826,-19.062475061931043
1128373,4165838,-19.062475061931043
1128373,418065,-19.062475061931043
1128373,8072547,-19.062475061931043
1128373,949720,-19.062475061931043
1128373,8083366,-19.062475061931043
1128373,452117,-19.062475061931043
1128373,7781503,-19.062475061931043
1128373,3159911,-19.0628194353015
1128373,571001,-19.0628194353015
1128373,373498,-19.0628194353015
1128373,7830527,-19.064024275352395
1128373,8090240,-19.064024275352395
1127622,5680798,-33.17997465334948
1127622,2684201,-33.65064058898532
1127622,6735154,-33.66022938838556
1127622,1345490,-33.82419916842282
1127622,6438649,-33.83542291816383
1127622,6696954,-33.895716198830605
1127622,7489808,-33.9298007810309
1127622,6735155,-33.93939697457553
1127622,6438651,-33.95122469101119
1127622,955244,-33.95492010073399
1127622,2382778,-33.96178511061419
1127622,1379447,-34.077492079406724
1127622,3768864,-34.08228853060798
1127622,3768865,-34.08263091428334
1127622,6438653,-34.16712164991151
1127622,4039127,-34.17145557175131
1127622,717667,-34.17413941662584
1127622,244617,-34.234986645361815
1127622,1379440,-34.29816344157555
1127622,3768868,-34.29816344157555
1127622,1345491,-34.34871714433399
1127622,2632978,-34.34998018909641
1127622,4107694,-34.35433352785443
1127622,4537354,-34.41791636794441
1127622,6438647,-34.42787533529634
1127622,910236,-34.434944898324545
1127622,4082033,-34.44448074402941
1127622,2205371,-34.4451672448506
1127622,3768873,-34.44791207053322
1127622,6735158,-34.447986187235415
1127622,6735157,-34.4503122489042
1127622,3768867,-34.46065227488537
1127622,5268207,-34.50657548012247
1127622,4082037,-34.580147248331045
1127622,652120,-34.58687756695129
1127622,955245,-34.70420388765171
1127622,1220767,-34.72839929966674
1127622,2795161,-34.78670348585314
1127622,4537357,-34.82093702810444
1127622,1563568,-34.82272994540544
1127622,2382782,-34.83372937982838
1127622,8623601,-34.84119252729132
1127622,3768866,-34.85011704164709
1127622,8481804,-34.89114224314529
1127622,6696956,-34.891829038645035
1127622,286886,-34.89560430748416
1127622,1379439,-34.90040404750278
1127622,3768871,-34.90470058483933
1127622,5896253,-35.00432241018868
1127622,2382780,-35.01330315049988
1127622,7220749,-35.01671743342233
1127622,4082032,-35.0314488427971
1127622,5680799,-35.08786852861595
1127622,1682047,-35.11346416425557
1127622,1419316,-35.1150461560541
1127622,388894,-35.11558952211242
1127622,3768869,-35.11867625958425
1127622,5680792,-35.12136740371758
1127622,3816698,-35.12518489352235
1127622,6174606,-35.13019647591464
1127622,6174599,-35.13168295408375
1127622,2382784,-35.1758249580164
1127622,1220769,-35.177409816890155
1127622,5219863,-35.184055907565345
1127622,6700648,-35.18909136578154
1127622,7761373,-35.247701888226274
1127622,651613,-35.29290610495316
1127622,476998,-35.298391052205815
1127622,4910253,-35.30249983251625
1127622,7558082,-35.303898023718205
1127622,3768872,-35.36058484450618
1127622,1682054,-35.39394262712771
1127622,6972236,-35.39401495094644
1127622,2711475,-35.397727313195126
1127622,955249,-35.39796532451392
1127622,7692427,-35.40053699001324
1127622,5680797,-35.406658725406146
1127622,8189475,-35.41043140463084
1127622,4594626,-35.41123742755214
1127622,8719473,-35.41506857078387
1127622,6473288,-35.42322288968396
1127622,3557978,-35.424227448625544
1127622,6288345,-35.42593352569785
1127622,6914165,-35.42606391327985
1127622,5219858,-35.454334326009786
1127622,651611,-35.480013573940035
1127622,1868221,-35.48138528078543
1127622,651612,-35.49742988363707
1127622,4735332,-35.49811544318388
1127622,7216120,-35.50120876723119
1127622,4594628,-35.50602336291361
1127622,4594627,-35.50705430846821
1127622,4594632,-35.50705430846821
1127622,1829182,-35.52043247681151
1127622,1829179,-35.52351340261082
1127622,3936323,-35.52368933652057
1127622,8719474,-35.56515382786941
1127622,5680796,-35.58536380950745
1127622,251131,-35.60388639554428
1127622,3363806,-35.61212582238455
1124979,1612110,-25.437366102722738
1124979,8011232,-26.1040862978978
1124979,6764071,-26.491178836934303
1124979,4778057,-26.757179651483384
1124979,8815859,-26.759762229572164
1124979,5447202,-27.0223095913203
1124979,6551433,-27.02668172020607
1124979,1661393,-27.146386038116106
1124979,7744314,-27.1469027761226
1124979,3077630,-27.149226996333887
1124979,2174891,-27.149226996333887
1124979,1002713,-27.15206526674892
1124979,3383246,-27.154643184465748
1124979,8738982,-27.154900854442197
1124979,2754849,-27.155158502289282
1124979,662056,-27.156446409717105
1124979,6019977,-27.157476337718087
1124979,8738978,-27.157733764480334
1124979,8129510,-27.159277861346446
1124979,6901054,-27.173600816922878
1124979,8706384,-27.348269786401346
1124979,706506,-27.433383495400186
1124979,8013521,-27.563705063811177
1124979,7589633,-27.62914333057644
1124979,3710858,-27.629658648399975
1124979,3810789,-27.631204070978427
1124979,1434376,-27.63274869785645
1124979,5914816,-27.63403527968562
1124979,7167119,-27.67949670667153
1124979,6442770,-27.790428177074038
1124979,8187569,-27.792496376013272
1124979,8001800,-27.79275480065681
1124979,8222403,-27.793013203041156
1124979,3390977,-27.79378827667746
1124979,3511647,-27.79378827667746
1124979,5927094,-27.79456315011911
1124979,5927093,-27.794821396796493
1124979,959990,-27.794821396796493
1124979,6483487,-27.79507962124535
1124979,8491014,-27.80075494303457
1124979,5918558,-27.802558478017353
1124979,726556,-27.80641954866735
1124979,6953464,-27.835950160504083
1124979,4699953,-27.83775555611214
1124979,2114159,-27.84043142841502
1124979,2237804,-27.841722550678398
1124979,2237805,-27.841722550678398
1124979,6240386,-27.843679932114462
1124979,560008,-27.86153598256397
1124979,1567392,-28.01190089806647
1124979,5447205,-28.01267557141685
1124979,5214156,-28.021698677352745
1124979,1567396,-28.09135058774724
1124979,511947,-28.119757999488243
1124979,7846600,-28.12233991077823
1124979,2507138,-28.12259797973441
1124979,6356337,-28.12311405105674
1124979,2114161,-28.12311405105674
1124979,3895600,-28.12569307685969
1124979,835868,-28.205444893567446
1124979,4691773,-28.2273122824566
1124979,1567399,-28.228087689980654
1124979,1567400,-28.230929137436867
1124979,1932536,-28.231961724162833
1124979,2239594,-28.232993955599305
1124979,3948495,-28.23325195797308
1124979,1932535,-28.23325195797308
1124979,3948494,-28.233509938160367
1124979,1785727,-28.237634606903224
1124979,433280,-28.23866488860954
1124979,4417514,-28.23892240376017
1124979,6255964,-28.23892240376017
1124979,1073860,-28.241496340238882
1124979,6788363,-28.241496340238882
1124979,7949742,-28.24201086263473
1124979,7519080,-28.24252529680128
1124979,8716372,-28.24303964276878
1124979,6504898,-28.243553900567473
1124979,3530968,-28.24406807022758
1124979,5493379,-28.24458215177931
1124979,7582347,-28.338243745736996
1124979,1830484,-28.338243745736996
1124979,3894494,-28.48438272103719
1124979,1165667,-28.486702348637763
1124979,6356344,-28.505087080665263
1124979,2239597,-28.507414105293265
1124979,3948496,-28.509222766249962
1124979,3948497,-28.509739326305652
1124979,3948498,-28.50999757298304
1124979,245407,-28.50999757298304
1124979,444176,-28.511030337445483
1124979,3894500,-28.511288473018446
1124979,550260,-28.51180467753995
1124979,1132961,-28.512062746496134
1124979,6547158,-28.517477072722123
1124979,8786756,-28.517477072722123
1124979,5762923,-28.518764759027178
1124979,1848190,-28.51902222997603
1124979,4494126,-28.51902222997603
1124979,5447362,-28.520566591802627
885490,3401433,-52.6371468385164
885490,8323863,-54.034616365622206
885490,3468160,-54.53590335714048
885490,8369607,-55.26137803714116
885490,7414070,-55.414442651832665
885490,2610098,-55.42062328125818
885490,7624000,-55.72812119521146
885490,3878625,-55.92876744815931
885490,8369601,-56.09146929451466
885490,7295616,-56.1825816587614
885490,5491912,-56.30894931680572
885490,4407503,-56.50696049612469
885490,1888456,-56.50902353930559
885490,6852190,-56.55871456802154
885490,8821100,-56.5614428029137
885490,4662043,-56.7040886721529
885490,881500,-56.70460427781801
885490,2610096,-56.71181810862954
885490,4865700,-56.71233305052724
885490,2610097,-56.71284794823454
885490,5383142,-56.95196258360228
885490,7608771,-57.14471884268181
885490,2818107,-57.151013088147806
885490,391157,-57.16374471992799
885490,4032145,-57.164773059248205
885490,830384,-57.23639425568521
885490,830385,-57.2394761045198
885490,1359455,-57.265434110606996
885490,4195412,-57.3450412484925
885490,2724688,-57.3579302874589
885490,2039684,-57.386520955317195
885490,4485270,-57.39426369112559
885490,2702522,-57.543568255112795
885490,3532,-57.57526803540625
885490,2551936,-57.670236520004956
885490,5145685,-57.67848940336728
885490,1551021,-57.686216185458164
885490,964136,-57.93772920240063
885490,5565349,-58.03056498634435
885490,2702518,-58.03985906839
885490,2702515,-58.04295389923154
885490,7414065,-58.04604713456638
885490,2761126,-58.049138776038724
885490,4485265,-58.05505404647858
885490,8148615,-58.05763629100535
885490,3913494,-58.05866887772367
885490,1359459,-58.06117396339262
885490,6779398,-58.06228153244582
885490,4713675,-58.06228153244582
885490,2927849,-58.066407618929595
885490,4072225,-58.08082661774114
885490,391160,-58.096761676415724
885490,7558666,-58.183086745562726
885490,1359458,-58.188833405513336
885490,5422580,-58.25322874185198
885490,7190973,-58.31841196548703
885490,3763929,-58.33704100157683
885490,391158,-58.37223247609422
885490,8546592,-58.375832435059834
885490,7190982,-58.4277758209014
885490,1259625,-58.4277758209014
885490,4032150,-58.437013034988865
885490,7884561,-58.44968219144077
885490,5669272,-58.44968219144077
885490,1359456,-58.45139414588884
885490,1281186,-58.45329391416952
885490,1296972,-58.459480385250245
885490,226852,-58.62648121252119
885490,3283564,-58.70064800233984
885490,3913497,-58.70374709592389
885490,7281792,-58.7047797715028
885490,5239081,-58.70529604264872
885490,7016441,-58.72333760334806
885490,6590152,-58.72488150152791
885490,5366867,-58.72591054631961
885490,2699767,-58.72673354549006
885490,4867534,-58.78121396482266
885490,8614003,-58.831131294890746
885490,4961748,-58.91052743165804
885490,2754893,-58.970683841192866
885490,391159,-58.97428936290015
885490,4032146,-58.98161095896949
885490,7884261,-59.08442693673547
885490,2894006,-59.087528967773174
885490,4962156,-59.08752896777318
885490,2894005,-59.08804581706025
885490,2157777,-59.089079382086965
885490,7846661,-59.089079382086965
885490,8821101,-59.09011276910156
885490,7252658,-59.09166251598485
885490,2746200,-59.09269545823732
885490,1888451,-59.09372822269212
885490,7445232,-59.09424453826452
885490,6822222,-59.094760809410445
885490,1191349,-59.09630935636582
885490,2265632,-59.09630935636582
885490,4572892,-59.09682544988229
885490,1769090,-59.097341499010476
885490,5994931,-59.0988893801418
885490,1478975,-59.10559225448114
1119827,5604317,-78.10585091851364
1119827,5604318,-79.07339075849876
1119827,8067974,-79.82111132534217
1119827,5604324,-79.85309449889075
1119827,5604315,-79.89622226004145
1119827,3586227,-80.41883773528782
1119827,8067976,-80.59693829318547
1119827,6340568,-80.7412091110141
1119827,5604323,-81.19180020993232
1119827,5604320,-81.19412323021572
1119827,3736216,-81.27803249492588
1119827,8067981,-81.36382818789232
1119827,7484880,-81.46448694465451
1119827,4343037,-81.87710207766868
1119827,3736210,-81.91444936430601
1119827,7920925,-82.03717088494002
1119827,5604322,-82.41459684976499
1119827,5620295,-82.74319937088737
1119827,5604316,-82.80561129669375
1119827,3736214,-82.95350217970135
1119827,8067975,-83.05269600082062
1119827,5604321,-83.05967406764273
1119827,8067980,-83.06044907453214
1119827,6223405,-83.06179650864541
1119827,8590172,-83.06876757328405
1119827,4339831,-83.15628557784261
1119827,5368188,-83.26193344054381
1119827,6796901,-83.27007682341322
1119827,1486148,-83.27623240714534
1119827,5053688,-83.3436400185475
1119827,4823218,-83.39639678500868
1119827,3802904,-83.43964848480374
1119827,448109,-83.47592025967994
1119827,4690115,-83.48523502642843
1119827,4587778,-83.49658303384754
1119827,2594219,-83.55514195478366
1119827,4812396,-83.57238016086762
1119827,6693275,-83.60781066908427
1119827,4343041,-83.63085988556873
1119827,4508831,-83.64050790790091
1119827,6968903,-83.64577951709526
1119827,6435300,-83.6530699568661
1119827,2966362,-83.85547744439643
1119827,7712240,-83.87909489120062
1119827,6286059,-84.03526500719697
1119827,6340570,-84.1059185300716
1119827,3053758,-84.16297514743528
1119827,2701577,-84.24469531526645
1119827,448117,-84.32558061249793
1119827,7091199,-84.34836249941182
1119827,3696246,-84.46372248922245
1119827,2507131,-84.46430237114241
1119827,2693031,-84.48124766312438
1119827,7289868,-84.52660080183239
1119827,2446473,-84.55296463647485
1119827,3696245,-84.5565200466567
1119827,590533,-84.55961647461356
1119827,3646794,-84.56425911999264
1119827,6340573,-84.58897952900065
1119827,7672185,-84.59767388750039
1119827,7090048,-84.68638033411837
1119827,6130668,-84.72850545426695
1119827,4054842,-84.73040268279301
1119827,5604319,-84.74471798473967
1119827,7935259,-84.75579418460494
1119827,2973388,-84.80274792047075
1119827,8735882,-84.83339032421661
1119827,4109003,-84.83753253060559
1119827,7947660,-84.84723669060229
1119827,7983077,-84.85080346291738
1119827,5620292,-84.89728084808044
1119827,7994574,-84.92456940883922
1119827,6219642,-84.94211277976665
1119827,414642,-84.97315706399195
1119827,8176802,-84.98630876209621
1119827,52809,-84.99237677565407
1119827,3853061,-85.03603338478652
1119827,448116,-85.09230934282489
1119827,3580103,-85.10671724265646
1119827,7254160,-85.11336675081162
1119827,2798449,-85.20555720976286
1119827,3696247,-85.28776714211185
1119827,430158,-85.330890234867
1119827,3884684,-85.34173799732292
1119827,2409124,-85.35016329067521
1119827,4054839,-85.35829130253441
1119827,8543193,-85.36007340691769
1119827,8744142,-85.37191113308333
1119827,7430204,-85.38526629937667
1119827,4892596,-85.39353864969755
1119827,5748283,-85.40001417037946
1119827,1323423,-85.40560678363735
1119827,5298412,-85.41048041726866
1119827,3112538,-85.45418835316664
1119827,4076744,-85.4898859237532
1119827,6286060,-85.49128949420981
1119827,2711180,-85.50834492823982
1119827,5688364,-85.5918377048696
1119827,4001507,-85.60885635309077
1119827,957125,-85.64983623149861
190044,411230,-40.96248783687284
190044,6779598,-43.85889140143936
190044,683122,-44.40586571989384
190044,683121,-44.406722816225
190044,3334965,-44.55208247003843
190044,7575350,-44.6372466699437
190044,2957424,-44.90388264472078
190044,2600274,-45.02800367124457
190044,2600279,-45.03273900927114
190044,2313132,-45.03273900927114
190044,4049059,-45.105044076126646
190044,2417581,-45.22808455613966
190044,3166428,-45.35351330118699
190044,7048211,-45.474226093684
190044,6354331,-45.489369788193244
190044,6375114,-45.50829195840989
190044,6362865,-45.51798463782033
190044,2417583,-45.61475217981362
190044,2084943,-45.62292225679616
190044,7354421,-45.67463083616963
190044,7354422,-45.67893587419076
190044,5470479,-45.73709684564285
190044,4281056,-45.750386972478395
190044,4782425,-45.76981152641598
190044,2692432,-45.990713211705945
190044,211933,-46.15558715010798
190044,4782431,-46.157990924098314
190044,6779603,-46.159744471603176
190044,6362858,-46.246249807872495
190044,6478583,-46.36069844903889
190044,2990986,-46.38672809621463
190044,3155166,-46.387157104005674
190044,1449018,-46.39195999470053
190044,4782428,-46.40043812082821
190044,670024,-46.40450057866231
190044,8339439,-46.40657574023639
190044,1082475,-46.41943660145928
190044,6362862,-46.42457383130774
190044,6436431,-46.56437055202333
190044,5837700,-46.57768416615893
190044,411238,-46.64610795793602
190044,1197426,-46.6508441115004
190044,1353072,-46.65600571308745
190044,7623433,-46.66731354815412
190044,3275128,-46.66845762938837
190044,4712784,-46.670172704053805
190044,402226,-46.681202691593754
190044,2074834,-46.76244514202055
190044,737319,-46.76330548288973
190044,4776322,-46.76459571668725
190044,6782283,-46.768034713323644
190044,4281059,-46.770612409436005
190044,1748752,-46.77518913533268
190044,3271802,-46.78194826678282
190044,8818806,-46.783052574401054
190044,2084945,-46.783052574401054
190044,5609566,-46.78658813980292
190044,3093331,-46.78916783081317
190044,6808604,-46.80504658209918
190044,6362864,-46.85982246668504
190044,2173014,-46.96329414679883
190044,6362861,-46.97271171591263
190044,8318753,-47.03858715962558
190044,4214517,-47.04159977828478
190044,671302,-47.04289034510889
190044,5605333,-47.04289034510889
190044,737318,-47.04332046003586
190044,7148455,-47.04718983029553
190044,6007251,-47.04976774791083
190044,668473,-47.05234433707917
190044,5650706,-47.05234433707917
190044,6926113,-47.05277363954879
190044,6704357,-47.05449048092094
190044,1501075,-47.05534868059178
190044,639699,-47.05920875729879
190044,8625596,-47.05963747081553
190044,3325953,-47.06135195738647
190044,3604129,-47.06905988008661
190044,3014531,-47.17905446754156
190044,6964609,-47.18893266828416
190044,5415942,-47.19081640879175
190044,1731044,-47.19167211162536
190044,2041025,-47.214610401402865
190044,6301195,-47.25100083863176
190044,7048218,-47.272098434226116
190044,5846790,-47.30844540550528
190044,7242131,-47.353803134634084
190044,797060,-47.359122940863614
190044,2073150,-47.406920806886596
190044,2393446,-47.410792840672144
190044,1061596,-47.410792840672144
190044,4981751,-47.410792840672144
190044,3039552,-47.41294267559795
190044,8497114,-47.41380235081476
190044,670023,-47.41638048997108
190044,4681329,-47.42410694086172
190044,1465475,-47.42710845028227
190044,5934881,-47.42710845028227
190044,6481728,-47.42848241163053
190044,8817768,-47.42882278989259
500575,8322763,-25.726508568300424
500575,6898376,-26.4924663021925
500575,6898380,-26.49683955580956
500575,6444819,-26.56204696269258
500575,813770,-27.153354502509817
500575,6444824,-27.345602788831467
500575,5707849,-27.353678534582563
500575,1232134,-27.448032942202044
500575,5657141,-27.4521740980687
500575,4697981,-27.556499893213584
500575,7473683,-27.558521144919816
500575,6161899,-27.565760509537895
500575,6456467,-27.56729662802107
500575,1179434,-27.57217471559383
500575,4615959,-27.623985278017543
500575,2148440,-27.631461564026274
500575,7410862,-27.696759160045556
500575,2938437,-27.697529787169017
500575,6377761,-27.834401813330285
500575,8651764,-27.835434133566203
500575,1193414,-27.84007518371271
500575,7542838,-27.842650445903764
500575,2338794,-27.842755048559066
500575,4984902,-27.84625210309847
500575,8007007,-28.013191909206306
500575,8740614,-28.013191909206306
500575,6241577,-28.095720468905128
500575,5465883,-28.209046859644264
500575,7814111,-28.226536674461798
500575,2925997,-28.229379590644843
500575,5003419,-28.229379590644843
500575,2466029,-28.229896195176742
500575,764808,-28.231187317440124
500575,7814112,-28.231703610799286
500575,7240454,-28.23221981532079
500575,6947721,-28.23221981532079
500575,961805,-28.232477884276975
500575,2624368,-28.232477884276975
500575,4129289,-28.232993955599305
500575,6510514,-28.233509938160367
500575,7674234,-28.235315178569696
500575,5139618,-28.23737698118171
500575,5188688,-28.239179896808018
500575,138326,-28.327673818674533
500575,6171224,-28.337471597960814
500575,8285952,-28.34390009838066
500575,1639347,-28.35210852910855
500575,7924485,-28.478963271486855
500575,2289599,-28.478963271486855
500575,587488,-28.482835305616415
500575,5634295,-28.483093263621008
500575,4317044,-28.48412487388882
500575,4363074,-28.488247771216223
500575,1552591,-28.48953501550344
500575,2866513,-28.506121536680958
500575,5796822,-28.507414105293265
500575,8252326,-28.509222766249962
500575,6314503,-28.512320793254368
500575,708899,-28.513868607860516
500575,5188692,-28.52262450498794
500575,7629870,-28.658528062991522
500575,3834297,-28.659302736341907
500575,7926791,-28.65956091634516
500575,5608424,-28.66007720970432
500575,2003211,-28.66007720970432
500575,6377762,-28.66007720970432
500575,1169578,-28.660335323067866
500575,977374,-28.660335323067866
500575,5090859,-28.660593414225826
500575,604278,-28.660851483182007
500575,4780463,-28.660851483182007
500575,513715,-28.66162555687812
500575,764802,-28.663688777474732
500575,1256620,-28.663946580307282
500575,7674235,-28.664719855906988
500575,8279815,-28.66575058008675
500575,6241583,-28.667038487514574
500575,6661948,-28.871870713623284
500575,8024792,-28.874197938825752
500575,4847836,-28.874714854905708
500575,5924048,-28.874973279549238
500575,3229428,-28.875490062062596
500575,3680522,-28.875490062062596
500575,6397304,-28.876006755569893
500575,1815109,-28.87626506895586
500575,407363,-28.87626506895586
500575,618534,-28.876523360101793
500575,7704878,-28.87678162901154
500575,6174425,-28.877039875688926
500575,5420905,-28.877556302361924
500575,5608421,-28.877556302361924
500575,4446318,-28.877814482365178
500575,7826132,-28.878330775724336
500575,4480844,-28.878588889087883
500575,5634376,-28.878846980245843
500575,888477,-28.879105049202025
500575,2608975,-28.879105049202025
500575,6174426,-28.879363095960258
500575,2822034,-28.87962112052436
500575,3798754,-28.896361911437488
883785,2385475,-61.3622145770662
883785,3195327,-61.82987600390769
883785,2394158,-62.179475087405365
883785,4944076,-62.271866615140226
883785,1655283,-62.41018690289945
883785,2712216,-62.424815691973066
883785,6283700,-62.424815691973066
883785,1120105,-62.60938453380956
883785,6133843,-62.65567301012487
883785,5413024,-62.915631437031394
883785,1765851,-63.02321908895884
883785,6274896,-63.05463215047829
883785,423256,-63.25126615609274
883785,491496,-63.335836135714274
883785,1559024,-63.36220782528095
883785,6821155,-63.365395913746255
883785,4929135,-63.385092058550455
883785,127284,-63.38522525698311
883785,7595551,-63.39186132348476
883785,235435,-63.397487771400556
883785,1234843,-63.40055939940187
883785,2294140,-63.405787337105785
883785,6087089,-63.460430610421476
883785,3378721,-63.51137962778501
883785,6901982,-63.5209982680962
883785,6901981,-63.5221976889502
883785,8697809,-63.580107795843595
883785,1286844,-63.71943166094039
883785,5573323,-63.720634482418866
883785,6921765,-63.72544370256973
883785,6105389,-63.75248060329978
883785,558092,-63.75867484659729
883785,1265569,-63.777721960864426
883785,1080314,-63.77892354352339
883785,4017466,-63.77892354352339
883785,1980610,-63.78012491996049
883785,1165763,-63.786128711293685
883785,2399766,-63.85810360578731
883785,6981023,-63.98347075281541
883785,5925828,-63.98347075281541
883785,1942789,-63.99238231393075
883785,4483759,-63.99478733701685
883785,2173181,-64.00079628212931
883785,3769599,-64.00942290214364
883785,6203809,-64.00983448312257
883785,6995391,-64.01459471132956
883785,6287753,-64.05490303881678
883785,1378126,-64.05490303881678
883785,302541,-64.0573068230836
883785,3606719,-64.05970978217965
883785,1878513,-64.14391124233275
883785,1198428,-64.18224664806992
883785,8760290,-64.19167197256554
883785,1442671,-64.19455584333764
883785,4908422,-64.26558088192924
883785,3760573,-64.34001519617217
883785,6218410,-64.38607502673833
883785,1086793,-64.38607502673833
883785,3747802,-64.38607502673833
883785,7271364,-64.38727826172449
883785,7430204,-64.38727826172449
883785,3150104,-64.38727826172449
883785,4509219,-64.38727826172449
883785,406330,-64.38727826172449
883785,5793827,-64.38727826172449
883785,2023399,-64.38727826172449
883785,525417,-64.38787980166711
883785,358904,-64.38848128992127
883785,6194989,-64.38848128992127
883785,8695117,-64.38848128992127
883785,6861127,-64.38848128992127
883785,3170058,-64.38848128992127
883785,1760531,-64.38848128992127
883785,8437048,-64.38848128992127
883785,6026447,-64.38848128992127
883785,7096301,-64.38968411139975
883785,1199930,-64.38968411139975
883785,1292229,-64.38968411139975
883785,1354808,-64.38968411139975
883785,1813212,-64.38968411139975
883785,7489182,-64.38968411139975
883785,260230,-64.38968411139975
883785,4503296,-64.38968411139975
883785,1604686,-64.39088672623095
883785,1777280,-64.39088672623095
883785,540563,-64.39088672623095
883785,7922963,-64.39088672623095
883785,6079659,-64.39088672623095
883785,1649190,-64.39088672623095
883785,2800174,-64.39208913448586
883785,7025394,-64.39208913448586
883785,1968626,-64.39208913448586
883785,2055227,-64.39329133623544
883785,1745038,-64.39329133623544
883785,7599558,-64.39809807959831
883785,3838494,-64.4126161746468
883785,1120108,-64.44028203148102
883785,8234063,-64.66806615214043
883785,2103135,-64.66806615214043
883785,6274901,-64.70995394240235
264403,6073638,-95.90679150605504
264403,3706613,-95.90867453568312
264403,6073642,-97.71886173588541
264403,3706620,-97.7207505856664
264403,4845723,-98.23106151584548
264403,6499956,-98.78339892334965
264403,8121445,-99.89600771404598
264403,1859694,-100.08574267775957
264403,5283353,-100.57558782272275
264403,3251694,-101.20006205248212
264403,3706614,-101.53335073718542
264403,7071190,-101.54064691372105
264403,2858746,-102.2427584376558
264403,1317554,-102.6353910821222
264403,7135867,-102.75460742934129
264403,8070732,-102.90433653323001
264403,6073643,-103.0463797372229
264403,3706615,-103.12473879826378
264403,6831886,-103.15347177960636
264403,6831888,-103.15818358832756
264403,6831893,-103.28276623379259
264403,5658464,-103.47069388087287
264403,1908222,-103.59238715726107
264403,7071191,-103.63160163012658
264403,1317553,-103.69477180753321
264403,3837446,-103.75597243338562
264403,7071184,-103.91476033683044
264403,667553,-103.9750797536991
264403,667556,-104.05334837255131
264403,8654296,-104.09678725364007
264403,2153075,-104.12995110527902
264403,2472494,-104.26828857335538
264403,4790420,-104.32176934843994
264403,6021493,-104.33276586994455
264403,7969495,-104.3836941325608
264403,5462056,-104.44233560680816
264403,949834,-104.4922247044985
264403,667552,-104.6031581692757
264403,667554,-104.60368268917598
264403,3706611,-104.60368268917598
264403,1718251,-104.61223608675851
264403,8073010,-104.63765419923755
264403,6073639,-104.65023294872243
264403,7322054,-104.71123411520165
264403,1168347,-104.7930113510748
264403,7587608,-104.80058430560057
264403,3774419,-104.87070949203431
264403,733014,-104.90993457329157
264403,949840,-104.98907277122446
264403,4651574,-105.0927997673671
264403,1929848,-105.12975750212617
264403,6073644,-105.13480906162536
264403,3774415,-105.23350745376564
264403,6073645,-105.41402016727648
264403,2850498,-105.50104420582761
264403,2858744,-105.51574077652116
264403,1929840,-105.57696946395819
264403,2323325,-105.6005988960382
264403,5462057,-105.60237065667923
264403,4447552,-105.64873961292271
264403,2850502,-105.65309889941608
264403,667557,-105.67402215682672
264403,3706617,-105.80495154091379
264403,6374254,-105.81142058240808
264403,4790425,-105.87868191838596
264403,2850497,-105.936456602364
264403,8099055,-105.94476732867494
264403,8654297,-106.0271799772986
264403,1322478,-106.0588559642062
264403,7841787,-106.06350850225881
264403,7841786,-106.07391907535927
264403,733016,-106.0754901150447
264403,8048235,-106.1012271949856
264403,6591520,-106.10988746242953
264403,1908228,-106.11277705318028
264403,5995185,-106.11931633077128
264403,3706619,-106.19048640719664
264403,6073641,-106.20938626837906
264403,7630835,-106.22561136719753
264403,6374255,-106.36637736375728
264403,3738086,-106.39773838601187
264403,490401,-106.4571027950956
264403,3370942,-106.49279189109438
264403,7747556,-106.51773417317892
264403,949838,-106.51828809095753
264403,3038496,-106.52341584474968
264403,8632311,-106.55063744388956
264403,5633090,-106.57708589505725
264403,5357952,-106.58473957538686
264403,2850499,-106.59890291061969
264403,1360980,-106.59984648487958
264403,6073640,-106.66051972821495
264403,7856946,-106.70245651063672
264403,3953696,-106.73264961091716
264403,1317551,-106.7653403140737
264403,6502521,-106.77290484986855
264403,667555,-106.78515877891405
264403,8325220,-106.78909525154582
264403,832198,-106.84818051268597
264403,68738,-106.93213485430644
1108100,1833313,-65.39918120263641
1108100,2055732,-65.87965762450432
1108100,2140920,-66.46846049274156
1108100,1646424,-67.06310092800803
1108100,3652404,-67.08372109541304
1108100,395937,-67.3204249676711
1108100,395940,-67.3276524534065
1108100,788023,-67.51934504615363
1108100,5991969,-67.58782410291445
1108100,1151843,-67.60761537862396
1108100,1151844,-67.60941427873493
1108100,6202764,-67.6815826548209
1108100,6202765,-67.68338572520214
1108100,8716414,-68.03987061236715
1108100,3059367,-68.14471869290861
1108100,5480828,-68.15312400126973
1108100,3076228,-68.18903209604306
1108100,6267587,-68.20965350003647
1108100,6267586,-68.21085425823244
1108100,3468453,-68.26706305827557
1108100,8497378,-68.36864212195697
1108100,8609233,-68.4146407315866
1108100,3557254,-68.45062521147682
1108100,2981631,-68.52482596429735
1108100,83926,-68.54042111397463
1108100,624917,-68.60271992363975
1108100,168373,-68.60332001965548
1108100,4957315,-68.62211063903764
1108100,8520556,-68.70629096407
1108100,8726006,-68.7098932387286
1108100,581979,-68.8009511010584
1108100,1922699,-68.84546456227133
1108100,1765937,-68.85657634632602
1108100,6944137,-69.05527900126856
1108100,3468456,-69.06189210668659
1108100,3059360,-69.31845363616509
1108100,3329200,-69.32038272783996
1108100,4143941,-69.35051558227198
1108100,2467900,-69.43813275079424
1108100,781258,-69.46339854139607
1108100,6186394,-69.46480358508461
1108100,4032883,-69.47359930097183
1108100,6151427,-69.47440253763043
1108100,7422816,-69.5292375953205
1108100,6278732,-69.53522137110522
1108100,2055724,-69.5845868662768
1108100,5933878,-69.58938372794655
1108100,8160536,-69.62618150384044
1108100,2541278,-69.65338590487119
1108100,3817326,-69.69288412019944
1108100,3596879,-69.69529514895757
1108100,692137,-69.7001147165918
1108100,4407526,-69.70671651080227
1108100,4922025,-69.70972085427059
1108100,3190446,-69.71392477004409
1108100,4172874,-69.71452512339529
1108100,3062065,-69.71512542526173
1108100,2382565,-69.71590941930276
1108100,4307578,-69.71872615577502
1108100,5480825,-69.71932609749534
1108100,600005,-69.72374155424728
1108100,6794660,-69.72554772620488
1108100,3652399,-69.73076169913516
1108100,7614022,-69.81301163761134
1108100,1660692,-69.83931441368301
1108100,8497764,-69.8453192350647
1108100,2145609,-69.84885070186415
1108100,7338774,-69.85491624778444
1108100,8831416,-69.85866746803107
1108100,5550164,-69.87012133648165
1108100,8107377,-69.87012133648165
1108100,2005144,-69.87287525979883
1108100,3010373,-69.8740708906251
1108100,8000537,-69.88876908571957
1108100,85345,-69.89057107306414
1108100,4700150,-69.9085654790042
1108100,7252840,-69.96764443216
1108100,4815996,-69.98752430576029
1108100,3692631,-70.00909394436287
1108100,6541964,-70.01449342011011
1108100,3664876,-70.03962015528357
1108100,4757243,-70.08174599999349
1108100,2264321,-70.0847599157193
1108100,5096583,-70.08596511875595
1108100,2055939,-70.09874014345469
1108100,3474189,-70.1004113932202
1108100,2164470,-70.11200194740934
1108100,6066313,-70.11447429094218
1108100,8024199,-70.1150124929666
1108100,3147567,-70.11706706657657
1108100,6066309,-70.12288970418214
1108100,2612672,-70.12949472448724
1108100,2612671,-70.13009487195244
1108100,2055956,-70.13270267206552
1108100,6173825,-70.1336946766138
1108100,3799993,-70.1336946766138
1108100,3799991,-70.13609351833942
1108100,6666807,-70.14627943447233
1108100,3895140,-70.151862230014
1108100,1765939,-70.19022582176297
421756,7098799,-61.96363685997206
421756,8521640,-62.4440699812982
421756,8521639,-62.44466935794685
421756,2863598,-62.61183675021424
421756,6616722,-62.64753696186872
421756,8492513,-62.82249632789456
421756,3589964,-62.87511677530732
421756,6361845,-62.97464952789055
421756,2817092,-63.06358420661892
421756,3370659,-63.24175170211802
421756,2863597,-63.420091452590825
421756,6353431,-63.49928303105113
421756,6032090,-63.603212774277395
421756,5869237,-63.62110755372512
421756,5854401,-63.677626975205214
421756,5746603,-63.68242424780096
421756,8492519,-63.71061086820787
421756,6944261,-63.74526682664947
421756,5556416,-63.82402900741441
421756,5407389,-63.83529967967055
421756,8357964,-63.894829171242236
421756,7762257,-63.90569450013958
421756,5469202,-63.96267032026603
421756,2273492,-64.02015631911969
421756,3231141,-64.03118159045003
421756,6261083,-64.03426170528766
421756,6361847,-64.04704864289258
421756,7307556,-64.17688697204008
421756,6661567,-64.18248707732873
421756,5064445,-64.30078509157181
421756,994811,-64.32363482448534
421756,994810,-64.32423466338611
421756,5869240,-64.3771886704863
421756,6154853,-64.40915495180813
421756,348148,-64.5068808492203
421756,4150297,-64.51680438899879
421756,4264412,-64.51981131356261
421756,2232046,-64.63872535057487
421756,2863595,-64.67648156538039
421756,6177634,-64.69808688904081
421756,6234324,-64.70206528602046
421756,5886413,-64.70351377336111
421756,6172074,-64.7099398397923
421756,505408,-64.73352245729406
421756,1268524,-64.77986804840862
421756,8543350,-64.7968274715273
421756,7802908,-64.81924713899167
421756,7344797,-64.85489793389237
421756,5094650,-64.85609807448321
421756,2692137,-64.88169438243553
421756,7221009,-64.97581789565325
421756,6944265,-64.98846734525763
421756,5692512,-64.99391986157134
421756,413322,-65.02077693028872
421756,5803469,-65.0714422453389
421756,1696188,-65.07634367792839
421756,1100205,-65.10223433404597
421756,5792667,-65.11865007805883
421756,5792671,-65.11925254991516
421756,2963690,-65.12008691212236
421756,6984532,-65.19184306519713
421756,6242183,-65.19212884663092
421756,4904771,-65.20290609337756
421756,3191775,-65.20410254163836
421756,5177618,-65.24624673840378
421756,4026569,-65.29807919160936
421756,6366491,-65.30731194460188
421756,1352605,-65.31843727391315
421756,6026247,-65.34232402498087
421756,855047,-65.34832003998226
421756,956036,-65.3489208570939
421756,2107507,-65.3489208570939
421756,6361843,-65.35068835708492
421756,6361846,-65.40754987807192
421756,6277188,-65.41910810047776
421756,8253527,-65.50092495135225
421756,6157305,-65.53697516245134
421756,6056013,-65.57870572676477
421756,8346620,-65.59976665615146
421756,4261534,-65.62610214139207
421756,5064448,-65.62610214139207
421756,8346619,-65.62610214139208
421756,5311314,-65.64252502393931
421756,7220494,-65.64954769635756
421756,2358394,-65.66296949055223
421756,2181879,-65.6912821939301
421756,5746686,-65.69176081546613
421756,5258934,-65.69714460284119
421756,5531787,-65.71762191447154
421756,7735545,-65.71762191447154
421756,5913965,-65.74742413410209
421756,4212659,-65.76527724298387
421756,1572293,-65.78604642024743
421756,2579440,-65.79473755375798
421756,96066,-65.80589978823488
421756,5715896,-65.8171779223711
421756,6331738,-65.85454790822916
421756,7359739,-65.89003497846139
421756,7180453,-65.96341133017262
421756,4681782,-65.99992350238416
1108307,6397409,-103.53868305139363
1108307,6215678,-103.67458553419593
1108307,2290456,-104.08895093442283
1108307,8178550,-104.75224903391025
1108307,7551273,-105.2035544667884
1108307,3484415,-105.76307832026131
1108307,5170918,-105.90893993699613
1108307,7856201,-106.43913326191827
1108307,5830943,-106.65502901582158
1108307,2766066,-107.01027831756534
1108307,2290457,-107.04590241740145
1108307,3950422,-107.15613755425171
1108307,1211085,-107.2587186946741
1108307,7298401,-107.31274216997993
1108307,5402885,-107.3467736332334
1108307,5582448,-107.41522167240694
1108307,175203,-107.47080139689143
1108307,6215677,-107.60399748554516
1108307,2766060,-107.77379278480693
1108307,8396733,-107.77776415557346
1108307,5496494,-107.93233090742548
1108307,5061117,-108.00396511321584
1108307,5423622,-108.07764446427244
1108307,3430077,-108.2094879572869
1108307,4467942,-108.36688625381804
1108307,600667,-108.42097230986903
1108307,990986,-108.43797488081361
1108307,5120865,-108.46997432232305
1108307,6300572,-108.48511246805904
1108307,1024312,-108.50064011453472
1108307,6215676,-108.55696880712327
1108307,4343150,-108.56304319529299
1108307,1650948,-108.57607782419534
1108307,3024257,-108.70124587542348
1108307,6574039,-108.73508628544691
1108307,6494895,-108.74284378549822
1108307,8320860,-108.87142757121308
1108307,1681472,-109.01323267602665
1108307,8205020,-109.04460896400796
1108307,2766064,-109.05774959156354
1108307,5423620,-109.11529408623912
1108307,2469721,-109.14752744341835
1108307,4559689,-109.17657995124374
1108307,1876738,-109.30902164137778
1108307,8178546,-109.31305256716803
1108307,1177931,-109.3518365657208
1108307,3679637,-109.3545767544066
1108307,8248768,-109.36513526138458
1108307,3337661,-109.40071970659585
1108307,4555850,-109.45604184768452
1108307,2290463,-109.49222478396851
1108307,3629751,-109.58122372495014
1108307,1701830,-109.58217128197643
1108307,4526925,-109.6011053016091
1108307,368786,-109.60205114762594
1108307,6215679,-109.60966415449931
1108307,1211082,-109.61953515909683
1108307,6229923,-109.62139106876467
1108307,8414172,-109.62917226171116
1108307,7970848,-109.63014698049913
1108307,2766058,-109.63660371155046
1108307,554871,-109.64037849432304
1108307,6494897,-109.65297366182207
1108307,5612922,-109.66187105419839
1108307,1211087,-109.66197651838382
1108307,3679634,-109.6622814721997
1108307,6300579,-109.70290304573585
1108307,6397407,-109.72201137452532
1108307,4565829,-109.74159692816326
1108307,1211083,-109.7502583988656
1108307,1650945,-109.77214777195417
1108307,1705372,-109.77805326908972
1108307,5355573,-109.80725875258166
1108307,5323570,-109.82131322568264
1108307,4555845,-109.85320348471058
1108307,536601,-109.85665547288154
1108307,6655456,-109.86433685714675
1108307,8187317,-109.86578451421431
1108307,2234673,-109.88447306001643
1108307,7034461,-109.89743584322646
1108307,8743787,-109.90858333393336
1108307,1820264,-110.00731574776901
1108307,2290460,-110.02984326108476
1108307,6215680,-110.03709242116523
1108307,7804854,-110.03949343583004
1108307,5170915,-110.05026874888884
1108307,2376757,-110.05593189480562
1108307,5404935,-110.05593189480562
1108307,3007299,-110.11581807280925
1108307,290051,-110.14607756757236
1108307,7487289,-110.16027502604742
1108307,2855256,-110.18646131177155
1108307,7804855,-110.20533105946163
1108307,4555846,-110.23779661825807
1108307,2260409,-110.26347847914735
1108307,6184537,-110.27648555644626
1108307,5977820,-110.2833893795623
1108307,1211084,-110.28802089362573
1108307,6710409,-110.29865408525863
1108307,6215992,-110.30754089383792
966413,5308287,-80.51440357808688
966413,6068535,-80.53517672413835
966413,3521149,-80.8914010176305
966413,8837418,-81.10192002245037
966413,6177997,-81.28575165521141
966413,1216350,-81.31539670022148
966413,802895,-81.79663542530655
966413,827820,-81.80487207452956
966413,6882403,-81.94484417112265
966413,6778145,-81.98143914064524
966413,6313175,-82.27881695626027
966413,3376270,-82.37664925549237
966413,7387907,-82.40765335292073
966413,7853161,-82.60919121370947
966413,5909914,-82.87259844292205
966413,7584005,-82.89270744087884
966413,6811235,-82.91772297420731
966413,6811234,-82.92004001390156
966413,6061258,-82.93007363184527
966413,3615880,-82.94607704358043
966413,8000538,-83.16600710683883
966413,1990466,-83.29172554651706
966413,6424655,-83.40159451174836
966413,195129,-83.42324509292409
966413,1107924,-83.45456248166997
966413,6239882,-83.49440933308242
966413,5938287,-83.66285437762295
966413,8047638,-83.69433487136368
966413,632089,-83.88630191927481
966413,4613981,-83.90640515433259
966413,2624549,-83.99309353102039
966413,757118,-84.07321649580317
966413,6273817,-84.08394116880581
966413,6061264,-84.08610259385276
966413,2588722,-84.15381655621158
966413,8096229,-84.15505859597116
966413,320513,-84.16124772569681
966413,2436577,-84.16897815744424
966413,3320173,-84.182896781255
966413,4870411,-84.27808072398228
966413,6650392,-84.29833172439271
966413,4297951,-84.31453264364842
966413,2278372,-84.34122609148179
966413,8047636,-84.38796062852485
966413,1930308,-84.49826641741679
966413,2758360,-84.68586044937553
966413,6811240,-84.70903877100584
966413,3615885,-84.71444372227981
966413,6668562,-84.7194468897284
966413,793456,-84.72294518875039
966413,5435429,-84.72524036119319
966413,3769610,-84.82256027726885
966413,3615887,-84.82620768914317
966413,5276280,-84.83321549438777
966413,4459200,-84.8748453166158
966413,5190064,-84.96026258724783
966413,2905889,-85.03205775556978
966413,5938279,-85.05750153922172
966413,3788813,-85.0798200880894
966413,6239890,-85.09541632007782
966413,6239884,-85.16828639142311
966413,2963158,-85.17953442526925
966413,868473,-85.20428130952429
966413,5778759,-85.23212762706423
966413,3615883,-85.26041043206496
966413,7051667,-85.30634411842536
966413,7609025,-85.35697287938467
966413,7557218,-85.38738516959
966413,1071997,-85.39508221688507
966413,4651451,-85.50360592429222
966413,3379675,-85.59606989631476
966413,8009772,-85.59916738995675
966413,3215211,-85.6014898107923
966413,2752006,-85.60751710428995
966413,8422379,-85.64016702724771
966413,8653662,-85.64066140309839
966413,8422378,-85.64325257406253
966413,3068983,-85.65436256472628
966413,8165439,-85.6942622675501
966413,4592782,-85.72488212032042
966413,1886094,-85.72580887770431
966413,3318856,-85.75519261679395
966413,3398708,-85.75751805206752
966413,6273820,-85.7862864341999
966413,363245,-85.85090847444934
966413,8396147,-85.85478117455558
966413,8396152,-85.85478117455558
966413,1789566,-85.9326011615977
966413,5501021,-86.0123362398683
966413,6267921,-86.0151733262008
966413,4693383,-86.01619951860049
966413,5883968,-86.02237325815643
966413,6782326,-86.06104444671216
966413,2650328,-86.07831177859997
966413,4055799,-86.15952077611774
966413,3446198,-86.18049258398038
966413,1774770,-86.18049258398038
966413,8004965,-86.19195240885458
966413,6928344,-86.20214896286305
966413,5622903,-86.22027459718399
1111546,629277,-63.007911819590525
1111546,2320858,-63.361334764098814
1111546,5052458,-63.69339950591295
1111546,6038686,-64.16822869839157
1111546,5052456,-64.66520565520966
1111546,7982476,-64.80224086608123
1111546,4722262,-65.08937317319705
1111546,6294425,-65.10343684558016
1111546,1245777,-65.17490653560662
1111546,6538059,-65.33075183468947
1111546,5750989,-65.39323472390925
1111546,6222892,-65.4189318539866
1111546,6918537,-65.57638434553319
1111546,3226516,-65.61924240099339
1111546,5845167,-65.91172080911147
1111546,2482841,-65.94552008151103
1111546,340739,-65.97629709927583
1111546,2991020,-65.9807349878021
1111546,4332698,-66.17459625346794
1111546,1417554,-66.18044923188162
1111546,1565115,-66.18102273209527
1111546,6488140,-66.19963202336668
1111546,5965874,-66.22123372333739
1111546,8060597,-66.26853605212507
1111546,6688704,-66.29216247549004
1111546,6945572,-66.29312077312696
1111546,5485775,-66.2987805527871
1111546,5052453,-66.30659385854041
1111546,8636954,-66.39842988070504
1111546,3622761,-66.42367831287714
1111546,1361299,-66.43384614582902
1111546,8147310,-66.44095121217592
1111546,2481085,-66.4845151984444
1111546,7348524,-66.60199284969285
1111546,3883815,-66.60283797031784
1111546,5052459,-66.6850399433068
1111546,8382538,-66.7482920658222
1111546,8124801,-66.75623861727782
1111546,8044518,-66.76875235049872
1111546,1697051,-66.79599335239668
1111546,4161536,-66.8016467206805
1111546,4540076,-66.80319728432072
1111546,589760,-66.80737981353181
1111546,1340142,-66.92890836800832
1111546,4812232,-66.93216530020393
1111546,939951,-66.94431038844391
1111546,5052452,-66.96222555269836
1111546,2264090,-66.97083686918403
1111546,6963368,-66.97296889246095
1111546,6860542,-66.98444877979477
1111546,1182535,-67.03134795522232
1111546,6537154,-67.04651989013873
1111546,1180019,-67.07416082446687
1111546,142029,-67.09336967258534
1111546,4185285,-67.1200072504183
1111546,8147311,-67.15053864794668
1111546,3108718,-67.2871518166938
1111546,7003167,-67.29257546406649
1111546,455753,-67.29498462578802
1111546,5123696,-67.3276524534065
1111546,152363,-67.33005995796579
1111546,5117494,-67.34049665653386
1111546,3150407,-67.35554875706727
1111546,7616537,-67.42337370798361
1111546,7616530,-67.42578245520076
1111546,1561016,-67.44141914088465
1111546,5704783,-67.4594302691413
1111546,1378622,-67.46324083939315
1111546,309464,-67.46387679162704
1111546,856544,-67.46605062249098
1111546,6047422,-67.5466056033516
1111546,1459446,-67.58373917751072
1111546,8024743,-67.61088100706266
1111546,3581112,-67.67107519585424
1111546,1846933,-67.68819164353583
1111546,3533240,-67.68867236967156
1111546,5965875,-67.6902387371136
1111546,744329,-67.6910819460402
1111546,1544035,-67.6946947561124
1111546,7356100,-67.69589861189344
1111546,5485779,-67.72132980992036
1111546,6019865,-67.75522215922561
1111546,6278101,-67.76125874752856
1111546,438407,-67.76608683409565
1111546,2898580,-67.78392235597231
1111546,8441435,-67.87179762947984
1111546,4553699,-67.90464337682461
1111546,1791543,-67.91504175540437
1111546,5395215,-67.91844558964961
1111546,8338380,-67.9220416956597
1111546,8165491,-67.96283265051746
1111546,7491447,-67.96765470817674
1111546,4613889,-68.02341541688183
1111546,7137570,-68.16618435666584
1111546,4812689,-68.17521211181196
1111546,4185293,-68.18242594239295
1111546,4018468,-68.22262163927134
1111546,2778361,-68.26431161840875
1111546,1846930,-68.2907691761272
1111546,1896181,-68.35034579688106
156493,8182166,-25.22815429058485
156493,3288596,-25.835356685174716
156493,3288600,-25.835614665361994
156493,1960255,-25.835614665361998
156493,2612492,-26.117004767990487
156493,5122747,-26.128070333213408
156493,1960260,-26.480693616289514
156493,2259182,-26.487654295886852
156493,3288598,-26.503374171503303
156493,6343406,-26.513679652983797
156493,2259180,-26.759762229572164
156493,8393766,-26.76027847850868
156493,6139382,-26.76079463862282
156493,2411918,-27.02153737729263
156493,95519,-27.14922699633389
156493,2612490,-27.15025940538454
156493,750111,-27.15206526674892
156493,8182159,-27.152581027540336
156493,2317802,-27.159535133574927
156493,5346658,-27.16210664312267
156493,5549994,-27.162363672886876
156493,662448,-27.16595977924848
156493,6139386,-27.173343390160635
156493,1171598,-27.575018441246698
156493,6524746,-27.79275480065681
156493,4369922,-27.796112296831907
156493,6652467,-27.805905026271503
156493,7663272,-27.835434133566203
156493,885944,-27.8385289646136
156493,5128818,-27.868708545815977
156493,2616515,-27.989403836803206
156493,2317807,-28.013708158142816
156493,8029433,-28.019638644482946
156493,8029429,-28.137784887960787
156493,8029428,-28.13804163176486
156493,2816748,-28.214441712868116
156493,2949801,-28.229637904030803
156493,8182161,-28.231445475226323
156493,3288597,-28.231703610799286
156493,8182165,-28.23247788427697
156493,2259183,-28.232735931035204
156493,2141931,-28.2353151785697
156493,5406908,-28.243296782687338
156493,6357270,-28.243296782687338
156493,8245444,-28.243296782687338
156493,1171595,-28.246637597506023
156493,4940228,-28.332576708169185
156493,8245439,-28.345697612728955
156493,6464089,-28.48025450489292
156493,6524745,-28.4859293387046
156493,2941211,-28.488762735212916
156493,6859031,-28.492879268023522
156493,7371081,-28.493907519235357
156493,1277725,-28.50715563611986
156493,2949802,-28.507930976843348
156493,95514,-28.508964452864006
156493,8273017,-28.508964452864006
156493,278176,-28.50999757298304
156493,7371077,-28.50999757298304
156493,8811146,-28.51283682019225
156493,1277727,-28.513094800379527
156493,7976153,-28.513094800379527
156493,349638,-28.513868607860516
156493,8273019,-28.513868607860516
156493,5346660,-28.52468100747201
156493,7735247,-28.533405449739952
156493,627307,-28.65775318954988
156493,1347264,-28.66033532306787
156493,2616513,-28.660593414225822
156493,8463133,-28.660851483182007
156493,1172287,-28.660851483182007
156493,5022725,-28.66368877747473
156493,6859022,-28.666265809407996
156493,7371078,-28.667296002665204
156493,2141939,-28.670384461539765
156493,2141936,-28.671156079713054
156493,5122743,-28.673726707874764
156493,8273014,-28.875490062062596
156493,5479181,-28.878072640151373
156493,5059020,-28.87884698024584
156493,994488,-28.87884698024584
156493,2141934,-28.879105049202025
156493,1172281,-28.879105049202025
156493,1277724,-28.879105049202025
156493,8273018,-28.879621120524355
156493,7371079,-28.879879122898135
156493,3827672,-28.884261771828278
156493,1237363,-28.89198027389478
156493,5877552,-28.89300790871767
156493,5555924,-28.89377840389347
156493,2598786,-28.89842921962573
156493,3288601,-28.898687533011685
156493,95515,-28.899720564193608
156493,1960261,-28.89997876641775
156493,7347210,-28.900191513015567
156493,5479187,-28.902301586953968
156493,8182160,-28.902559567141253
156493,1347266,-28.903591266101664
156493,4400815,-28.907972032741057
156493,6267258,-28.913117699208467
1124145,8255879,-17.841046692936317
1124145,8666691,-17.97295237281911
1124145,8730384,-18.024603359002718
1124145,7997599,-18.075118878638058
1124145,7997603,-18.075118878638058
1124145,8730388,-18.075118878638058
1124145,278916,-18.20813593584543
1124145,7051451,-18.249081709236172
1124145,5920275,-18.26379734589591
1124145,7702580,-18.30718617747592
1124145,8694942,-18.31062843024687
1124145,3274244,-18.32775138270926
1124145,4390630,-18.32775138270926
1124145,7131638,-18.328774112909755
1124145,1983097,-18.328774112909755
1124145,3195299,-18.328944517108617
1124145,3218754,-18.3314988393685
1124145,963808,-18.374499934400983
1124145,8062888,-18.378460399930457
1124145,1530862,-18.378976404680564
1124145,119289,-18.384643687663473
1124145,5901761,-18.386015159392038
1124145,2892426,-18.388070605219262
1124145,1905658,-18.389097536514452
1124145,6275502,-18.3909788754823
1124145,6470724,-18.39114981857545
1124145,5398797,-18.39354148901498
1124145,2291229,-18.39354148901498
1124145,7664007,-18.395930302826482
1124145,2014644,-18.39695320738621
1124145,6759154,-18.45133475361686
1124145,6759157,-18.45133475361686
1124145,6759156,-18.45133475361686
1124145,6759159,-18.45133475361686
1124145,276612,-18.452710943860644
1124145,1906564,-18.452710943860644
1124145,764532,-18.46283120765434
1124145,6275501,-18.464199512634465
1124145,602760,-18.464199512634465
1124145,6172489,-18.464370484954152
1124145,316416,-18.464541442659318
1124145,2464043,-18.464541442659318
1124145,6832441,-18.464712385752463
1124145,1165755,-18.46505422811269
1124145,7577908,-18.46573773759877
1124145,8454458,-18.46573773759877
1124145,6852049,-18.46573773759877
1124145,6155840,-18.466079404764532
1124145,7096302,-18.466079404764532
1124145,1605732,-18.466421013572038
1124145,845296,-18.46676256404122
1124145,1533053,-18.46727478040421
1124145,1394289,-18.46727478040421
1124145,6895357,-18.467445490044284
1124145,235435,-18.467445490044284
1124145,491496,-18.470174864503
1124145,6182975,-18.470686207804633
1124145,6816623,-18.52850320043787
1124145,7225307,-18.530225215646325
1124145,525953,-18.530225215646325
1124145,1102965,-18.530225215646325
1124145,3494977,-18.530225215646325
1124145,6472720,-18.530225215646325
1124145,7782104,-18.53246162111598
1124145,8023290,-18.5382988858676
1124145,1562825,-18.5382988858676
1124145,541397,-18.5382988858676
1124145,7207486,-18.5382988858676
1124145,8802293,-18.5382988858676
1124145,756518,-18.538641724400062
1124145,6541909,-18.538641724400062
1124145,7556400,-18.538813121630387
1124145,8110829,-18.538813121630387
1124145,8348283,-18.539327225207952
1124145,1004828,-18.540355036079117
1124145,1200043,-18.540697522359096
1124145,5737790,-18.540697522359096
1124145,7177133,-18.540868743508437
1124145,125448,-18.540868743508437
1124145,881671,-18.541211141838367
1124145,7881687,-18.541211141838367
1124145,2022161,-18.541211141838367
1124145,363261,-18.541382319023977
1124145,1439135,-18.54189576269347
1124145,7809563,-18.542066881295877
1124145,1714854,-18.542066881295877
1124145,1345237,-18.542066881295877
1124145,4248591,-18.542066881295877
1124145,8085659,-18.54223798525875
1124145,2237914,-18.54240907458459
1124145,3822805,-18.54240907458459
1124145,6082287,-18.54240907458459
1124145,1345077,-18.54240907458459
1124145,6434889,-18.54240907458459
1124145,6203849,-18.54240907458459
1124145,3920923,-18.54240907458459
1124145,7616713,-18.542580149275906
1124145,7422521,-18.542580149275906
1124145,1198393,-18.542751209335197
1124145,3824900,-18.542751209335197
1110199,2218462,-45.69569019443509
1110199,879021,-45.78649132427755
1110199,8160520,-45.91645779769131
1110199,5279606,-46.3947581179499
1110199,3270581,-46.95779061485133
1110199,7628031,-47.298996286185435
1110199,4360551,-47.463366121566715
1110199,879019,-47.70669331250142
1110199,3838645,-47.74080299598778
1110199,8441228,-47.87297699609951
1110199,3934419,-48.074679091312355
1110199,7821191,-48.078982276795664
1110199,1454027,-48.098719032238186
1110199,4511137,-48.12424848313215
1110199,8299269,-48.13873234318081
1110199,1152760,-48.48698685953096
1110199,5719120,-48.51070089052297
1110199,1426936,-48.52102143291935
1110199,3923498,-48.53603414064981
1110199,1197690,-48.72259760079253
1110199,2777133,-48.725179289790795
1110199,558317,-48.725179289790795
1110199,2777132,-48.728189576461006
1110199,3524269,-48.76657172175012
1110199,4792087,-48.7708756480572
1110199,4655421,-48.77130583699645
1110199,8654965,-48.77173598892637
1110199,7490610,-48.7734562266802
1110199,2541138,-48.7734562266802
1110199,2406692,-48.79157698613543
1110199,4181876,-49.03970433521625
1110199,758806,-49.04744815090546
1110199,4081427,-49.049600021344425
1110199,5198208,-49.050890699215614
1110199,554521,-49.05175096607251
1110199,7504065,-49.0543308789287
1110199,6537226,-49.15861928884133
1110199,4411531,-49.15991018886399
1110199,4994886,-49.167648597844405
1110199,6162452,-49.17494611455044
1110199,5824928,-49.18822599349943
1110199,4558064,-49.29910660282562
1110199,6161016,-49.40665342290407
1110199,1957395,-49.41138631600151
1110199,167601,-49.428727353447755
1110199,4489656,-49.433037215540445
1110199,5846443,-49.43605191011402
1110199,7344200,-49.4373433658501
1110199,6392463,-49.43906478810615
1110199,4511144,-49.44078561790725
1110199,4494009,-49.447233460063565
1110199,1809286,-49.57024855405624
1110199,167604,-49.59387383977977
1110199,5857927,-49.806967579743976
1110199,2406691,-49.81341653074891
1110199,5049369,-49.81384616521618
1110199,4983170,-49.81985717467328
1110199,335974,-49.82157327947549
1110199,8160519,-49.823794216841314
1110199,7891043,-49.82414633280305
1110199,5218014,-49.825516676875736
1110199,507875,-49.827668917822216
1110199,507878,-49.82852955486787
1110199,5355385,-49.83068049959596
1110199,4438812,-49.836268629272006
1110199,4438807,-49.83669822682529
1110199,4949578,-49.837986798064634
1110199,5460006,-49.841031368484096
1110199,5007789,-49.842708720151876
1110199,637099,-49.84356677254665
1110199,8301971,-49.84571125953247
1110199,7038440,-49.89253843941968
1110199,5495454,-49.95781108474651
1110199,3463459,-50.00894879126409
1110199,8011652,-50.034597984417545
1110199,5857921,-50.077940881400664
1110199,4952913,-50.07837181186599
1110199,2594143,-50.08354008259223
1110199,8654960,-50.08397053077515
1110199,8160523,-50.08698263090239
1110199,3785824,-50.08827297568968
1110199,7680811,-50.089562987564946
1110199,357932,-50.0899929175726
1110199,5716613,-50.098154571646894
1110199,879022,-50.09944203689245
1110199,1795043,-50.10030016291894
1110199,5044451,-50.106302924910125
1110199,6008742,-50.11861622584302
1110199,2361277,-50.124405260902385
1110199,6450552,-50.1300412250259
1110199,1240452,-50.13170967578595
1110199,5824924,-50.13557240323519
1110199,6489317,-50.237905515804876
1110199,7676274,-50.30707253768699
1110199,7474264,-50.36625227484215
1110199,3972098,-50.36625227484215
1110199,3972097,-50.37095763416552
1110199,4597572,-50.38694701235
1110199,1276856,-50.41474672128569
1110199,7038434,-50.4651394032776
1056204,7777875,-62.67348661977414
1056204,6486837,-63.28027049019076
1056204,5234797,-63.47851160647399
1056204,5234795,-64.38562497014087
1056204,6046710,-64.44635137519778
1056204,1996042,-64.94442017019563
1056204,4298401,-65.62843518028143
1056204,8676395,-65.74276330268823
1056204,2053688,-65.90764645263948
1056204,3754166,-66.2750698497159
1056204,5865312,-66.67346967378397
1056204,2352830,-66.82559889875822
1056204,2710959,-67.15675731385554
1056204,4504069,-67.19590571349198
1056204,2686337,-67.22675260009748
1056204,8722741,-67.24464100059645
1056204,6099188,-67.31182558147222
1056204,4048342,-67.3156024947575
1056204,7890474,-67.33186504315863
1056204,7758874,-67.52617868370396
1056204,3954898,-67.57276489292083
1056204,6693226,-67.63242068630636
1056204,8722738,-67.68324778829829
1056204,8722740,-67.68505644921028
1056204,4876540,-67.69168421055514
1056204,1047387,-67.76570853005339
1056204,5338516,-68.16437740764617
1056204,3497265,-68.16558209215088
1056204,5234791,-68.17958740344676
1056204,3971137,-68.33047789212017
1056204,8722739,-68.36013157502109
1056204,6046705,-68.43124992497131
1056204,3756800,-68.6166916568475
1056204,6693220,-68.65269007899853
1056204,3639910,-68.6592032172708
1056204,3144979,-68.67061164640168
1056204,5865313,-68.79488072716339
1056204,5444384,-68.83583619834862
1056204,4254519,-68.9840227223326
1056204,8408276,-68.99244898922456
1056204,4835191,-69.00434916357749
1056204,5001813,-69.00495163543383
1056204,5001816,-69.00796321716297
1056204,3843254,-69.05228297081487
1056204,2664097,-69.05770195300504
1056204,6942866,-69.10024284070867
1056204,5643823,-69.2162791740343
1056204,5220625,-69.32413813874392
1056204,6046707,-69.39711040040352
1056204,5136201,-69.4151076073979
1056204,2761434,-69.44174773757659
1056204,4127017,-69.45641554303086
1056204,4373634,-69.48306552417142
1056204,8400850,-69.5356521053823
1056204,2361321,-69.68866282060047
1056204,7863816,-69.68986916598014
1056204,5156981,-69.69529514895757
1056204,4473500,-69.6971028757082
1056204,5643825,-69.71468011378008
1056204,1586626,-69.8358922630569
1056204,5646689,-69.83829192712743
1056204,7160094,-69.87253029093316
1056204,5220630,-69.89513860374616
1056204,8701652,-69.89537410602469
1056204,4910412,-69.95785492426634
1056204,1586625,-69.96526105370856
1056204,5086590,-70.07517527541961
1056204,2006752,-70.10123064348889
1056204,1531457,-70.1042293241153
1056204,5057819,-70.11019499838969
1056204,2352831,-70.11200194740935
1056204,5865314,-70.11646681618603
1056204,6046708,-70.13833904288052
1056204,5643824,-70.14123632138109
1056204,2471261,-70.23442975874687
1056204,499750,-70.24403289926312
1056204,3395174,-70.28288511181971
1056204,4820165,-70.28288511181971
1056204,1025759,-70.31811087519995
1056204,2005473,-70.36976655827456
1056204,2022829,-70.37097082827488
1056204,2005476,-70.37217489112993
1056204,5716937,-70.39681264748964
1056204,4546394,-70.40815490156957
1056204,499749,-70.42067817161603
1056204,2724573,-70.50355647398854
1056204,5444383,-70.50589793560759
1056204,6340537,-70.5137361420804
1056204,945937,-70.5191574558582
1056204,4546393,-70.52036853871626
1056204,3382534,-70.56947932515116
1056204,7072080,-70.61428870561308
1056204,2576447,-70.63066189643348
1056204,2430020,-70.73620664827857
1056204,4877223,-70.73801313098078
1056204,2185188,-70.75768941011995
1056204,2858981,-70.79335347587421
1056204,5502614,-70.80094463466746
1056204,4620530,-70.82979928106674
1056204,7160090,-70.9125055907527
199143,5056755,-110.99790061851176
199143,8311584,-112.22777004250494
199143,5056759,-113.59407381835777
199143,8311586,-113.73104416758557
199143,8311590,-114.29648809402066
199143,8311587,-114.50043683425842
199143,524470,-115.12061387238124
199143,6046857,-115.18079630516613
199143,6332561,-115.67350812023562
199143,4137980,-117.33728125012335
199143,4960723,-117.59238326178745
199143,5656308,-117.792827189569
199143,7592619,-117.81553433447102
199143,7374276,-118.05881686276693
199143,4892011,-118.16515820711054
199143,4778220,-118.18539091647465
199143,2743758,-118.24886479657413
199143,7122645,-118.83305089029628
199143,5157543,-118.88021015751497
199143,5056758,-119.15800831392556
199143,3134193,-119.29018231652772
199143,2642826,-119.53509588457186
199143,7996119,-119.61624087047467
199143,6005444,-119.6990885670365
199143,939843,-119.80642218465917
199143,6922470,-119.80951981155
199143,1693939,-119.81158445200657
199143,7978506,-119.8167444995585
199143,3196423,-119.84196324140547
199143,1247002,-119.97894008092568
199143,6165233,-120.03885235528804
199143,5056753,-120.06358458282249
199143,3691474,-120.19485423140785
199143,1892924,-120.36402413359761
199143,7557853,-120.45717934110687
199143,303796,-120.56189653411377
199143,2467999,-120.57191942071853
199143,5402600,-120.62350470150382
199143,6890038,-120.84561174323677
199143,8145964,-120.9092764217989
199143,661188,-121.02816958478674
199143,1352694,-121.07115245626035
199143,8402513,-121.07866549143252
199143,4892014,-121.09841088834908
199143,6889427,-121.1616940945857
199143,6005445,-121.1658159291861
199143,7186635,-121.1668238116336
199143,1856116,-121.18473697028907
199143,658338,-121.19195358934881
199143,5521181,-121.2085236990388
199143,3447653,-121.21234198893339
199143,3357393,-121.21265404594267
199143,7233908,-121.21265404594267
199143,8311588,-121.22371463340731
199143,8152294,-121.23507650999849
199143,8690834,-121.31085020926851
199143,2256971,-121.36442356377128
199143,761031,-121.4526833248516
199143,3198283,-121.45344662257769
199143,751006,-121.47570898380691
199143,8057029,-121.49327127279365
199143,182383,-121.5686668889644
199143,4990578,-121.57523294838099
199143,4285515,-121.66860282821983
199143,5596314,-121.68796470246198
199143,3488259,-121.6913993092217
199143,4819441,-121.70546221817065
199143,6067283,-121.71516319231661
199143,5088597,-121.82104714507615
199143,8557032,-121.85308515727188
199143,8557031,-121.86031357549952
199143,2293539,-121.87447463461818
199143,8586908,-121.92060118182383
199143,5402598,-121.9223229986537
199143,35232,-121.92989486258577
199143,5108053,-121.9309270496187
199143,5578454,-121.93402307811934
199143,5624760,-121.94227525108688
199143,42141,-121.94536835348568
199143,1969976,-121.95504840365152
199143,4799658,-121.95644554217517
199143,7555564,-122.03876339434471
199143,3111582,-122.04322542643447
199143,5625984,-122.09800896941672
199143,5940730,-122.10159854042546
199143,7044826,-122.12543724446971
199143,4143763,-122.13370291728648
199143,524462,-122.14026688919867
199143,4439656,-122.18808944778203
199143,5110870,-122.19605320775719
199143,8311589,-122.19605320775719
199143,4439652,-122.20149980609949
199143,5402599,-122.20301100398385
199143,7996118,-122.30003346007611
199143,2353228,-122.31109893529509
199143,4186728,-122.32039181638042
199143,5882973,-122.32348784488106
199143,3703359,-122.35519360462585
199143,691343,-122.46399366605438
199143,5219922,-122.50352740676747
835929,555654,-41.19569060075706
835929,8135403,-42.21930440335632
835929,6581769,-42.26384692521879
835929,8793581,-42.38955796247201
835929,3559694,-42.86249759065611
835929,4664070,-42.92301376653679
835929,4216180,-42.957658023986475
835929,7936139,-43.07449742043463
835929,7829364,-43.185136109692785
835929,82561,-43.210641444546646
835929,7465438,-43.25899077606743
835929,7062132,-43.54023815183392
835929,3179087,-43.847433788396955
835929,3908322,-43.986998554700165
835929,8604605,-44.017980944943695
835929,1957173,-44.13943234233239
835929,1157288,-44.15350767181175
835929,6479288,-44.1540430632393
835929,555650,-44.204351621814524
835929,6196266,-44.31368610681459
835929,8216436,-44.36670044388888
835929,1685223,-44.3906032221316
835929,7294736,-44.402719326092935
835929,6295788,-44.413153718560025
835929,8794035,-44.41645642401641
835929,2935352,-44.4586263791961
835929,8360488,-44.54307871175294
835929,5928667,-44.58310589334046
835929,3740332,-44.63256640249466
835929,1685229,-44.660884734221476
835929,5176796,-44.6739427966243
835929,1234128,-44.69531384286903
835929,3814561,-44.70688613626194
835929,3205505,-44.72931655592491
835929,7210707,-44.74892476136157
835929,7936145,-44.79895353415678
835929,7441665,-44.92563004221095
835929,4351314,-44.92825026924889
835929,7465430,-44.93254347851467
835929,4706162,-45.00897042713722
835929,4072117,-45.02400893703038
835929,1731957,-45.026711436705426
835929,4842835,-45.02757296350535
835929,4791056,-45.03273900927114
835929,5551319,-45.050326891514786
835929,2676907,-45.0536433897811
835929,2676901,-45.05386073673876
835929,2676908,-45.082203347540904
835929,6969750,-45.1319535539041
835929,2835129,-45.18326467961412
835929,1157287,-45.19228003391288
835929,4150177,-45.20470314556616
835929,2851057,-45.21426952695855
835929,4572254,-45.24054610369607
835929,7293680,-45.24447996660846
835929,4216181,-45.27240148111714
835929,1908269,-45.279563972776074
835929,4868662,-45.28559674004848
835929,8291792,-45.288610396307384
835929,306434,-45.30212735284448
835929,4216188,-45.33421123892058
835929,8604603,-45.33635959589026
835929,6710624,-45.33742392389878
835929,6423025,-45.33742392389878
835929,5152835,-45.337852490429725
835929,4711715,-45.33860897729859
835929,4947007,-45.34641611596347
835929,555649,-45.445684524436444
835929,1685225,-45.4516908919075
835929,6239219,-45.452119642186446
835929,8794037,-45.46833032323851
835929,712951,-45.47993444747953
835929,1533390,-45.48422544608656
835929,1869965,-45.50336512154419
835929,5324455,-45.50422627738969
835929,1157290,-45.541275343331755
835929,1157291,-45.55288445696749
835929,8794030,-45.55374332000671
835929,2649809,-45.59158532735666
835929,5146729,-45.6173336466604
835929,4572260,-45.66806128192137
835929,7226494,-45.67721430375721
835929,7340681,-45.6989818727629
835929,8815044,-45.719465148836136
835929,1908268,-45.72334085096287
835929,4623764,-45.72377129914578
835929,4572256,-45.73323179580598
835929,4569640,-45.743610518071705
835929,7795110,-45.745763315018706
835929,4569639,-45.74705454841202
835929,7465429,-45.763381374121124
835929,1297689,-45.81827673796332
835929,6247937,-45.8328987691474
835929,5131821,-45.846584613980696
835929,8825107,-45.8737862868129
835929,7647900,-45.897994600014734
835929,3764172,-45.89928494480202
835929,1685221,-45.90358369069284
835929,2142755,-45.90401336208042
835929,4459713,-45.90573167849094
1063750,7778351,-61.60986247041768
1063750,4844353,-67.7271876723732
1063750,2868845,-68.35350324314368
1063750,5859941,-69.12547089585777
1063750,1599437,-69.25714432692115
1063750,4788299,-69.44114796989808
1063750,7494554,-69.84368595328775
1063750,7412324,-70.05352261129077
1063750,1599444,-70.30209560731193
1063750,2516,-70.43483957743696
1063750,8048329,-70.509565419101
1063750,2250780,-70.51297890988967
1063750,3045442,-70.51538393297578
1063750,2197526,-70.72475475228725
1063750,5746663,-70.79314070960011
1063750,6073708,-70.79554284409176
1063750,6098651,-70.79554284409176
1063750,2877339,-71.05950868867613
1063750,2997653,-71.08232916781384
1063750,7614194,-71.2124989554027
1063750,6093904,-71.23909041495082
1063750,2992036,-71.33257267956611
1063750,4895432,-71.37625562215297
1063750,1449750,-71.43170474714996
1063750,7571426,-71.4393803389328
1063750,4947787,-71.44877163161897
1063750,6312813,-71.45978737948494
1063750,5539843,-71.47778949822528
1063750,4788295,-71.63321656363848
1063750,4329899,-71.64040569840766
1063750,2910001,-71.70913445881312
1063750,2918634,-71.83226292863131
1063750,2918632,-71.83346492394648
1063750,4619815,-71.84144980392873
1063750,7560580,-71.87915415885519
1063750,4995802,-71.88035863607203
1063750,6134980,-71.88637791533333
1063750,3057055,-71.95821266092405
1063750,2029310,-71.99013486269314
1063750,7952971,-71.99652485327128
1063750,7244922,-72.09197944138508
1063750,7409961,-72.10041852940859
1063750,4788296,-72.11242039619367
1063750,3644392,-72.15955146753106
1063750,5881435,-72.16699171479087
1063750,4801761,-72.17946992500286
1063750,8123887,-72.22132408581702
1063750,2737817,-72.26500424995373
1063750,6992949,-72.2746392402484
1063750,2639359,-72.28094572715526
1063750,5524717,-72.29848821255499
1063750,5177240,-72.33210158353032
1063750,7711363,-72.33989081294361
1063750,3051625,-72.35185427803987
1063750,4713633,-72.36833734240629
1063750,8255728,-72.36915842935247
1063750,8255729,-72.36915842935247
1063750,3458466,-72.37337791143119
1063750,3458470,-72.37518548258207
1063750,5072520,-72.38602111850129
1063750,7783007,-72.39744056671849
1063750,4164404,-72.41243783009945
1063750,5967597,-72.41570446484992
1063750,4792733,-72.41644693120202
1063750,4035182,-72.455031315811
1063750,3422510,-72.46165110000076
1063750,5435715,-72.46225258825494
1063750,5435721,-72.46345540973341
1063750,932461,-72.47103201932939
1063750,8555068,-72.47343374173099
1063750,7937217,-72.48027324471963
1063750,7466281,-72.48265518851767
1063750,7353952,-72.48303239942315
1063750,7245668,-72.49048530170913
1063750,943682,-72.49764922515547
1063750,4096516,-72.50131255761218
1063750,6666451,-72.5050776525735
1063750,3762285,-72.55973522443642
1063750,1859135,-72.56773331821095
1063750,1126299,-72.5886066100675
1063750,3051624,-72.58920851207822
1063750,7167862,-72.61327844326495
1063750,6332703,-72.61687578131402
1063750,2639357,-72.62043631195296
1063750,2222362,-72.62283269002212
1063750,2382947,-72.63005022678618
1063750,7769866,-72.64893465863976
1063750,7107016,-72.65179286952025
1063750,6223622,-72.65674260124152
1063750,5177242,-72.65734285163205
1063750,1337,-72.66942776740439
1063750,4736009,-72.67293132261045
1063750,8293919,-72.67824857934193
1063750,5571145,-72.68564148682127
1063750,8586249,-72.69223632449366
1063750,6332694,-72.69523192528571
1063750,2382945,-72.70720152542526
1063750,8335637,-72.70819686529903
1063750,5511493,-72.73198055597372
1063750,5123011,-72.73860660631013
1104031,5914995,-70.82908230592368
1104031,8117753,-72.51562038444922
1104031,6243959,-72.93605705654726
1104031,6243964,-73.33107863039525
1104031,2722170,-73.97691588919407
1104031,3669990,-74.21968708266787
1104031,4083084,-74.22243026118139
1104031,6317703,-74.41113772706832
1104031,2072997,-74.42123327396772
1104031,6281227,-74.57506037139558
1104031,6686825,-74.6064077299649
1104031,6549925,-74.64450795060942
1104031,4542010,-74.77658348910262
1104031,2073003,-74.80794849824342
1104031,7675713,-74.80913102460616
1104031,6243957,-74.934359930376
1104031,1665280,-75.02574952553502
1104031,4137852,-75.06877421768425
1104031,4137851,-75.07082081182169
1104031,4997514,-75.67169104277971
1104031,1850513,-75.70898757352289
1104031,630823,-75.71792320355455
1104031,4793445,-75.94701683898808
1104031,4473010,-76.18824955491411
1104031,6441091,-76.31189027599962
1104031,2759527,-76.34896456804132
1104031,5704149,-76.5181075961193
1104031,5662894,-76.5752436665784
1104031,5067618,-76.59147513821878
1104031,8131896,-76.61689641383947
1104031,298431,-77.2319065159692
1104031,618181,-77.23397231157021
1104031,4418249,-77.23741411926068
1104031,2304492,-77.2401664996668
1104031,4137848,-77.25666092575688
1104031,6861530,-77.44812385291621
1104031,4711154,-77.57172364986987
1104031,8442529,-77.6220599405373
1104031,4299357,-77.62274853906756
1104031,7671495,-77.62550234063171
1104031,702118,-77.62963126642852
1104031,1893871,-77.63582066223961
1104031,6532890,-77.64131833024223
1104031,4718120,-77.88059947649526
1104031,3624385,-77.88610565826176
1104031,1142729,-77.95078763952998
1104031,3767202,-77.99035277137209
1104031,5305439,-78.07232855378544
1104031,1551854,-78.10023267591464
1104031,2824436,-78.13914150805796
1104031,6367776,-78.270064243257
1104031,3225393,-78.270064243257
1104031,1340388,-78.27488235951922
1104031,1303304,-78.34574205765693
1104031,66965,-78.49565984334787
1104031,1031803,-78.50445552717727
1104031,8631011,-78.59784091498159
1104031,3089563,-78.60678422906653
1104031,3501058,-78.61983726851086
1104031,3992958,-78.70180128801145
1104031,8270131,-78.70565555722436
1104031,6531310,-78.72876650128889
1104031,4083091,-78.75557111063658
1104031,3856590,-78.75625722875225
1104031,758384,-78.90911421496547
1104031,7563100,-78.92150952444428
1104031,3654678,-78.96419485615957
1104031,7986564,-78.96970009065036
1104031,361219,-78.9866173202154
1104031,8479329,-78.98937041101713
1104031,8457876,-78.992369222582
1104031,8147023,-78.99281044271845
1104031,4606422,-79.00174760850423
1104031,4606417,-79.00243466942979
1104031,818611,-79.00655579630568
1104031,3747645,-79.23620382979797
1104031,4655570,-79.24859700570345
1104031,3689289,-79.35042181042685
1104031,8382214,-79.37470518620525
1104031,38216,-79.38365080808387
1104031,837268,-79.38571376258997
1104031,4462064,-79.39739380039192
1104031,5067620,-79.49546319109619
1104031,7683978,-79.63737376613507
1104031,3416274,-79.6401254365121
1104031,941014,-79.641500916859
1104031,8300096,-79.64493734048659
1104031,5337510,-79.64836352342861
1104031,8316387,-79.64906183435485
1104031,8316386,-79.6504357792115
1104031,3934678,-79.65112266316288
1104031,1809423,-79.71136138448229
1104031,1526242,-79.71889253662002
1104031,7184804,-79.78134480106314
1104031,8217763,-79.8232304325029
1104031,6149757,-79.83044814756525
1104031,4397218,-79.83044814756525
1104031,8217767,-79.83076029580994
1104031,6149763,-79.92317207821414
1104031,3739366,-80.01513336332143
398483,440729,-35.123666030565786
398483,487271,-36.60908279026347
398483,8151255,-36.7690315639592
398483,6156344,-36.97335411023472
398483,8747940,-37.15541961786583
398483,8416582,-37.39063465165678
398483,8314661,-37.51013134899605
398483,1075462,-37.5128747627675
398483,7151973,-37.51743131151536
398483,7151978,-37.52087326744698
398483,7432724,-37.53186766551132
398483,7705909,-37.53186766551132
398483,256645,-37.61895517808536
398483,1649488,-37.79005924085318
398483,4061845,-37.936789358312424
398483,1708541,-38.143357360571024
398483,1999513,-38.42087651605741
398483,6993450,-38.42156520350693
398483,8416583,-38.42328640355413
398483,15854,-38.43771531822346
398483,1354596,-38.44011508517522
398483,6563406,-38.62890657657717
398483,144324,-38.805517147778886
398483,3895937,-38.80827450874906
398483,8006894,-38.8089635521002
398483,85970,-38.80999689462455
398483,8432102,-38.811718539165966
398483,3772149,-38.811718539165966
398483,3806032,-38.81206277917031
398483,7326593,-38.812751170315856
398483,7942830,-38.81309532146726
398483,2376089,-38.81343944301119
398483,4123594,-38.81550355080342
398483,1689178,-38.820659165121114
398483,7432717,-38.824092553313335
398483,7432718,-38.82546508384416
398483,1126181,-39.00456776066813
398483,7751968,-39.02003727925296
398483,6254329,-39.027349331337
398483,2834690,-39.029055262886764
398483,6482430,-39.03134369031666
398483,7771241,-39.118171466322536
398483,42181,-39.11885802605921
398483,1509223,-39.11954446797504
398483,8261719,-39.22783556368742
398483,4516531,-39.31366469451147
398483,6523080,-39.358918811457414
398483,1133483,-39.36508884858698
398483,4854066,-39.3674857395488
398483,8151260,-39.452489086790926
398483,1427500,-39.453867886042794
398483,1645469,-39.45524621018658
398483,4915984,-39.45559071702525
398483,5214726,-39.45593519419524
398483,287005,-39.456624059549604
398483,3616281,-39.45696844774419
398483,8599353,-39.458001434458836
398483,1102644,-39.45868994409536
398483,3148725,-39.460410699877826
398483,6245616,-39.46419375893479
398483,4662729,-39.46453749604486
398483,7957026,-39.472092248769215
398483,7432719,-39.47346430850156
398483,7217176,-39.479975172799755
398483,257012,-39.497323670975334
398483,6264970,-39.50523234558253
398483,7041750,-39.506606172476666
398483,2454539,-39.50756934534497
398483,6494730,-39.50763623308426
398483,7933164,-39.51209676640862
398483,3385783,-39.51278256103195
398483,3829032,-39.51346823809688
398483,2619668,-39.51415379764369
398483,5577030,-39.516209771578076
398483,6817509,-39.51753258957946
398483,5071181,-39.517579834014946
398483,4516533,-39.52438936189094
398483,7673789,-39.67602769204272
398483,3829029,-39.687027759131716
398483,8261722,-39.69045908563553
398483,257009,-39.6911449978576
398483,5747185,-39.77992392103215
398483,7751969,-39.78061308309893
398483,257010,-39.78440135352018
398483,3829028,-39.80054730718314
398483,4530283,-39.80363166450452
398483,42182,-39.88165894739941
398483,3145412,-39.89255976171157
398483,1259721,-39.89324844916108
398483,2102533,-39.8939370180584
398483,1472132,-39.89669010894165
398483,3578937,-39.90322111547986
398483,5967539,-39.90390796994567
398483,2015965,-39.90390796994567
398483,3385784,-39.9042513529553
398483,2991446,-39.9042513529553
398483,316938,-39.906311032205764
398483,6558447,-39.9066542089935
398483,6291414,-39.9066542089935
398483,6798985,-39.9066542089935
432930,8410598,-78.90058830718017
432930,8410596,-79.24392652673625
432930,2949422,-80.20432110685576
432930,8410597,-81.50619005473511
432930,7142943,-81.61472457614062
432930,7546502,-81.78065819625559
432930,5116899,-82.07299753701045
432930,2155962,-82.17023088973967
432930,8410594,-82.37167203848222
432930,904490,-82.55506421053178
432930,3308877,-82.75279050564833
432930,565816,-82.81947594809294
432930,665366,-82.9167074316711
432930,4831142,-83.49913974885663
432930,2662960,-83.52507235750242
432930,7646202,-83.59085501763843
432930,7639926,-83.64719744822624
432930,513224,-83.74491390154485
432930,6868622,-83.75314307799982
432930,8410602,-83.90176490262505
432930,2680926,-83.90798135579823
432930,838840,-83.90911860825777
432930,6324322,-83.98999657031263
432930,6286117,-84.10548781713347
432930,5623360,-84.17202191702471
432930,5063425,-84.19025195081937
432930,6512240,-84.19102609109405
432930,8373891,-84.19102609109405
432930,5632599,-84.2330099999136
432930,3888377,-84.31852739454237
432930,6579648,-84.33120365679795
432930,7858685,-84.43950931657508
432930,4606963,-84.44063331504573
432930,1669008,-84.49554852097671
432930,6641740,-84.54902326588821
432930,1304488,-84.59680547899208
432930,3994940,-84.69897562619373
432930,1313926,-84.70334352092803
432930,294516,-84.74915438391052
432930,6813722,-84.76262596997984
432930,3791963,-84.7641696695454
432930,3874336,-84.79577661983332
432930,7427095,-84.858618669769
432930,3889512,-84.95923989413538
432930,7427093,-84.9692734477494
432930,5584201,-85.02982987051071
432930,6057528,-85.10236505420929
432930,1361326,-85.12864560916938
432930,3430235,-85.16714689493469
432930,4397480,-85.20852025306061
432930,6931448,-85.21342203294071
432930,4397479,-85.22324665535419
432930,4781313,-85.26200809778457
432930,4884318,-85.34691829904988
432930,166322,-85.34871031725154
432930,7878258,-85.37862326190822
432930,4738344,-85.38264874193622
432930,118914,-85.38890635909918
432930,3889515,-85.48350628066947
432930,114207,-85.62352842278494
432930,1669003,-85.63065382753881
432930,1023434,-85.6513824505673
432930,4003916,-85.66013506550432
432930,7600381,-85.66574360646113
432930,2680927,-85.67073233426976
432930,2484306,-85.81739229719904
432930,2628169,-85.84548389318333
432930,6931449,-85.85787813526335
432930,1560998,-85.86313633226354
432930,5784989,-85.86755020023844
432930,3978566,-85.86755020023844
432930,3978563,-85.87838863152432
432930,1361325,-85.90252217680596
432930,3946503,-85.90864812628745
432930,7311455,-85.90928384993818
432930,2694991,-85.97314799043168
432930,411303,-85.99973897413345
432930,1560995,-86.0002055670083
432930,2863760,-86.04582375834089
432930,8410593,-86.10264629134667
432930,8567622,-86.10908132098247
432930,3058399,-86.10908132098247
432930,4043556,-86.31582422607207
432930,1117074,-86.32557243084744
432930,6453553,-86.38014477575824
432930,5212365,-86.42934505756901
432930,6967754,-86.48029419694902
432930,1497967,-86.50192698910811
432930,4738342,-86.51328496364322
432930,4413281,-86.53227262808568
432930,5784992,-86.53358536050237
432930,5784993,-86.53823760531404
432930,8499842,-86.54830922677694
432930,2628168,-86.54985770711934
432930,1010715,-86.55445654172965
432930,6711777,-86.6162749892037
432930,419950,-86.64791015267467
432930,2484305,-86.67879545429142
432930,2484309,-86.68034446765978
432930,3474538,-86.68274099078846
478605,8755204,-36.21797225231777
478605,1109280,-36.40731800174659
478605,6010351,-36.481921665957344
478605,6437185,-36.82582234572297
478605,8404583,-36.82664784664696
478605,3736269,-36.82733635628348
478605,1088842,-36.86075888742831
478605,8755202,-36.89245233855005
478605,908951,-37.109674072546596
478605,1258970,-37.1258999486497
478605,1881301,-37.25726780049068
478605,2349342,-37.291191635435474
478605,8404578,-37.384784584370635
478605,8404582,-37.385473271820146
478605,1616075,-37.385817571085276
478605,1358470,-37.387538623018756
478605,8623486,-37.387882744562695
478605,8755198,-37.388570898848585
478605,8700959,-37.46248027260289
478605,8700952,-37.46282445336684
478605,8700954,-37.46316860451824
478605,5046904,-37.505325842681486
478605,936023,-37.509848566876855
478605,799698,-37.518808449320204
478605,8623491,-37.52018511316109
478605,4352333,-37.52706133430899
478605,2542279,-37.53701090543199
478605,6934178,-37.770114734551356
478605,1258973,-37.77252711357475
478605,7755679,-37.772871620413426
478605,718326,-37.77390496293777
478605,4932295,-37.78216210700684
478605,6362321,-37.787657415393724
478605,3736270,-37.86347745314559
478605,5527592,-38.122883171795216
478605,613988,-38.13819109213686
478605,8404575,-38.1431619620708
478605,5378650,-38.15427494872263
478605,1843618,-38.16130277763263
478605,8623492,-38.16233638717515
478605,8699648,-38.16474710460873
478605,8623489,-38.165091374240916
478605,8623488,-38.165091374240916
478605,8059753,-38.165435614245254
478605,3807168,-38.16577982462685
478605,3338619,-38.1664681565422
478605,2570861,-38.16715637002772
478605,8404577,-38.17025186623545
478605,815826,-38.1723142003277
478605,5577299,-38.17815171252369
478605,8700958,-38.19938722483923
478605,146763,-38.41880974198733
478605,597741,-38.419843262508465
478605,5378645,-38.419843262508465
478605,4406662,-38.419843262508465
478605,597739,-38.42122087460374
478605,4582171,-38.42363055470553
478605,8557801,-38.428217731750145
478605,5684693,-38.42890653779268
478605,6010360,-38.43085089739738
478605,8557806,-38.432348789926316
478605,5023011,-38.451228407565054
478605,293324,-38.54607529689619
478605,1575330,-38.611397021375296
478605,7685356,-38.61930297747577
478605,3617173,-38.784936226620566
478605,7117751,-38.78941288818737
478605,6157915,-38.79285306797679
478605,2146424,-38.79732088299262
478605,5023005,-38.8024698607735
478605,146764,-38.80413775418112
478605,190356,-38.80586192186587
478605,7831816,-38.80620666623814
478605,4636548,-38.80655138090079
478605,539404,-38.81034128281913
478605,1963257,-38.81068564136546
478605,7417384,-38.81102997026865
478605,2542272,-38.812751170315856
478605,2841365,-38.812751170315856
478605,3461665,-38.81309532146725
478605,395813,-38.81309532146725
478605,2504071,-38.81309532146726
478605,2542273,-38.81343944301119
478605,3807171,-38.81481563321426
478605,6413614,-38.83274608360305
478605,4313807,-38.84019011930753
478605,6813840,-38.8573503304713
478605,5909751,-38.95570868096401
478605,5378651,-39.00284522644921
478605,6900783,-39.0086988188443
478605,1262471,-39.01626136245465
478605,4423500,-39.043641617044074
478605,5378652,-39.10544880928626
478605,705721,-39.10544880928626
478605,4886229,-39.106826184195484
478605,6935974,-39.10820308497756
478605,284421,-39.10957951195879
478605,800945,-39.12948466058298
478605,8700950,-39.21340417009461
478605,218541,-39.21868599769043
1044797,3385499,-26.11855125277897
1044797,8145811,-26.50750061318447
1044797,2118256,-27.14767771628431
1044797,1784714,-27.148710658544434
1044797,2488910,-27.150001336428353
1044797,798246,-27.557787800641407
1044797,701563,-27.561621306231842
1044797,8748727,-27.692131235608507
1044797,4737599,-27.69624529863272
1044797,4727401,-27.790428177074038
1044797,7652338,-27.794304881209364
1044797,1970180,-27.84496629327577
1044797,1795106,-28.010867688995017
1044797,5148739,-28.01345004477927
1044797,410048,-28.013966249300772
1044797,1795108,-28.120532806221316
1044797,8679694,-28.228604517008538
1044797,6778259,-28.23015446408649
1044797,1795101,-28.23015446408649
1044797,5658896,-28.240467030638193
1044797,4977786,-28.25048776658631
1044797,4886156,-28.25125720780522
1044797,6012314,-28.492879268023522
1044797,4111252,-28.509222766249962
1044797,1669805,-28.658528062991522
1044797,6340625,-28.663688777474732
1044797,7442782,-28.67038446153976
1044797,1669810,-28.874197938825752
1044797,481283,-28.874973279549238
1044797,8243231,-28.876006755569893
1044797,7984682,-28.876523360101793
1044797,380427,-28.877039875688926
1044797,380430,-28.877039875688926
1044797,4666654,-28.88760889450852
1044797,748542,-28.89120931670436
1044797,8679690,-29.151714245590316
1044797,7984684,-29.152748701606015
1044797,8253958,-29.152748701606015
1044797,8679692,-29.153782801044912
1044797,2488906,-29.154041270218315
1044797,7493441,-29.154041270218315
1044797,6479724,-29.154558141768398
1044797,3895621,-29.15481654415275
1044797,7035090,-29.155074924281756
1044797,847206,-29.156108222320952
1044797,1861102,-29.15765750237054
1044797,1740042,-29.15765750237054
1044797,8457794,-29.158173751307046
1044797,8383986,-29.1594639851173
1044797,3408873,-29.165391923952228
1044797,3331652,-29.165391923952228
1044797,1565593,-29.16564939490108
1044797,6760610,-29.16616427051698
1044797,7357592,-29.53781456471771
1044797,8679696,-29.54014419951355
1044797,1795105,-29.54117901235204
1044797,4643997,-29.54117901235204
1044797,4001869,-29.54350603698004
1044797,3235003,-29.543764483886587
1044797,7244334,-29.544022908530124
1044797,931500,-29.544281310914478
1044797,8145812,-29.544539691043482
1044797,8797344,-29.544798048920974
1044797,4001875,-29.544798048920974
1044797,8425090,-29.54505638455078
1044797,8457797,-29.54505638455078
1044797,473632,-29.54505638455078
1044797,5446916,-29.545314697936742
1044797,6668843,-29.54712226913226
1044797,8683724,-29.550734147487077
1044797,7578414,-29.55331140080916
1044797,4165711,-29.554341682515478
1044797,5507366,-30.186771364438602
1044797,8318264,-30.187030101113823
1044797,1936981,-30.189099191571984
1044797,8679693,-30.189616241287595
1044797,1546577,-30.19013320190509
1044797,6834926,-30.19013320190509
1044797,5507363,-30.19013320190509
1044797,6834921,-30.190650073455174
1044797,8778788,-30.190908475839528
1044797,2525714,-30.190908475839528
1044797,4749216,-30.190908475839528
1044797,4841899,-30.190908475839528
1044797,1506697,-30.191166855968532
1044797,1112823,-30.191166855968532
1044797,3235002,-30.191425213846024
1044797,835748,-30.191425213846024
1044797,2022478,-30.191425213846024
1044797,1546573,-30.191941862861796
1044797,7492013,-30.191941862861796
1044797,7163808,-30.192458422917476
1044797,5754707,-30.192458422917476
1044797,7357589,-30.192716669594866
1044797,569649,-30.192716669594866
1044797,3235004,-30.193491276271114
1044797,3213595,-30.194007569630273
1044797,5671358,-30.194007569630273
1044797,5671355,-30.194265682993823
1044797,1784713,-30.19478184310796
1124464,8024103,-24.515067504946636
1124464,3500895,-25.543994158499697
1124464,8024101,-25.830450841825815
1124464,8024106,-25.833033864638498
1124464,3796062,-25.833292044641755
1124464,1949055,-25.88054943907721
1124464,1949052,-25.9435568951291
1124464,7699123,-25.969369446993333
1124464,6967610,-25.992592903141613
1124464,5029637,-26.0322651698667
1124464,2605218,-26.09163974270507
1124464,2605219,-26.094726877345018
1124464,6691829,-26.09729706504024
1124464,1375120,-26.09755396274373
1124464,3796061,-26.111327493451594
1124464,6691827,-26.190485937398297
1124464,2605217,-26.194111191271034
1124464,5474738,-26.24400744572811
1124464,7728688,-26.280021659720582
1124464,7496226,-26.289930650965204
1124464,6967614,-26.347603070220003
1124464,1949058,-26.36183481564392
1124464,678989,-26.364146697116006
1124464,5029634,-26.455216425089727
1124464,8445442,-26.485999717645463
1124464,4343041,-26.48911774258393
1124464,263276,-26.494267825820863
1124464,4343039,-26.49529678238326
1124464,7479823,-26.49555396639
1124464,3983551,-26.49735363736129
1124464,6967615,-26.502233023463223
1124464,6691832,-26.56410100109775
1124464,1949051,-26.56410100109775
1124464,4629616,-26.627323244021124
1124464,561513,-26.627323244021127
1124464,3983548,-26.631692002181524
1124464,6279873,-26.635797971018327
1124464,1009522,-26.636054407576076
1124464,5564288,-26.67563071344393
1124464,2638601,-26.677580179023078
1124464,5868379,-26.682453724444123
1124464,5029633,-26.774387322355523
1124464,4607921,-26.781956826759487
1124464,3954503,-26.782213746463672
1124464,1011316,-26.784011568584457
1124464,5397650,-26.793226898692893
1124464,2637864,-26.802253883271625
1124464,5384868,-26.80611429146337
1124464,4629619,-26.809199045340467
1124464,5093159,-26.85452934200302
1124464,7125034,-26.883067238650288
1124464,4300858,-26.883841179215946
1124464,6349432,-26.88409911504167
1124464,6349434,-26.88409911504167
1124464,3245331,-26.88590404513359
1124464,4187827,-26.892084145685715
1124464,5568448,-26.892084145685715
1124464,1794425,-26.89671088055701
1124464,1949053,-26.900047979165816
1124464,3343841,-26.90466245757149
1124464,6316976,-26.94069039390061
1124464,3166715,-26.943528420222105
1124464,4096734,-26.946582324970215
1124464,2854957,-26.946878993604287
1124464,2503306,-26.94709861832938
1124464,1017070,-26.94942083952078
1124464,4907721,-26.95277198871181
1124464,7833906,-26.954317411290265
1124464,6694104,-26.95534725090286
1124464,2823553,-26.955862038168288
1124464,4907725,-26.956119398679046
1124464,7660123,-26.96151887561615
1124464,7635214,-26.96305980003344
1124464,4331463,-27.011997024768597
1124464,5130434,-27.013546171481394
1124464,571812,-27.014578491717316
1124464,6694108,-27.016126306323464
1124464,2823548,-27.01793108129668
1124464,7152318,-27.032586829602746
1124464,4751320,-27.041852310434273
1124464,5178268,-27.127953177139446
1124464,1677192,-27.128469070969764
1124464,3500901,-27.1423647752865
1124464,8024105,-27.145352295008266
1124464,8024102,-27.147935985194053
1124464,5093164,-27.16007085603402
1124464,3766016,-27.16084546271027
1124464,727515,-27.162511470687654
1124464,1922747,-27.16316808343051
1124464,2804966,-27.165094048776435
1124464,1553683,-27.166642529149414
1124464,727510,-27.166642529149417
1124464,4907723,-27.167158511710475
1124464,727512,-27.16741646971507
1124464,1148913,-27.169479335632715
1124464,7121347,-27.169737094164685
1124464,4067486,-27.169737094164685
1124464,194563,-27.170252544798668
1124464,1502536,-27.17231346215965
1124464,5292066,-27.172954927957484
1107988,5990645,-52.10088043033426
1107988,3835024,-52.268674747931975
1107988,2986298,-52.466960464197214
1107988,1861630,-52.725501317778196
1107988,797601,-52.772507218833255
1107988,5282478,-52.785864189236044
1107988,4648918,-52.84924776733611
1107988,7483091,-53.0339601858135
1107988,3525805,-53.05350534981427
1107988,1809915,-53.059287990526904
1107988,20999,-53.160402066118074
1107988,3941830,-53.444641865835194
1107988,6888290,-53.7061001293022
1107988,6082522,-53.76621899281116
1107988,6493919,-53.809549296954856
1107988,4237779,-53.87147315400753
1107988,689436,-53.92795323909456
1107988,2290470,-54.09257885523883
1107988,1069963,-54.104420780943514
1107988,6586980,-54.10820833432556
1107988,5443790,-54.11112075663214
1107988,5443791,-54.112149184083385
1107988,5546363,-54.232517852374585
1107988,6195394,-54.294780618669535
1107988,1849447,-54.342515010948546
1107988,685993,-54.465802509383515
1107988,5831355,-54.50626274711259
1107988,6297284,-54.66007605565315
1107988,6955095,-54.745532973167215
1107988,7659117,-54.77347040992439
1107988,6464986,-54.77554027940527
1107988,678973,-54.95888268111048
1107988,8770363,-54.996324213993724
1107988,1694164,-55.00329540619479
1107988,1349503,-55.02345457721606
1107988,524591,-55.026025095129036
1107988,997814,-55.02653906658681
1107988,6058703,-55.03899986023825
1107988,6727974,-55.13203674221791
1107988,462166,-55.272341247206576
1107988,1590606,-55.27543740889493
1107988,1964655,-55.379639795981305
1107988,3912131,-55.398963166453086
1107988,1648095,-55.416999281423855
1107988,6618983,-55.417155798484835
1107988,1754604,-55.46642245333437
1107988,3875608,-55.57713643564067
1107988,511142,-55.5879771471468
1107988,1477351,-55.63783486972354
1107988,994302,-55.65819180485448
1107988,3706099,-55.65974101820698
1107988,8313078,-55.667481090489005
1107988,5216494,-55.79490733303779
1107988,3631450,-55.80777315606208
1107988,6685606,-55.81342846291014
1107988,6255677,-55.827681404064634
1107988,3134915,-55.87887523259295
1107988,8448983,-56.02058406599392
1107988,6678610,-56.02781590763119
1107988,1549236,-56.02884831667419
1107988,7128572,-56.032460350014
1107988,1649894,-56.03938733788156
1107988,1448149,-56.04145571500166
1107988,2094021,-56.043006530049745
1107988,5288305,-56.050754598414116
1107988,1688320,-56.05333506603463
1107988,3985203,-56.068170064601404
1107988,6572174,-56.07848262353692
1107988,6300870,-56.082602689276534
1107988,7839381,-56.08980600366594
1107988,4143623,-56.094945938703106
1107988,6231989,-56.09558582684083
1107988,6455176,-56.103673735703616
1107988,3100579,-56.143012492241915
1107988,5715298,-56.173355067278706
1107988,5249806,-56.237093225426456
1107988,3928195,-56.28477372270593
1107988,4304834,-56.28664317732189
1107988,3580864,-56.2923167902885
1107988,6295388,-56.29695485009275
1107988,5445091,-56.29706689717538
1107988,6228255,-56.29798504334237
1107988,4161477,-56.303269356313386
1107988,4168443,-56.309981459450384
1107988,3146029,-56.31204521223315
1107988,5861938,-56.31204521223315
1107988,6954250,-56.31977796925771
1107988,7887377,-56.35222668869619
1107988,7552442,-56.363731847048065
1107988,5894451,-56.371568877755344
1107988,5161604,-56.46753579232991
1107988,5476027,-56.480404277763576
1107988,7552436,-56.48710780113494
1107988,6497418,-56.48710780113494
1107988,6474887,-56.49224773617212
1107988,5150076,-56.4973832718224
1107988,1128477,-56.539176103719484
1107988,1404271,-56.554092783784384
1107988,8747715,-56.560254371961626
1107988,8747714,-56.5612806884288
130510,1047769,-27.559332560079262
130510,8612903,-27.793013203041156
130510,4089773,-27.832336106561797
130510,6172269,-27.850362995034345
130510,7708723,-27.986060444371567
130510,7125239,-28.011384338010785
130510,5415276,-28.020926330788
130510,1494936,-28.120532806221316
130510,7501563,-28.12182370625672
130510,7696346,-28.483351199446737
130510,1494935,-28.508447759356706
130510,996732,-28.511030337445483
130510,2407055,-28.666008205808257
130510,566525,-28.875748419940088
130510,2881563,-28.876523360101793
130510,7298862,-28.878072640151377
130510,815703,-28.882973421927005
130510,1476289,-28.88657940829782
130510,440983,-28.896361911437488
130510,996740,-28.89765414598942
130510,8612906,-28.898687533011685
130510,7001679,-28.898687533011685
130510,799647,-28.899204093067375
130510,7001677,-28.899204093067375
130510,1110766,-28.90101135314372
130510,1494932,-28.902817525145846
130510,4956693,-28.91054596921977
130510,8287346,-28.91054596921977
130510,4729943,-28.911060491615615
130510,5405506,-28.912089271749664
130510,7529548,-28.91234641166822
130510,5685711,-28.91260352954836
130510,4022904,-28.913117699208467
130510,4022909,-28.916714421484233
130510,7777480,-29.152231518185637
130510,7777478,-29.152231518185637
130510,425596,-29.152748701606015
130510,7298861,-29.154299717124868
130510,1262134,-29.15662473790809
130510,6985844,-29.15662473790809
130510,1063364,-29.15920598274352
130510,5984058,-29.160495772785566
130510,8287352,-29.162042789226817
130510,6035035,-29.162300547758786
130510,5415278,-29.164361819128942
130510,4189500,-29.166679057782403
130510,5390666,-29.167965639611573
130510,7569033,-29.169508809831555
130510,5791683,-29.54014419951355
130510,6294918,-29.541696284947356
130510,1063368,-29.54195488780249
130510,1494938,-29.54298907636254
130510,870494,-29.54298907636254
130510,8335524,-29.54376448388659
130510,4957920,-29.54376448388659
130510,8335526,-29.54376448388659
130510,1993575,-29.544022908530124
130510,4089767,-29.544022908530124
130510,1494930,-29.54479804892097
130510,5691354,-29.545056384550783
130510,5424630,-29.545314697936742
130510,6996952,-29.54557298908268
130510,3995677,-29.54557298908268
130510,8762963,-29.545831257992425
130510,3303685,-29.545831257992425
130510,5691351,-29.545831257992425
130510,2063725,-29.546089504669816
130510,7501557,-29.546347729118665
130510,984907,-29.546347729118665
130510,440976,-29.546605931342807
130510,440978,-29.546605931342807
130510,6763277,-29.546605931342807
130510,6641846,-29.54686411134606
130510,6486232,-29.54712226913226
130510,6183638,-29.54712226913226
130510,157701,-29.54712226913226
130510,6985842,-29.54712226913226
130510,4687548,-29.547380404705223
130510,955703,-29.547380404705223
130510,955702,-29.547638518068773
130510,3106026,-29.547896609226726
130510,440982,-29.548154678182907
130510,448316,-29.548154678182907
130510,6061509,-29.54841272494114
130510,598955,-29.548412724941144
130510,7569030,-29.54867074950524
130510,4957919,-29.54867074950524
130510,3106024,-29.548928751879025
130510,584737,-29.548928751879025
130510,1451411,-29.549186732066303
130510,6736128,-29.549444690070896
130510,8422783,-29.5494446900709
130510,6986347,-29.5494446900709
130510,6695214,-29.5494446900709
130510,3953177,-29.550218431026714
130510,3657005,-29.550734147487077
130510,4687550,-29.551249775308186
130510,1598194,-29.554341682515474
130510,1494931,-29.554599197666107
130510,7207412,-30.183664782522623
1127893,8698940,-40.8321532575392
1127893,8698945,-42.397080754073286
1127893,8698946,-44.68897048970964
1127893,8698941,-44.79755927200158
1127893,8698938,-45.35328437293016
1127893,8039150,-45.77580516530052
1127893,76632,-46.02349571711332
1127893,1816373,-46.02349571711332
1127893,8518448,-46.32599333912124
1127893,5357945,-46.68302872924623
1127893,3003195,-46.68302872924623
1127893,8698942,-46.76545568762235
1127893,6788279,-47.23178013181333
1127893,2773885,-47.45562904309052
1127893,6366578,-47.51394823916242
1127893,8698944,-47.70583592222384
1127893,787350,-47.735644057239604
1127893,5244192,-47.737794261972226
1127893,7691065,-47.73951376023959
1127893,7691064,-47.74037328767351
1127893,6841788,-47.926214714985576
1127893,2896028,-47.948758190450526
1127893,628367,-48.01049521166552
1127893,5626214,-48.03154733164867
1127893,2137517,-48.166411057005405
1127893,783365,-48.28986385691535
1127893,1783665,-48.42010086708484
1127893,8020360,-48.42010086708484
1127893,8148845,-48.42010086708484
1127893,1487479,-48.42053094501523
1127893,8446815,-48.42053094501523
1127893,8025175,-48.42053094501523
1127893,2152960,-48.42053094501523
1127893,8037444,-48.42053094501523
1127893,8040366,-48.42053094501523
1127893,833602,-48.42096098595539
1127893,363565,-48.42096098595539
1127893,2152966,-48.42096098595539
1127893,5700797,-48.42096098595539
1127893,849179,-48.421390989911686
1127893,7679170,-48.421390989911686
1127893,8067186,-48.421390989911686
1127893,6545202,-48.421390989911686
1127893,1064928,-48.4218209568905
1127893,1064932,-48.4218209568905
1127893,7642723,-48.422250886898155
1127893,809382,-48.422250886898155
1127893,8120218,-48.422250886898155
1127893,8602161,-48.422680779941025
1127893,4191542,-48.42311063602547
1127893,6782245,-48.4265481549598
1127893,6788282,-48.503808675049314
1127893,5244189,-48.50811742293538
1127893,6167825,-48.51500370569002
1127893,8461248,-48.53584913797659
1127893,500938,-48.56765607936926
1127893,7464022,-48.56851612426571
1127893,654623,-48.5702357703795
1127893,2855592,-48.68464206986129
1127893,5727695,-48.72560944172072
1127893,6874422,-48.72603955664769
1127893,3684853,-48.72775964645335
1127893,1180344,-48.738925829598394
1127893,751948,-48.74578495287791
1127893,916744,-48.7691545220796
1127893,1073898,-48.793298112113035
1127893,1073904,-48.79372830105228
1127893,6497775,-48.798457938168845
1127893,2513154,-48.89899032314689
1127893,2019536,-48.914448542479434
1127893,2561239,-48.92173167774257
1127893,6168936,-48.922587820138276
1127893,6707842,-48.92559810562982
1127893,6092397,-48.927721598279604
1127893,8068740,-49.04873938429876
1127893,5842882,-49.05132085114554
1127893,3478392,-49.05776869330184
1127893,1232072,-49.08049333140401
1127893,1572680,-49.08049333140401
1127893,7171278,-49.08049333140401
1127893,7184814,-49.08049333140401
1127893,3952975,-49.08049333140401
1127893,3355517,-49.08049333140401
1127893,8446820,-49.08049333140401
1127893,6350830,-49.0809240020446
1127893,3215929,-49.0809240020446
1127893,1237792,-49.0809240020446
1127893,5710637,-49.0809240020446
1127893,2152961,-49.0809240020446
1127893,7090495,-49.0809240020446
1127893,7414916,-49.0809240020446
1127893,8719451,-49.0809240020446
1127893,2123092,-49.0809240020446
1127893,7373720,-49.08135463559294
1127893,931823,-49.08135463559294
1127893,7679165,-49.08135463559294
1127893,6763811,-49.08135463559294
1127893,3256098,-49.08135463559294
1127893,6350834,-49.08135463559294
1127893,6704790,-49.08135463559294
1135377,8053974,-30.064983647455236
1135377,8053973,-33.132743019726234
1135377,3099012,-36.867961276451105
1135377,8053978,-37.04734731017314
1135377,8053977,-37.04734731017314
1135377,6403354,-37.152902567530894
1135377,6177653,-37.267198632247386
1135377,6313945,-37.41393176072406
1135377,3202806,-37.41393176072406
1135377,8388483,-37.41393176072406
1135377,7601002,-37.4200688442622
1135377,8754489,-37.42763854364738
1135377,5493752,-37.43999450792687
1135377,4453033,-37.479653134987934
1135377,8314064,-37.48342129092568
1135377,8352440,-37.49707437640992
1135377,585309,-37.514588441376155
1135377,3468489,-37.54802335151211
1135377,5136004,-37.63444143552419
1135377,8754488,-37.63478532039175
1135377,3883280,-37.636160564296205
1135377,6753650,-37.638222544014184
1135377,7104059,-37.641313521947296
1135377,5499179,-37.67776385890695
1135377,8413363,-37.678446260621435
1135377,8786679,-37.70521552236977
1135377,8310513,-37.70521552236977
1135377,5653542,-37.71148616499238
1135377,1718491,-37.723985606638365
1135377,4728617,-37.744312351401064
1135377,7151790,-37.74981995534513
1135377,1509001,-37.756693813184114
1135377,8352435,-37.77011473455136
1135377,8352437,-37.77114878943097
1135377,6993085,-37.771493414995504
1135377,1474197,-37.77348501048194
1135377,6993078,-37.775970847483535
1135377,1227972,-37.777244794742074
1135377,3099008,-37.78937315215738
1135377,3448273,-37.790378469046104
1135377,325503,-37.86347745314559
1135377,1756202,-37.86485411698648
1135377,7087147,-37.86519820892806
1135377,3883279,-37.867606024080565
1135377,8128333,-37.86794987938647
1135377,3379265,-37.86898126798502
1135377,1465743,-37.869668712668904
1135377,7618581,-37.87893767096946
1135377,1492719,-37.88544741989656
1135377,8163500,-37.89023730696572
1135377,3448269,-37.89532515643544
1135377,6809633,-37.896728707286854
1135377,5493157,-37.90320200618713
1135377,6263444,-37.906280034349074
1135377,167947,-37.93394717603331
1135377,8631944,-37.94012674520758
1135377,5578360,-37.941841599299764
1135377,1086904,-37.94561169246024
1135377,3809687,-37.94629678233714
1135377,1109000,-37.95314123529603
1135377,8809502,-37.95314123529603
1135377,3066867,-37.95314123529603
1135377,867614,-37.95894982619615
1135377,2281565,-37.96236270832601
1135377,5714870,-37.99455822114018
1135377,2793800,-37.994902490772375
1135377,5714863,-37.994902490772375
1135377,7861392,-37.99524673077672
1135377,4948586,-37.996967486559186
1135377,4138544,-38.00556017920345
1135377,6177649,-38.00796282905516
1135377,1227973,-38.008649035450574
1135377,1908936,-38.011049831214926
1135377,8631938,-38.016874343156466
1135377,1268972,-38.03029815179597
1135377,2505021,-38.04815946456695
1135377,4277517,-38.052954683623376
1135377,68260,-38.05329697940137
1135377,6384086,-38.05329697940137
1135377,3902145,-38.05603429163876
1135377,3859522,-38.05637632399523
1135377,7544684,-38.06662371865042
1135377,2220607,-38.114369470342005
1135377,5578359,-38.123974716675185
1135377,5272863,-38.12465992390923
1135377,2191378,-38.124950123862085
1135377,1047602,-38.12529451205667
1135377,5606239,-38.12529451205667
1135377,5728207,-38.12529451205667
1135377,8824633,-38.12598319950618
1135377,2772843,-38.12701600840784
1135377,7896851,-38.12701600840784
1135377,7573448,-38.12736021878944
1135377,1817278,-38.12908082653462
1135377,5051695,-38.13045678004096
1135377,590905,-38.13045678004096
1135377,6997256,-38.130800694475255
1135377,7618577,-38.131144579342816
1135377,56799,-38.131488434648716
1135377,1611371,-38.13183226039804
1126206,1242148,-84.18798342959036
1126206,2382881,-84.26538232177322
1126206,5537945,-84.6597103706116
1126206,1242141,-84.88597431708224
1126206,3825042,-84.93696080137879
1126206,6188819,-84.99405537818741
1126206,3825039,-85.18671928322077
1126206,1242144,-85.3172443470274
1126206,5537952,-85.38578940322844
1126206,2457018,-85.75483634580777
1126206,5441951,-85.8358474538417
1126206,2547468,-85.90320008504392
1126206,5948392,-85.90320008504392
1126206,1242146,-85.98673426275893
1126206,4040775,-85.98781258642438
1126206,3825035,-86.0296474108222
1126206,4290828,-86.22629895254903
1126206,4040780,-86.42109563457609
1126206,1242147,-86.49060164816665
1126206,4835938,-86.5066277754845
1126206,7657600,-86.51688677226217
1126206,2382884,-86.65886554782367
1126206,4591259,-86.65886554782367
1126206,1242140,-86.73778339506123
1126206,2382878,-86.83984612464297
1126206,4959177,-86.94934910546304
1126206,2382887,-87.04267917624382
1126206,52180,-87.24452931101403
1126206,7979003,-87.26304269216104
1126206,7105401,-87.71127904242023
1126206,6283290,-87.75817402922625
1126206,4934505,-87.84989279307102
1126206,1236794,-88.0708656639941
1126206,2100767,-88.1581646790959
1126206,6188821,-88.32218320510582
1126206,3072274,-88.35178071636848
1126206,6216845,-88.35671684227351
1126206,5948394,-88.53228708437535
1126206,467765,-88.70608656476153
1126206,1236793,-88.72625525900727
1126206,1242142,-88.93132252469167
1126206,4537898,-88.94959592691062
1126206,2538119,-88.95744128261741
1126206,4835940,-89.09037477826743
1126206,6920864,-89.1567127808413
1126206,6327503,-89.20321856276536
1126206,7657599,-89.20980150970611
1126206,2382882,-89.31114043735029
1126206,4875806,-89.42893722619593
1126206,2263540,-89.46045368812688
1126206,6265029,-89.4613136960395
1126206,6215121,-89.46384554073228
1126206,1427646,-89.50620184962257
1126206,2382883,-89.5262153372896
1126206,8131527,-89.54877113652623
1126206,6188820,-89.66670416603839
1126206,148450,-89.73800685142875
1126206,2100770,-89.78770850521626
1126206,4537902,-89.85891493029737
1126206,8180511,-89.86370876741644
1126206,8181459,-89.87526502884292
1126206,3825036,-89.88382865614213
1126206,4050791,-89.91624092519608
1126206,438694,-90.03949967469717
1126206,7617224,-90.07275093593833
1126206,467766,-90.2376722577948
1126206,467773,-90.33645779389354
1126206,4040782,-90.37967058098495
1126206,3825044,-90.38715802595732
1126206,4040783,-90.38715802595732
1126206,3635870,-90.42811691211504
1126206,4934498,-90.48132529161248
1126206,4063179,-90.48206235192556
1126206,2547474,-90.48947633062215
1126206,4835943,-90.50078337180527
1126206,2547477,-90.53084186718584
1126206,148449,-90.55335015627121
1126206,3072269,-90.56052029029553
1126206,5948396,-90.57129408567697
1126206,4493071,-90.57218256101034
1126206,7644241,-90.58206764939595
1126206,2547473,-90.60376218104699
1126206,4835944,-90.61016874995136
1126206,7978999,-90.71018484254444
1126206,6049513,-90.72132107597221
1126206,1804350,-90.74039570627566
1126206,4495989,-90.8003861060991
1126206,7905970,-90.82227521431966
1126206,4040776,-90.8552447765237
1126206,1194644,-90.8689358409993
1126206,8131522,-90.9386390294277
1126206,8131525,-90.9386390294277
1126206,4276471,-90.94468535626771
1126206,4934502,-90.97413186899618
1126206,2457016,-91.00819550256364
1126206,4537896,-91.00819550256364
1126206,4934504,-91.0102310173452
1126206,2458181,-91.04363558211102
1126206,467770,-91.07613643694187
1126206,782930,-91.1975673389358
645693,3112254,-68.54673089446823
645693,3834194,-73.20154975166545
645693,529208,-73.50606662204733
645693,8516616,-77.95627729089522
645693,6902944,-78.34067851681826
645693,8078496,-78.96938900399878
645693,5929214,-78.97176357726633
645693,7842588,-79.68539188273877
645693,8516620,-80.07434103359861
645693,8516621,-80.07434103359861
645693,8516618,-80.27439272461963
645693,5954186,-80.72234391540454
645693,529206,-81.11219123662705
645693,7139356,-81.30287344638022
645693,4275196,-81.50154684388367
645693,4502458,-81.56421910981288
645693,6205347,-81.64483078371512
645693,5072031,-81.73798063284197
645693,3312207,-81.74948945568342
645693,2134396,-81.7543079865214
645693,2134394,-81.75706013021045
645693,7172725,-81.76324899400308
645693,5370006,-81.77286660913445
645693,5521386,-82.02081873926598
645693,8414264,-82.02150538739357
645693,340449,-82.0372820499131
645693,6330192,-82.10692432433429
645693,2854209,-82.18612161712774
645693,6488174,-82.19340861272318
645693,6488178,-82.20093912039042
645693,1366903,-82.40781373625757
645693,4923901,-82.43523423966487
645693,1867216,-82.58006777570864
645693,8415482,-82.61092460417208
645693,7523809,-82.66260796464049
645693,2052493,-82.67845528439179
645693,372026,-82.7323378704806
645693,5692111,-82.73782469802353
645693,7424352,-82.75699901363197
645693,8098051,-82.759307952101
645693,3436117,-82.86415675528494
645693,1975736,-82.86862009330268
645693,1975738,-82.86930445060605
645693,3229821,-82.8701751613495
645693,3681225,-82.89370548409734
645693,3057121,-82.932191694127
645693,4938577,-83.01005649692496
645693,7149509,-83.05008653000016
645693,3443425,-83.05689915275727
645693,5750570,-83.07411264099724
645693,6668012,-83.07480041073235
645693,4051199,-83.13781034036705
645693,6629581,-83.14055234359863
645693,2228266,-83.14603353220319
645693,3057122,-83.15318561967473
645693,5013667,-83.23699378000381
645693,1741438,-83.25618287883601
645693,1741437,-83.25686735324564
645693,5035328,-83.39017197026342
645693,6330193,-83.40020556245194
645693,4052044,-83.51730015453353
645693,8138841,-83.53622281018569
645693,8840701,-83.53897779716979
645693,109588,-83.54035493496443
645693,8138846,-83.5410434149731
645693,8652947,-83.54517305122664
645693,8547585,-83.55273851887209
645693,5237357,-83.55961001375871
645693,5403450,-83.57196385062083
645693,1665212,-83.60171902201172
645693,6664844,-83.63674414491842
645693,3138123,-83.7097274410851
645693,5610271,-83.71179341451442
645693,1535372,-83.71385885455065
645693,85002,-83.71867614187535
645693,596563,-83.75490146185076
645693,6725581,-83.75834149355207
645693,5567495,-83.7620503086749
645693,2097181,-83.76273849255804
645693,6725582,-83.76590436044167
645693,1176372,-83.76727865933786
645693,8516615,-83.76961707736918
645693,93198,-83.91584059672094
645693,7457395,-83.91652712699734
645693,3104238,-83.92637641264331
645693,2415409,-83.93050818173482
645693,3482447,-83.93188496402593
645693,5487428,-83.93463781798837
645693,190107,-83.93601388982272
645693,7795535,-83.93807755386966
645693,1649362,-83.94014068571522
645693,6406949,-83.94082827811087
645693,1590701,-83.94082827811087
645693,4663495,-83.9442653538997
645693,4894319,-83.9470139517124
645693,6194411,-83.95662661411707
645693,7486637,-83.96759838923542
645693,601896,-84.03199437539472
645693,2935498,-84.03793227458985
645693,2052491,-84.0436995449701
1133328,2680670,-90.55115923025514
1133328,5213266,-92.28326981770986
1133328,4223449,-93.15612700347135
1133328,2574751,-94.05102429367065
1133328,6455436,-94.1276346152633
1133328,2372179,-94.13543759853597
1133328,7793495,-94.22582246481613
1133328,2680673,-94.85438168938872
1133328,8241735,-94.85524280815473
1133328,2680668,-94.85524280815473
1133328,8825526,-95.16283623541666
1133328,1478998,-95.19300210076109
1133328,4205030,-95.45102450683703
1133328,194782,-95.56870452970145
1133328,7686684,-95.66372307773298
1133328,7686682,-95.66629029608046
1133328,5654659,-95.82998957495207
1133328,7906344,-95.92536646843178
1133328,6776606,-96.00560412365677
1133328,194779,-96.00587436472365
1133328,819556,-96.07060135228986
1133328,74709,-96.20055447955497
1133328,8445541,-96.21687919019482
1133328,933779,-96.2196290607385
1133328,7316468,-96.24444212311137
1133328,3464417,-96.49227493338944
1133328,2764415,-96.49914878980745
1133328,2764419,-96.62790747249369
1133328,3464418,-96.79512430292989
1133328,3088000,-97.13116335779515
1133328,4342531,-97.13202351365592
1133328,5515093,-97.30301077815513
1133328,7760360,-97.35344747261875
1133328,4342532,-97.51882900827624
1133328,6197786,-97.57039526605007
1133328,7793497,-97.66941686124274
1133328,7322652,-97.70755367027303
1133328,5393194,-97.73101490530729
1133328,4342528,-97.78687705480904
1133328,3587984,-97.89632032580933
1133328,4028124,-97.92367466349178
1133328,2680672,-97.93207644075461
1133328,2372180,-97.94332093943002
1133328,3882547,-97.99750279746378
1133328,7066225,-98.00802284641748
1133328,2849401,-98.17327482736317
1133328,2276562,-98.19257998956688
1133328,1817976,-98.22283948433
1133328,834718,-98.46570072180339
1133328,5607247,-98.5412245855674
1133328,5654661,-98.54187788121156
1133328,1407789,-98.54553129203718
1133328,8405726,-98.55155756677664
1133328,7732994,-98.60619668529486
1133328,6317851,-98.6250544264121
1133328,1817968,-98.63462319797517
1133328,6342251,-98.65922077645106
1133328,7387470,-98.76538896337378
1133328,3395239,-98.77061644068884
1133328,194776,-98.79210555827764
1133328,7773044,-98.88149073322332
1133328,2744428,-98.88157123581452
1133328,5607245,-98.88501171132216
1133328,8405723,-98.90133782469434
1133328,5213270,-98.90133782469434
1133328,3835263,-98.99394534726703
1133328,2699042,-99.01808391611242
1133328,4741219,-99.023230464179
1133328,2318026,-99.024336290644
1133328,2313246,-99.0463572089918
1133328,430525,-99.04822520934788
1133328,1925200,-99.06169985173423
1133328,2680674,-99.24861353852042
1133328,7944635,-99.25898500820207
1133328,7906348,-99.2666628437952
1133328,2699044,-99.27181381014451
1133328,3476616,-99.27267204664068
1133328,5607244,-99.27361647017129
1133328,4741215,-99.28908530785104
1133328,4616766,-99.2949603810713
1133328,3587988,-99.30453025398953
1133328,523328,-99.31292630199437
1133328,4616762,-99.32211193997622
1133328,5733143,-99.33667446717755
1133328,8236824,-99.42584479482844
1133328,8417095,-99.43861006340134
1133328,7583110,-99.45246156364193
1133328,5640383,-99.46948164758031
1133328,8236827,-99.48375106565545
1133328,2656474,-99.52131389662523
1133328,8236826,-99.52647771900122
1133328,2276557,-99.53077886833461
1133328,6430508,-99.5642644922329
1133328,3087996,-99.62339524722626
1133328,3717260,-99.63450661203345
1133328,8557041,-99.65791963568974
1133328,5127949,-99.6655690230068
1133328,7291605,-99.66909973971124
1133328,5318352,-99.68099940505566
1133328,5733145,-99.70214258195378
646207,1787422,-46.53902641968263
646207,1787420,-47.683492012846855
646207,112667,-48.091869656882295
646207,288236,-48.53346373284086
646207,7636630,-48.7178610393539
646207,7636635,-48.722167189663544
646207,1254905,-49.16292099344193
646207,4231941,-49.18233265291982
646207,3418496,-49.19822641018172
646207,6820087,-49.21150401396846
646207,1716244,-49.826377684428905
646207,4509520,-49.826377684428905
646207,7191065,-49.831110577526346
646207,322980,-49.844853575106775
646207,1331360,-49.84699751037562
646207,7041130,-50.08483131598554
646207,463252,-50.08827297568968
646207,2302746,-50.46814245790334
646207,5961574,-50.46869832815373
646207,4317550,-50.47343529753687
646207,8357743,-50.47343529753687
646207,6908895,-50.47386570866585
646207,1650588,-50.474296082747266
646207,2542837,-50.47601720872486
646207,7982921,-50.47644739766412
646207,4473687,-50.47730766452101
646207,8222912,-50.478597787347866
646207,1716243,-50.48547282602891
646207,3723282,-50.49062290845637
646207,6192449,-50.49276721150498
646207,394743,-50.77920686705768
646207,1471831,-50.8870345585774
646207,8680504,-51.111015259455826
646207,3537818,-51.11230871972794
646207,3148313,-51.11317084072014
646207,7436720,-51.115325493078785
646207,4112385,-51.116617838952195
646207,4579878,-51.116617838952195
646207,7636632,-51.117479217332004
646207,7013998,-51.117479217332004
646207,7436717,-51.117909850880345
646207,5107889,-51.117909850880345
646207,3151105,-51.11877100672585
646207,5568923,-51.11877100672585
646207,6766717,-51.119201529035784
646207,1150176,-51.119201529035784
646207,8631129,-51.119632014279006
646207,3756771,-51.120492873590905
646207,5499691,-51.120923247672316
646207,4916689,-51.120923247672316
646207,10930,-51.12178388471798
646207,2093155,-51.12178388471798
646207,6347084,-51.12178388471798
646207,3476204,-51.122214147694976
646207,7973579,-51.123504714519086
646207,4128100,-51.12393482944606
646207,8297147,-51.124794948316605
646207,7231577,-51.125224952272916
646207,7166603,-51.12694459838669
646207,3497386,-51.127374417519064
646207,3418493,-51.13896558938257
646207,1548736,-51.17725510588095
646207,3860622,-51.33007754675272
646207,7200032,-51.336539276983146
646207,886145,-51.35458782132879
646207,5036214,-51.38111240160009
646207,2749862,-51.443190626756824
646207,1981883,-51.51968183826714
646207,7200030,-51.55220915291957
646207,3679034,-51.564254967234646
646207,7542326,-51.56554387064277
646207,6271327,-51.57069616429852
646207,2639008,-51.578843119997785
646207,3283766,-51.58868749647654
646207,1485888,-51.58911507348341
646207,7711735,-51.8006729935757
646207,7188762,-51.81186127981013
646207,7671056,-51.82002153175456
646207,396120,-51.823882270806
646207,7555134,-51.830501669265324
646207,5404000,-51.83523863864847
646207,1973817,-51.836099423858855
646207,7761583,-51.83609942385886
646207,1716250,-51.8365297608991
646207,7131872,-51.847705543343025
646207,762809,-51.84942267952021
646207,4132629,-51.85242624956797
646207,1229420,-51.855428016412276
646207,7279088,-51.983166441908196
646207,4231940,-51.98617906056739
646207,7811841,-51.987899742318476
646207,8617424,-51.988759861189024
646207,8519156,-51.992628566139686
646207,8617422,-51.99563549074791
646207,7278422,-52.19969769622444
646207,5420892,-52.19969769622444
646207,733700,-52.20055892623527
646207,7043142,-52.20228094135435
646207,7811848,-52.204002363610414
646207,2704986,-52.20744343116535
1012021,8682468,-100.152999749859
1012021,2494914,-100.8855350209699
1012021,4505308,-100.97837970767672
1012021,6301482,-101.21055811259393
1012021,2434427,-101.63152987975698
1012021,466078,-102.21920549170753
1012021,2217990,-102.29095421846012
1012021,1941265,-102.37567241366821
1012021,3795087,-102.54148614700317
1012021,7625589,-102.54984200974712
1012021,1504427,-103.41523845870914
1012021,8607056,-104.20776436096493
1012021,6308108,-104.44235181811776
1012021,5379898,-104.73893537213675
1012021,2454609,-104.7975478389316
1012021,3222054,-105.13113549952052
1012021,8324555,-105.37275624741756
1012021,942684,-105.59068908450413
1012021,3882487,-105.61946696800416
1012021,4483474,-105.67284341926674
1012021,1544130,-105.71460091358821
1012021,3580836,-105.85023047768829
1012021,6810937,-106.2277651624248
1012021,6317011,-106.4032760464188
1012021,865126,-106.55650671880528
1012021,3436229,-106.6334635844608
1012021,7615293,-106.68950903781841
1012021,6864302,-106.69887616349648
1012021,4203771,-106.7503573423781
1012021,4534810,-106.81046427889976
1012021,2901101,-106.8760275467377
1012021,7127398,-107.23550599479307
1012021,802254,-107.26792045657623
1012021,1885798,-107.29042164833203
1012021,1999686,-107.31657128163565
1012021,6090598,-107.3580831928038
1012021,8058155,-107.35914586941952
1012021,2327317,-107.51154790752418
1012021,6565126,-107.51310685824701
1012021,6090595,-107.54550779325555
1012021,6756334,-107.54919618067608
1012021,1389224,-107.67652415440776
1012021,677551,-107.68073696221137
1012021,7621406,-107.69245159212372
1012021,8075282,-107.69867627085506
1012021,1500731,-107.72945720615111
1012021,3190906,-107.7445048194101
1012021,6090597,-107.75422509447522
1012021,6308112,-107.86593447163821
1012021,7398145,-107.89040931504779
1012021,1083338,-107.95064662143184
1012021,3057242,-108.05891049226662
1012021,5411780,-108.10108915641922
1012021,5411781,-108.10212107716835
1012021,373518,-108.1209850160785
1012021,8682472,-108.15688170620773
1012021,6308110,-108.17797034586096
1012021,7018667,-108.19930600665751
1012021,1000238,-108.23056938504845
1012021,2034204,-108.28862693058944
1012021,6557090,-108.29481499635445
1012021,3809315,-108.41714013287171
1012021,1081913,-108.44979032538126
1012021,6301480,-108.51468720210656
1012021,5360262,-108.55475322447217
1012021,6246743,-108.59249297071221
1012021,4859704,-108.61456296398536
1012021,7186343,-108.6265767390628
1012021,5360267,-108.63293707122203
1012021,1436124,-108.65360583538977
1012021,1932641,-108.67948655521003
1012021,1508315,-108.822809407957
1012021,1081914,-108.83616119226505
1012021,4373561,-108.88692438074702
1012021,5567751,-108.89717793239187
1012021,5561357,-108.91763256142461
1012021,4346479,-108.95354940889726
1012021,6580652,-108.9618022912837
1012021,1083336,-108.97847501479269
1012021,3766242,-108.98113058954387
1012021,6040107,-109.04242707281597
1012021,5455777,-109.06599318177773
1012021,6688796,-109.13510980645353
1012021,6762072,-109.15541087965042
1012021,2827409,-109.17398465822036
1012021,2881496,-109.19066146580529
1012021,4737561,-109.19272752815384
1012021,6890172,-109.23469096160315
1012021,584502,-109.23865627964835
1012021,2663229,-109.24471842503769
1012021,411066,-109.25349262742074
1012021,1502562,-109.26912130012272
1012021,2901104,-109.27920392708906
1012021,688827,-109.4142393459286
1012021,1550680,-109.41837184811178
1012021,1939335,-109.4384378644324
1012021,7259414,-109.48938270616102
1012021,2670865,-109.60441947234044
1012021,865125,-109.62406883719851
1012021,3370601,-109.63986056669296
489204,1778458,-33.278098539029855
489204,5583224,-33.366020251302594
489204,528349,-33.59828944282562
489204,528348,-33.67116703744268
489204,1479542,-34.062398780779226
489204,678245,-34.45180254048351
489204,1950269,-34.49730731725019
489204,1051498,-34.73007127195527
489204,7660249,-34.731024955864186
489204,1310106,-34.82596041635685
489204,1310108,-34.82630504192139
489204,1310107,-34.82630504192139
489204,8737051,-35.007062769796775
489204,6661536,-35.08924082370716
489204,1538587,-35.10502565003193
489204,1310101,-35.10554527857602
489204,4918001,-35.187138152276844
489204,1418931,-35.247358799743544
489204,1310103,-35.37593168232294
489204,2268657,-35.37773133468082
489204,420290,-35.47818635623382
489204,3049941,-35.50545870507312
489204,6327176,-35.54642922385227
489204,420282,-35.593563187557095
489204,5895917,-35.6838409377736
489204,535375,-35.867350085202055
489204,8737053,-35.89055346036041
489204,4917998,-35.968303177287915
489204,5629373,-36.02470273961022
489204,7116533,-36.02470273961022
489204,7138879,-36.03913413320302
489204,6101884,-36.07512596812783
489204,114148,-36.17967638245677
489204,7718090,-36.18724412892436
489204,973923,-36.21005949644329
489204,1871772,-36.33185348610949
489204,1950273,-36.46407873964502
489204,7564980,-36.566753265582754
489204,5842848,-36.56744012004857
489204,855969,-36.610803546045936
489204,7734612,-36.61321136119844
489204,3744940,-36.61493034221297
489204,7564977,-36.71237227507759
489204,8209108,-36.826508964385226
489204,8083618,-36.82733635628349
489204,3155853,-36.83387129384942
489204,2959687,-36.839366130426505
489204,1736553,-36.858698677756436
489204,7016858,-36.858698677756436
489204,2330481,-36.86864654237879
489204,2525903,-36.88763484358097
489204,8420374,-37.101149005922146
489204,753265,-37.10244378601462
489204,8238825,-37.10244378601462
489204,6345480,-37.104510916108936
489204,4279451,-37.106232708866116
489204,3608627,-37.111457138726124
489204,5705357,-37.124866250070454
489204,3778489,-37.12521084594585
489204,6672435,-37.130376224855425
489204,430274,-37.138970394441415
489204,8737052,-37.27778817924001
489204,1759354,-37.27813241924436
489204,113238,-37.29187778297603
489204,4929960,-37.295306756294295
489204,7424931,-37.295992198363265
489204,5815958,-37.38444019617605
489204,3980122,-37.38444019617605
489204,4918004,-37.396819529148544
489204,1418935,-37.40505118447211
489204,1319513,-37.40881837254487
489204,5615254,-37.47107591963841
489204,5008186,-37.491908552776344
489204,1373674,-37.49432010071861
489204,3012141,-37.49604174526003
489204,615105,-37.49776264910526
489204,615107,-37.50395177982178
489204,4897640,-37.505325842681486
489204,1276947,-37.506699433691104
489204,6237426,-37.507042757754895
489204,6327177,-37.50910208354281
489204,4918005,-37.51321755722815
489204,7016856,-37.52568703540264
489204,6059416,-37.54351619669361
489204,3728444,-37.76908041228526
489204,216490,-37.77356054508983
489204,3380602,-37.77390496293778
489204,2268654,-37.774249351132354
489204,8594274,-37.774249351132354
489204,7910557,-37.775282337847
489204,2012607,-37.775282337847
489204,4155443,-37.7756266074792
489204,2268655,-37.77665923862908
489204,6029722,-37.77734751132442
489204,4929953,-37.777691603266
489204,2268652,-37.77803566561031
489204,4929952,-37.782505785049466
489204,8313319,-37.78697091457252
489204,6065708,-37.787657415393724
489204,4525080,-37.92544797531495
1119075,7133141,-71.91756139552423
1119075,7742343,-74.54664096817464
1119075,7133137,-74.56789089475285
1119075,2067687,-75.06579913013269
1119075,7133142,-75.21727542056618
1119075,8165856,-75.8807964316872
1119075,7146549,-76.14532704733674
1119075,8075059,-76.75742401471315
1119075,6670854,-76.93231163486428
1119075,7133140,-76.98850602309443
1119075,3346258,-77.02569002521511
1119075,5160139,-77.25603355210934
1119075,7105865,-77.37993988317028
1119075,6670852,-77.45429045422536
1119075,7133143,-77.58031239078882
1119075,7215260,-78.2427189241666
1119075,2988032,-78.26188667676229
1119075,2067684,-78.27212950555676
1119075,4353429,-78.2741942348306
1119075,6670857,-78.2993949224393
1119075,5890184,-78.35649450642877
1119075,7215258,-78.37296487845474
1119075,6982582,-78.73151982897065
1119075,6982585,-78.73289613754244
1119075,7215263,-78.74458521034092
1119075,6670856,-78.76517141351246
1119075,7215264,-78.8120726881844
1119075,7133144,-78.91255928340331
1119075,2870496,-78.98756598368243
1119075,6196342,-79.12926957512607
1119075,4350186,-79.34952820945576
1119075,380447,-79.36329129853415
1119075,7133139,-79.36781712537145
1119075,1379739,-79.3712618971224
1119075,5890177,-79.3712618971224
1119075,8075058,-79.38433851869569
1119075,16174,-79.38571376258999
1119075,16175,-79.38983807636974
1119075,653844,-79.64150091685902
1119075,653852,-79.7606305522694
1119075,6670859,-79.8039154961486
1119075,6670858,-79.97752089756796
1119075,8075062,-80.02959020327381
1119075,922011,-80.0479086330285
1119075,922010,-80.22695686447749
1119075,3546060,-80.27367372950208
1119075,3540676,-80.28193655698408
1119075,5833085,-80.28468893739021
1119075,8075063,-80.60833615029206
1119075,7356070,-80.66658237826071
1119075,1379737,-80.67208950762898
1119075,8165860,-80.68927489291751
1119075,4503604,-80.69956843171177
1119075,6196344,-81.01498630234232
1119075,7215261,-81.01910530735037
1119075,1516867,-81.03419020721134
1119075,8075061,-81.11839610086199
1119075,2564262,-81.12941510176903
1119075,6670853,-81.13285542934123
1119075,6196345,-81.1369818704633
1119075,7215257,-81.13835687798625
1119075,6196346,-81.14454148892149
1119075,6670851,-81.15415250155061
1119075,6670855,-81.15415250155061
1119075,6670860,-81.1644372181662
1119075,4503603,-81.16786252092966
1119075,1379744,-81.30356293512476
1119075,2067690,-81.3152751609891
1119075,7105867,-81.3152751609891
1119075,7105866,-81.3152751609891
1119075,7105864,-81.31665194328019
1119075,4503606,-81.35784561839787
1119075,7682194,-81.5248860570585
1119075,8123000,-81.53880656419044
1119075,1760640,-81.65130666678995
1119075,653853,-81.75950806861576
1119075,8165857,-81.76640147119474
1119075,653845,-81.7670904848721
1119075,1379740,-81.76984594630997
1119075,6982584,-81.77053466340261
1119075,16178,-81.77122332120898
1119075,16176,-81.77260045900363
1119075,5890183,-81.77948259426628
1119075,5890185,-81.78360903538835
1119075,8165862,-81.78360903538835
1119075,8165861,-81.79048171091391
1119075,7215259,-81.79872113556918
1119075,5890182,-81.79872113556918
1119075,387688,-82.00500954417032
1119075,7546595,-82.39611662060847
1119075,7130910,-82.40299934796943
1119075,2526045,-82.40506301201636
1119075,44570,-82.43663938106137
1119075,7215262,-82.44260276839175
1119075,4144207,-82.44547316683875
1119075,16172,-82.4510133475218
1119075,8747760,-82.45306466464956
1119075,1516865,-82.4576915480163
1119075,6196347,-82.4621867858728
1119075,2739793,-82.4865669560568
573724,7609927,-57.320231507567684
573724,7384332,-58.47972142083706
573724,3146238,-58.772466278073125
573724,3365638,-58.81825646250005
573724,5339620,-58.861405842753854
573724,3365632,-59.435728260865744
573724,3365631,-59.461958237583424
573724,7199669,-59.4931209924424
573724,7609930,-59.646631939222814
573724,1816038,-59.88376562999096
573724,87405,-60.161548040866336
573724,3365633,-60.286022838987904
573724,3365636,-60.46031893893634
573724,7609928,-60.875223627628216
573724,3365640,-61.269475530884876
573724,394142,-61.33386913814562
573724,1165129,-61.367051046764885
573724,394139,-61.53165538137904
573724,7609929,-61.70271451123274
573724,4041520,-61.821602807691015
573724,1509942,-61.92413380435498
573724,7199672,-61.929769485520964
573724,5310530,-62.07473011219173
573724,87409,-62.07653721670404
573724,8626956,-62.07843005411991
573724,8404002,-62.32864742116151
573724,8441642,-62.35310997884058
573724,7199675,-62.55749842287718
573724,5293510,-62.676894921923726
573724,2930245,-62.719101518468186
573724,3146236,-62.829213135603474
573724,394136,-62.841300967722674
573724,2910045,-62.86900159659508
573724,8382941,-62.92037948138131
573724,7609926,-62.946662018321256
573724,8833192,-62.95721207982754
573724,5047796,-62.95721207982755
573724,3617636,-62.977825727183955
573724,7609931,-62.98094524793747
573724,7899310,-63.08379774146101
573724,5721829,-63.22160507438322
573724,3043368,-63.22279579882207
573724,5394,-63.24016089985147
573724,1063821,-63.26687527781628
573724,8382948,-63.327155562423215
573724,7384325,-63.34554508234867
573724,7275118,-63.36979154655414
573724,6166770,-63.37519238007253
573724,5962419,-63.38679129691628
573724,4017883,-63.39281627512493
573724,84173,-63.580868283123664
573724,5384308,-63.593265750343704
573724,7498096,-63.59346362868743
573724,6121093,-63.60053471549123
573724,1648007,-63.622503032600754
573724,7609932,-63.632116520459746
573724,2635262,-63.63650285075803
573724,1754972,-63.727424375128976
573724,2849232,-63.802727264854255
573724,7674858,-63.805382860521526
573724,1277823,-63.85979581705143
573724,1277819,-63.860398755948246
573724,5911838,-63.86522039842469
573724,2186124,-63.881012247490396
573724,3546092,-63.88282122000408
573724,2133806,-63.88282122000408
573724,6776717,-63.88643776318597
573724,8444728,-63.888847754344454
573724,4360246,-63.99571504027245
573724,41433,-64.02392988487082
573724,6823994,-64.03025848795836
573724,7876369,-64.19244653330453
573724,162151,-64.24684830875546
573724,7199673,-64.24986352270997
573724,202536,-64.27497332591955
573724,3412325,-64.27529990249161
573724,2108858,-64.28136774484757
573724,4495316,-64.28458433890252
573724,3365637,-64.31405412990026
573724,5395,-64.3938923596929
573724,202538,-64.41034827999518
573724,1127613,-64.44154380652242
573724,3069915,-64.453420430685
573724,3707318,-64.48285948096671
573724,3009390,-64.51996338306255
573724,6496777,-64.53125689008053
573724,4283854,-64.54246336885333
573724,3897222,-64.57359514369931
573724,7172145,-64.59724621695511
573724,8047166,-64.64535482381206
573724,5962423,-64.66114781463071
573724,6606968,-64.77746735561375
573724,8492171,-64.80945221944859
573724,4538950,-64.82466953651894
573724,1270352,-64.8408724758714
573724,8450864,-64.85127979135495
573724,5028840,-64.8759327122349
573724,160843,-64.90822460452073
573724,394138,-64.91227796575355
573724,1165128,-64.91408818574845
600573,6197299,-91.92308840221426
600573,4140572,-95.14764738207782
600573,7053094,-95.15965290606017
600573,1050102,-95.80628007098522
600573,8516012,-96.16570395959128
600573,2718565,-96.17429628030415
600573,1048866,-96.79770721440204
600573,2196128,-96.80975198799696
600573,1374242,-97.95215376123816
600573,6677583,-97.98465103184807
600573,6124544,-98.62188194774753
600573,8286403,-99.06877967304762
600573,6124545,-99.244551471992
600573,2525079,-99.32830001427133
600573,1763994,-99.95458639205646
600573,1397607,-99.95887095569637
600573,6990308,-100.34319402575633
600573,2065519,-100.3651836223478
600573,2065513,-100.37717885996373
600573,569268,-100.5280276928141
600573,5040429,-100.60207061658195
600573,2081549,-100.79505831818585
600573,5623755,-100.93911985836577
600573,3172848,-100.9417041048139
600573,304953,-100.94514872822145
600573,3074946,-101.01122750772294
600573,1883936,-101.01886245084735
600573,6990305,-101.23755027310673
600573,4808425,-101.23926608344529
600573,423563,-101.25383859712491
600573,1312374,-101.31124583243479
600573,171860,-101.31381811354787
600573,911923,-101.3155326001062
600573,716980,-101.44938450314936
600573,5560549,-101.62615702428639
600573,2204268,-101.64073328642749
600573,3699953,-101.64501638197176
600573,6121851,-101.70499736686793
600573,4032737,-101.7863146452987
600573,1312376,-101.81787308316679
600573,681138,-101.95615777562034
600573,1245382,-101.96387395769355
600573,171859,-102.06957326240786
600573,3071848,-102.07129172644896
600573,1553422,-102.10131714190986
600573,4212653,-102.23668089468565
600573,5871726,-102.24528874729984
600573,6455045,-102.24700942903817
600573,3561319,-102.25302948460451
600573,3424373,-102.25560839941144
600573,1397606,-102.2736422047935
600573,5376020,-102.28136103397314
600573,1686205,-102.31805264720961
600573,2573979,-102.31899891580731
600573,1378955,-102.32307922969217
600573,8548609,-102.33790040176427
600573,716981,-102.73408400028076
600573,4154732,-102.75565057840852
600573,1434830,-102.97508128953734
600573,5634738,-102.9853858768488
600573,613981,-102.99396492904663
600573,6688497,-103.00253662753911
600573,6558123,-103.00425008590197
600573,5239123,-103.03116203433635
600573,405052,-103.13881717707805
600573,6215048,-103.1722425325956
600573,1374642,-103.30079269896216
600573,3071857,-103.34046064470895
600573,726373,-103.34562669013008
600573,4015557,-103.34648743829291
600573,1031079,-103.35165037198644
600573,6716608,-103.35165037198644
600573,446530,-103.35337075770117
600573,6875792,-103.37485064361054
600573,5802022,-103.38085675286203
600573,3745783,-103.3954280174829
600573,3924899,-103.45681657922565
600573,3537515,-103.45695985517226
600573,4032730,-103.56890761734259
600573,1947751,-103.57498274953107
600573,1947752,-103.57924903400337
600573,8392579,-103.6019282660354
600573,6937495,-103.60967300000371
600573,593246,-103.61139323774482
600573,8434756,-103.63716135624365
600573,5504172,-103.63973451987675
600573,95790,-103.64059209397169
600573,661561,-103.65772814984727
600573,2573976,-103.69884535904042
600573,5136316,-103.7348341899461
600573,2850531,-103.75192631207699
600573,4552887,-103.81387446170916
600573,6344592,-103.82416491050898
600573,2143662,-103.83016278572734
600573,7718041,-103.86393080225274
600573,2764000,-103.93624456528929
600573,3046842,-103.9845037857777
600573,7890139,-103.99139303279713
600573,4268991,-103.99225385505513
600573,8616309,-103.99311460321796
1120447,5664635,-52.90281702920559
1120447,1670844,-54.24473354721701
1120447,6383181,-54.32626266406114
1120447,2452710,-54.384521869889774
1120447,8262127,-54.42024707636167
1120447,6666766,-54.44443087566867
1120447,7911299,-54.49026625447005
1120447,815123,-54.61796668088832
1120447,8062202,-54.61796668088832
1120447,2707515,-54.65454352399515
1120447,6813890,-54.805319873989404
1120447,701004,-54.86650422238004
1120447,3768464,-54.9062166235868
1120447,1022132,-55.00536378331489
1120447,1731138,-55.00749273888561
1120447,1731140,-55.00749273888561
1120447,1731137,-55.00800830024632
1120447,1731139,-55.00800830024632
1120447,1731141,-55.00800830024632
1120447,2270914,-55.011339341312926
1120447,5128250,-55.011339341312926
1120447,7520474,-55.022156837675354
1120447,4711434,-55.024729559997965
1120447,4866353,-55.07459837722909
1120447,7904380,-55.13846657208571
1120447,4447438,-55.26252618147822
1120447,7763556,-55.2929861832247
1120447,808699,-55.29336768187309
1120447,984149,-55.298007335676814
1120447,1012317,-55.35463486511335
1120447,8587367,-55.38052252451665
1120447,6138608,-55.45683814462299
1120447,5662956,-55.4667403487822
1120447,6813888,-55.65856428268779
1120447,6828735,-55.6798733646287
1120447,3769913,-55.69107824328961
1120447,6633419,-55.69324750770569
1120447,7926422,-55.70200452775293
1120447,8692784,-55.80957977640314
1120447,6881896,-55.81034301338862
1120447,1670846,-55.85568888881683
1120447,826796,-55.85568888881683
1120447,8060312,-55.86383426973202
1120447,6046982,-55.864458708447394
1120447,1092938,-55.86548960971537
1120447,213425,-55.87218615396379
1120447,5016279,-55.8778466288343
1120447,5664641,-55.91018726763826
1120447,4927924,-55.959322213934605
1120447,7395117,-56.058308921409825
1120447,3897131,-56.07187710366373
1120447,6569702,-56.084773899907546
1120447,6314494,-56.08631965424419
1120447,4562593,-56.0924986924052
1120447,416113,-56.13114233749903
1120447,416108,-56.13372480431116
1120447,2270915,-56.13527375103599
1120447,793836,-56.13888640575815
1120447,272687,-56.14094980367898
1120447,5591904,-56.143012492241915
1120447,6847109,-56.15022632305345
1120447,4150773,-56.16719611444412
1120447,2964558,-56.245153655578555
1120447,530303,-56.24670220253393
1120447,8744940,-56.30481896977954
1120447,7036820,-56.34362493517561
1120447,1302208,-56.34939590351904
1120447,5879329,-56.34939590351904
1120447,271418,-56.353527317056006
1120447,3769911,-56.35455972609901
1120447,1261614,-56.35507586401139
1120447,7266132,-56.35765588778737
1120447,1797054,-56.360234802619715
1120447,5148496,-56.36590451646337
1120447,8708881,-56.458242510030075
1120447,4711431,-56.47834566798494
1120447,808695,-56.500447998013186
1120447,767501,-56.51802352544751
1120447,649440,-56.51802352544751
1120447,5003729,-56.51905709047423
1120447,2697614,-56.519057090474234
1120447,4233907,-56.51957380622921
1120447,8552341,-56.52009047748882
1120447,1351877,-56.52112368655263
1120447,507173,-56.52112368655263
1120447,8516802,-56.52938296018051
1120447,8062207,-56.5957262396498
1120447,3769908,-56.633112179275166
1120447,6820509,-56.63414458831818
1120447,5873485,-56.63775662165797
1120447,4467673,-56.638788231918156
1120447,731294,-56.71747132633631
1120447,317223,-56.73025942873243
1120447,1638334,-56.73294681916926
1120447,6754304,-56.73679389623624
1120447,121083,-56.73731065649425
1120447,8529919,-56.73731065649425
1120447,8017676,-56.737827372249235
1120447,1562229,-56.737827372249235
1120447,808693,-56.738344043508846
574575,590546,-72.91520443154143
574575,6183647,-75.7467573688799
574575,2828791,-76.21914672776586
574575,1222553,-76.2741910225203
574575,1222554,-76.30849091496839
574575,1007725,-76.68187597756044
574575,2759592,-76.87603956261829
574575,7918142,-77.05941441955346
574575,7105789,-77.7666172584203
574575,6021167,-77.76826750311885
574575,5106777,-77.77199734778057
574575,2571056,-77.77333765868921
574575,1319046,-77.77508183711359
574575,3241862,-77.82635042460983
574575,1925805,-77.98843423124569
574575,4639585,-78.03329046000536
574575,7740131,-78.04228635426277
574575,6339936,-78.08955577317889
574575,7651814,-78.17071241299351
574575,7935743,-78.38383331437437
574575,819597,-78.55369972269875
574575,6100546,-78.59098411743688
574575,2361246,-78.62601024447001
574575,4718678,-78.72399570787051
574575,2032642,-78.81274219423796
574575,3507973,-78.84235813418945
574575,6161786,-78.92739112249062
574575,2995291,-78.93938664185373
574575,6161780,-79.15823431924001
574575,2067141,-79.30000595092946
574575,3538805,-79.34042365124085
574575,8232202,-79.34562083068377
574575,1416538,-79.34562083068377
574575,1222557,-79.39446201845416
574575,8119448,-79.5541284684175
574575,2272406,-79.59989226880525
574575,766621,-79.64607484927402
574575,8430162,-79.667513698519
574575,2032646,-79.667513698519
574575,6544231,-79.73596229933347
574575,3964152,-79.73734708105282
574575,2504541,-79.76085662057247
574575,4955600,-79.83147978924492
574575,5178979,-79.85962692855934
574575,7803952,-79.90938371313969
574575,5833476,-79.9855731584147
574575,4879068,-80.10281824432272
574575,3542701,-80.10427325921077
574575,1007719,-80.11878182607924
574575,3070864,-80.26781829202784
574575,2828794,-80.28934878233585
574575,698267,-80.298244386786
574575,3328087,-80.34101096881263
574575,5844756,-80.37281442796541
574575,6100541,-80.39134800233835
574575,5241409,-80.45261164788336
574575,6230620,-80.5104196337971
574575,187121,-80.56347502115273
574575,1924817,-80.5834634940596
574575,1213171,-80.59646978445525
574575,7883300,-80.71002094193835
574575,8584691,-80.75962646969454
574575,3070859,-80.76726298720051
574575,3176203,-80.78636149100264
574575,7133181,-80.80415105122857
574575,3691823,-81.13179308569636
574575,6161784,-81.14137611705202
574575,3581241,-81.14137611705202
574575,7217847,-81.14727157471154
574575,7266280,-81.16080926992997
574575,7950410,-81.19048935970518
574575,1925812,-81.22140851022324
574575,5089846,-81.32805408325747
574575,6203613,-81.34343830997594
574575,4180858,-81.36350997511039
574575,3063708,-81.41106295185982
574575,1319052,-81.41651842555322
574575,2960677,-81.43081230131617
574575,863336,-81.44691676509548
574575,5833478,-81.46892024071047
574575,4249032,-81.47162148006537
574575,345093,-81.48226987239127
574575,3070856,-81.5721870323187
574575,7631869,-81.58595634404917
574575,1319049,-81.59306619387488
574575,8558076,-81.63279251991375
574575,4639584,-81.63627956508964
574575,6183643,-81.65170315557329
574575,2960680,-81.69939797563939
574575,1460802,-81.73614646348726
574575,7266282,-81.75564746117459
574575,1113622,-81.7577259612808
574575,7266276,-81.77777817257045
574575,7789776,-81.78234704710357
574575,5944078,-81.80007030183069
574575,1925806,-81.8194012523497
574575,5093748,-81.84177043890571
574575,115013,-81.84268261682135
574575,7451437,-81.84902366124882
574575,3581237,-81.85591203491936
1055865,8837068,-75.97626588570945
1055865,4463868,-77.46473399771486
1055865,8654371,-77.52025736242828
1055865,3319396,-78.36156026372281
1055865,8654372,-78.85577143957056
1055865,3318413,-79.29695976159479
1055865,8654373,-79.98694508145614
1055865,3753625,-80.0151516299193
1055865,3264359,-80.74212086088426
1055865,5569488,-80.83469550042625
1055865,5491557,-80.84977549456484
1055865,8203975,-80.85674748166423
1055865,6140348,-80.87502228357839
1055865,4452432,-81.26564364881375
1055865,5722716,-81.28870983075615
1055865,5334029,-81.52697830855452
1055865,8654367,-81.84669875988519
1055865,7293601,-81.90907806329638
1055865,4219211,-81.92140666175376
1055865,3753628,-82.09443579997749
1055865,2398834,-82.14387980710981
1055865,4507869,-82.15123306121134
1055865,6917575,-82.18011793999457
1055865,4773182,-82.31319464868362
1055865,5334033,-82.37132998774166
1055865,6449605,-82.45530921750536
1055865,4182055,-82.47388718085028
1055865,8800709,-82.59487303750407
1055865,7847456,-82.59844847915559
1055865,8066229,-82.90162971151598
1055865,4550876,-82.97827557607812
1055865,8654368,-83.07206617651688
1055865,7427200,-83.14371055078318
1055865,2351177,-83.1748465908403
1055865,2492343,-83.21401724322321
1055865,7258629,-83.3539135476764
1055865,1454872,-83.36502578427023
1055865,5405925,-83.38771029755267
1055865,2437393,-83.4000992079945
1055865,4219213,-83.50223804224397
1055865,8654374,-83.50301244896286
1055865,4219214,-83.5037867890535
1055865,4126447,-83.61110748846832
1055865,5374873,-83.62834275709793
1055865,2670528,-83.77640019087657
1055865,2797202,-83.81767520621736
1055865,4122755,-83.82083017770343
1055865,3174632,-83.82160478437584
1055865,4122761,-83.82237932438561
1055865,7452944,-83.8239282044631
1055865,7303665,-83.83795764240118
1055865,7090966,-83.88240472719929
1055865,2578357,-83.88451755219822
1055865,4365993,-83.88618879858181
1055865,3298495,-83.89083304111433
1055865,2102882,-83.89862312907223
1055865,6332669,-83.90250116908466
1055865,2796422,-84.00214062237227
1055865,4773183,-84.05671635600295
1055865,3619301,-84.07956186287919
1055865,3348627,-84.20466381307865
1055865,1077511,-84.22656475332636
1055865,8230316,-84.26561153625721
1055865,5073197,-84.52816932318268
1055865,4773179,-84.5289439298551
1055865,5315247,-84.54525029399727
1055865,5124068,-84.55687940456707
1055865,5780421,-84.58657697758801
1055865,2398831,-84.70799216130408
1055865,6998420,-84.70954117467245
1055865,6998417,-84.71186419495585
1055865,7864909,-84.72142612038076
1055865,689850,-84.74626753150108
1055865,3318414,-84.7516888451718
1055865,5217897,-84.79006965850752
1055865,499077,-84.81171718240547
1055865,3208189,-84.85620435264829
1055865,3208195,-84.85775309945782
1055865,2703014,-84.86404138335557
1055865,5780416,-84.866342937035
1055865,4721730,-84.94078173458743
1055865,6838493,-84.964379952795
1055865,6838496,-84.96515455946744
1055865,4570307,-85.00322706708516
1055865,6227541,-85.00631499588724
1055865,4981341,-85.00663246629702
1055865,7737171,-85.02468267142018
1055865,4587730,-85.04824370507174
1055865,3812309,-85.09821792904015
1055865,827532,-85.10748807740958
1055865,689853,-85.11944873590646
1055865,8220817,-85.12884223887832
1055865,827534,-85.14681984771153
1055865,3773941,-85.17944312843191
1055865,3753630,-85.18176554926748
1055865,4147433,-85.19498002460247
1055865,1823335,-85.1996318686453
1055865,2685498,-85.22798539267414
1055865,2797419,-85.2737645975276
1055865,5208403,-85.29009136221981
494835,4254836,-18.075118878638058
494835,8085708,-18.384300672732905
494835,1621582,-18.5264348231539
494835,7119411,-18.528675468694104
494835,8375399,-18.531257713539727
494835,7687119,-18.5341802329272
494835,2246325,-18.5343520129115
494835,6249757,-18.543606290238873
494835,3299960,-18.626444115227862
494835,8519713,-18.706932390540622
494835,3884881,-18.70796693575176
494835,6248852,-18.72273691005136
494835,7073518,-18.724789192112357
494835,97739,-18.8124003182623
494835,8146334,-18.814811970277553
494835,7678189,-18.81618875261962
494835,6820615,-18.81618875261962
494835,491120,-18.81618875261962
494835,542347,-18.81618875261962
494835,6782345,-18.81618875261962
494835,5000167,-18.823915543253356
494835,8024309,-18.82887925934362
494835,1941266,-18.9277762140782
494835,3930069,-18.93655208251426
494835,5038538,-18.93655208251426
494835,4013724,-18.939983115324363
494835,6497852,-18.940325895097768
494835,387427,-18.940668616132253
494835,6341833,-18.940668616132253
494835,7589014,-18.944776694226476
494835,7987888,-18.945631482764803
494835,7208948,-19.060752305069162
494835,4682759,-19.061096975177637
494835,8530759,-19.061441585897608
494835,8074471,-19.062475061931043
494835,617668,-19.062475061931043
494835,3152904,-19.062475061931043
494835,3219547,-19.062475061931043
494835,3363729,-19.062475061931043
494835,1114080,-19.062475061931043
494835,1331326,-19.062475061931043
494835,2213812,-19.062475061931043
494835,2476773,-19.062475061931043
494835,2942442,-19.062475061931043
494835,1857666,-19.062475061931043
494835,7792356,-19.062475061931043
494835,2178330,-19.062475061931043
494835,1618969,-19.062475061931043
494835,1725357,-19.062475061931043
494835,6767150,-19.062475061931043
494835,3983276,-19.062475061931043
494835,7272856,-19.062475061931043
494835,8609679,-19.062475061931043
494835,7370319,-19.062475061931043
494835,7466871,-19.062475061931043
494835,5227680,-19.062475061931043
494835,5371380,-19.062475061931043
494835,5430008,-19.062475061931043
494835,6546266,-19.062475061931043
494835,37595,-19.062475061931043
494835,385859,-19.062475061931043
494835,4659772,-19.062475061931043
494835,4335375,-19.062475061931043
494835,526577,-19.062475061931043
494835,5484838,-19.062475061931043
494835,4840263,-19.062475061931043
494835,4843649,-19.062475061931043
494835,499216,-19.062475061931043
494835,6694981,-19.062475061931043
494835,1935431,-19.062475061931043
494835,317313,-19.062475061931043
494835,332773,-19.062475061931043
494835,5630800,-19.062475061931043
494835,8146836,-19.062475061931043
494835,8386260,-19.062475061931043
494835,8050441,-19.062475061931043
494835,8339485,-19.062475061931043
494835,836259,-19.062475061931043
494835,1721919,-19.062475061931043
494835,1762465,-19.062475061931043
494835,6087979,-19.062475061931043
494835,2135122,-19.062475061931043
494835,55905,-19.062475061931043
494835,5680352,-19.062475061931043
494835,996938,-19.062475061931043
494835,6958665,-19.062475061931043
494835,4262451,-19.062475061931043
494835,6349699,-19.062475061931043
494835,947067,-19.062475061931043
494835,186957,-19.062475061931043
494835,20073,-19.062475061931043
494835,2009826,-19.062475061931043
494835,4165838,-19.062475061931043
494835,418065,-19.062475061931043
494835,8072547,-19.062475061931043
494835,949720,-19.062475061931043
494835,8083366,-19.062475061931043
494835,452117,-19.062475061931043
494835,7781503,-19.062475061931043
494835,3159911,-19.0628194353015
1126814,8783828,-16.353794488060494
1126814,8783826,-16.82206039396996
1126814,8783832,-16.844750182570582
1126814,8783825,-17.492755790426664
1126814,2065085,-17.492928029011658
1126814,8783831,-17.49533781302511
1126814,8783830,-17.881014471588685
1126814,8783833,-17.882909422547854
1126814,8783834,-17.88359805072127
1126814,7269600,-18.214758570910668
1126814,1802937,-18.380523620628722
1126814,1454394,-18.453226771164523
1126814,8606378,-18.454601660583037
1126814,3311155,-18.461633172396283
1126814,6891510,-18.462146703955618
1126814,3156474,-18.46334443173079
1126814,3769004,-18.46334443173079
1126814,8783829,-18.52815861940448
1126814,8783827,-18.52884772211344
1126814,6585233,-18.53194574946199
1126814,8154500,-18.532977359742507
1126814,4356657,-18.537270017514334
1126814,2085443,-18.537441532333318
1126814,6593894,-18.539155872031817
1126814,3105164,-18.540526286550158
1126814,985331,-18.619237704026915
1126814,8545787,-18.619237704026915
1126814,2154868,-18.6221577134774
1126814,2085444,-18.6221577134774
1126814,4040483,-18.623873376729307
1126814,2085449,-18.623873376729307
1126814,4288188,-18.624044862136003
1126814,4040481,-18.624044862136003
1126814,4356659,-18.624044862136003
1126814,4467141,-18.626444115227862
1126814,5953406,-18.626444115227862
1126814,1894734,-18.62952464603036
1126814,1009930,-18.62969564758658
1126814,1570931,-18.63072135000151
1126814,3786883,-18.63123400401413
1126814,5472597,-18.639078288176183
1126814,155337,-18.710895244401808
1126814,978100,-18.711067364403977
1126814,8425673,-18.712787750220535
1126814,8596023,-18.713991140378727
1126814,1796243,-18.715022041666984
1126814,2073912,-18.71519380689837
1126814,2073911,-18.71536555737938
1126814,2073915,-18.715709014100383
1126814,2154869,-18.716052411850253
1126814,5823547,-18.71622408861734
1126814,6306169,-18.716567397948474
1126814,5656654,-18.71691064835907
1126814,1171271,-18.71691064835907
1126814,6749858,-18.717425413543197
1126814,3156479,-18.71759697249954
1126814,7011041,-18.71828306120038
1126814,7630899,-18.71828306120038
1126814,4762283,-18.718454546607077
1126814,542645,-18.718626017311415
1126814,5557079,-18.718626017311415
1126814,6170622,-18.719311753155544
1126814,2812475,-18.72016859245987
1126814,8836839,-18.720339916279126
1126814,7575308,-18.720339916279126
1126814,2458831,-18.7210250648346
1126814,298113,-18.7210250648346
1126814,4293237,-18.7210250648346
1126814,4767228,-18.72136755111458
1126814,3128748,-18.72205234777946
1126814,5376063,-18.722394658204504
1126814,6276196,-18.723079103340073
1126814,6049377,-18.724276318994356
1126814,4122859,-18.724447291314043
1126814,6276195,-18.724618249019212
1126814,6020560,-18.725814543958663
1126814,1718914,-18.813606507773997
1126814,7491253,-18.813606507773997
1126814,7215870,-18.814295432455506
1126814,5695569,-18.814295432455506
1126814,8553988,-18.815844645876858
1126814,4374352,-18.815844645876858
1126814,8156404,-18.815844645876858
1126814,6338342,-18.815844645876858
1126814,2913157,-18.81670480175036
1126814,4690253,-18.817908398822397
1126814,5660093,-18.817908398822397
1126814,2073909,-18.818080282148102
1126814,2073916,-18.81842400449004
1126814,8714959,-18.81842400449004
1126814,2031866,-18.819626567703786
1126814,5953403,-18.820141730669853
1126814,6170621,-18.821000040841987
1126814,228318,-18.821343261799896
1126814,2085447,-18.821514850193765
1126814,5537258,-18.821514850193765
1126814,1453940,-18.821514850193765
1126814,835946,-18.821514850193765
1126814,5978856,-18.821514850193765
1126814,1453936,-18.821686423867604
168216,13499,-44.044381936516295
168216,3174840,-44.79971095723462
168216,1381477,-44.859751353411106
168216,3830857,-44.860611990456775
168216,1735358,-45.3068517085362
168216,2265769,-45.4752100917878
168216,2265772,-45.980408621658974
168216,8639627,-46.15773735484061
168216,2069995,-46.38672809621463
168216,6061722,-46.4215768658574
168216,3399712,-46.422432715161555
168216,6282562,-46.74022654057895
168216,8639630,-47.03858715962558
168216,1924800,-47.03858715962558
168216,5293614,-47.04976774791083
168216,6264733,-47.05062675850454
168216,6061721,-47.054919599169025
168216,1183706,-47.05534868059178
168216,4792582,-47.18737589631146
168216,4119829,-47.40476838063852
168216,290826,-47.423314140904296
168216,3033359,-47.683061342206265
168216,8723467,-47.683061342206265
168216,6264731,-47.74338047063525
168216,1735360,-48.067355165758066
168216,8731623,-48.07037219915766
168216,1924796,-48.070803055355356
168216,2069992,-48.12457871984032
168216,6282561,-48.308778360225915
168216,6264734,-48.31349582721052
168216,6213322,-48.42144081192713
168216,6061726,-48.512422460956515
168216,3198680,-48.512852760961934
168216,3908773,-48.525315379577634
168216,6061718,-48.526173726575095
168216,6213325,-48.526602844823174
168216,2790904,-48.52831894962539
168216,3198689,-48.530034465626535
168216,3198687,-48.530892002952946
168216,3399715,-48.530892002952946
168216,6012600,-48.53945929684242
168216,8639633,-48.71398233068312
168216,3908777,-48.802753729417084
168216,3908774,-48.80404174742211
168216,6282567,-48.807045833068834
168216,7745780,-49.0062372953173
168216,6426634,-49.171084050128
168216,3463556,-49.17673634417703
168216,3399713,-49.185658445536845
168216,6426638,-49.18835245017785
168216,3908776,-49.18878215849211
168216,8320715,-49.19994163193383
168216,6983077,-49.42126791195873
168216,3344828,-49.43389874234036
168216,661750,-49.43519075426852
168216,8731622,-49.44594455665544
168216,3897447,-49.452385753719305
168216,1860843,-49.46481525488266
168216,8141128,-49.58311818676546
168216,2192949,-49.58903866525229
168216,5568760,-49.61993235616705
168216,6299988,-49.70963145527097
168216,3947238,-49.71434730430185
168216,6329932,-49.800510300202006
168216,1301472,-49.824224887481904
168216,8731621,-49.825516676875736
168216,1301469,-49.825516676875736
168216,8252763,-49.826377684428905
168216,5024311,-49.831110577526346
168216,6061723,-49.84185052048103
168216,6012597,-49.84485357510677
168216,6012598,-49.84614004657993
168216,5004346,-49.85385193212203
168216,856274,-49.85599201330658
168216,4191391,-49.85941423908463
168216,6231569,-49.96252693377738
168216,1766535,-49.96252693377738
168216,6903550,-50.00637662038093
168216,4498419,-50.077940881400664
168216,584289,-50.08095661500464
168216,5771045,-50.082248515656055
168216,2101266,-50.086552441963136
168216,4324487,-50.091712268018945
168216,6282560,-50.092142013266226
168216,4938900,-50.09557864618872
168216,6426632,-50.09729607727221
168216,3198682,-50.10158707587925
168216,2774860,-50.102873657695795
168216,6299991,-50.13342681196314
168216,3947233,-50.13814589801205
168216,323991,-50.2272023572841
168216,7044417,-50.242607656907865
168216,3528662,-50.27538973813407
168216,6178288,-50.30536512534965
168216,4495028,-50.30536512534965
168216,6231568,-50.354254977046246
168216,5239344,-50.370957634165535
168216,788020,-50.372667576642634
168216,3556743,-50.372667576642634
168216,1301466,-50.463956866738734
100983,4681480,-21.84597568163755
100983,3318273,-22.530946831293758
100983,3081421,-23.066842779604382
100983,1183965,-23.096911357187818
100983,4486504,-23.15020995777021
100983,1815153,-23.180826338361783
100983,7485586,-23.1831388138527
100983,5281612,-23.198218351231308
100983,6013124,-23.24205231390304
100983,6515061,-23.338055452332203
100983,7704804,-23.348624018576935
100983,6578844,-23.429049430415688
100983,5281609,-23.463116149614585
100983,3081423,-23.463116149614585
100983,3081422,-23.463630407413277
100983,117386,-23.527531671131
100983,2820897,-23.527788546837566
100983,7198157,-23.529649695495685
100983,6990295,-23.585114470742532
100983,4918878,-23.603469007177267
100983,4902699,-23.627661963966762
100983,5644251,-23.63239342456039
100983,5480783,-23.656274448293324
100983,4036597,-23.704781156509036
100983,7666898,-23.70580914346366
100983,3081424,-23.711969678856907
100983,7192780,-23.725529544341335
100983,3081418,-23.857845334953
100983,5281606,-23.863502172400864
100983,3318276,-23.891610494002546
100983,7613813,-23.911082217854062
100983,8637224,-23.930736052242086
100983,1478800,-23.987807889544996
100983,3081420,-24.084044403390998
100983,3214534,-24.125860098695675
100983,928683,-24.129078379199456
100983,6782187,-24.129460829561825
100983,7693750,-24.13062247606557
100983,2853391,-24.131136998461418
100983,6254706,-24.133313965687638
100983,7397524,-24.133708287605998
100983,4287080,-24.138587673707928
100983,4681487,-24.139231257278745
100983,3081425,-24.141288288549074
100983,1336319,-24.14177348525559
100983,5690909,-24.14177348525559
100983,7642427,-24.19438298334768
100983,2242608,-24.255827388938016
100983,5089965,-24.25788671476131
100983,486189,-24.260973055405426
100983,5484054,-24.305551348457385
100983,7666902,-24.307354264083692
100983,1183963,-24.312242437503254
100983,866744,-24.31249948929078
100983,4486500,-24.392149437209177
100983,7192781,-24.406603208548816
100983,6990294,-24.40770458449845
100983,3112012,-24.40876784407392
100983,5817067,-24.41123629484713
100983,5521704,-24.415212917362666
100983,2242614,-24.416500272125898
100983,3731047,-24.416632534353273
100983,6648237,-24.41701505939132
100983,1336320,-24.468451884834572
100983,6648234,-24.500612968260203
100983,7704805,-24.502409252571574
100983,5480789,-24.517125771109725
100983,7198162,-24.52200850103338
100983,3900829,-24.524835284648017
100983,1465041,-24.527924273534573
100983,593083,-24.527924273534573
100983,2370760,-24.52895323009697
100983,1478808,-24.529981833863165
100983,2852429,-24.530238929708652
100983,6254707,-24.530238929708652
100983,6744924,-24.531781042265422
100983,6241070,-24.532517918982066
100983,1478801,-24.532551801381747
100983,1478802,-24.533065530801718
100983,2448813,-24.55926976844387
100983,3996488,-24.576440520110967
100983,7613811,-24.58075318509414
100983,6603553,-24.587711472867603
100983,5594650,-24.58848362064379
100983,1183959,-24.595167256219767
100983,1465039,-24.59516725621977
100983,6240765,-24.595424021998184
100983,5418122,-24.629043433136587
100983,2448814,-24.630584885389762
100983,3319669,-24.650437822167152
100983,5480785,-24.655318043795074
100983,4681482,-24.693509872154007
100983,7613815,-24.737529695764174
100983,2816324,-24.776345024251082
100983,6349626,-24.78213404454436
100983,3426608,-24.79513405052989
100983,6415948,-24.796325556792304
100983,4486503,-24.79952273367522
100983,1478806,-24.799929377274935
100983,3542846,-24.80132797408455
194013,73074,-36.18655674330794
194013,8108372,-36.352134904817504
194013,73080,-36.73402280286459
194013,1179976,-37.074883064666636
194013,1179977,-37.074883064666636
194013,73075,-37.07556903570319
194013,73078,-37.52156130336415
194013,2529058,-38.16750043237203
194013,7762107,-38.68472020469565
194013,73076,-38.78183406184355
194013,3350701,-38.842582096005785
194013,1490698,-39.01675628579798
194013,7052100,-39.034079832292306
194013,6376328,-39.12477933063421
194013,7411443,-39.13837560488792
194013,2973322,-39.49629095095721
194013,6287108,-39.51787570749214
194013,569513,-39.52061959173923
194013,8150710,-39.682562629608654
194013,4374408,-39.68737102426992
194013,7005976,-39.79437144841273
194013,6011545,-39.79471480194691
194013,3122624,-39.79780365819403
194013,590037,-39.90047251758605
194013,1011355,-39.90253414305153
194013,322683,-39.90390796994568
194013,4374402,-39.90562459028994
194013,443531,-39.910770035565875
194013,2081071,-39.914881631483944
194013,5106308,-39.917278112152694
194013,2223328,-40.14257381661713
194013,1654485,-40.143950835900384
194013,5863480,-40.16009540302193
194013,169540,-40.17248898247706
194013,8306838,-40.173177610645375
194013,169542,-40.175242784122794
194013,5257299,-40.175242784122794
194013,1185196,-40.17696294790889
194013,1185200,-40.18177547480792
194013,5206193,-40.18349283216483
194013,1391164,-40.19069769224569
194013,2220140,-40.195493732661646
194013,6926558,-40.196862974371854
194013,5595798,-40.19720521157667
194013,1882289,-40.199258020120354
194013,7109104,-40.32403152080866
194013,6873298,-40.3322815688507
194013,4227825,-40.33708625056058
194013,6543909,-40.352149216077144
194013,6234852,-40.54056418298346
194013,5702618,-40.541252633369396
194013,2771156,-40.54469310905522
194013,3478235,-40.546068471175815
194013,7411439,-40.548474217545206
194013,310278,-40.55328137391855
194013,6744036,-40.554310727661644
194013,1832000,-40.556368640811655
194013,6240647,-40.55781948877411
194013,5147749,-40.55781948877411
194013,6240648,-40.558164173732266
194013,7249455,-40.558853454555596
194013,8703450,-40.56013873397213
194013,8356475,-40.56126500249786
194013,2898038,-40.56160939069245
194013,4317935,-40.56160939069245
194013,185629,-40.562642377407094
194013,2557801,-40.56333088704363
194013,6240650,-40.56333088704363
194013,1581551,-40.56401927818918
194013,73079,-40.566083741087574
194013,937782,-40.56677165867674
194013,5329967,-40.568147139033826
194013,4896351,-40.570896681601035
194013,5206192,-40.57124024156964
194013,2220145,-40.57158377203241
194013,1831999,-40.57158377203241
194013,2987127,-40.57158377203241
194013,4469665,-40.57158377203241
194013,6464226,-40.57158377203241
194013,4896352,-40.572270744460745
194013,6870052,-40.572270744460745
194013,997996,-40.572270744460745
194013,4469666,-40.572270744460745
194013,6367689,-40.57295759892656
194013,5595800,-40.57295759892656
194013,1318978,-40.573644335470355
194013,4557083,-40.573644335470355
194013,5595795,-40.573987659534154
194013,6835704,-40.575017454953816
194013,208821,-40.57570383797439
194013,4438799,-40.57570383797439
194013,1416447,-40.57639010323474
194013,1011354,-40.57639010323474
194013,1511467,-40.57639010323474
194013,2744342,-40.5784481928585
194013,6136898,-40.5784481928585
194013,6162104,-40.579476840706576
194013,8020996,-40.582903757633545
194013,827921,-40.58495849942337
194013,6242218,-40.58598547464468
1119092,8074957,-35.29856604454555
1119092,8097019,-35.39401495094644
1119092,8074960,-35.575399709455596
1119092,7395112,-36.0787953565468
1119092,277150,-36.60942700064507
1119092,770119,-36.8442474220698
1119092,7101384,-37.1087108996783
1119092,4174055,-37.120369416499756
1119092,277153,-37.497418527561315
1119092,1356796,-37.498794836143276
1119092,2321959,-37.53083822346323
1119092,4267737,-37.53872385018144
1119092,7395105,-37.53906635112353
1119092,7395106,-37.54112074114327
1119092,176484,-37.78594094237609
1119092,247809,-37.93713253510016
1119092,7101379,-38.137501751919906
1119092,2083309,-38.156758513921105
1119092,8146445,-38.15710154355907
1119092,381284,-38.16474710460873
1119092,8245262,-38.17025186623545
1119092,8388930,-38.179180977976934
1119092,5185838,-38.17986700783806
1119092,5092392,-38.4191542784998
1119092,1680384,-38.4191542784998
1119092,5900528,-38.42328640355414
1119092,5890673,-38.42535086645253
1119092,7395109,-38.44011508517522
1119092,8353484,-38.56152887816367
1119092,2649357,-38.80075427118484
1119092,8074961,-38.82806797426786
1119092,7152311,-38.98281045019448
1119092,277152,-39.1031850777735
1119092,7177551,-39.23004788107205
1119092,5855791,-39.24754392090492
1119092,8353481,-39.28793958912188
1119092,2302961,-39.34482920772139
1119092,4881739,-39.358918811457414
1119092,6083785,-39.44869493639607
1119092,4464880,-39.456624059549604
1119092,2686679,-39.45834570409102
1119092,3779603,-39.45834570409102
1119092,6499136,-39.46075476222214
1119092,53145,-39.46144279813931
1119092,3910051,-39.50007628822073
1119092,277155,-39.50007628822073
1119092,5807699,-39.50309499494984
1119092,2547822,-39.50523234558253
1119092,6894690,-39.50729290902047
1119092,5855797,-39.50763623308426
1119092,2143701,-39.508945062235995
1119092,6290094,-39.5189494273447
1119092,3029967,-39.52510680073095
1119092,219454,-39.52644410368077
1119092,2117100,-39.671205633990155
1119092,2547829,-39.67981237811014
1119092,2373898,-39.68393704656874
1119092,7932548,-39.75599393410601
1119092,277149,-39.78336854461852
1119092,3891643,-39.78405711351584
1119092,5788327,-39.78921760551037
1119092,150483,-39.79402806540311
1119092,7063290,-39.7950581260107
1119092,7063289,-39.79574468574738
1119092,5788330,-39.804316754381425
1119092,7152313,-39.8939370180584
1119092,8748431,-39.8939370180584
1119092,1083062,-39.89496964920829
1119092,2846031,-39.89531380035969
1119092,4414573,-39.896002013845205
1119092,6945347,-39.89703411210669
1119092,1294499,-39.89737808568973
1119092,300706,-39.90081619562867
1119092,472549,-39.91282636181304
1119092,5497174,-39.91556648676713
1119092,3020746,-40.155636399661816
1119092,5665273,-40.155979576449546
1119092,5402701,-40.16628598828987
1119092,8439267,-40.16904406222933
1119092,8074966,-40.16938868779387
1119092,8353486,-40.17007784986065
1119092,1272639,-40.17180023573614
1119092,1272634,-40.17180023573614
1119092,5402707,-40.17214462393073
1119092,5402706,-40.17386612028191
1119092,2105112,-40.174210330663506
1119092,1593293,-40.17593093840868
1119092,2302957,-40.17627497116081
1119092,5092397,-40.17765080634932
1119092,8097020,-40.17971367223141
1119092,8332452,-40.180744706364344
1119092,1603190,-40.18177547480792
1119092,2649363,-40.19069769224569
1119092,6945353,-40.32127771916293
1119092,920944,-40.32196634733125
1119092,1083058,-40.3278149051558
1119092,8146441,-40.3315947143849
1119092,4327791,-40.3315947143849
1119092,1528500,-40.33262495186033
1119092,8303163,-40.33640022069945
1133167,7093509,-50.10619846963614
1133167,8160241,-50.4253276754937
1133167,3421900,-50.6622043051805
1133167,8255705,-51.751522510207224
1133167,3953805,-51.753069327210156
1133167,3421898,-51.81288585576569
1133167,4712273,-51.91795278324616
1133167,8250498,-51.93727073719859
1133167,6252360,-51.947323680319386
1133167,4498479,-51.996949947094606
1133167,4443370,-52.075665552489845
1133167,3074598,-52.085951782958276
1133167,6112586,-52.108374279692505
1133167,1883281,-52.14624539284387
1133167,8033645,-52.1555243032186
1133167,4494097,-52.432017789449475
1133167,4550241,-52.513314077453636
1133167,190806,-52.53781408701507
1133167,8033650,-52.55929357814121
1133167,190809,-52.640471477078805
1133167,1883280,-52.647178385892516
1133167,4443375,-52.80651841078453
1133167,6299575,-52.80910109992029
1133167,2276678,-52.91644181914528
1133167,3346485,-52.916507627161046
1133167,6530221,-53.02701885104538
1133167,7793414,-53.06936125829974
1133167,7486600,-53.07647423017194
1133167,977423,-53.19213130941981
1133167,332787,-53.20236837434155
1133167,1790120,-53.27061707333286
1133167,434126,-53.278833679826384
1133167,7218016,-53.28029393152485
1133167,1379370,-53.28699968713611
1133167,8839920,-53.30487346579562
1133167,6530225,-53.35859245440201
1133167,8592527,-53.39945108293362
1133167,6280951,-53.47223120194023
1133167,6530224,-53.5078219887612
1133167,6112592,-53.5790596398668
1133167,7091464,-53.57918805632869
1133167,7919534,-53.631750906050605
1133167,1451918,-53.63498921891795
1133167,8255704,-53.67079084093123
1133167,5674623,-53.675014595320164
1133167,6257038,-53.69088221527019
1133167,823275,-53.69692069936947
1133167,4926204,-53.75027084060851
1133167,6530222,-53.79088185076712
1133167,5664803,-53.9234467616864
1133167,8160243,-53.94581014641123
1133167,2613293,-53.952533750832046
1133167,1824484,-54.103291235799944
1133167,7486594,-54.10596932789889
1133167,563738,-54.13561306462992
1133167,3893638,-54.2224842513915
1133167,6332041,-54.297789721702685
1133167,8033647,-54.30878153680317
1133167,3944276,-54.33838181866916
1133167,3355083,-54.34509681101936
1133167,823272,-54.35231994656018
1133167,3391439,-54.352319946560186
1133167,4506712,-54.41522200867405
1133167,6167413,-54.42138993088461
1133167,4494101,-54.452416886505944
1133167,5007526,-54.49904581738937
1133167,1451914,-54.52122968578299
1133167,4188781,-54.5343495724604
1133167,4705541,-54.5918403784046
1133167,2276675,-54.59803483319757
1133167,6103289,-54.6220998731677
1133167,7218015,-54.6241654020926
1133167,4973626,-54.632420414444454
1133167,1824483,-54.641693747734735
1133167,6467522,-54.68574319224009
1133167,190808,-54.71523580807285
1133167,2613290,-54.7247448216645
1133167,8335801,-54.728880150457606
1133167,3964282,-54.74796905888715
1133167,1824485,-54.75147556137519
1133167,2161958,-54.80686430204475
1133167,4361441,-54.81172310878514
1133167,5674626,-54.826916220800626
1133167,1561043,-54.8315646612232
1133167,6299576,-54.8382727236361
1133167,1451911,-54.879485595055336
1133167,7776428,-54.9719116388231
1133167,4830306,-54.97784101821625
1133167,6103291,-54.99636841832722
1133167,2191517,-54.998947111485236
1133167,8592525,-55.00089901973334
1133167,3560912,-55.001818638151526
1133167,8160224,-55.00536378331489
1133167,6467517,-55.00536378331489
1133167,7486597,-55.00691459836298
1133167,6257037,-55.00949839969137
1133167,7486601,-55.01001502646328
1133167,2491371,-55.014146440000246
1133167,1824481,-55.01982249264323
1133167,8255706,-55.02549318076511
1133418,4352734,-73.5048353187827
1133418,8235133,-74.16542305245393
1133418,8235137,-74.87399819401351
1133418,7973344,-75.38460934027148
1133418,8235138,-76.56607212681645
1133418,8237965,-76.62629826001886
1133418,4352727,-76.94549481939613
1133418,4352732,-78.30935969739487
1133418,8235135,-78.49909810089189
1133418,7973348,-78.59485003832062
1133418,8237972,-78.59485003832062
1133418,567611,-78.71347030198962
1133418,5767794,-78.72032648540079
1133418,5041031,-78.76360298748766
1133418,5780724,-78.98260978442198
1133418,6016262,-79.23895952852402
1133418,7292065,-79.25800286261702
1133418,1479490,-79.356185020339
1133418,8146225,-79.37470518620525
1133418,7973346,-79.38255785391034
1133418,8237964,-79.39634347375406
1133418,8699782,-79.3977207300907
1133418,8699788,-79.3977207300907
1133418,7296536,-79.61678715438362
1133418,7293321,-79.6250364913008
1133418,2836119,-79.62778438103439
1133418,6407161,-79.66601828266941
1133418,2836126,-79.74686727938703
1133418,646012,-79.77852257111627
1133418,406939,-79.80644223095972
1133418,6793751,-79.80781593989134
1133418,8141299,-79.94862335769695
1133418,8724111,-80.0000593313016
1133418,5977070,-80.0000593313016
1133418,5624840,-80.00143587669227
1133418,1925906,-80.00418825709839
1133418,7500220,-80.13245450282189
1133418,7500221,-80.13313991552641
1133418,4268149,-80.32530977650796
1133418,8235129,-80.35074197306484
1133418,7014506,-80.42485625442781
1133418,6399795,-80.43725476564444
1133418,1324114,-80.43725476564444
1133418,6025592,-80.43725476564444
1133418,5751200,-80.43725476564444
1133418,7293317,-80.4379430087323
1133418,7973342,-80.44963409120635
1133418,7292062,-80.45375627983616
1133418,2144646,-80.45444310481639
1133418,8825660,-80.47227988855114
1133418,6203669,-80.60627142101823
1133418,3576719,-80.64324409613224
1133418,2700019,-80.81603832109663
1133418,3905186,-80.8325157605615
1133418,5334567,-80.89332055524756
1133418,3381082,-80.98816095134863
1133418,4401778,-80.99367092548017
1133418,5735342,-80.99573618777995
1133418,4098191,-81.00305036810875
1133418,8120993,-81.03618170882899
1133418,4204915,-81.0396205575554
1133418,4768969,-81.07424030513309
1133418,4111421,-81.07630734617535
1133418,7191375,-81.0941993650222
1133418,5983779,-81.0962612561314
1133418,3173174,-81.09832261595317
1133418,5417125,-81.1065627478371
1133418,529677,-81.15783838807138
1133418,7440661,-81.20385257904786
1133418,2700023,-81.25432878327585
1133418,2388900,-81.25845026400893
1133418,4352735,-81.30218389820624
1133418,6562492,-81.30976566118885
1133418,6942217,-81.33022639535898
1133418,7184616,-81.37624763140808
1133418,5692406,-81.41474090513212
1133418,2250782,-81.48302588181164
1133418,2700022,-81.4844006530445
1133418,2086307,-81.4844006530445
1133418,5621431,-81.48921049274688
1133418,7092710,-81.51478033489586
1133418,4111419,-81.62927434454957
1133418,1646961,-81.63272089718866
1133418,5247338,-81.63341002957141
1133418,307309,-81.63409910259635
1133418,1810481,-81.63960955114085
1133418,4455126,-81.64305165500781
1133418,4455124,-81.64305165500781
1133418,8590557,-81.64580427217172
1133418,6881794,-81.64855594254875
1133418,5865394,-81.65543098056973
1133418,2590186,-81.675238199227
1133418,7500223,-81.67993702779691
1133418,3976110,-81.67993702779691
1133418,4066160,-81.68212092658794
1133418,2832153,-81.68212092658794
1133418,5908567,-81.68212092658794
1133418,5973186,-81.68212092658794
1133418,7094514,-81.68212092658794
1133418,8036381,-81.68212092658794
427578,2190824,-60.27542115218854
427578,3845137,-60.468649201615236
427578,1245314,-61.096108611137566
427578,7205367,-61.19958596658343
427578,8674045,-61.202595476681545
427578,4913888,-61.47492759073282
427578,5353176,-61.57611048121955
427578,1612888,-61.57921146256541
427578,2535978,-61.69608274363584
427578,4128811,-61.83693490014035
427578,4186401,-61.84982438839191
427578,5355905,-62.00423975701271
427578,2567622,-62.12172725816965
427578,6853289,-62.22032996045792
427578,991038,-62.22362690237806
427578,3009509,-62.225435874891744
427578,2551332,-62.44643552475853
427578,8368446,-62.47667652361291
427578,2567623,-62.512580433687695
427578,1195746,-62.53808575758744
427578,8545436,-62.62057236925287
427578,2002210,-62.62120153994496
427578,5032041,-62.623599354531706
427578,992079,-62.62949932057421
427578,5032044,-62.64704592031619
427578,2551326,-62.65350293973341
427578,5353170,-62.660414736966054
427578,2315696,-62.71980392576332
427578,4724798,-62.81426190123359
427578,486748,-62.93478961577171
427578,2190819,-62.937200644529845
427578,4045384,-63.02221343996515
427578,8376955,-63.03410814035482
427578,5561946,-63.045601648412536
427578,6413170,-63.05702403882728
427578,2240673,-63.091262092904444
427578,3718490,-63.128076379253756
427578,4724792,-63.23421857984552
427578,433389,-63.265077297331516
427578,465237,-63.33818594395087
427578,3845136,-63.35033081563434
427578,5262969,-63.401751157052566
427578,2242180,-63.53621632017358
427578,6832831,-63.557865264003325
427578,7199933,-63.597388868451986
427578,8793250,-63.62752612977218
427578,6577520,-63.63951210210265
427578,1050420,-63.64071544051016
427578,5960919,-63.65574035567474
427578,5032043,-63.71662032918494
427578,5436166,-63.71842216191617
427578,3035877,-63.7240094564201
427578,6211795,-63.74792871844684
427578,3360529,-63.751962097300535
427578,5780718,-63.76758804284812
427578,4521619,-63.78198109813188
427578,2668265,-63.899080970256065
427578,8793251,-63.90410277521592
427578,2574410,-63.949731341218005
427578,5816820,-63.96172555266328
427578,5795282,-63.96813479897112
427578,2315692,-63.9726898968761
427578,2315695,-63.9726898968761
427578,5686981,-63.97755904451122
427578,1790754,-63.98177380835374
427578,6832828,-63.98418110592804
427578,7879285,-63.99380202606848
427578,5262974,-63.99800702413534
427578,6951490,-64.0006461775733
427578,4702657,-64.00724367495414
427578,4724789,-64.0192747168278
427578,2272738,-64.05782740763763
427578,3541534,-64.09254813074662
427578,3541531,-64.10435875909793
427578,3898910,-64.10876854344566
427578,3112533,-64.11539345360049
427578,8677810,-64.1528352823791
427578,7071442,-64.15885356079026
427578,320215,-64.18043390873
427578,1883485,-64.1876299122209
427578,4064985,-64.18886379973013
427578,4690829,-64.2120425822272
427578,2332136,-64.23903168114686
427578,2380761,-64.27776144920612
427578,5032039,-64.28016585272303
427578,2190822,-64.28272724488635
427578,486752,-64.28453512726352
427578,2190825,-64.2851376509775
427578,2190821,-64.28754722734615
427578,2591519,-64.29157550455247
427578,8571837,-64.38867275510269
427578,5960474,-64.39047381516511
427578,7580073,-64.40400219166325
427578,5374871,-64.53366750369159
427578,4824099,-64.5426999184057
427578,5214172,-64.55133168692629
427578,2418642,-64.55819599311972
427578,7717810,-64.55914969148473
427578,7381107,-64.60415708092472
427578,4724793,-64.61716843388628
324211,1280978,-98.70975020631299
324211,903747,-98.70975020631299
324211,3054539,-104.33867373584334
324211,6769414,-105.54451253556526
324211,399468,-106.06539274350517
324211,1342345,-106.10957403997455
324211,5599364,-106.1550179820765
324211,549285,-106.20616910848254
324211,2815314,-106.49796720025937
324211,3054535,-107.00955743761192
324211,3956781,-107.0840314392219
324211,8611752,-107.13600587463526
324211,107587,-107.19847957839895
324211,8019707,-107.23537242012888
324211,8422981,-107.23598315320405
324211,6024175,-107.24102974091223
324211,4380388,-107.36351039875474
324211,8015826,-107.50570768529558
324211,5820642,-107.51304882564251
324211,4324991,-107.54770011442481
324211,7512300,-107.57847733709738
324211,5506808,-107.82547271610804
324211,1853579,-107.84226749631095
324211,3336209,-107.84416040907816
324211,773677,-107.88743257241602
324211,8015822,-107.93373428786762
324211,1103528,-108.04252493117994
324211,8318356,-108.16533410004166
324211,1046558,-108.24881415780128
324211,5599361,-108.33167958409736
324211,1046549,-108.35208823806623
324211,1356527,-108.4955952243303
324211,7512294,-108.52975413854888
324211,5557321,-108.55926646847632
324211,6769412,-108.56215044371056
324211,7422190,-108.67773056856181
324211,6244566,-108.73414360068013
324211,5572076,-108.82917959432167
324211,5719719,-108.86432713881428
324211,6623290,-108.94596186070983
324211,5638200,-108.9572270478257
324211,6805367,-108.99074193372974
324211,6542185,-109.03983103624952
324211,7073895,-109.1219051398533
324211,1959777,-109.16572357269384
324211,3054541,-109.17877732731401
324211,4146088,-109.2418673406397
324211,5379930,-109.56983152103444
324211,107583,-109.57077801813531
324211,6542182,-109.57202011803462
324211,5715728,-109.57834706447613
324211,6758771,-109.59921336555188
324211,1769717,-109.74409068634367
324211,3059167,-109.82634911988458
324211,107584,-109.83691685370025
324211,5135363,-109.90997363811617
324211,1925370,-109.91729178562903
324211,92703,-109.98489328371319
324211,2700746,-109.9889374526897
324211,625217,-110.019694113019
324211,919280,-110.04515027172648
324211,4324994,-110.16689424088163
324211,107588,-110.19028042378116
324211,903754,-110.19333134106411
324211,3054540,-110.19804557297361
324211,3413988,-110.21740518306036
324211,2161448,-110.21740518306038
324211,919284,-110.24843442008631
324211,6623291,-110.25474820245788
324211,903749,-110.30675655239077
324211,903748,-110.3077011800363
324211,5684614,-110.30864572656866
324211,936195,-110.30935500873125
324211,3054538,-110.32374745105182
324211,6244559,-110.334117872979
324211,6244560,-110.34165386190128
324211,6542188,-110.39426315805281
324211,3059171,-110.43062461020824
324211,4452182,-110.48638277715732
324211,5898841,-110.54406300815151
324211,2683644,-110.54595559523668
324211,903753,-110.5651040269004
324211,5599357,-110.57052964118387
324211,4146085,-110.6059045654785
324211,7433691,-110.60778791750727
324211,1481659,-110.64360134975226
324211,2720545,-110.6580279536737
324211,5643278,-110.6693377302399
324211,6769410,-110.68040954572643
324211,4146081,-110.73772860763627
324211,1967858,-110.86119261232324
324211,5376570,-110.86403234798543
324211,4776224,-110.86687135073693
324211,156107,-110.86786959512145
324211,2927386,-110.89977443924282
324211,5571189,-110.91534918126413
324211,3413992,-110.92405995201393
324211,5268454,-110.9484339030291
324211,514609,-110.9576344170586
324211,6542183,-110.98653042849949
11096,5855684,-54.821120498787046
11096,7637797,-55.676249136018214
11096,4680203,-56.07187710366373
11096,6029408,-56.469083274241555
11096,5734833,-56.492247736172104
11096,4394898,-56.66092505903336
11096,8296006,-56.69376724318648
11096,418058,-56.69928433644364
11096,8606620,-56.75124638638437
11096,8606621,-56.75124638638437
11096,4266266,-56.79788332758352
11096,5734830,-56.80508725973716
11096,5855681,-56.9286408704812
11096,116485,-57.04061850673624
11096,5624376,-57.141443218374924
11096,4891507,-57.14483404998681
11096,5624373,-57.14586433168553
11096,5640446,-57.38408867283626
11096,1391574,-57.66145537551158
11096,8296002,-57.66662231089113
11096,4328289,-57.67436438064608
11096,1391575,-57.67745841352858
11096,6345912,-57.686730950639756
11096,8320882,-57.689304114298096
11096,4034809,-57.689818614632834
11096,6070834,-57.6934188821893
11096,4680197,-57.786516551192925
11096,116482,-57.79094600771239
11096,2883769,-57.79094600771239
11096,8296001,-57.79427463792307
11096,5623506,-57.79840818613475
11096,7552160,-57.79995753283549
11096,8790374,-57.8019376158242
11096,116480,-57.810791771965675
11096,5855683,-57.81336847176823
11096,5855682,-57.81542903518085
11096,2883768,-57.81594406548211
11096,8606624,-57.81644390092299
11096,418056,-57.83757830652701
11096,4891509,-58.055317283960285
11096,5734828,-58.06560067965451
11096,4891514,-58.06589201326449
11096,5624375,-58.0664076189296
11096,418053,-58.07671043842301
11096,6152054,-58.20730567605717
11096,6152053,-58.208334103508406
11096,1294904,-58.31583127588699
11096,2568674,-58.32099154557113
11096,1391573,-58.32511656829233
11096,4394897,-58.33129878980217
11096,1391571,-58.3419028583216
11096,7310612,-58.34313027222789
11096,2713637,-58.4419354569039
11096,2568676,-58.44245221716191
11096,7489875,-58.44658469776055
11096,7489867,-58.44658469776055
11096,4891508,-58.45690346411597
11096,5640445,-58.457934365383935
11096,2883770,-58.457934365383935
11096,2883771,-58.45844974960318
11096,418052,-58.45844974960318
11096,5754514,-58.462571230407164
11096,1868423,-58.531236248237796
11096,4394901,-58.74422132072226
11096,311066,-58.85822723684775
11096,5640454,-58.90938637032918
11096,8792078,-58.98714856815154
11096,5530073,-59.08946408798129
11096,1244079,-59.08959609784194
11096,5649244,-59.09217900933963
11096,4266263,-59.095277036137546
11096,4034810,-59.10249955061637
11096,4034813,-59.11074322103292
11096,5530070,-59.13393240647544
11096,1967639,-59.195778600381885
11096,5734829,-59.302053292709324
11096,6000682,-59.35037426084894
11096,2578283,-59.355019901921374
11096,4296475,-59.40269419716224
11096,2241267,-59.405788495985355
11096,5530068,-59.41911781129815
11096,5843687,-59.52648589689035
11096,7310605,-59.532658578178584
11096,5734834,-59.53368674128204
11096,5640448,-59.535742539080175
11096,5754511,-59.535742539080175
11096,4394902,-59.53985202273013
11096,5327717,-59.54908808280949
11096,2883772,-59.55011343463584
11096,5640447,-59.58318351114164
11096,1967637,-59.5986152215078
11096,2720039,-59.67453632357301
11096,4394900,-59.699792357016065
11096,2597275,-59.71030095675664
11096,8296004,-59.72475717777072
11096,2689155,-59.72743303730259
11096,6348253,-59.72743303730259
11096,8005609,-59.73105410166052
11096,8167033,-59.73363923888513
11096,4296473,-59.735189786754006
1134787,8108984,-24.787266945114716
1134787,5828295,-25.792264787686626
1134787,7014316,-26.098564577908746
1134787,5985558,-26.197654216070585
1134787,1924234,-26.210012501968997
1134787,2334691,-26.258566016087318
1134787,7037499,-26.268961786771342
1134787,4733435,-26.27719626866601
1134787,4352105,-26.37888643053885
1134787,3629048,-26.415962712028296
1134787,3051154,-26.444658293022513
1134787,2857318,-26.486108873308396
1134787,2616900,-26.488684135499447
1134787,3089111,-26.616760578533892
1134787,2369057,-26.636310822215798
1134787,4733434,-26.680254675038555
1134787,5999746,-26.684102539574003
1134787,8548892,-26.771099235153862
1134787,2362,-26.78081417017499
1134787,138831,-26.785945753749612
1134787,5814766,-26.790812641205108
1134787,1243171,-26.796840952635172
1134787,4599193,-26.817665799728818
1134787,6874894,-26.823552771790588
1134787,6390595,-26.880744218263708
1134787,8460950,-26.881776893850272
1134787,5304656,-26.941206598422113
1134787,7595842,-26.957405870164823
1134787,6211275,-27.02333890092099
1134787,434612,-27.030277518689697
1134787,3760959,-27.078326986875922
1134787,1924235,-27.081414386271938
1134787,4199564,-27.13516763012803
1134787,8108983,-27.151291459267934
1134787,1774260,-27.164419118613594
1134787,4312902,-27.18285349939438
1134787,8686361,-27.18618774500126
1134787,8686363,-27.187981574282162
1134787,8686360,-27.19284513957203
1134787,8460944,-27.292356560338135
1134787,1525576,-27.297773679903223
1134787,980782,-27.30318103536863
1134787,8108978,-27.303952719702547
1134787,302638,-27.31499177099178
1134787,3860675,-27.328864260626926
1134787,6836426,-27.341234030671068
1134787,4312900,-27.359848043967514
1134787,5065516,-27.361131763006686
1134787,6098702,-27.361131763006686
1134787,7277183,-27.36626115308961
1134787,2662173,-27.433125270951336
1134787,5142636,-27.434674284350294
1134787,2719922,-27.44364614653315
1134787,6553323,-27.45112564627224
1134787,138840,-27.454729776008158
1134787,138834,-27.45498704823663
1134787,2648881,-27.455244298404004
1134787,5985554,-27.459100406151837
1134787,138835,-27.46064146249421
1134787,286372,-27.460898228272622
1134787,7400014,-27.464490643574493
1134787,2354,-27.469615214570247
1134787,4540884,-27.55031022947199
1134787,5982771,-27.553406657673225
1134787,6899119,-27.556499893213584
1134787,2785778,-27.55958994267006
1134787,3761081,-27.560104641615332
1134787,1283202,-27.567038891633686
1134787,168994,-27.570902614391883
1134787,511937,-27.576303479988844
1134787,5814768,-27.58477095853991
1134787,4254376,-27.621144564355802
1134787,8374196,-27.623985278017543
1134787,168999,-27.62785464862051
1134787,4247586,-27.62914333057644
1134787,138833,-27.629401000552892
1134787,5814759,-27.63506414802628
1134787,4733436,-27.637891717896636
1134787,29146,-27.681563124875716
1134787,5501852,-27.6836281206982
1134787,2369063,-27.691873919246454
1134787,8686362,-27.69958382557419
1134787,7014318,-27.72906997865579
1134787,8645860,-27.801270349390798
1134787,5724811,-27.8300104849876
1134787,4002969,-27.830785892511646
1134787,7126598,-27.833369137743723
1134787,673848,-27.83362733996786
1134787,5610636,-27.83672403452168
1134787,3811016,-27.83775555611214
1134787,2924099,-27.8385289646136
1134787,1573474,-27.838786723145567
1134787,6948200,-27.83904445953295
1134787,1981413,-27.840332809434223
1134787,302637,-27.840431428415016
1134787,6820735,-27.840431428415016
1134787,8506615,-27.84084799451573
1134787,2924193,-27.841105553883317
1134787,6051335,-27.841620606291166
1134787,168995,-27.841620606291166
89928,6332097,-77.06685981767191
89928,3023983,-77.45786458597738
89928,5566599,-78.49254958395264
89928,2305811,-78.85505881581987
89928,124056,-78.98628583008097
89928,124057,-78.98937058371648
89928,6207082,-79.39312528536084
89928,3171367,-79.69224687964491
89928,1161324,-79.85652419435053
89928,2596465,-79.87088290011681
89928,2596463,-79.87397294933045
89928,6812976,-80.27655860206045
89928,6703726,-80.50052812888319
89928,128424,-80.61978783752912
89928,6574104,-80.63751074947041
89928,8490798,-80.92062892163987
89928,17185,-81.5100561006029
89928,160354,-81.56749887097801
89928,3560543,-81.64980239585671
89928,1004626,-81.68277732578612
89928,1203367,-81.72031887523168
89928,2587807,-81.78097852802111
89928,1924856,-81.79177800199379
89928,160361,-81.7935053487017
89928,1701358,-81.7935053487017
89928,2587805,-81.79455387848898
89928,152593,-81.79455387848898
89928,941674,-81.80431681014959
89928,4736793,-81.90864900335961
89928,2594247,-81.91188106604046
89928,5510566,-81.91987162133175
89928,6050436,-81.93044279117747
89928,5413161,-81.94553749705905
89928,5536137,-82.00195174879613
89928,8404955,-82.03773520543177
89928,8271554,-82.13721505236683
89928,2596462,-82.14237996477374
89928,8033312,-82.14275772141578
89928,587526,-82.15278380945121
89928,4514207,-82.1597749069623
89928,8135809,-82.17892891271867
89928,6193902,-82.22516914672732
89928,4056110,-82.30880119145213
89928,5337926,-82.31911393694435
89928,7326099,-82.31911393694435
89928,4157849,-82.35364611956379
89928,5804235,-82.44934141780391
89928,81140,-82.46603921083175
89928,8404959,-82.47001616496458
89928,454264,-82.57371650131915
89928,5721803,-82.58289132971937
89928,2029370,-82.8079353167449
89928,224557,-82.83494572766352
89928,5527169,-82.84943697765867
89928,6453382,-82.92251124021465
89928,1168681,-82.92996358951312
89928,6511751,-82.92996358951312
89928,4157848,-82.9964151935846
89928,128418,-83.07136818262335
89928,5337923,-83.137785738096
89928,5721801,-83.14379667891104
89928,1509484,-83.17106437288922
89928,1387892,-83.237866250564
89928,6647793,-83.24110866778074
89928,6205628,-83.24383906232892
89928,4344285,-83.26102406978136
89928,6151496,-83.27147502325015
89928,7240369,-83.28736444112073
89928,6438803,-83.34400474069281
89928,5641534,-83.37215599884601
89928,378438,-83.3985065829463
89928,1191494,-83.40551399827027
89928,1424369,-83.46046575939765
89928,5242644,-83.46246147479474
89928,2596469,-83.47693980710878
89928,5535597,-83.56021442868285
89928,4774142,-83.6307059920515
89928,214701,-83.64989999014065
89928,282355,-83.65094004286921
89928,1108311,-83.65569073317434
89928,6337617,-83.65813759426678
89928,250740,-83.67036698475977
89928,4056115,-83.67137595231941
89928,2432564,-83.76559382920944
89928,956194,-83.78929664458678
89928,180548,-83.79843616866502
89928,5804238,-83.7996174223293
89928,5569923,-83.80112334163752
89928,5804239,-83.81609140006881
89928,8404962,-83.84495023889858
89928,5510902,-83.84544124441663
89928,5468261,-83.84853049813476
89928,4901000,-83.8602786071269
89928,6256496,-83.89866105710743
89928,4535450,-83.89866105710743
89928,8304824,-83.90624911994146
89928,587527,-83.90861380245101
89928,6438801,-83.92856275272437
89928,6337615,-83.93231788560084
89928,6915092,-83.93231788560084
499920,923337,-27.865892797900266
499920,2635068,-28.236346257001955
499920,6359874,-28.237376981181715
499920,6811559,-28.24303964276878
499920,1603317,-28.24509614525285
499920,6592098,-28.24535310896973
499920,6334551,-28.48515612953865
499920,1272524,-28.516188833467716
499920,3629732,-28.517734654203892
499920,1603316,-28.52211015902044
499920,3830082,-28.672441669132617
499920,2806546,-28.874714854905704
499920,930535,-28.874714854905708
499920,348450,-28.884776956909782
499920,117058,-28.88580706173307
499920,3930497,-28.886321981535573
499920,6627012,-28.887608894508517
499920,8491534,-28.888895255669823
499920,8205584,-28.8942919574284
499920,7927713,-28.89662040288158
499920,7595045,-28.897395743605067
499920,954455,-28.899720564193608
499920,1559283,-28.90023694642101
499920,1442870,-28.90049510420721
499920,7307020,-28.901269444301676
499920,1603314,-28.901269444301676
499920,5843332,-28.901527513257857
499920,1734017,-28.902301586953968
499920,8534250,-28.90333337462224
499920,3299935,-28.90333337462224
499920,2369589,-28.90333337462224
499920,2127728,-28.90436480755058
499920,1297893,-28.904880391063486
499920,5908874,-28.904880391063486
499920,4585853,-28.905395885982834
499920,5843331,-28.90668423588411
499920,1603312,-28.90694183948385
499920,5849927,-28.90694183948385
499920,6811560,-28.90719942096562
499920,3236851,-28.907972032741057
499920,1406918,-28.909259277028276
499920,5446606,-28.90951665961908
499920,4615759,-28.90951665961908
499920,2309850,-28.90951665961908
499920,6811558,-28.909774020129838
499920,5887828,-28.910031358564346
499920,1437539,-28.910031358564346
499920,4229289,-28.910803241448242
499920,3779088,-28.91234641166822
499920,2579441,-28.91260352954836
499920,115018,-28.913117699208467
499920,1202942,-28.917741264892083
499920,3478672,-28.917741264892083
499920,2185035,-29.152490121040767
499920,712128,-29.15481654415275
499920,6502706,-29.15584993117502
499920,37044,-29.15662473790809
499920,3821088,-29.15688296235694
499920,2600801,-29.157141164581084
499920,8493610,-29.158431842465006
499920,501588,-29.158431842465006
499920,4575936,-29.158947958179418
499920,613248,-29.160753664264995
499920,2745965,-29.16152720571391
499920,240829,-29.163846634047438
499920,2590659,-29.164361819128942
499920,2441188,-29.165391923952228
499920,2657730,-29.16616427051698
499920,7683052,-29.16693641829317
499920,6200257,-29.167965639611573
499920,2718615,-29.167965639611573
499920,6669899,-29.16848011788899
499920,7940093,-29.168994507952235
499920,6534681,-29.168994507952235
499920,7678828,-29.169765927711687
499920,8086262,-29.171822077822593
499920,94084,-29.17284962465024
499920,3629729,-29.53885018130822
499920,1772199,-29.54117901235204
499920,2652101,-29.54117901235204
499920,5310260,-29.541437659798486
499920,1618495,-29.54195488780249
499920,1294015,-29.542213468367734
499920,2516500,-29.542213468367734
499920,3714132,-29.54247202664693
499920,6618106,-29.54273056264392
499920,934234,-29.54273056264392
499920,934235,-29.54273056264392
499920,6491305,-29.543247567806635
499920,3034570,-29.543506036980038
499920,3144612,-29.543506036980038
499920,569428,-29.543506036980038
499920,6901208,-29.54350603698004
499920,1692097,-29.543764483886587
499920,6743483,-29.543764483886587
499920,6648892,-29.54376448388659
499920,6726617,-29.544022908530124
499920,1985711,-29.544022908530124
499920,7402973,-29.544281310914474
499920,3130782,-29.544281310914474
527433,6186391,-52.14566356834637
527433,269423,-52.929448066823284
527433,1317224,-53.402138372462296
527433,4903731,-53.51631562298468
527433,1251475,-53.625024977776405
527433,422228,-53.66485855756782
527433,2331982,-53.83875847434486
527433,269430,-54.02184629924914
527433,1251481,-54.02525062155504
527433,7514088,-54.03947465349928
527433,4351171,-54.398947589008976
527433,269428,-54.57624416603107
527433,422236,-54.62829432796069
527433,2331984,-54.83085676766304
527433,1993691,-54.875645883820354
527433,653103,-54.87926227133104
527433,5878263,-55.00432968388367
527433,6186396,-55.17227923556572
527433,5501454,-55.26717742462661
527433,1993699,-55.360314825605684
527433,6708088,-55.37602403113764
527433,8338588,-55.39253548347099
527433,2981253,-55.40378587797737
527433,2331983,-55.41869916715268
527433,422229,-55.42795105148696
527433,1251478,-55.44308016860217
527433,6038411,-55.64608988207539
527433,4958693,-55.65618188350327
527433,5466810,-55.65781310650308
527433,3136613,-55.65819180485448
527433,269426,-55.66390800228254
527433,6743092,-55.67911973177835
527433,7887794,-55.68023948836128
527433,1317225,-55.79963154058876
527433,269424,-55.807353019373664
527433,5603305,-55.82812008625538
527433,4351170,-55.914549011144715
527433,269429,-55.96602624048555
527433,8617271,-56.02006717218082
527433,5466807,-56.04379831925365
527433,1664523,-56.04431317277815
527433,2496224,-56.07032762359176
527433,278402,-56.083227747242184
527433,8617275,-56.22737563390553
527433,4402993,-56.25959124150032
527433,1511550,-56.26628261546953
527433,269425,-56.2933477801272
527433,5603301,-56.30724883149798
527433,2981256,-56.336559751476585
527433,8306449,-56.35146196588289
527433,2193553,-56.46776982644987
527433,5603306,-56.490192290505696
527433,314447,-56.560767552139495
527433,4958697,-56.59329603616138
527433,1101462,-56.62432952258982
527433,6186394,-56.63785531460202
527433,6045939,-56.671978307758756
527433,6226697,-56.73412246639212
527433,3368120,-56.745812642193535
527433,8761456,-56.769263181267085
527433,653104,-56.78448160556107
527433,5603298,-56.79788332758352
527433,422232,-56.813823279369174
527433,4958696,-56.82457548560327
527433,4402995,-57.00170302893643
527433,1251480,-57.01098592705175
527433,5672164,-57.01304684435195
527433,2496227,-57.01947865261131
527433,1251477,-57.127561226201436
527433,2491651,-57.12807594722295
527433,2331989,-57.160783569746016
527433,5331575,-57.20328804613089
527433,6743093,-57.2296348952663
527433,3786813,-57.27199060874985
527433,1101457,-57.276124512955136
527433,5479497,-57.2776739930271
527433,4903729,-57.298295581768585
527433,269422,-57.30703834054111
527433,8322920,-57.31447299208516
527433,2111678,-57.342460114818806
527433,7514089,-57.34950868539531
527433,7753370,-57.409719252078936
527433,4402992,-57.41100912608029
527433,6186395,-57.43111258309107
527433,3124961,-57.56186285852749
527433,834716,-57.579386687052846
527433,8306451,-57.65835307715648
527433,5629888,-57.663005923380446
527433,1753605,-57.66450147761191
527433,1753610,-57.66553087550246
527433,1511554,-57.66610581753636
527433,301247,-57.66765516423711
527433,1268440,-57.67281676568412
527433,6186393,-57.694961192921994
527433,2696897,-57.756145280302746
527433,6075064,-57.775985722078914
527433,1993692,-57.78321258623586
527433,5039365,-57.7919763778754
527433,4309031,-57.793757744109975
527433,1511556,-57.79403658752197
40578,965327,-48.45274633076275
40578,2627883,-48.65957579439184
40578,1471240,-49.009296023973405
40578,2627881,-49.71419125853205
40578,2276243,-50.09942900847426
40578,3808877,-50.09942900847426
40578,965329,-50.09942900847426
40578,2627882,-50.906213982156196
40578,2208668,-50.906213982156196
40578,6752471,-51.357010045117065
40578,3919066,-51.57011397086663
40578,597905,-52.613152873776286
40578,1249073,-52.74880256817594
40578,2820143,-52.91104727148783
40578,5462144,-52.99279580976148
40578,6511213,-53.18255937567245
40578,3986726,-53.183337885981125
40578,5314006,-53.427649480435264
40578,3665696,-53.544255501517604
40578,4397665,-53.615374810458874
40578,6184945,-53.62682234140723
40578,8602576,-53.86993044671917
40578,5756872,-53.86993044671917
40578,2208667,-54.11834333656402
40578,2892827,-54.36468226989855
40578,5489549,-54.49285296098691
40578,1538093,-54.728121525347724
40578,5865248,-54.741493379711926
40578,5314008,-54.748999163702855
40578,6409607,-54.75260313848042
40578,1249077,-54.78842298194186
40578,5633864,-54.7904824844206
40578,2883122,-55.002040081062205
40578,1844463,-55.0113094348236
40578,1471242,-55.01316147878576
40578,3989227,-55.02248122228994
40578,2085002,-55.254162347302056
40578,7999682,-55.284716319269656
40578,7309245,-55.28780610331054
40578,462483,-55.29295221016757
40578,2548663,-55.409432994556035
40578,965331,-55.41959361838444
40578,41814,-55.63163614851926
40578,5989589,-55.66025733377937
40578,5749105,-55.66232215188067
40578,41806,-55.665933874609436
40578,2599764,-55.67830044460311
40578,2085004,-55.68809034279728
40578,5729176,-55.712804407241684
40578,6573420,-55.76899532805038
40578,5462149,-55.82914780049036
40578,5532406,-55.853283816193624
40578,2820141,-55.926161403469436
40578,4898841,-55.93185855870913
40578,6001469,-55.978500136216056
40578,7352874,-56.03194447836255
40578,1844465,-56.0417384632517
40578,199436,-56.04379831925365
40578,4213472,-56.04920578496869
40578,2871930,-56.06261557109437
40578,6602106,-56.071881743691016
40578,2058640,-56.079592637673684
40578,965330,-56.08980600366594
40578,6629653,-56.101755334595026
40578,6573416,-56.15382998860434
40578,1452951,-56.25911492642862
40578,1814234,-56.269882574435144
40578,3326791,-56.303269356313386
40578,2469487,-56.30378593860526
40578,7630242,-56.30636818313204
40578,4302053,-56.30752291194874
40578,2898440,-56.30946541032219
40578,6697499,-56.316686062255684
40578,2638510,-56.31771687496814
40578,1956403,-56.31823221492104
40578,6017784,-56.35600639146652
40578,6013708,-56.36487405782086
40578,6511212,-56.439473403673276
40578,1397076,-56.46805166398138
40578,6635059,-56.47063035713939
40578,2892824,-56.480918425392815
40578,6300980,-56.48402172526946
40578,1538096,-56.48659356537468
40578,5995702,-56.487107801134954
40578,4514591,-56.4901922905057
40578,2902124,-56.52858715119123
40578,6187619,-56.52858715119124
40578,4397658,-56.626045425767806
40578,2110371,-56.64445892004002
40578,7042774,-56.65629852305128
40578,5449844,-56.690150544261876
40578,5633865,-56.69454307589239
40578,5530417,-56.71027301771815
40578,6450856,-56.71181810862954
40578,5696107,-56.723136634061426
40578,2627886,-56.73964049005435
40578,3287149,-56.743924872741026
40578,2892822,-56.751246386384366
40578,6204674,-56.75268189278826
40578,2300770,-56.758459597732895
694342,6305089,-43.5378570814756
694342,2593464,-45.28010610455873
694342,2103210,-45.474350638226255
694342,6816088,-45.6396507055897
694342,6816086,-45.64007890509668
694342,4126792,-45.73280216133872
694342,2680407,-45.771096565145555
694342,1634423,-45.876432402815794
694342,6415307,-46.00593807255294
694342,7048339,-46.00679841342211
694342,7490499,-46.00679841342212
694342,1634429,-46.09296528708474
694342,4059045,-46.11538775114056
694342,2481837,-46.232659284830305
694342,3567714,-46.370398464070846
694342,1014280,-46.76631551067289
694342,5565594,-46.84269088353753
694342,8617643,-46.92926844361275
694342,7800003,-47.04933818726519
694342,3543537,-47.082358945004486
694342,7206967,-47.18310848609161
694342,5791447,-47.18525076791157
694342,5902573,-47.18610742370079
694342,4768604,-47.190818740925586
694342,4150165,-47.194259216535045
694342,401008,-47.23909586279794
694342,401010,-47.23952586675424
694342,938276,-47.29555581057598
694342,5813991,-47.30973253932282
694342,7548960,-47.31230581335611
694342,4126789,-47.31744839178378
694342,4284578,-47.34607867316625
694342,5791444,-47.35484662200012
694342,6881291,-47.40778151800825
694342,1237047,-47.415521257950545
694342,5133691,-47.42503749145947
694342,7948318,-47.42632961468353
694342,1634430,-47.43837335647364
694342,6476028,-47.442238406310516
694342,3985761,-47.4469583023084
694342,1025276,-47.44736182344399
694342,4675850,-47.452530623027805
694342,3911489,-47.45595857770881
694342,1447491,-47.45939314504546
694342,1447496,-47.46025141837329
694342,8069855,-47.46068049979605
694342,4126788,-47.46454057650306
694342,4334382,-47.46539796678064
694342,383186,-47.57514067279514
694342,8473145,-47.68176910766712
694342,790996,-47.6847838022407
694342,7536291,-47.73908394110721
694342,6272578,-47.74839129780324
694342,932112,-47.75110493210308
694342,3242136,-47.82587722917688
694342,5278925,-47.84681419557968
694342,1425649,-47.8592693206445
694342,6278601,-47.88862501727832
694342,544744,-47.90341300592414
694342,6816090,-47.91072496098129
694342,1995879,-47.925745400059114
694342,4057768,-47.98478441557966
694342,3242134,-47.986926330312805
694342,2544617,-47.986926330312805
694342,3913880,-47.98778283935535
694342,5225241,-48.03240472192624
694342,8069849,-48.060373225101095
694342,4360587,-48.068217361081935
694342,7135793,-48.072095401228765
694342,8647137,-48.07597043586748
694342,1737040,-48.07683114698913
694342,7788563,-48.07855212486574
694342,1291896,-48.08027251059319
694342,2680597,-48.08027251059319
694342,4135607,-48.081992304578826
694342,4675847,-48.089294836848225
694342,8106936,-48.12371963545034
694342,7567735,-48.1246786720714
694342,4438907,-48.12682906175515
694342,4830378,-48.13616193537186
694342,4830376,-48.137447304451236
694342,4133414,-48.14099848591228
694342,5791450,-48.14142723619122
694342,3242135,-48.23208217055966
694342,6857081,-48.274757753544556
694342,1583686,-48.28292221332459
694342,6415305,-48.295029457918915
694342,8069853,-48.29890015948332
694342,101063,-48.31263843693293
694342,3170315,-48.314781637020616
694342,3543536,-48.31521016682083
694342,1919611,-48.37142235052919
694342,8516627,-48.3735738505882
694342,153446,-48.3735738505882
694342,48240,-48.374434191457375
694342,7421761,-48.40469368622048
694342,8745212,-48.4081335700881
694342,4069423,-48.4094229166544
694342,1354647,-48.414576980660385
694342,6786797,-48.41801007409816
1125225,98239,-23.184166008850028
1125225,98237,-23.927914526358222
1125225,3915090,-24.93922116567422
1125225,7162698,-25.911520791830714
1125225,3435457,-26.09549816488526
1125225,6192781,-26.098067692163703
1125225,3546821,-26.100635020501947
1125225,98235,-26.114167473697762
1125225,98244,-26.114167473697762
1125225,6321989,-26.359906258093222
1125225,5260206,-26.512393402128026
1125225,6738498,-26.552013336435113
1125225,6738499,-26.58368387232229
1125225,7166844,-26.628911757654926
1125225,840575,-26.674498066135016
1125225,6192778,-26.67794358511702
1125225,3226954,-26.689225360418725
1125225,3435452,-26.776959713893913
1125225,6201338,-26.783124469087817
1125225,681074,-26.890025526423752
1125225,3435449,-26.893884279463947
1125225,3277746,-26.895683333729362
1125225,6192777,-26.89671088055701
1125225,3435451,-26.901843342053677
1125225,3101058,-26.952514340864727
1125225,4313512,-26.95302961443332
1125225,6321992,-26.957663098274868
1125225,5431291,-26.96203260503612
1125225,3435450,-26.975081195947276
1125225,6201335,-27.026938705934956
1125225,5471146,-27.03617556141416
1125225,6201336,-27.063479035744695
1125225,6561661,-27.146469690707214
1125225,6283671,-27.164162264900185
1125225,661025,-27.171540784053075
1125225,5785871,-27.174115604188305
1125225,5107337,-27.179258624228492
1125225,6738505,-27.181826831691026
1125225,7978269,-27.18259686540562
1125225,681079,-27.30034982666144
1125225,3922365,-27.30189445353946
1125225,1716065,-27.302409152484735
1125225,5511299,-27.308321852131307
1125225,6494128,-27.339947890101932
1125225,444836,-27.34097684666433
1125225,2984532,-27.343625942435967
1125225,2678793,-27.350589015502063
1125225,6201334,-27.352649048371866
1125225,917670,-27.361901730843368
1125225,1549512,-27.444162573206142
1125225,8554269,-27.4444207532094
1125225,681073,-27.44446617265482
1125225,1611666,-27.44519515993211
1125225,5353892,-27.445237856988737
1125225,3546817,-27.44883642827351
1125225,6738497,-27.449064197851875
1125225,8455836,-27.450095099127452
1125225,5471150,-27.451404196098654
1125225,1675637,-27.45189832437881
1125225,1737157,-27.451917486031725
1125225,1875616,-27.452413332577287
1125225,3277752,-27.45807259529324
1125225,2194336,-27.458838318233525
1125225,5585829,-27.459357303855327
1125225,661029,-27.461925071680472
1125225,6030071,-27.461925071680472
1125225,661027,-27.464490643574493
1125225,6262411,-27.558302808839887
1125225,3546820,-27.55881772864239
1125225,3913465,-27.559075155404635
1125225,4121029,-27.561104835105603
1125225,6192782,-27.56190539283989
1125225,4922901,-27.56213768845924
1125225,6192780,-27.56216255480065
1125225,4406282,-27.5626539818184
1125225,1531262,-27.5665309387568
1125225,3291604,-27.574761367432075
1125225,661028,-27.575018441246694
1125225,252732,-27.583745869475322
1125225,4415340,-27.584514719109627
1125225,4791453,-27.623985278017543
1125225,5506013,-27.625533625191345
1125225,5797541,-27.62991627412148
1125225,325211,-27.629916274121484
1125225,7633196,-27.63043145920299
1125225,5127783,-27.63120407097843
1125225,7162695,-27.635321309987038
1125225,5127782,-27.637377812471108
1125225,4903118,-27.637891717896636
1125225,4220022,-27.65147823324018
1125225,5932214,-27.682337664889317
1125225,5932217,-27.68259580046228
1125225,681072,-27.692131235608507
1125225,6545709,-27.69624529863272
1125225,5517472,-27.70112343198195
1125225,5353886,-27.702149397468215
1125225,2247908,-27.83620814069136
1125225,1202649,-27.836724034521684
1125225,7643074,-27.83681332713483
1125225,6310606,-27.83888134786246
1136427,8387944,-44.89207340734093
1136427,3689945,-45.261233058809744
1136427,2381167,-45.33034186866092
1136427,494315,-45.56541937782113
1136427,920543,-45.567465102501146
1136427,8387948,-45.94637611198961
1136427,735510,-46.437179563495135
1136427,4860940,-46.54849180073732
1136427,8387945,-46.76201491606561
1136427,7612575,-46.771644561531666
1136427,4315630,-46.77475195512238
1136427,6031460,-46.77604454537557
1136427,3118638,-46.78219562496754
1136427,1367555,-46.82912261508043
1136427,3689949,-46.85944912161404
1136427,6821492,-46.86426472134538
1136427,118587,-46.96785385768078
1136427,5366012,-47.00832766486247
1136427,2373131,-47.037295481470146
1136427,1874201,-47.1779632616917
1136427,7612574,-47.22953844636321
1136427,1904650,-47.38952491301772
1136427,7633381,-47.4070690909522
1136427,7239533,-47.42719084469435
1136427,6776396,-47.45939314504546
1136427,920551,-47.47481956901337
1136427,8083831,-47.49550026295246
1136427,2269010,-47.52749454877402
1136427,908560,-47.609767598425705
1136427,7490627,-47.63972873124503
1136427,6581298,-47.682630634467046
1136427,7164729,-47.740679412261144
1136427,3787702,-47.741965552817675
1136427,5485411,-47.854977953752446
1136427,6041564,-47.854977953752446
1136427,1236315,-47.89762800355682
1136427,2516336,-47.98435592250385
1136427,908559,-48.071962406857075
1136427,3189929,-48.07338741315692
1136427,1310990,-48.08714814015207
1136427,3249120,-48.091869656882295
1136427,3249118,-48.10074219539815
1136427,2232611,-48.102156255784486
1136427,1420728,-48.11159645494485
1136427,2742938,-48.383888183427665
1136427,3462011,-48.38517598027195
1136427,4412123,-48.490430296906105
1136427,4469468,-48.50031699006362
1136427,5515619,-48.51446818563653
1136427,494310,-48.54444145194003
1136427,4811671,-48.54616480249521
1136427,7391908,-48.547456925719274
1136427,4677421,-48.5483181557301
1136427,1302848,-48.549179237423054
1136427,1890621,-48.55305227097644
1136427,2080294,-48.75744279039142
1136427,1989313,-48.75744279039142
1136427,8227030,-48.76614112528763
1136427,6606552,-48.7708756480572
1136427,3485930,-48.7734562266802
1136427,4407614,-48.78511748201588
1136427,238862,-48.789340431405094
1136427,3219365,-48.79587869073604
1136427,5639864,-48.81390554449352
1136427,6168925,-48.93390621870175
1136427,8639532,-48.93519878730127
1136427,826425,-48.949824592470016
1136427,284295,-48.955834569754714
1136427,3757150,-49.03371390207606
1136427,3143392,-49.04443397557864
1136427,137318,-49.05132085114553
1136427,4140498,-49.05166371322176
1136427,96979,-49.056479789893714
1136427,2516333,-49.061633411198095
1136427,7766091,-49.12523000284391
1136427,2080290,-49.15043583997437
1136427,224413,-49.15065393239402
1136427,4412131,-49.15646704789485
1136427,4412129,-49.15775850363093
1136427,5699481,-49.160340414818926
1136427,3708505,-49.16249098948562
1136427,685224,-49.16678936582386
1136427,1759932,-49.171084050128
1136427,8306667,-49.21566819940483
1136427,5485408,-49.22555326901792
1136427,5056977,-49.406222937660836
1136427,6493308,-49.40708387108698
1136427,1703436,-49.40708387108698
1136427,8804702,-49.41396600701175
1136427,7633382,-49.4208386831967
1136427,1570757,-49.435621350731004
1136427,5653728,-49.435621350731004
1136427,5694687,-49.435621350731004
1136427,3995396,-49.43605191011402
1136427,4251670,-49.43605191011402
1136427,3885807,-49.43648243242396
1136427,8304043,-49.43691291766718
1136427,680998,-49.43863448810073
1136427,7943916,-49.455061073241566
1136427,1803463,-49.47026422836471
1128856,8618712,-31.780280129648247
1128856,8618714,-34.35195373789094
1128856,8618711,-34.98998747176432
1128856,8618715,-35.76478559154677
1128856,8618708,-35.766507532545226
1128856,8618710,-37.04976427040136
1128856,8618713,-37.04976427040136
1128856,6403354,-37.152902567530894
1128856,6177653,-37.267198632247386
1128856,6588151,-37.35414295351764
1128856,6313945,-37.41393176072406
1128856,3202806,-37.41393176072406
1128856,8388483,-37.41393176072406
1128856,7601002,-37.4200688442622
1128856,8754489,-37.42763854364738
1128856,5493752,-37.43999450792687
1128856,4453033,-37.479653134987934
1128856,8314064,-37.48342129092568
1128856,3468489,-37.54802335151211
1128856,5136004,-37.63444143552419
1128856,8754488,-37.63478532039175
1128856,3883280,-37.636160564296205
1128856,6753650,-37.638222544014184
1128856,7104059,-37.641313521947296
1128856,5499179,-37.67776385890695
1128856,8413363,-37.678446260621435
1128856,8786679,-37.70521552236977
1128856,8310513,-37.70521552236977
1128856,5653542,-37.71148616499238
1128856,1718491,-37.723985606638365
1128856,4728617,-37.744312351401064
1128856,7151790,-37.74981995534513
1128856,1509001,-37.756693813184114
1128856,1474197,-37.77348501048194
1128856,1227972,-37.777244794742074
1128856,3448273,-37.790378469046104
1128856,325503,-37.86347745314559
1128856,1756202,-37.86485411698648
1128856,7087147,-37.86519820892806
1128856,3883279,-37.867606024080565
1128856,8128333,-37.86794987938647
1128856,3379265,-37.86898126798502
1128856,1465743,-37.869668712668904
1128856,7618581,-37.87893767096946
1128856,1492719,-37.88544741989656
1128856,8163500,-37.89023730696572
1128856,3448269,-37.89532515643544
1128856,6809633,-37.896728707286854
1128856,5493157,-37.90320200618713
1128856,6263444,-37.906280034349074
1128856,167947,-37.93394717603331
1128856,8631944,-37.94012674520758
1128856,5578360,-37.941841599299764
1128856,1086904,-37.94561169246024
1128856,3809687,-37.94629678233714
1128856,1109000,-37.95314123529603
1128856,8809502,-37.95314123529603
1128856,3066867,-37.95314123529603
1128856,867614,-37.95894982619615
1128856,2281565,-37.96236270832601
1128856,5714870,-37.99455822114018
1128856,2793800,-37.994902490772375
1128856,5714863,-37.994902490772375
1128856,7861392,-37.99524673077672
1128856,4948586,-37.996967486559186
1128856,4138544,-38.00556017920345
1128856,6177649,-38.00796282905516
1128856,1227973,-38.008649035450574
1128856,1908936,-38.011049831214926
1128856,8631938,-38.016874343156466
1128856,1268972,-38.03029815179597
1128856,2505021,-38.04815946456695
1128856,4277517,-38.052954683623376
1128856,68260,-38.05329697940137
1128856,6384086,-38.05329697940137
1128856,991554,-38.05363924589026
1128856,3902145,-38.05603429163876
1128856,3859522,-38.05637632399523
1128856,7544684,-38.06662371865042
1128856,2220607,-38.114369470342005
1128856,5578359,-38.123974716675185
1128856,5272863,-38.12465992390923
1128856,2191378,-38.124950123862085
1128856,1047602,-38.12529451205667
1128856,5606239,-38.12529451205667
1128856,5728207,-38.12529451205667
1128856,8824633,-38.12598319950618
1128856,2772843,-38.12701600840784
1128856,7896851,-38.12701600840784
1128856,7573448,-38.12736021878944
1128856,1817278,-38.12908082653462
1128856,5051695,-38.13045678004096
1128856,590905,-38.13045678004096
1128856,6997256,-38.130800694475255
1128856,7618577,-38.131144579342816
1128856,56799,-38.131488434648716
1128856,1611371,-38.13183226039804
1128856,7224300,-38.13217605659587
1128856,7012899,-38.13389459449028
1128856,8371382,-38.13423821348575
719381,5512425,-34.24484579714004
719381,7899946,-34.919204608528204
719381,1170657,-35.78070148284062
719381,168356,-35.793034105772364
719381,4012955,-35.81833028801685
719381,7605011,-36.06746468234947
719381,2672708,-36.238882762024936
719381,7605008,-36.426044130534514
719381,5605716,-36.42982881660193
719381,4279712,-36.460709907859105
719381,7174079,-36.56847018065616
719381,884757,-36.61011533256042
719381,168355,-36.83833642337248
719381,4075221,-37.106232708866116
719381,282648,-37.108297882343535
719381,884755,-37.11001804612963
719381,3923586,-37.127622186207304
719381,5250974,-37.13106443834094
719381,7809407,-37.28122924687134
719381,1663742,-37.29050537017511
719381,239168,-37.29084851752279
719381,5272893,-37.384784584370635
719381,1291318,-37.475538366895144
719381,3181656,-37.478624839724425
719381,3505457,-37.49432010071861
719381,1156185,-37.49500884745952
719381,7130336,-37.495353176362705
719381,7162491,-37.49810674104683
719381,7332885,-37.51811993968367
719381,5321732,-37.5191526597018
719381,1151062,-37.55486487781373
719381,3181650,-37.60490540694141
719381,7174086,-37.768045822494344
719381,1638828,-37.770804134172174
719381,5649848,-37.77218257706228
719381,1002002,-37.77631505786513
719381,1184645,-37.78009941841851
719381,5321343,-37.78113089567155
719381,8457590,-37.78422373247232
719381,351196,-37.794515951233834
719381,239637,-37.920626747556774
719381,5321345,-37.926136248010295
719381,7566456,-37.93095084369271
719381,7171307,-38.14266891018509
719381,1064918,-38.14370154133498
719381,7605010,-38.147829402179624
719381,5163235,-38.15475037419479
719381,5163231,-38.15509550525853
719381,6886792,-38.15736619207145
719381,1769553,-38.16268086434514
719381,974059,-38.165091374240916
719381,5244574,-38.16715637002772
719381,6726497,-38.16922030031267
719381,5117472,-38.331936063933696
719381,5981841,-38.42431876819105
719381,4443735,-38.4305073669346
719381,6297801,-38.438944256358305
719381,1257671,-38.45875537428107
719381,3655193,-38.47298755853971
719381,5349076,-38.555011313604254
719381,6010108,-38.55775684578758
719381,6898909,-38.62101959782003
719381,6970612,-38.626507837556616
719381,7689808,-38.681627633584284
719381,2860699,-38.68265875631078
719381,884751,-38.68986918247653
719381,3279104,-38.69055521233766
719381,962230,-38.80275788473758
719381,5244573,-38.803102896726955
719381,7605006,-38.80586192186587
719381,4471473,-38.80861904526153
719381,5981840,-38.80930802927019
719381,4806965,-38.81102997026865
719381,364132,-38.81137426953378
719381,5244577,-38.812062779170304
719381,6871197,-38.8124069895519
719381,2965600,-38.816535205411185
719381,8300188,-38.82134607856312
719381,569140,-38.831370603245965
719381,3279108,-38.83205840254783
719381,3526787,-38.83403274592128
719381,4925567,-38.841675195344536
719381,1527105,-38.96224361852994
719381,7898433,-39.007322273443435
719381,8801550,-39.01041883469495
719381,4591690,-39.014200268139746
719381,981065,-39.01626136245465
719381,1170653,-39.02723596486517
719381,4588267,-39.09561668044535
719381,7016786,-39.10613755602717
719381,2854135,-39.11039612292405
719381,3240061,-39.111299379899435
719381,7582511,-39.11267474202004
719381,2140494,-39.115080488389424
719381,4960464,-39.1175941916714
719381,3422711,-39.117828142258745
719381,7985673,-39.13290659367046
719381,4588272,-39.21133828554885
719381,4652584,-39.214092561240165
719381,6108552,-39.22213240201175
53175,4121702,-62.39282810068486
53175,5925083,-62.98219722512951
53175,6621349,-63.380547367546654
53175,4478435,-63.449715694453076
53175,8234472,-63.783591095914545
53175,7811556,-64.00775774321605
53175,6149031,-64.04181376303266
53175,8565386,-64.14855359905678
53175,7879977,-64.18136762032579
53175,3452829,-64.31544408405617
53175,6504857,-64.3205950663738
53175,4112338,-64.43012413964871
53175,3673118,-64.4529563955029
53175,577073,-64.70889927909785
53175,6501991,-65.06819480857607
53175,6878531,-65.11399965134852
53175,3036407,-65.15184105585303
53175,577068,-65.36156256912201
53175,3034367,-65.37955080957867
53175,6034376,-65.40137440976444
53175,7090732,-65.61924240099339
53175,5448758,-65.64051124479627
53175,1104819,-65.65876521407618
53175,8273885,-65.66116796696807
53175,8273888,-65.76564051724029
53175,2455235,-65.8613564917689
53175,2292413,-65.86736595274597
53175,4843665,-66.01179108205959
53175,6741003,-66.02937622405378
53175,6058070,-66.03661341586027
53175,6740997,-66.1359321329698
53175,5652638,-66.2909585161809
53175,5652641,-66.2909585161809
53175,301075,-66.31649648413294
53175,3575633,-66.3324932388928
53175,836090,-66.44396020481153
53175,2405002,-66.61917245202173
53175,7090733,-66.65378532984872
53175,8565375,-66.65739876157056
53175,3232768,-66.66462003401449
53175,3348179,-66.66639979298427
53175,844172,-66.66702547032418
53175,2426515,-66.67319517528998
53175,7378828,-66.67560537389694
53175,3564381,-66.6786169556261
53175,3421930,-66.67921911652385
53175,3007259,-66.68204074875888
53175,2951847,-66.85025146937782
53175,6961906,-66.87087755066239
53175,1755117,-66.94300186803687
53175,8273886,-66.95081785812984
53175,3735093,-67.05228018093948
53175,3962451,-67.07470264499531
53175,6441200,-67.07930075009754
53175,2541943,-67.11161417969036
53175,8260472,-67.21755087574576
53175,5188094,-67.26476353513175
53175,6238252,-67.26596121164225
53175,6311251,-67.30522998935066
53175,3735095,-67.32705044786769
53175,3538469,-67.3300599579658
53175,66596,-67.33246663479859
53175,8565385,-67.33341409740136
53175,5188095,-67.33549789770079
53175,3675012,-67.33586382292958
53175,4478428,-67.34568858716406
53175,1967129,-67.35468925702523
53175,2881226,-67.36331891212788
53175,301073,-67.37714945308633
53175,5358488,-67.4728469064449
53175,5818152,-67.47884869465167
53175,5925084,-67.48227408423283
53175,5925089,-67.49246960000909
53175,3575632,-67.53664123287561
53175,6151784,-67.58059972516072
53175,3656444,-67.66157523235441
53175,4863630,-67.71229972559131
53175,4128307,-67.71350441009604
53175,4733271,-67.71410667461097
53175,4733278,-67.71771917393855
53175,5995983,-67.72433725123558
53175,8565384,-67.7282091708741
53175,6636483,-67.7516208112131
53175,1439894,-67.78343190489446
53175,5098243,-67.80372553768697
53175,3896583,-67.93066904266209
53175,6874348,-67.93261528264864
53175,6636482,-67.9330701471937
53175,6754039,-67.93727009932024
53175,2883772,-67.94338884338433
53175,3589523,-67.96584682579956
53175,2171337,-67.97066680825935
53175,2090231,-67.97077930566455
53175,5658552,-67.9754834741126
53175,3914359,-67.97728886967617
53175,6034371,-67.98149964939891
53175,5960132,-67.9923157520891
53175,7745546,-68.00011700109626
53175,6058069,-68.00814702283154
53175,3575631,-68.09057441954623
131651,4386031,-42.43598958621659
131651,4386032,-42.43685081622742
131651,3514473,-43.05099599131291
131651,4386033,-43.09943760134696
131651,8195113,-43.33662520495086
131651,4636782,-43.37060876332386
131651,2062607,-43.630249550236684
131651,1658449,-44.121844673844436
131651,3514476,-44.15737371781271
131651,2062602,-44.45420869454509
131651,1370555,-44.485437940987765
131651,7951848,-44.51410646126441
131651,5294812,-44.55682202766142
131651,3456223,-45.122505246204376
131651,3587144,-45.139242309932534
131651,5512333,-45.20414985255809
131651,6211354,-45.26682963806081
131651,2062600,-45.3000814808119
131651,553275,-45.32689991280576
131651,2765412,-45.356210396718815
131651,4636784,-45.44805880391077
131651,3514472,-45.45922882479584
131651,3514471,-45.523134278229875
131651,5920283,-45.620419417040296
131651,7895092,-45.69011165663469
131651,1000281,-45.699964084223005
131651,7825212,-45.714292868347655
131651,1758089,-45.71903432976264
131651,3169276,-45.72075738337528
131651,3169273,-45.72075738337528
131651,7571052,-45.72334085096287
131651,6583821,-45.725062421396416
131651,8334294,-45.72635321033378
131651,3514470,-45.730547501227974
131651,7322148,-45.742674426066436
131651,3695982,-45.83018103172851
131651,1112351,-45.88202053249185
131651,1170649,-45.91774338709828
131651,1170650,-45.91902864604219
131651,2133747,-45.96542501938499
131651,7571050,-45.99948079301097
131651,7554990,-46.00378657249392
131651,7124341,-46.00679841342212
131651,3695976,-46.02483145916877
131651,7322146,-46.09317018373618
131651,8334291,-46.097695737776455
131651,867563,-46.10849909652437
131651,3816115,-46.14783874774117
131651,4386036,-46.14826952969684
131651,3311591,-46.15644734296535
131651,2062605,-46.175670559692065
131651,8334290,-46.22650441164228
131651,8043573,-46.3102662838368
131651,6418066,-46.372980375258834
131651,7753923,-46.37556095388183
131651,974426,-46.38463606914623
131651,3169272,-46.38549826447011
131651,3169274,-46.38549826447011
131651,626271,-46.393899991923405
131651,3273992,-46.397732672894776
131651,4954988,-46.398413384916466
131651,2062603,-46.40442904354025
131651,2133753,-46.41429622593049
131651,2840564,-46.565563856254016
131651,2133752,-46.56727760827374
131651,1490196,-46.646538702780276
131651,7554989,-46.64740008116008
131651,399863,-46.64783071470842
131651,5658054,-46.65084411150039
131651,8137505,-46.65084411150039
131651,578718,-46.65170474854606
131651,1812153,-46.653201083902346
131651,2890043,-46.65428577120453
131651,2133755,-46.65448568242955
131651,5062671,-46.657295281347146
131651,1370548,-46.672626580814736
131651,8137506,-46.75383358145808
131651,6555098,-46.75469540525172
131651,7895096,-46.75900229740642
131651,5981110,-46.76459571668725
131651,3350622,-46.77576381837261
131651,1502650,-46.781322740064894
131651,974420,-46.781322740064894
131651,4599677,-46.78486760607639
131651,3338454,-46.7897852974901
131651,6757205,-46.86196438141818
131651,737958,-46.912430741853825
131651,7628608,-46.91468779807908
131651,2133748,-46.92014659431478
131651,2133746,-46.936823539167875
131651,6476007,-46.94655564638549
131651,7941106,-46.94784521464519
131651,3816122,-47.02953839726687
131651,6629087,-47.035572724697744
131651,8605581,-47.039878504180706
131651,4599678,-47.041169515307786
131651,3968174,-47.04289034510889
131651,7000788,-47.04418057890642
131651,4658571,-47.04504054984152
131651,326733,-47.0463302289765
1037798,8760864,-34.35023652798718
1037798,1232012,-34.98452171879151
1037798,3620983,-35.11635049158492
1037798,7943228,-35.39182093841684
1037798,6155141,-35.4373712928736
1037798,8760867,-35.765130039053176
1037798,2787508,-35.76822873259243
1037798,5732889,-36.07954785051638
1037798,4114353,-36.22518329746831
1037798,7950016,-36.24582517362499
1037798,4114345,-36.248444546776696
1037798,1780966,-36.456929449111186
1037798,3681010,-36.61664858482088
1037798,8224675,-36.82768056666509
1037798,7623882,-36.86171143359549
1037798,4296396,-36.94762238530896
1037798,8760870,-37.06113888167859
1037798,4297405,-37.0980513788937
1037798,1787250,-37.10692121850265
1037798,5438881,-37.15302498177899
1037798,5904351,-37.279509083085244
1037798,2403951,-37.28157319087747
1037798,6526047,-37.28638530423314
1037798,1057610,-37.29839032104768
1037798,3426650,-37.303182257477296
1037798,6943532,-37.37996044933038
1037798,2940991,-37.3840957783281
1037798,2868741,-37.38650608072181
1037798,8387285,-37.39372828579971
1037798,3641634,-37.3975061478108
1037798,408449,-37.44786866100287
1037798,5732887,-37.451629087917325
1037798,5732888,-37.452312422248845
1037798,8385583,-37.452312422248845
1037798,8385584,-37.45299563986386
1037798,6155140,-37.4547031735282
1037798,7407776,-37.45538598294922
1037798,684596,-37.486843809594696
1037798,684595,-37.48821199752865
1037798,5748541,-37.496385985264375
1037798,811306,-37.50017067133179
1037798,2157456,-37.511573180590105
1037798,6526050,-37.63581679764479
1037798,452036,-37.67072969481338
1037798,6543291,-37.68587744570593
1037798,6412269,-37.70671106458434
1037798,6886352,-37.769050444015186
1037798,5753975,-37.771493414995504
1037798,3899548,-37.78456723343433
1037798,4092429,-37.88305032373552
1037798,2934328,-37.885447419896565
1037798,2536395,-37.93404288356221
1037798,6279828,-37.95382503689266
1037798,2010301,-38.02510832182346
1037798,1208969,-38.035385555708636
1037798,7755931,-38.10749443105166
1037798,811307,-38.107838463803795
1037798,1584154,-38.12705722530463
1037798,1208967,-38.12808420052594
1037798,5753978,-38.1388803135768
1037798,4092425,-38.14179037281404
1037798,1057605,-38.15195300760654
1037798,8760866,-38.15710154355907
1037798,5732886,-38.16285584408293
1037798,408448,-38.16285584408293
1037798,4092426,-38.16319869730768
1037798,4092424,-38.16319869730768
1037798,8385580,-38.163541521147856
1037798,3167284,-38.171283166194755
1037798,8087396,-38.17300140880266
1037798,6907802,-38.34087533949991
1037798,5753973,-38.41570757721031
1037798,5753977,-38.41605238101716
1037798,4168908,-38.41639715510415
1037798,2792856,-38.41846517579596
1037798,4297400,-38.4191542784998
1037798,3695191,-38.42018771001488
1037798,7780938,-38.42053212786283
1037798,7827293,-38.42122087460374
1037798,2249209,-38.42122087460374
1037798,2608688,-38.42397467624947
1037798,8553372,-38.43441272021127
1037798,5888975,-38.44648929301962
1037798,3315969,-38.44917313789415
1037798,4657680,-38.451913262848244
1037798,6886344,-38.45465151201604
1037798,4718,-38.454993661398674
1037798,6155139,-38.473673353163036
1037798,6149690,-38.55363784050654
1037798,831935,-38.55363784050654
1037798,6543295,-38.55466798954045
1037798,3014139,-38.56974644095217
1037798,6966723,-38.61655485167527
1037798,6966722,-38.61998971401957
1037798,7783409,-38.62170603973586
1037798,408455,-38.622735481783955
1037798,1512247,-38.625822219255795
1037798,1157577,-38.62890657657717
1037798,1489964,-38.630619081312716
1037798,7068989,-38.63096149429723
915593,2019722,-84.31479321704705
915593,5688163,-84.73028605626439
915593,1480482,-84.85667476527392
915593,82114,-85.13960499836904
915593,1815965,-85.15637514849215
915593,1772930,-85.16991876403793
915593,82107,-85.5914216560868
915593,691209,-85.83001425778377
915593,5532274,-86.0398133662315
915593,275732,-86.31898780867583
915593,2203205,-86.58131997021118
915593,552905,-86.77582630745738
915593,6923052,-86.83872786071433
915593,82106,-86.89474414064242
915593,316344,-86.94706088179356
915593,82109,-86.97025682081507
915593,5661702,-86.99816122126735
915593,3924449,-87.10821085418971
915593,8112072,-87.33188340229297
915593,5360535,-87.35370528453778
915593,1791108,-87.36692186591756
915593,6106066,-87.37788234195685
915593,8417908,-87.4001527680172
915593,6538193,-87.4001527680172
915593,8399023,-87.51620316944407
915593,7861747,-87.6361992874331
915593,5394896,-87.70887765008968
915593,6923055,-87.76335209807924
915593,6586234,-87.78112827863148
915593,3523599,-87.97309158513477
915593,82113,-87.99396516911314
915593,8103067,-88.00093303127385
915593,3319046,-88.15305964376951
915593,6220133,-88.25112756727646
915593,8103065,-88.25577340806171
915593,2656205,-88.26660438596194
915593,6101769,-88.4169393417165
915593,2656199,-88.4418948044399
915593,3675656,-88.44269099501065
915593,2656200,-88.44420589425984
915593,6521993,-88.4611868442371
915593,4509975,-88.47851348675181
915593,1618162,-88.62436379158123
915593,8178998,-88.64663728833972
915593,2923496,-88.6637975929983
915593,1666597,-88.67614931002416
915593,1602261,-88.72831427572623
915593,8179003,-88.90549646837603
915593,1820793,-88.91323155088699
915593,4656722,-88.95642558664306
915593,1974325,-89.06897618239562
915593,5705733,-89.07131696139251
915593,3069419,-89.09212374794485
915593,4566819,-89.09784374974215
915593,5639026,-89.10325063982737
915593,7674020,-89.11019758608904
915593,3890492,-89.28489567893449
915593,8736930,-89.28567035228104
915593,3069424,-89.2903195324186
915593,1503183,-89.33876596064643
915593,2486599,-89.36338005238012
915593,6453123,-89.37507252960705
915593,515990,-89.47779356550419
915593,3143377,-89.54283275044439
915593,3991910,-89.55057581872545
915593,4566084,-89.58837453034488
915593,4566085,-89.59839182619571
915593,670481,-89.60443877825965
915593,3538163,-89.63069294734977
915593,7655242,-89.64540154397187
915593,7324162,-89.6500306577701
915593,5931268,-89.66378744495277
915593,8178997,-89.75142719858533
915593,618088,-89.75450969801233
915593,4408497,-89.75913920867227
915593,3538164,-89.87860885020308
915593,4448610,-89.90426363659041
915593,5661706,-89.9248233502332
915593,6615901,-89.93307212387853
915593,8437025,-89.93384666388829
915593,1907207,-89.93539554396578
915593,8402971,-89.93694415753028
915593,4281478,-89.94313594849199
915593,1327466,-89.95668157849157
915593,5931265,-89.99464727385502
915593,5931270,-90.00549316879177
915593,5931271,-90.00626737566033
915593,2534054,-90.00704020291573
915593,7837086,-90.00936353731049
915593,3382376,-90.02863533894836
915593,5265818,-90.05259833175167
915593,3319953,-90.15350763200378
915593,4160027,-90.17516214993933
915593,5300865,-90.26639832793204
915593,8508353,-90.26729980948761
915593,1509447,-90.27194165670181
915593,6401264,-90.27445454368173
915593,2923494,-90.29897148703806
915593,693010,-90.31649041536596
915593,7926006,-90.3764058400164
264014,6641238,-60.041484252521876
264014,4239616,-60.65043178375564
264014,7313943,-61.24830012291881
264014,5611210,-61.67876743088886
264014,4909761,-61.68954099162455
264014,6333841,-62.28171207454605
264014,2616756,-63.355370287490246
264014,6556781,-63.36473935284829
264014,4425760,-63.37753428063711
264014,4425759,-63.38054430837575
264014,122118,-63.393773075423525
264014,96852,-63.54673523122175
264014,5998805,-63.636318273317045
264014,5302267,-63.88221828110726
264014,533393,-63.926096904577136
264014,5635521,-64.15954216207092
264014,6414343,-64.2975626385119
264014,5635519,-64.42892441044181
264014,2086747,-64.42952430074794
264014,1828150,-64.44674846030573
264014,1933319,-64.45501193646895
264014,7326934,-64.53167070968242
264014,579571,-64.69363242557874
264014,1311937,-64.703827941355
264014,5453223,-64.703827941355
264014,698061,-64.90952231594466
264014,4021598,-64.933172099317
264014,3469226,-64.9393822347616
264014,3372501,-64.94096466378959
264014,1697966,-64.94659235016005
264014,3995612,-64.94915214252411
264014,5668163,-64.95942499294252
264014,6806826,-65.05630300587828
264014,528372,-65.08817097144748
264014,4746661,-65.1003732922503
264014,6242495,-65.10756612060639
264014,1610709,-65.12647817054074
264014,6984669,-65.18691957877145
264014,198279,-65.25164621415102
264014,6722229,-65.26441305695246
264014,5672899,-65.26441305695246
264014,7295656,-65.28532215895027
264014,4834547,-65.2919819887371
264014,1804644,-65.29800333909506
264014,3987380,-65.31380203278535
264014,6228064,-65.31632110945188
264014,6152125,-65.31922194736985
264014,533395,-65.32463766870458
264014,1638584,-65.37578078072573
264014,2003504,-65.37914925446736
264014,6242497,-65.38274905912873
264014,6385595,-65.38754592079849
264014,5698122,-65.44806447881395
264014,7443134,-65.4516529036595
264014,3923164,-65.49529950481933
264014,3666584,-65.51564023954091
264014,6628753,-65.57156685095629
264014,5358524,-65.57758820131423
264014,5528663,-65.59742198866712
264014,4018134,-65.61648850629801
264014,5905214,-65.62551901497149
264014,2391694,-65.75462868389626
264014,6523490,-65.76947411555156
264014,1177730,-65.77611381081681
264014,5668154,-65.77851966049207
264014,1679653,-65.92013188871557
264014,1470362,-65.9299464317011
264014,1276752,-66.00398581827356
264014,6154785,-66.0189397564369
264014,2135606,-66.05903587991611
264014,1839010,-66.19543782322064
264014,2855110,-66.27274900406982
264014,4746464,-66.28090135490002
264014,5781965,-66.29137594427874
264014,3338825,-66.30238777762277
264014,2223171,-66.31319831231885
264014,4291732,-66.37961991597678
264014,1610714,-66.3942129405269
264014,3666583,-66.40625460765439
264014,5950723,-66.41046430210591
264014,3394624,-66.4517775377661
264014,4764125,-66.49715360889275
264014,2493623,-66.64956730065973
264014,6905228,-66.65076579371834
264014,6048599,-66.66050213755763
264014,85469,-66.66161207577022
264014,5635515,-66.66582285549298
264014,6316578,-66.67009257602206
264014,3512010,-66.67921911652385
264014,5849713,-66.68162724225176
264014,5181717,-66.68803785338108
264014,7238169,-66.69970747212865
264014,7133241,-66.74181838265618
264014,6098885,-66.79880545828146
264014,1638577,-66.86191568778325
264014,2633244,-66.86194075421571
264014,3390244,-66.93457487657258
264014,3390250,-66.93638151468718
264014,6450522,-66.95262030947362
264014,4955829,-67.02472930905886
1121402,8052622,-48.06519902676581
1121402,8052620,-48.08027251059319
1121402,182373,-48.48354104906921
1121402,182370,-49.03753760111568
1121402,8052621,-49.17022540832549
1121402,6371843,-49.1762328067293
1121402,5614619,-49.17837655815558
1121402,3511795,-49.19822641018172
1121402,7898701,-49.198483021020955
1121402,8052624,-49.441645810764626
1121402,188213,-49.446803862510286
1121402,7572312,-49.45324395339015
1121402,8654199,-49.463530876343555
1121402,5614625,-49.4639590391827
1121402,4309870,-49.61060659493175
1121402,1402314,-49.82543236309188
1121402,8616542,-49.84571125953247
1121402,5614624,-49.852995643105274
1121402,4727107,-50.0968667748026
1121402,8453588,-50.470852052406954
1121402,3747588,-50.476877549594036
1121402,6677265,-50.47730766452101
1121402,7571547,-50.477737742451396
1121402,22453,-50.477737742451396
1121402,2801731,-50.48676084403394
1121402,2801732,-50.48719010964659
1121402,7477357,-50.49105184264098
1121402,5614620,-50.69325338337234
1121402,5189913,-50.77361969805327
1121402,1756426,-51.11360184547869
1121402,1865066,-51.119201529035784
1121402,95998,-51.119201529035784
1121402,1756424,-51.12135358471256
1121402,3142014,-51.12264437364991
1121402,7125982,-51.12307456258917
1121402,6331906,-51.12565491925171
1121402,8052617,-51.12608484925938
1121402,5148319,-51.12909332465485
1121402,6662028,-51.13553396857922
1121402,188215,-51.15189136197708
1121402,7477361,-51.18496765229291
1121402,7477363,-51.19494494739832
1121402,5614618,-51.197939779263876
1121402,188217,-51.3296464676753
1121402,188218,-51.333524842055304
1121402,182364,-51.336539276983146
1121402,7125983,-51.33826099561968
1121402,4305980,-51.37940537803512
1121402,7125978,-51.446634657097135
1121402,7011506,-51.44964623887088
1121402,188209,-51.46038710467621
1121402,7898694,-51.46810626602171
1121402,182368,-51.55307053129938
1121402,5614621,-51.81744604857991
1121402,8052619,-51.83739032388152
1121402,2681045,-51.848134882675915
1121402,6371837,-51.84899345075818
1121402,7477358,-51.85328408114342
1121402,6929302,-51.854999302895536
1121402,7570554,-51.85971313104426
1121402,7570553,-51.8601414405924
1121402,7477362,-51.86142614914192
1121402,7570552,-51.87083727244261
1121402,2614504,-51.983596927151424
1121402,6717336,-51.98617906056739
1121402,182372,-51.98918986514533
1121402,182369,-51.98918986514533
1121402,4305978,-52.00421675309814
1121402,501405,-52.00421675309814
1121402,3785310,-52.19323373834826
1121402,188214,-52.19495827769779
1121402,6717338,-52.195389319612566
1121402,188211,-52.19969769622444
1121402,5405183,-52.20572319341152
1121402,7572311,-52.2130301199578
1121402,4727103,-52.21517718538181
1121402,4305979,-52.21603575346408
1121402,4974876,-52.21989748645846
1121402,7125985,-52.220397255100536
1121402,182365,-52.22255079382861
1121402,188210,-52.22384247198404
1121402,7125981,-52.225994527660816
1121402,5041324,-52.23029586219998
1121402,7898695,-52.231036879085096
1121402,5990005,-52.235882070863006
1121402,5167143,-52.23745218088557
1121402,7675606,-52.238458217519906
1121402,4305987,-52.243606532330844
1121402,4598757,-52.24532145993484
1121402,4948729,-52.247464292620975
1121402,4027047,-52.24960620735412
1121402,3494458,-52.25046271639666
1121402,5614626,-52.253459343140925
1121402,7354381,-52.2555986917847
1121402,3119017,-52.25901974680043
1121402,5805570,-52.4792825584436
1121402,188216,-52.48014378845443
1121402,6900252,-52.4814353553906
1121402,6900255,-52.483156925824154
1121402,1679021,-52.483587225829574
962179,6327380,-51.46542249321008
962179,536176,-53.08390951884341
962179,3902887,-53.84449823045708
962179,1371846,-53.94655943037388
962179,3705165,-54.03999119131877
962179,4606387,-54.33351895191527
962179,5105844,-54.39193809366182
962179,6186348,-54.456538721227915
962179,4209394,-54.46477390562488
962179,3117916,-54.597823858514104
962179,6675257,-54.651615545186075
962179,3033200,-54.683565243325155
962179,2329700,-54.75713347078179
962179,372501,-54.766755417574196
962179,372499,-54.76778898260091
962179,3150562,-54.768305698355896
962179,5053888,-54.77501895687977
962179,466474,-54.86579261991351
962179,7147504,-54.984403171964225
962179,2329697,-55.02600843220813
962179,1645080,-55.03797266524846
962179,3139216,-55.18277152568702
962179,529450,-55.234851155818966
962179,5931179,-55.23588463183196
962179,3139215,-55.287632045394794
962179,6740295,-55.4095154618727
962179,7745771,-55.416999281423855
962179,2539981,-55.49526196674873
962179,5427063,-55.49704093646942
962179,3150561,-55.649405365409564
962179,372500,-55.649405365409564
962179,2329696,-55.65948010076044
962179,3139219,-55.795263037146036
962179,4511503,-55.7976768517977
962179,6222621,-55.798347790819285
962179,3156132,-55.83437048269377
962179,2329699,-55.91273654082076
962179,3527737,-55.93021832158885
962179,5427064,-55.93200984361254
962179,2632688,-55.949666604360274
962179,8785368,-55.96190157223
962179,3595106,-56.12120384868227
962179,5653652,-56.22737563390553
962179,8768355,-56.27610868836892
962179,2228907,-56.30843317889335
962179,6740292,-56.33367186729971
962179,6675262,-56.401399855340685
962179,8768359,-56.45412415536311
962179,7324118,-56.457738053491596
962179,3139217,-56.47577496541542
962179,3065775,-56.50868530227672
962179,1015976,-56.59760165058087
962179,8785370,-56.60233641336614
962179,6222622,-56.6471756404095
962179,1882903,-56.67237772138312
962179,4121728,-56.67341048583792
962179,2186434,-56.693767243186485
962179,5173969,-56.78190091596104
962179,5173967,-56.78551357068319
962179,4257873,-56.79067073559161
962179,5938030,-56.92348857696477
962179,2329693,-56.9286408704812
962179,2329692,-56.9296707984746
962179,2978866,-56.94369406210042
962179,5653659,-56.9447282506528
962179,7729442,-56.95557648173078
962179,7729446,-56.95660862437545
962179,6675260,-56.99056639532254
962179,2847435,-56.99417377509931
962179,6478742,-56.99549196635862
962179,1006868,-56.99653965073597
962179,1006859,-56.99757268191024
962179,2329695,-57.026293501497605
962179,6809272,-57.113159499553845
962179,5938035,-57.12987505050863
962179,1366406,-57.14071115314609
962179,8755732,-57.19712276468282
962179,6675259,-57.22739440509669
962179,923858,-57.24029231028529
962179,758944,-57.32221905988048
962179,758947,-57.32221905988048
962179,348555,-57.32221905988048
962179,2433077,-57.34194375481229
962179,8184450,-57.3792004179647
962179,4664438,-57.38768647314623
962179,2546613,-57.390255010317944
962179,2501530,-57.390651657785796
962179,4843267,-57.52571127724798
962179,4419222,-57.5466622879953
962179,8785375,-57.549979415679026
962179,6898295,-57.554632261903
962179,2925974,-57.571661894555184
962179,742796,-57.639255185687716
962179,8621587,-57.64152530579888
962179,4511498,-57.673332681693296
962179,2589904,-57.7443178213155
962179,8114938,-57.74535031918853
962179,8114936,-57.74535031918853
962179,3636273,-57.76594684385401
962179,1299524,-57.77367362594488
1117099,6691413,-42.7197147177527
1117099,1632948,-43.090201325883946
1117099,2292114,-43.509171846357084
1117099,7722559,-43.81870574626346
1117099,6502653,-43.896158424410366
1117099,7722560,-43.92873038009904
1117099,3633445,-43.99563351935451
1117099,8418548,-44.02110097808579
1117099,7610604,-44.13066132825375
1117099,1798612,-44.43856199510835
1117099,6485263,-44.5802270224697
1117099,6099853,-44.67137348950987
1117099,2205521,-44.68973243096519
1117099,4001649,-44.70943116704241
1117099,3477822,-44.733196948539366
1117099,514314,-44.85022291625461
1117099,1123494,-44.85108133693436
1117099,6912421,-44.96362040824767
1117099,6171070,-44.97930175817021
1117099,8708306,-45.2341043533977
1117099,2292116,-45.234963733099534
1117099,4441325,-45.265113974897275
1117099,7172078,-45.29836169214673
1117099,1570999,-45.339469022195054
1117099,5020965,-45.340758812224394
1117099,4040438,-45.36103144135443
1117099,4040433,-45.36189148625089
1117099,4040435,-45.36275138323735
1117099,6177939,-45.36533018724524
1117099,6162583,-45.38996952172312
1117099,2620705,-45.447198537053865
1117099,1721190,-45.447198537053865
1117099,2413643,-45.44934892673762
1117099,5975584,-45.46008702446668
1117099,5795851,-45.51798463782032
1117099,6485264,-45.56893472853846
1117099,7431534,-45.61604307983628
1117099,5390394,-45.62464057320666
1117099,6171064,-45.72592298437884
1117099,8019449,-45.72721355120295
1117099,7124372,-45.81280586871432
1117099,3125343,-45.85795987687626
1117099,3125344,-45.89292926143075
1117099,1519383,-45.90636028946274
1117099,2292120,-45.913885626808145
1117099,6162584,-45.941012295072355
1117099,6481213,-45.991570969700206
1117099,4001644,-46.004647283615576
1117099,416617,-46.010668116422096
1117099,3248362,-46.10571174644461
1117099,1445087,-46.11108345432593
1117099,6502652,-46.11204080622648
1117099,6122722,-46.1158179770955
1117099,6178371,-46.15214489805082
1117099,8113157,-46.15429658328388
1117099,6776509,-46.15472680923881
1117099,8093932,-46.16160539471101
1117099,5286540,-46.210178025577854
1117099,2671069,-46.22728770666746
1117099,7748653,-46.296386432551095
1117099,3375846,-46.31718691668859
1117099,1722288,-46.3529779633448
1117099,6502654,-46.370122772414064
1117099,6622235,-46.37202193002375
1117099,4772279,-46.37341056419808
1117099,7172079,-46.37599092086063
1117099,3128110,-46.37642085086829
1117099,1570995,-46.377710419127986
1117099,6177941,-46.378140201314636
1117099,2867223,-46.390668316545096
1117099,65958,-46.39109891300758
1117099,2774621,-46.39497261335973
1117099,2205520,-46.395833028253904
1117099,5817487,-46.401851790319604
1117099,5810548,-46.40247463196081
1117099,6534818,-46.41258159237374
1117099,6983152,-46.439132001441195
1117099,3477828,-46.51534433634447
1117099,1585680,-46.52176677981087
1117099,8093934,-46.539887649693455
1117099,7498420,-46.557939296956334
1117099,519515,-46.57680863122321
1117099,5731110,-46.589939601711194
1117099,8714087,-46.64497096494299
1117099,5819131,-46.65342557834717
1117099,5377579,-46.653855693274146
1117099,1181847,-46.66475060652453
1117099,5354867,-46.68077423523605
1117099,6691410,-46.682916149969195
1117099,5979206,-46.68420085851872
1117099,3633442,-46.68719722872003
1117099,6940549,-46.690848023396036
1117099,6000387,-46.70973005900204
1117099,230588,-46.75628561295114
1117099,8446502,-46.75641860732283
1117099,5793497,-46.75800024650789
1117099,8446505,-46.758571775096485
1117099,1013796,-46.762014916065624
1117099,1692846,-46.763735597816705
1117099,4458510,-46.769753325046025
744366,8318771,-27.15567373161053
744366,7219555,-27.798434518023306
744366,2110903,-27.802558478017353
744366,6214370,-27.805647731978134
744366,6214367,-28.671670381592374
744366,8597232,-29.54040293618877
744366,8318775,-29.543764483886587
744366,8597234,-29.544022908530124
744366,8318776,-29.544281310914474
744366,8597238,-29.545056384550783
744366,8318774,-29.545831257992425
744366,1286409,-29.546605931342807
744366,6214366,-29.557430406373296
744366,1485836,-30.190391648811644
744366,8318779,-30.190908475839528
744366,1485842,-30.191683549475833
744366,2110896,-30.191683549475833
744366,2110901,-30.19478184310796
744366,760507,-31.94269332171934
744366,8318773,-31.948887245274
744366,6214375,-31.95481111264982
744366,3152828,-32.58673590609116
744366,2110902,-32.58673590609116
744366,5335826,-32.588028474703464
744366,8597235,-32.58983713566016
744366,5335825,-32.59396712779432
744366,3410315,-32.59577221303161
744366,3410311,-32.597060894987536
744366,3410313,-32.60015147500212
277780,4840387,-49.95434158219916
277780,4840386,-52.22058821285866
277780,6790286,-52.716380643332236
277780,4109618,-53.44155684781414
277780,7049627,-53.977021921595146
277780,1176710,-54.11317743528767
277780,3620534,-54.11574729261421
277780,4840388,-54.13148768738215
277780,7462939,-54.29811423289098
277780,5857164,-54.38916264707919
277780,7302657,-54.471456680180935
277780,3620533,-54.64838225277491
277780,6001961,-54.71368766068062
277780,7579282,-54.752336001528036
277780,3231713,-54.763402092354625
277780,6531768,-54.89834133654881
277780,5857160,-55.03167327967805
277780,5072847,-55.15443526825079
277780,1439378,-55.29852263137097
277780,8285377,-55.35463486511335
277780,7302656,-55.35876627865031
277780,8042974,-55.36619881433872
277780,2101025,-55.40206226003713
277780,4840391,-55.402311025785146
277780,3730468,-55.40386023913765
277780,4251012,-55.63886736759656
277780,5080608,-55.65043973225032
277780,4109614,-55.666965396192275
277780,4109616,-55.66954342455587
277780,7075036,-55.66954342455587
277780,4109611,-55.68241697692929
277780,7286767,-55.744776397555945
277780,1162122,-55.80594751036608
277780,5827473,-55.91535420301781
277780,8503078,-55.921032697436225
277780,4109617,-55.92670582271919
277780,6534978,-56.03091260197879
277780,7305601,-56.03142856235335
277780,8013188,-56.06498140580124
277780,917778,-56.30430247642476
277780,2123784,-56.30636818313202
277780,4840389,-56.624846505478
277780,3730469,-56.666694337105874
277780,5733599,-56.67650771302809
277780,8523731,-56.684462751905706
277780,784779,-56.68653166393709
277780,6810438,-56.68963369497481
277780,4630736,-56.69118410928859
277780,4951506,-56.693513942848696
277780,489757,-56.69480018543896
277780,7602507,-56.70150997899488
277780,1151439,-56.72895686552896
277780,8382133,-56.73386154894559
277780,6616820,-56.87557245815986
277780,917777,-56.89332936745899
277780,3297188,-56.917023842935244
277780,1570367,-56.948346507451916
277780,917780,-56.94937989446652
277780,1695662,-56.950413103530316
277780,7102830,-56.950413103530316
277780,4306012,-57.12419117678228
277780,199283,-57.15039148036499
277780,6616823,-57.18425804509366
277780,5299301,-57.21149857912958
277780,5448441,-57.33574396608676
277780,6319670,-57.33936128800017
277780,1803402,-57.342460114818806
277780,2408797,-57.34607339113717
277780,6597501,-57.34607339113717
277780,983363,-57.34916875418011
277780,3163463,-57.403026729848854
277780,2529668,-57.41152544165269
277780,6061259,-57.43795145802506
277780,4951510,-57.65235209730491
277780,1095048,-57.67900483186049
277780,6674676,-57.68055085172681
277780,7462934,-57.8716398837932
277780,5167457,-57.899789713868664
277780,917779,-57.97616492942927
277780,1991367,-57.97616492942927
277780,2001454,-57.9803031103456
277780,4951511,-58.05159572673667
277780,2300745,-58.061765572071266
277780,6617935,-58.23064395818566
277780,6255573,-58.422870089237776
277780,552785,-58.42983975116091
277780,6255574,-58.43108132451386
277780,6759525,-58.43238610258696
277780,803915,-58.44400223094841
277780,803921,-58.4450353510598
277780,8382140,-58.45395543227945
277780,3297196,-58.462192736542995
277780,5583920,-58.533031255916136
277780,6001069,-58.67400396116729
277780,5441967,-58.68277528909154
277780,5845986,-58.68277528909154
277780,5507433,-58.69496216997375
277780,5912313,-58.69496216997375
277780,6833813,-58.70271424257791
277780,8521326,-58.70593180422388
1114563,8118047,-36.024358499605874
1114563,7101,-36.324332309222825
1114563,2797798,-37.105275447318675
1114563,231249,-37.11757799099317
1114563,7997236,-37.11762929154567
1114563,6867488,-37.27365498675633
1114563,5691326,-37.27537766934424
1114563,4616849,-37.279853175026815
1114563,6433793,-37.49294225135559
1114563,7494542,-37.50463887025316
1114563,7494537,-37.510817378857176
1114563,8214655,-37.60867970425862
1114563,4827703,-37.762542924684205
1114563,3128309,-37.76425645647072
1114563,7361324,-37.76425645647072
1114563,24008,-37.777003389780475
1114563,5691327,-37.92269369962365
1114563,6703111,-37.92269369962365
1114563,4904110,-37.923726775267745
1114563,2928680,-37.93713253510016
1114563,5721174,-37.942962040281195
1114563,4983530,-37.94878306204159
1114563,6663456,-38.14129165383825
1114563,4772620,-38.14129165383825
1114563,8021942,-38.14266891018509
1114563,2784860,-38.14370154133498
1114563,8118048,-38.16371411789408
1114563,1126820,-38.305609994477265
1114563,3539379,-38.31241463642365
1114563,4624128,-38.41570757721031
1114563,6703107,-38.418120579920554
1114563,4486651,-38.419843262508465
1114563,673876,-38.42225377240425
1114563,6398203,-38.422598012408585
1114563,4486656,-38.42466283053536
1114563,2301198,-38.42500686328749
1114563,663200,-38.42500686328749
1114563,4121813,-38.42707043864946
1114563,5656976,-38.443687250334975
1114563,7808614,-38.454825008704404
1114563,4272668,-38.698093785495814
1114563,7161501,-38.720931356162325
1114563,1925447,-38.790789315168595
1114563,6433794,-38.80655138090079
1114563,5148093,-38.828551556673446
1114563,4219122,-38.83274608360305
1114563,7991854,-38.836655501611325
1114563,7991855,-38.836655501611325
1114563,2675758,-38.838027796702534
1114563,624553,-38.83905670914776
1114563,3319433,-38.843047137427725
1114563,7999530,-38.851041172563356
1114563,5717571,-38.91995073583446
1114563,1298319,-38.98007430821884
1114563,2501325,-38.98212659014477
1114563,7373350,-39.008535908364
1114563,1824649,-39.009386913940745
1114563,4219121,-39.009386913940745
1114563,6250315,-39.016948157954396
1114563,6672007,-39.01900783720486
1114563,120124,-39.02106645643149
1114563,4122466,-39.095961009348535
1114563,5263302,-39.0969938182502
1114563,8214657,-39.104070959923234
1114563,6140819,-39.11039612292405
1114563,4570092,-39.12503176659865
1114563,78763,-39.14042455783242
1114563,6827842,-39.22867240071497
1114563,4020117,-39.23092124286126
1114563,4016126,-39.23126394921353
1114563,497490,-39.23537413684558
1114563,497491,-39.23537413684558
1114563,549823,-39.23554507750859
1114563,5746529,-39.23913810228953
1114563,8118044,-39.28931577932495
1114563,3922876,-39.29275418480431
1114563,2499761,-39.295502782698115
1114563,4222258,-39.29962214147212
1114563,3220711,-39.31431698526473
1114563,5261916,-39.342418697825615
1114563,6527109,-39.35857575239959
1114563,7997233,-39.36303322684465
1114563,1111210,-39.36440375871007
1114563,3116846,-39.38065983033184
1114563,5075441,-39.3926854711648
1114563,8118050,-39.45696844774419
1114563,6956251,-39.45972248639231
1114563,1864288,-39.46109879497427
1114563,7991857,-39.46591214917327
1114563,748871,-39.493535726684954
1114563,1893241,-39.493535726684954
1114563,7681266,-39.49732367097534
1114563,7848944,-39.49835612443463
1114563,8214658,-39.50137275739224
1114563,7931512,-39.501795712583935
1114563,7058717,-39.502483275433164
1114563,8746517,-39.50420166567165
1114563,7523123,-39.50420166567165
1114563,4159313,-39.505504882446566
1114563,5683338,-39.5061931551419
1014126,4189307,-71.18227586603183
1014126,178080,-72.07354002751889
1014126,6028962,-72.29360962016307
1014126,7754005,-72.51833759190782
1014126,6201437,-73.13254662002836
1014126,2810944,-73.26540582049256
1014126,4096649,-73.40889548106917
1014126,8407171,-73.69230782445399
1014126,6984123,-73.74009366202228
1014126,4931322,-73.78957317985058
1014126,6000430,-74.08763798542698
1014126,7652173,-74.4161853252511
1014126,4986915,-74.64036677218252
1014126,8153051,-74.69393567032886
1014126,3581450,-74.74610198543968
1014126,3822762,-75.10964156845763
1014126,2999701,-75.11365772270292
1014126,566147,-75.11442907634333
1014126,8407170,-75.25854106620676
1014126,4987928,-75.53161298721119
1014126,2707791,-75.57886360548574
1014126,6588050,-75.67493004962942
1014126,1759052,-75.7531173973246
1014126,2379306,-75.80152527067045
1014126,2197889,-76.01283520246471
1014126,7279756,-76.02807988199935
1014126,7432037,-76.02807988199935
1014126,8460210,-76.02807988199935
1014126,7714781,-76.0311617307963
1014126,1174864,-76.0311617307963
1014126,3340638,-76.07509390883536
1014126,4003951,-76.08873381032521
1014126,8756308,-76.2048160341056
1014126,4326876,-76.34410016092261
1014126,8202031,-76.57217257785997
1014126,5134405,-76.5844443692489
1014126,8202028,-76.60203437577135
1014126,1170313,-76.6344731220153
1014126,4684737,-76.65999731471936
1014126,5800907,-76.7247502088975
1014126,6919890,-76.73937265071847
1014126,726853,-76.80019323556886
1014126,4923810,-76.80019323556886
1014126,581640,-76.80019323556886
1014126,6006926,-76.80019323556886
1014126,7087539,-76.80019323556886
1014126,5340606,-76.8009650522543
1014126,4803616,-76.8009650522543
1014126,5612757,-76.8009650522543
1014126,5404298,-76.8071818364223
1014126,1466595,-76.82959222299867
1014126,2849278,-76.8372935489523
1014126,7184933,-76.8539657078087
1014126,3725104,-76.8539657078087
1014126,5511334,-76.8570525774959
1014126,581646,-76.8570525774959
1014126,1582312,-76.86013838879448
1014126,1687788,-76.86013838879448
1014126,639108,-76.86013838879448
1014126,8001870,-76.86322314242999
1014126,7191569,-76.86322314242999
1014126,1314573,-76.86322314242999
1014126,8661003,-76.86322314242999
1014126,6998787,-76.86322314242999
1014126,2572034,-76.86353426770307
1014126,53031,-76.86630683912718
1014126,5191757,-76.86630683912718
1014126,8133612,-76.86938947961013
1014126,8282782,-76.94816576726015
1014126,2468998,-77.04731598896974
1014126,2087436,-77.05835063721825
1014126,414214,-77.13382861938346
1014126,7643804,-77.14813780745325
1014126,8384298,-77.26127857654798
1014126,1094856,-77.2754500652747
1014126,3614113,-77.29173469212255
1014126,3450832,-77.3092231540554
1014126,6537554,-77.31123251767013
1014126,4386358,-77.35852638296831
1014126,7650549,-77.38591364199577
1014126,2849275,-77.49452587279893
1014126,4175102,-77.52390303720428
1014126,917494,-77.5390552546608
1014126,4803617,-77.55738148348678
1014126,1833684,-77.72212693830302
1014126,7694632,-77.73025385327225
1014126,4970792,-77.73320435959972
1014126,6965523,-77.75833385483665
1014126,3822766,-77.76405555942465
1014126,2188648,-77.80296783656517
1014126,372767,-77.80374097930498
1014126,5697293,-77.80374097930498
1014126,6984124,-77.85554735645135
1014126,1903473,-77.8863094701958
1014126,2707789,-77.91518401423323
1014126,3725078,-77.92459545343206
1014126,8167472,-77.93443848990094
1014126,4896626,-78.07371992112466
1014126,7556553,-78.09777200009172
1014126,7556555,-78.09932034723498
1117346,8091627,-49.691357780137935
1117346,8091629,-52.35030611235318
1117346,8091632,-53.651310512170326
1117346,8091625,-54.29690491264059
1117346,8091628,-55.021369575541065
1117346,8091630,-55.57412861965443
1117346,8091624,-55.59222459366381
1117346,8091626,-57.979268832656714
1117346,1518915,-60.608426617110034
1117346,2207570,-60.70281415175393
1117346,2208585,-60.93009122362916
1117346,3311039,-60.95869411939003
1117346,8047654,-61.02955407742135
1117346,6437126,-61.2681438830075
1117346,5651390,-61.352848835601776
1117346,2019156,-61.46046296064663
1117346,8517839,-61.4905907310357
1117346,6539851,-61.59713964429508
1117346,2299910,-61.690376706096615
1117346,3251773,-61.7227466577846
1117346,2207948,-61.77217673172908
1117346,2372097,-61.77217673172908
1117346,3251776,-61.801587985835354
1117346,8651233,-61.814444986675056
1117346,1374566,-61.85257608980351
1117346,3122704,-61.85309089915276
1117346,2206333,-61.854635062224915
1117346,2372513,-61.89116046795648
1117346,3539472,-61.892189512748175
1117346,1083474,-61.894247073016274
1117346,3774456,-61.94235050133551
1117346,2372095,-61.95264624914509
1117346,703100,-61.95470328035498
1117346,3871790,-62.0162366490793
1117346,6553405,-62.03269855269508
1117346,2612434,-62.05218858120198
1117346,2206112,-62.05484952278818
1117346,8193411,-62.05587847934301
1117346,5465038,-62.08615358462898
1117346,3111526,-62.10769654989151
1117346,2818970,-62.13089753702285
1117346,7537974,-62.13089753702285
1117346,1009793,-62.15786735686016
1117346,2019157,-62.17164756472337
1117346,6539850,-62.171719098150135
1117346,1552669,-62.171774374967335
1117346,3251775,-62.172677139254226
1117346,1771126,-62.172677139254226
1117346,7299489,-62.18044167062137
1117346,6072208,-62.18501827298989
1117346,815680,-62.185531936437926
1117346,2612435,-62.19989668811131
1117346,8193610,-62.20194599094132
1117346,5465036,-62.25181468886763
1117346,2019153,-62.26105944558219
1117346,4876043,-62.291698968558144
1117346,4372941,-62.298911560550046
1117346,5155155,-62.3009707096269
1117346,3344988,-62.302000019220024
1117346,5651391,-62.30560121286656
1117346,6908839,-62.31125586809412
1117346,1552666,-62.322549216054945
1117346,6386741,-62.3400532792255
1117346,2128735,-62.34142166656622
1117346,702129,-62.34554527179026
1117346,6386743,-62.35290257057261
1117346,1498200,-62.35326940131785
1117346,1979789,-62.35326940131785
1117346,6568812,-62.35429853436155
1117346,6072209,-62.35429853436155
1117346,6386747,-62.3544426380018
1117346,1409465,-62.354813034696285
1117346,3774457,-62.35495590597931
1117346,3626460,-62.35532749091637
1117346,929642,-62.355841903029386
1117346,3344982,-62.35687059496439
1117346,4077606,-62.357008538928696
1117346,6072204,-62.35738487480151
1117346,6073980,-62.357899110561775
1117346,2211218,-62.3645801678869
1117346,3814084,-62.36521205575488
1117346,1468893,-62.428858728596566
1117346,4029781,-62.43473516179557
1117346,702127,-62.43473516179557
1117346,4876041,-62.43525138852267
1117346,5504949,-62.44144264735928
1117346,8641437,-62.44379974509295
1117346,8641439,-62.44379974509295
1117346,8641438,-62.44379974509295
1117346,8641440,-62.44379974509295
1117346,3153866,-62.4440204542009
1117346,6637779,-62.444828789884646
1117346,2206004,-62.444828789884646
1117346,1552671,-62.445343246104734
1117346,3854316,-62.44608190256044
1117346,6527867,-62.45020267571074
1117346,5475036,-62.450485383663114
1117346,1412023,-62.45408225962724
1117346,3251772,-62.45894993302292
1117346,7299492,-62.46178259778781
148538,985493,-40.235957737289695
148538,1950974,-42.24370346553941
148538,4539657,-42.31994829596027
148538,1950976,-42.70329500757707
148538,1950979,-42.740918580776466
148538,7407803,-42.96270609062566
148538,283691,-43.08020365906576
148538,8283532,-43.33232830618775
148538,985488,-43.601585520212595
148538,1985491,-44.01382878224895
148538,1384447,-44.15575192050622
148538,8283527,-44.252948838702025
148538,5077707,-44.25337917574226
148538,1969519,-44.41100609542263
148538,1247539,-44.42087552905722
148538,4225978,-44.551654087098086
148538,3631449,-44.55508012339395
148538,231455,-44.64628530610804
148538,985491,-44.6931678832488
148538,3631456,-44.809777959169026
148538,3918785,-44.86607989117977
148538,3557943,-45.0353200319296
148538,332401,-45.03563892246946
148538,615407,-45.03563892246946
148538,332400,-45.036067011991804
148538,231452,-45.04691817455513
148538,4410448,-45.39019029349401
148538,4185812,-45.45965794304393
148538,4716046,-45.48508320408083
148538,8002293,-45.50391674659022
148538,1950977,-45.528707076694246
148538,8814767,-45.67979643717318
148538,2915323,-45.696976665908245
148538,2915322,-45.697405416187195
148538,339842,-45.743179847431115
148538,8265468,-45.74533282977548
148538,734990,-45.756805019193024
148538,6416241,-45.75951930969868
148538,2915327,-45.77366565223418
148538,3010218,-46.110652820777595
148538,6017980,-46.14340026720715
148538,4447598,-46.331154052789955
148538,6697437,-46.33158387192233
148538,1247542,-46.38672809621463
148538,3557946,-46.38937630461694
148538,6894608,-46.390159128317904
148538,3631457,-46.390587841834645
148538,4264129,-46.39669329511081
148538,8307129,-46.417723730070605
148538,8610395,-46.419436601459275
148538,6222113,-46.42157686585741
148538,844358,-46.423288417995174
148538,6158223,-46.47958598559708
148538,8181574,-46.66919201347808
148538,7513910,-46.78443738012145
148538,4447601,-46.79217578910186
148538,1147038,-46.797757201005695
148538,6157997,-46.79845260197533
148538,3032334,-46.814891801361206
148538,5844625,-46.8576796339989
148538,615405,-46.92913339897311
148538,23586,-47.03212542939516
148538,1736918,-47.03428026747088
148538,8730359,-47.040308878262124
148538,7858769,-47.04461058286272
148538,7407812,-47.046760048108865
148538,4539654,-47.04718983029552
148538,4396829,-47.050197271655165
148538,4396833,-47.05062675850454
148538,136205,-47.06306585626608
148538,2156637,-47.064779167857125
148538,4607267,-47.074950003819545
148538,8610394,-47.1129255579841
148538,6460963,-47.1975065731399
148538,8265464,-47.404337784176036
148538,4447654,-47.406920806886596
148538,339840,-47.43149477100144
148538,4409894,-47.44095038830549
148538,5825400,-47.442238406310516
148538,360949,-47.44352609260291
148538,5592685,-47.44395524768266
148538,3446014,-47.444384365930745
148538,6438296,-47.444384365930745
148538,7474748,-47.4469583023084
148538,2156639,-47.4495309143381
148538,2915328,-47.4508167241482
148538,1384448,-47.46121813376862
148538,5693666,-47.46680098383502
148538,796190,-47.47053922324247
148538,1015320,-47.48166050968357
148538,8080460,-47.64573200803973
148538,615401,-47.64787428985967
148538,2368185,-47.64915921851038
148538,820313,-47.64915921851038
148538,4714074,-47.69596535219024
148538,5693670,-47.75024724767739
148538,4959637,-47.75624795133713
148538,332404,-47.75838931567589
148538,4607261,-47.75838931567589
148538,6017975,-47.86269976424965
451602,1665286,-56.16174173840307
451602,2922141,-56.218613192337315
451602,6286977,-56.26477637240443
451602,3767019,-56.72510978846197
451602,539889,-56.92039507582641
451602,6286982,-57.11931967892896
451602,2130155,-57.148439262201926
451602,1314128,-57.33768125908645
451602,1277290,-57.665589279716855
451602,3090666,-57.70973271067899
451602,8033473,-57.788369307909846
451602,2954240,-57.995795919105156
451602,6913838,-58.03469746694301
451602,549521,-58.03624641366784
451602,5179251,-58.04781784391821
451602,349673,-58.05247069014218
451602,96223,-58.05402083741478
451602,7859334,-58.059701286766675
451602,3090671,-58.065892013264495
451602,2244882,-58.201776187086054
451602,3177692,-58.213723854098845
451602,3090667,-58.2188043551744
451602,5942592,-58.29392717263933
451602,5501826,-58.31841196548703
451602,5725630,-58.320475718269805
451602,7008735,-58.323570017092926
451602,7620410,-58.415377307754575
451602,7620407,-58.416411496306964
451602,2922145,-58.42298740197196
451602,3177699,-58.42571118042956
451602,6286976,-58.4349964728349
451602,6618756,-58.43831688836882
451602,2176453,-58.439867970688226
451602,2176450,-58.440901802848124
451602,4453605,-58.442452217161915
451602,1277289,-58.628880766887725
451602,4687266,-58.67710118835744
451602,5538937,-58.70013133108022
451602,8294680,-58.70064800233985
451602,4891403,-58.70529604264872
451602,705851,-58.70632845169173
451602,5596785,-58.709940485031524
451602,4345752,-58.72333760334806
451602,4377526,-58.739416417937
451602,5574842,-58.843233745529126
451602,3090663,-58.91464891246202
451602,5741221,-59.06562335300442
451602,8561929,-59.070789398629785
451602,6645233,-59.08162363775994
451602,1932722,-59.085978152725076
451602,7563247,-59.09372822269212
451602,5008701,-59.095277036137546
451602,7804442,-59.09837346413261
451602,6286975,-59.10404610181578
451602,6972742,-59.10456153030898
451602,2354306,-59.111258074557405
451602,2329890,-59.11588976930142
451602,3090668,-59.1281547015308
451602,6972743,-59.19082187459339
451602,6286974,-59.19526370267458
451602,7627412,-59.22927617633201
451602,7627413,-59.22979058844503
451602,7533989,-59.281927357851615
451602,3371386,-59.3436575337766
451602,1715030,-59.34572501999228
451602,8390526,-59.34624178025029
451602,2176459,-59.3472751672649
451602,8080985,-59.347791794036816
451602,3916581,-59.349857856400654
451602,6427550,-59.351923207573776
451602,2024436,-59.35398784804562
451602,930493,-59.35656764995658
451602,4874640,-59.35811499884074
451602,3916576,-59.36120849997911
451602,4487185,-59.39236832745594
451602,381796,-59.401633033811784
451602,381795,-59.40523700858935
451602,5725636,-59.405680237987326
451602,1078134,-59.40630405734606
451602,3090670,-59.40991174698732
451602,1534135,-59.50328161901311
451602,96224,-59.579577060638925
451602,8383461,-59.58369854144291
451602,1534136,-59.60131760037308
451602,8735661,-59.62735520681994
451602,2922147,-59.68846606206928
451602,2922142,-59.68846606206928
451602,5902821,-59.73053694053003
451602,8390525,-59.732605317650126
451602,4399641,-59.733639238885125
451602,2611103,-59.73363923888513
451602,370081,-59.73415613269823
451602,2891587,-59.7346729819853
451602,2756872,-59.735706547012015
451602,6969507,-59.736739934026616
451602,7800959,-59.73777314309041
451602,1094135,-59.73777314309041
451602,8787236,-59.73777314309041
451602,127533,-59.7382896809099
451602,6556455,-59.73880617426468
474735,625071,-60.16067996950583
474735,1740069,-60.189862644841924
474735,3501855,-60.19227450432329
474735,6354711,-60.36125513375248
474735,3501854,-60.84733663924034
474735,4708014,-61.105937615350186
474735,8012147,-61.15333020452272
474735,540116,-61.207149590137924
474735,3407759,-61.38809589857061
474735,1756202,-61.43709225779695
474735,318514,-62.030722812531224
474735,6959173,-62.03823064907567
474735,1936166,-62.08056549391036
474735,7671440,-62.0829651579809
474735,7919016,-62.13447357099234
474735,1935503,-62.18068665754642
474735,1565527,-62.23962404415964
474735,1039489,-62.23962404415964
474735,7962379,-62.25803685607451
474735,6354712,-62.26851165576398
474735,1895280,-62.31163463296612
474735,3501858,-62.400115167895244
474735,7853587,-62.42917266734318
474735,6883166,-62.598425899225916
474735,6403354,-62.7275096507362
474735,514824,-62.81230438051097
474735,1895272,-62.84371407436281
474735,4855072,-62.86419196339804
474735,7600438,-62.880411248424544
474735,540121,-62.91108553262188
474735,6458055,-62.97782572718396
474735,5902485,-63.12165767979773
474735,2772848,-63.12653362357182
474735,2793805,-63.12653362357182
474735,8025026,-63.12653362357182
474735,96894,-63.12713269244799
474735,8659031,-63.30935107039696
474735,7087452,-63.32365149556576
474735,1565526,-63.326665411291565
474735,6588151,-63.34151919423736
474735,1076749,-63.349158514070524
474735,2649284,-63.400246905310624
474735,1268972,-63.46603021896547
474735,1923464,-63.47872704146802
474735,7437211,-63.49817809571879
474735,3765227,-63.49938298758273
474735,8651880,-63.528808802835734
474735,8443459,-63.54443717483132
474735,1740068,-63.54745655064376
474735,1499368,-63.601427385271236
474735,6052518,-63.62513146842106
474735,7894719,-63.63053305433602
474735,8160762,-63.634171659779824
474735,8619467,-63.63658040699698
474735,5086558,-63.72897808608658
474735,5465095,-63.75108457135862
474735,6443140,-63.752025094470795
474735,2009522,-63.776256063678005
474735,2643252,-63.8594829378756
474735,4428988,-63.87497896061337
474735,8452526,-63.885891452764255
474735,4897932,-63.889450122512244
474735,6443142,-63.89246118606631
474735,5136004,-63.969432740228854
474735,6085459,-64.01452064970566
474735,4873009,-64.03522649987184
474735,325503,-64.06386096566857
474735,6512731,-64.18309495141855
474735,6052519,-64.18309495141855
474735,5456127,-64.18821929540584
474735,296785,-64.20053251022976
474735,7151790,-64.2358433989002
474735,2772843,-64.23989291526875
474735,6015166,-64.24865539451085
474735,7104059,-64.26503418196842
474735,3765226,-64.27047701425212
474735,5528581,-64.27349170878097
474735,1205411,-64.2765746040698
474735,503626,-64.27694216180062
474735,2643251,-64.29418109740195
474735,1908936,-64.35505494669769
474735,1936162,-64.3743979693757
474735,5465096,-64.39894216333835
474735,3004778,-64.45441877266373
474735,5245303,-64.45562283551878
474735,1434585,-64.46705111487928
474735,4168976,-64.46705111487928
474735,7087147,-64.48221685641815
474735,6976992,-64.53427002740557
474735,1565530,-64.5354749192695
474735,1047602,-64.5879254575785
474735,540118,-64.61690582541587
474735,8128333,-64.63883829258836
474735,3379265,-64.64064322263583
474735,2114785,-64.65511556759022
474735,5086556,-64.6570006453649
474735,1375288,-64.6576040520269
474735,7618581,-64.6580669278586
474735,7016129,-64.66544360900681
474735,755080,-64.68545483667735
359349,3176541,-62.863855203540766
359349,3176542,-64.44025775254347
359349,5773718,-64.97535651414194
359349,15800,-66.17820325111009
359349,1648860,-66.96227892471197
359349,68647,-68.15877905525677
359349,6113314,-68.29030694116514
359349,5773717,-68.61250707458726
359349,68648,-68.87047493691409
359349,15802,-68.88964318410203
359349,5773719,-68.88964318410203
359349,15805,-69.10777025965777
359349,15801,-69.18769410259293
359349,15803,-69.29394928571493
359349,15804,-69.29531946546874
359349,5773715,-69.38787218720768
359349,576628,-69.55807868127293
359349,5773716,-69.59198396100689
359349,6113313,-69.68341405247665
359349,15808,-69.77792955002603
359349,15799,-69.84982088499059
359349,5773714,-69.84982088499059
359349,4474872,-69.93900164191692
359349,5483958,-69.98739070260007
359349,15806,-70.24414979084935
359349,5531109,-70.52168651638702
359349,2066276,-70.63893577016037
359349,943229,-70.68305736856654
359349,5531111,-70.7034753420579
359349,7329397,-70.80365447886707
359349,6549384,-70.80562600759322
359349,5531104,-70.88483037269755
359349,68649,-71.09253017284604
359349,457673,-71.1695209405893
359349,607024,-71.17860186019412
359349,4091677,-71.1834954384776
359349,2731038,-71.24168244709873
359349,8811558,-71.56566464395641
359349,8351332,-71.6134929703684
359349,2826510,-71.66696906949028
359349,3223833,-71.66696906949028
359349,576629,-71.72894320461295
359349,4013723,-71.86309258176937
359349,5806110,-71.86524431038416
359349,479000,-72.18027190909595
359349,4013720,-72.20201383862526
359349,3067773,-72.202485046882
359349,4013725,-72.20270054569362
359349,6599311,-72.23022383589293
359349,3892277,-72.44460732657461
359349,7857636,-72.5175545869179
359349,4344100,-72.59849396130781
359349,4846795,-72.60606149911766
359349,8058867,-72.61460571779718
359349,2824249,-72.9619281190708
359349,2762790,-72.99024301863518
359349,6626190,-73.02846381918118
359349,2259968,-73.05459875687151
359349,6957337,-73.05539054177257
359349,6018940,-73.17693888255607
359349,3193824,-73.2242771716434
359349,7694232,-73.58068287116001
359349,8202272,-73.58728140083856
359349,2776886,-73.58755502811226
359349,1617442,-73.67307986520947
359349,1622457,-73.68679042581606
359349,2259899,-73.76515807442341
359349,2844975,-73.80188799486295
359349,5773713,-73.81027707576605
359349,2329314,-73.83112714023615
359349,4087268,-73.8368974857888
359349,576635,-73.83938733897493
359349,6108721,-73.85261257490984
359349,7557082,-73.85667750997669
359349,2824030,-73.88082038931753
359349,2849694,-73.91668699952001
359349,3496977,-73.92435492627553
359349,6106306,-73.96762129092126
359349,3498284,-73.97633373559805
359349,8398222,-73.99053199053175
359349,1830516,-74.01331756689262
359349,4666225,-74.0466228525875
359349,2293820,-74.05488781419321
359349,6440028,-74.09750228404654
359349,1394087,-74.123190045353
359349,2137078,-74.14690330116343
359349,5219970,-74.22773939034516
359349,5673816,-74.23209995005445
359349,68653,-74.27954885819271
359349,3626456,-74.36329707445694
359349,7857632,-74.36868342953815
359349,5806106,-74.3713205973413
359349,576632,-74.37377361433737
359349,5224458,-74.43030626873605
359349,4895338,-74.46090407074948
359349,4157950,-74.46764394343215
359349,7857631,-74.49721987525436
359349,5598772,-74.53572494748553
359349,7277971,-74.57478251582978
359349,4013719,-74.57576635062944
903469,1672649,-32.36191853862745
903469,3946901,-32.371732481227355
903469,5803772,-32.37583809858504
903469,8143178,-32.471112766105094
903469,4032237,-32.69834366161773
903469,5803771,-32.76085492291698
903469,6340623,-32.791882181678965
903469,2950154,-32.92017670998208
903469,7888359,-33.02645260929203
903469,84174,-33.42421006285424
903469,5348551,-33.4322603933573
903469,1563602,-33.4322603933573
903469,3046421,-33.521543855431005
903469,1148694,-33.669225554245195
903469,8177585,-33.685697356731424
903469,2503173,-33.75750385293411
903469,6206382,-33.794500486470255
903469,221641,-33.847585986392325
903469,648944,-33.860633992262336
903469,4032236,-34.00153033739588
903469,7492814,-34.03317182831306
903469,3018149,-34.071338638196345
903469,3810879,-34.34714369118641
903469,1420768,-34.43752902535911
903469,8737808,-34.46045993349175
903469,5507360,-34.46389332168397
903469,5681950,-34.49386920731125
903469,3274962,-34.494886385017985
903469,838157,-34.60639221353667
903469,2586311,-34.71109076383105
903469,1459473,-34.711778799748224
903469,1393983,-34.73763966928342
903469,590625,-34.865777632510586
903469,973650,-34.97303658487636
903469,1550351,-34.98792229828691
903469,1064634,-34.98964335022039
903469,4579404,-34.99033156370591
903469,2157196,-34.99308323416432
903469,2029147,-35.098490712466
903469,1092169,-35.09986737630689
903469,1359833,-35.1033069644562
903469,720097,-35.12033743152113
903469,4154378,-35.12332202740074
903469,1007837,-35.134315481195685
903469,2921739,-35.3729088613738
903469,7216862,-35.373253516632595
903469,837163,-35.37394273807253
903469,1343754,-35.37463184077638
903469,829612,-35.37532082478504
903469,7716288,-35.37738706504863
903469,1166762,-35.37773133468082
903469,2547464,-35.378419785066754
903469,2606545,-35.38048442556407
903469,3634582,-35.38048442556407
903469,903818,-35.38082842872911
903469,986650,-35.38117240231215
903469,838151,-35.39710566350942
903469,6726106,-35.43104739520661
903469,1071984,-35.5183772071406
903469,8728569,-35.51974750425154
903469,1305778,-35.52077491911019
903469,4032232,-35.5734067128582
903469,6186892,-35.58879395901491
903469,84169,-35.62557106375445
903469,3365634,-35.64466059721254
903469,1305779,-35.6504891030609
903469,6296325,-35.65630912839483
903469,8072728,-35.663006613765056
903469,1181833,-35.754858831808924
903469,111326,-35.7589764237246
903469,5901500,-35.76308978135787
903469,5327671,-35.76617202606936
903469,823014,-35.76719610144254
903469,648938,-35.76719610144254
903469,632911,-35.76719610144254
903469,4052675,-35.76719610144254
903469,3519388,-35.76822873259243
903469,823006,-35.76822873259243
903469,1431231,-35.76822873259243
903469,6436783,-35.768917005287776
903469,5085274,-35.76926109722935
903469,7602555,-35.77098111308
903469,7769315,-35.77407527901281
903469,937496,-35.7851281496719
903469,4955858,-35.79144673975249
903469,973652,-35.80018428201383
903469,7986395,-35.80023896585321
903469,1921890,-35.80126717300834
903469,1746980,-35.80207155321052
903469,6227860,-35.80469262259383
903469,5901504,-35.8053773606404
903469,5809722,-35.891583520968
903469,7546707,-35.89570111288368
903469,8759560,-35.9436659201192
903469,6155961,-35.98100072908871
903469,7391718,-36.02401422997369
903469,1659916,-36.02504694999181
903469,6650594,-36.04084869327317
903469,2749663,-36.062383830805366
903469,5809727,-36.06891483734358
1115776,758999,-57.77030135881915
1115776,1600770,-58.07876888105982
1115776,6710571,-58.45198227787891
1115776,1245513,-58.64484123554844
1115776,2028311,-58.70168121140364
1115776,5926274,-58.70477977150279
1115776,8017875,-59.07440298582645
1115776,1271375,-59.088835610501576
1115776,4314169,-59.09011276910155
1115776,4433466,-59.09269545823733
1115776,1565105,-59.12403534295906
1115776,7044571,-59.13329992579199
1115776,622471,-59.353471754529146
1115776,2510960,-59.42425071092937
1115776,7335275,-59.53420075677135
1115776,8106324,-59.73001973481977
1115776,8047925,-59.783899690296074
1115776,889048,-59.79463006285134
1115776,3653094,-59.80337807037025
1115776,6150628,-59.942495049494
1115776,4523568,-59.973163308204626
1115776,8706771,-59.97419323619803
1115776,4351142,-60.16923055285251
1115776,3203281,-60.17026429595268
1115776,4433473,-60.17439748823207
1115776,972405,-60.17439748823207
1115776,3606191,-60.17491393712976
1115776,7335274,-60.18339733882058
1115776,4530239,-60.18420242384371
1115776,1440035,-60.208656278808924
1115776,6287122,-60.239074464222305
1115776,3081626,-60.41597078308395
1115776,7125695,-60.442395989032846
1115776,8047931,-60.44394240736474
1115776,5814627,-60.449849158171844
1115776,7493008,-60.46811773669003
1115776,4267465,-60.605869113935015
1115776,4051141,-60.605869113935015
1115776,3803054,-60.6110289398509
1115776,6202146,-60.61257602274873
1115776,7518237,-60.61669962797277
1115776,8047923,-60.618760368313986
1115776,4433472,-60.62751062722539
1115776,455489,-60.70390979256879
1115776,6055287,-60.71527509564074
1115776,1286498,-60.71785511941672
1115776,6614876,-60.79142117065669
1115776,6934013,-60.81223821371219
1115776,8078183,-60.8225738665096
1115776,3961277,-60.82618714282796
1115776,8706768,-60.827219107950086
1115776,7625205,-60.83495319399279
1115776,2729810,-60.843447117212946
1115776,8446541,-61.067250393360496
1115776,2903177,-61.09750988812361
1115776,1583930,-61.09750988812361
1115776,5599216,-61.09750988812361
1115776,2514463,-61.09854327513821
1115776,7504785,-61.09854327513821
1115776,1931040,-61.101125964273976
1115776,3311959,-61.10215872872877
1115776,8047929,-61.102675044301165
1115776,6702136,-61.106803970169246
1115776,8616786,-61.1098988010108
1115776,2471196,-61.13357295230858
1115776,1593008,-61.2442313166826
1115776,8446536,-61.24474821049569
1115776,1593007,-61.24526505978277
1115776,4606188,-61.25868753769667
1115776,6354957,-61.25920318767379
1115776,5721698,-61.26229615725076
1115776,3653093,-61.27413779215044
1115776,1059917,-61.27575958945694
1115776,5906394,-61.27575958945694
1115776,6337717,-61.338964463887244
1115776,5106351,-61.3759044204632
1115776,2028314,-61.46196794435581
1115776,2578935,-61.46403543057149
1115776,6291148,-61.46609846857928
1115776,4734267,-61.466618786907894
1115776,890489,-61.46920103143465
1115776,2200557,-61.47023361815298
1115776,8106322,-61.47229825862483
1115776,3865151,-61.47642540941995
1115776,2856126,-61.479003437783554
1115776,258978,-61.48054972327078
1115776,4523570,-61.48312598052387
1115776,6037181,-61.48594108985862
1115776,8539805,-61.48594108985862
1115776,7183514,-61.48645789462732
1115776,2642525,-61.48697465488533
1115776,2395644,-61.48749137064032
1115776,6337716,-61.48922578362574
1115776,7768575,-61.48955778878322
1115776,1856144,-61.491107135483986
1115776,3276364,-61.49162349549049
1115776,3265578,-61.49523677180885
1115776,1856137,-61.49626873693097
1115776,4298204,-61.4983321348518
1115776,4530238,-61.50348752727951
1104492,3569072,-98.30588372021963
1104492,217701,-99.06502032335749
1104492,7600741,-100.35319597625107
1104492,8213723,-100.47599164458885
1104492,8213727,-100.59929133949738
1104492,934088,-100.76936880628932
1104492,8213724,-100.95532067549009
1104492,144542,-101.28762762041276
1104492,6564743,-101.62393034375133
1104492,6564742,-101.8393568245663
1104492,8213722,-101.88305415503477
1104492,1673723,-102.22176154184831
1104492,2607130,-102.46148629757816
1104492,3509113,-102.51979160443302
1104492,5113610,-102.57681415131105
1104492,4400418,-102.60328061312237
1104492,144547,-102.63222320441751
1104492,8165260,-103.21037994989115
1104492,953521,-103.26535541374164
1104492,953524,-103.26818832358492
1104492,8502908,-103.28244885035942
1104492,5633564,-103.42202622881896
1104492,3647138,-103.54116192757711
1104492,8213728,-103.54933565684908
1104492,144540,-103.6649870112734
1104492,4291787,-103.7578663238718
1104492,7071676,-104.12058294004099
1104492,7192883,-104.16691259666807
1104492,3579119,-104.19878236352122
1104492,2926068,-104.21435381617368
1104492,392677,-104.23115548931723
1104492,3815681,-104.32016988806438
1104492,5846033,-104.48734892056191
1104492,6372026,-104.64399649329003
1104492,2573774,-104.64887505165626
1104492,2068185,-104.70650081507182
1104492,6655124,-104.7482529801093
1104492,144541,-104.77297875918084
1104492,507257,-104.77525654072954
1104492,1256586,-104.78260622653318
1104492,6393681,-104.81732754259352
1104492,6539053,-104.85513378861954
1104492,6265254,-104.88520855526387
1104492,8104643,-104.98759192035611
1104492,8655994,-105.04066468173704
1104492,1851527,-105.10917581366706
1104492,2551921,-105.13595661361929
1104492,5633568,-105.27344868503212
1104492,2299377,-105.28965017979382
1104492,3013784,-105.40644048606381
1104492,2518585,-105.47247244893602
1104492,3459033,-105.48164224149214
1104492,1698162,-105.49801416983965
1104492,4245096,-105.5133462286794
1104492,4221043,-105.54128078057363
1104492,7390489,-105.545056535118
1104492,2573776,-105.58399287672857
1104492,7150528,-105.58839059579431
1104492,5740858,-105.64326104705727
1104492,6910328,-105.66886163272014
1104492,2125205,-105.6839633572033
1104492,3657737,-105.69478900797012
1104492,8310739,-105.7539492472124
1104492,5564391,-105.80053486062131
1104492,971835,-105.86193721569774
1104492,1976163,-105.8928217201107
1104492,1703744,-105.9364086932521
1104492,5633566,-105.9364086932521
1104492,6136117,-105.93993033587277
1104492,6710151,-105.95033534472029
1104492,1482048,-105.95548374593814
1104492,7496267,-105.9759697506275
1104492,537384,-106.04713072768271
1104492,2142865,-106.08236622142529
1104492,6616379,-106.08508578667075
1104492,8532780,-106.114223214719
1104492,1291193,-106.1229130259426
1104492,7529632,-106.13012062296721
1104492,8107047,-106.15003322880834
1104492,5676779,-106.20036740316863
1104492,8255479,-106.20533982491165
1104492,6265253,-106.20655335853579
1104492,1563354,-106.21504990026514
1104492,401591,-106.22259687619646
1104492,7981951,-106.2424640110439
1104492,6616380,-106.2575079680777
1104492,1618137,-106.28368647468578
1104492,6442293,-106.3203594621612
1104492,1528833,-106.32413183939059
1104492,6710154,-106.326571346777
1104492,915758,-106.37186865868628
1104492,2573778,-106.41237290901047
1104492,3945685,-106.44152250899656
1104492,7549267,-106.47765509856538
1104492,8012479,-106.49815291174247
1104492,676772,-106.5123479273912
1104492,1887593,-106.54825364952048
1104492,2136073,-106.56320207871988
1104492,4245101,-106.57802930746627
1104492,5633563,-106.59601812529752
315637,6361702,-90.66171856036284
315637,1704485,-91.11754666975582
315637,5482493,-92.94318998831857
315637,5482496,-93.11966351026638
315637,1003636,-93.31285889369555
315637,5482495,-93.49806816189623
315637,6412810,-94.67780237889761
315637,6412811,-95.23268276142677
315637,1716588,-95.31780463421558
315637,1716589,-95.31780463421558
315637,48672,-95.53762193941117
315637,4404407,-95.85069242552858
315637,1716593,-95.87568606839835
315637,8433522,-95.96228652273345
315637,6385398,-96.00155453551048
315637,1716586,-96.12599052007631
315637,5587116,-96.41479648456134
315637,5702170,-97.13359762156807
315637,8613521,-97.25916383693738
315637,7387072,-97.26088481480124
315637,1218676,-97.26088481480124
315637,20182,-97.26432588225433
315637,1716592,-97.29009621426428
315637,1716590,-97.60012189187856
315637,1716587,-97.61125222060173
315637,8295683,-97.70669609617812
315637,4291217,-97.77434915921802
315637,7565411,-97.77693029286624
315637,3441610,-97.79841387049541
315637,893621,-97.9844454025182
315637,6374274,-98.40264079151592
315637,479198,-98.40264079151592
315637,1391159,-98.4816135631695
315637,4155314,-98.63119275447093
315637,6663760,-98.89123730161423
315637,7367709,-99.02794331290474
315637,5620992,-99.02794331290474
315637,451062,-99.03051846442371
315637,5507992,-99.03779798290797
315637,597781,-99.05109583829608
315637,597782,-99.05366503535052
315637,1600289,-99.2018392510399
315637,5821306,-99.23817094070453
315637,286306,-99.25984627529874
315637,3842913,-99.42009281705992
315637,6667700,-99.61049290753277
315637,8813792,-99.67769132220769
315637,2981328,-99.69699127338941
315637,6633916,-99.71243391327381
315637,1658572,-99.89748053390676
315637,6411882,-99.9038894163675
315637,8158147,-99.9081957519148
315637,3262437,-99.91680286364144
315637,2822276,-100.1713839060624
315637,6485990,-100.24586878383606
315637,6169779,-100.29163112952938
315637,6283005,-100.29163112952939
315637,48674,-100.29249269344072
315637,5676784,-100.29486143949198
315637,4521185,-100.30798816411698
315637,4319531,-100.31056840977067
315637,2981325,-100.50825773017577
315637,7571616,-100.60611462001891
315637,1701134,-100.63521667330453
315637,254511,-100.8856994822381
315637,2667973,-100.94514872822145
315637,7579232,-100.94773141733167
315637,5918583,-100.949452839575
315637,2075679,-100.9774591823379
315637,1441105,-100.98261945181846
315637,479200,-100.99239236949532
315637,1003641,-101.01984080900813
315637,4568223,-101.02394015451401
315637,2061892,-101.04381691290446
315637,8004340,-101.16054098590857
315637,4980709,-101.18302198801456
315637,1689622,-101.19858356486013
315637,7061772,-101.19858356486013
315637,4401402,-101.20747583774919
315637,4843044,-101.2699990930264
315637,5702171,-101.27786215569016
315637,3955887,-101.2949393354042
315637,2061897,-101.29837449255346
315637,8559759,-101.29837449255348
315637,8295682,-101.47266204809637
315637,1498330,-101.55639549565603
315637,893628,-101.5701594778703
315637,3049871,-101.59263686363296
315637,7565407,-101.63176949956357
315637,893625,-101.63176949956357
315637,2628073,-101.64134587762524
315637,1128985,-101.64808720015608
315637,5727909,-101.67343276931072
315637,771021,-101.68889043798902
315637,3893113,-101.81787308316679
315637,4991428,-101.82717847292832
315637,4620731,-102.01183043228635
315637,3166341,-102.04892862654984
315637,3215571,-102.05667536039797
315637,8242463,-102.06527580987154
1112341,7579818,-70.44487046041927
1112341,7579820,-70.44487046041927
1112341,3729373,-71.68515692853025
1112341,90432,-72.11203779640365
1112341,5728410,-72.42170102181761
1112341,1267520,-72.61817624649034
1112341,3658729,-72.62801358376029
1112341,7101094,-72.63516231216478
1112341,90433,-72.88753143508139
1112341,4630259,-73.24838540592165
1112341,7718340,-73.27630884575787
1112341,8504804,-73.31431601429075
1112341,8555308,-73.33930605071023
1112341,3519511,-73.3406764651783
1112341,3007130,-73.53072122885499
1112341,1554245,-73.55475186880217
1112341,3212134,-73.62824058344302
1112341,4358403,-73.63083579958959
1112341,5590129,-73.63326856981863
1112341,6016292,-73.73318078460622
1112341,8802641,-73.81717935707132
1112341,7958852,-73.85863249186438
1112341,1675296,-73.86026773337917
1112341,6038312,-73.92651929513566
1112341,8562624,-73.95496803186751
1112341,439507,-73.97577301550244
1112341,2938018,-74.05828857276678
1112341,122940,-74.23515598198634
1112341,6016288,-74.43446913249382
1112341,1954369,-74.43951125341502
1112341,3093482,-74.48486490703414
1112341,4073005,-74.5583299230826
1112341,8491427,-74.59959980931329
1112341,1239323,-74.61601553649261
1112341,8139258,-74.65709698436044
1112341,4415267,-74.71200109840719
1112341,8442178,-74.7910241744863
1112341,4265326,-74.83403107606516
1112341,1373648,-74.85451514427572
1112341,5205144,-74.89978391968005
1112341,2434425,-75.02001213634239
1112341,2118405,-75.04212073918615
1112341,1093564,-75.05685659440967
1112341,4419996,-75.0738184035852
1112341,5491054,-75.07792718362468
1112341,3795405,-75.12582619411397
1112341,2423393,-75.15332674347668
1112341,6311795,-75.19429428310617
1112341,7361055,-75.19751107373862
1112341,4073004,-75.20013772780406
1112341,439512,-75.21911502019252
1112341,2005933,-75.23448742741219
1112341,8787349,-75.24411000037648
1112341,4263743,-75.26162947259108
1112341,439510,-75.26821577036704
1112341,2873454,-75.28926570390215
1112341,6020031,-75.31128506678132
1112341,7716591,-75.4355899795896
1112341,5415837,-75.43765133941136
1112341,4538538,-75.44609862666027
1112341,4667986,-75.45138018106353
1112341,2468296,-75.48051758896673
1112341,6470480,-75.54162238998906
1112341,210400,-75.55400677956096
1112341,2873450,-75.56834712398683
1112341,6164791,-75.5821763065968
1112341,8606160,-75.62714934658871
1112341,5906320,-75.70655143913778
1112341,568104,-75.7261626282098
1112341,2735215,-75.7475453996218
1112341,3522577,-75.74865245213172
1112341,5440689,-75.76071773638878
1112341,2468299,-75.84644404100632
1112341,2596431,-75.88505440922751
1112341,1052666,-75.92421684209754
1112341,6823938,-75.9451024300552
1112341,7916980,-75.94760011698277
1112341,7549372,-75.94828800499502
1112341,1732876,-75.96958324846807
1112341,2694630,-75.97164107335854
1112341,4224509,-75.97164107335854
1112341,4840242,-76.02132105401881
1112341,2468292,-76.1091667213251
1112341,2468298,-76.13331717035601
1112341,1227036,-76.16968614742011
1112341,7450605,-76.19512586718976
1112341,6127931,-76.2013221875739
1112341,3969776,-76.20269849614567
1112341,8747186,-76.20269849614567
1112341,4977768,-76.2075484445171
1112341,3670756,-76.23108682459866
1112341,4952379,-76.30500577173233
1112341,4715535,-76.31051384902857
1112341,550571,-76.31122891468844
1112341,4263740,-76.3132664661925
1112341,864849,-76.31876886081074
1112341,8671697,-76.34804601734119
1112341,2085244,-76.37656343578571
1112341,3352256,-76.39815062028401
1112341,3059677,-76.41999578717625
588587,6244255,-74.38387501270604
588587,6409990,-75.90253124045681
588587,6209489,-76.92909801610178
588587,4099577,-77.02446268944253
588587,4450862,-77.06391055505563
588587,3068210,-77.26489540320864
588587,6409993,-77.58511810286524
588587,3494602,-77.6072705779966
588587,231795,-77.6179271042004
588587,3134521,-77.65504599398834
588587,1262891,-77.65504599398834
588587,8004795,-77.6984301206345
588587,4450863,-77.84215172705117
588587,2286578,-77.95121375005652
588587,6549246,-78.08652148165571
588587,6244254,-78.08652148165571
588587,3404524,-78.08995148393774
588587,4163828,-78.13557525992843
588587,2032207,-78.14380409070291
588587,2692436,-78.17854977187709
588587,918571,-78.30904223976404
588587,2124704,-78.31661161189889
588587,8500920,-78.32004986944291
588587,5913310,-78.35739507407797
588587,6210601,-78.51196290714094
588587,7608895,-78.6013026373013
588587,4450864,-78.69738917225699
588587,2297381,-78.71347030198962
588587,2061066,-78.82474313271715
588587,2507242,-78.82885156107685
588587,6549242,-78.88913568020659
588587,6549243,-78.89119068586916
588587,6362859,-78.99831017556156
588587,6092779,-78.99968607161708
588587,3660496,-79.0202775735521
588587,947058,-79.14134857208494
588587,4450870,-79.23620382979799
588587,1604432,-79.37428474713916
588587,4414578,-79.3864012958928
588587,7369873,-79.38869076039593
588587,5562518,-79.42560939275637
588587,6451436,-79.42796053654936
588587,3494606,-79.43481730760159
588587,3494601,-79.45216968497778
588587,3494600,-79.48929183274852
588587,1216204,-79.49272095288882
588587,5095723,-79.61124142209589
588587,1326930,-79.61399167351315
588587,7385389,-79.62040862657136
588587,5859880,-79.63255606437727
588587,2483168,-79.63737376613507
588587,1569267,-79.66218028898467
588587,889946,-79.68281224783648
588587,275293,-79.68900270795896
588587,939250,-79.79071750530598
588587,6121538,-79.81056265030347
588587,6782322,-79.82907831973213
588587,4346431,-79.82976326296789
588587,3494599,-79.91220030309577
588587,7572461,-79.95895589456528
588587,2090419,-79.96170898536701
588587,863899,-80.01375515791374
588587,1208700,-80.01525896345652
588587,8548224,-80.01582237699878
588587,8735858,-80.0192665555293
588587,7219171,-80.02890237440522
588587,5343477,-80.03371593503799
588587,4882527,-80.03921360304061
588587,2283482,-80.04608037942504
588587,6211958,-80.04813926352122
588587,1761636,-80.05156955995139
588587,3615052,-80.06606467032083
588587,5101619,-80.21280434593899
588587,8339998,-80.24348821533991
588587,4907296,-80.27022836432626
588587,2649865,-80.31216078430859
588587,1105054,-80.32324415870465
588587,3499744,-80.32668655879908
588587,5493915,-80.34428924786145
588587,7709461,-80.34566662276048
588587,6195292,-80.34702147461309
588587,789807,-80.34704376055512
588587,1042769,-80.348420661327
588587,820067,-80.3594273444628
588587,1575352,-80.38619286253248
588587,6792155,-80.43450120104185
588587,1865041,-80.4562351258333
588587,8091771,-80.45993558291205
588587,7196062,-80.46036547278814
588587,1588752,-80.47686556887223
588587,5810398,-80.48990405243228
588587,2074831,-80.49514395797661
588587,1481817,-80.53018412117726
588587,256261,-80.60627142101823
588587,3022188,-80.66176052824648
588587,627039,-80.66451622697252
588587,2204764,-80.66727097679099
588587,530197,-80.66795951605536
588587,4837092,-80.66864799606405
588587,2253302,-80.69956843171177
706080,8186136,-39.09703017641455
706080,8433710,-40.04767543560475
706080,8433704,-40.07988839153465
706080,331034,-40.35892300416965
706080,8207883,-40.55373424569544
706080,6992839,-40.70944629503905
706080,5783110,-40.85724302722065
706080,5928623,-40.86323448583046
706080,5928628,-41.316439632317255
706080,665982,-41.355823538178996
706080,3697340,-41.36347677405295
706080,5210422,-41.38714526140013
706080,6716120,-41.53854831469576
706080,7684661,-41.65959551579117
706080,1128295,-41.94577174452766
706080,321075,-42.017703687422355
706080,2166656,-42.017703687422355
706080,7011275,-42.018691833877995
706080,1873799,-42.036494063481456
706080,2811044,-42.05791963053334
706080,4452031,-42.093434392975375
706080,4177012,-42.14487363284231
706080,394904,-42.157612940117914
706080,6427981,-42.26941469411099
706080,3697337,-42.304397327450104
706080,8723575,-42.31168795899539
706080,3697335,-42.409554093416666
706080,5928627,-42.41132078536005
706080,5496489,-42.47820274937638
706080,5496488,-42.48033480010032
706080,1589041,-42.58196821437325
706080,4452032,-42.591272821214545
706080,1589047,-42.66101863334876
706080,1589044,-42.68621476762044
706080,7059305,-42.68785005222771
706080,5496494,-42.709716351290865
706080,6460006,-42.758366171625525
706080,4451256,-42.85336867291363
706080,2410836,-42.872232608687334
706080,8433709,-42.87237475263947
706080,2299129,-42.93598081140278
706080,6285097,-42.95274089172948
706080,889154,-42.95917214679648
706080,5496490,-42.9617423343911
706080,5928625,-42.96388314861825
706080,6904467,-42.97949249372928
706080,1355842,-42.98260351378008
706080,164560,-43.07000475043472
706080,8138589,-43.08678407031963
706080,724522,-43.1552435208003
706080,3122873,-43.33232830618775
706080,830045,-43.33479763557497
706080,4508096,-43.335336523007605
706080,3628285,-43.34038064242963
706080,2112520,-43.347868042220334
706080,3675249,-43.4063513682645
706080,8112542,-43.48142850846249
706080,1563737,-43.48579478751168
706080,3697339,-43.490568622677
706080,724524,-43.60231818242844
706080,2341677,-43.61105334535637
706080,7828676,-43.61277284362373
706080,1589042,-43.6130104551203
706080,6791521,-43.633249290385706
706080,2385958,-43.65025060448448
706080,6285096,-43.65336147860224
706080,1767366,-43.654789238063245
706080,97888,-43.73065966932889
706080,6845354,-43.74409673083988
706080,866346,-43.80606441232371
706080,4226162,-43.812057922926385
706080,5213063,-43.99061950501865
706080,164563,-43.995786440538694
706080,2271344,-44.00481574954177
706080,5794464,-44.01344800192734
706080,5149501,-44.02645934268249
706080,6460004,-44.04053360281288
706080,1175702,-44.045632944172674
706080,5792964,-44.08289285552314
706080,724527,-44.11111796807536
706080,3526914,-44.138157481837254
706080,2296860,-44.138157481837254
706080,2851613,-44.139871527601926
706080,2633022,-44.14287400203653
706080,2505538,-44.170633404045965
706080,7931900,-44.19792807821875
706080,2082754,-44.20201342261308
706080,3136459,-44.2096016034669
706080,7350640,-44.21388708537453
706080,270523,-44.22116398550153
706080,875983,-44.246218375372536
706080,1415518,-44.25380947574769
706080,7557299,-44.26713044136084
706080,2296857,-44.27706908867764
706080,3968938,-44.36053354024046
706080,29002,-44.368420237874524
706080,7429944,-44.368420237874524
706080,6796678,-44.36885009395897
706080,7954270,-44.393907493395396
706080,1589049,-44.39789072835147
117831,3930689,-16.994400557416228
117831,5114039,-17.882048303769054
117831,1004729,-17.88325376627261
117831,5490903,-18.624730656764378
117831,6699898,-18.719997253963435
117831,3672136,-18.8124003182623
117831,1785018,-18.940497262956118
117831,5490907,-19.066259911623636
117831,7372393,-19.071238113115854
117831,6699897,-19.071409554423028
117831,5646684,-19.08388524172975
117831,7615110,-19.212730660416245
117831,2624570,-19.222701199275026
117831,5072014,-19.225956631424122
117831,2511437,-19.39074461415586
117831,7549317,-19.392468113310283
117831,6650998,-19.39453435371171
117831,5594852,-19.397114155940624
117831,2344062,-19.397114155940624
117831,8277923,-19.39883217722947
117831,7113391,-19.40174943072401
117831,5072011,-19.402606637272477
117831,8276902,-19.403806109540646
117831,7646684,-19.405004862873106
117831,1063745,-19.410475746668823
117831,7628460,-19.608825748544913
117831,5315018,-19.610721679330304
117831,7658752,-19.61089394758654
117831,125200,-19.611066201005876
117831,2122297,-19.61175506636534
117831,6270416,-19.612099410090096
117831,5594854,-19.612099410090096
117831,1096440,-19.612443694538758
117831,29022,-19.612443694538758
117831,1193879,-19.61278791973173
117831,61159,-19.612960010113703
117831,2838747,-19.6131320856894
117831,7170194,-19.613304146461374
117831,3930688,-19.61347619243216
117831,5490900,-19.613648223604315
117831,7197993,-19.61382023998038
117831,5269853,-19.6139922415629
117831,4311841,-19.6139922415629
117831,70147,-19.614336200357485
117831,5740463,-19.615023940536027
117831,4311840,-19.61519583863494
117831,1529850,-19.61622691707988
117831,3572969,-19.61622691707988
117831,369415,-19.616742257035323
117831,458130,-19.617429170482396
117831,4844020,-19.617772538754295
117831,8276255,-19.61794420078619
117831,5490908,-19.618115848085424
117831,6392652,-19.618115848085424
117831,1870185,-19.618287480654526
117831,4746465,-19.618287480654526
117831,4918035,-19.61863070161244
117831,5879068,-19.618802290006307
117831,5429410,-19.618973863680147
117831,1550303,-19.618973863680147
117831,8377540,-19.61914542263649
117831,8575328,-19.619316966877854
117831,1550304,-19.619488496406767
117831,8442191,-19.619660011225754
117831,1280954,-19.61983151133733
117831,7658373,-19.61983151133733
117831,276927,-19.61983151133733
117831,6970989,-19.61983151133733
117831,6350042,-19.620002996744027
117831,714665,-19.620174467448365
117831,7490046,-19.620174467448365
117831,2080986,-19.620174467448365
117831,8620092,-19.620860203292494
117831,5911069,-19.620860203292494
117831,6236627,-19.62103160052282
117831,2156437,-19.6212029830659
117831,1607707,-19.621545704100384
117831,6166980,-19.62171704259682
117831,479326,-19.622059675560664
117831,2185871,-19.622230970033097
117831,1739854,-19.622402249835886
117831,8275452,-19.62308722240087
117831,1697458,-19.623429620730803
117831,1704630,-19.623943108341457
117831,4009543,-19.62428536018831
117831,6175532,-19.625824769131306
117831,765781,-19.625995741450993
117831,1455281,-19.888065702896732
117831,2452291,-19.88858304239504
117831,1335682,-19.888755459160954
117831,2041222,-19.888927861064378
117831,1335681,-19.889100248107873
117831,8425825,-19.889272620294005
117831,6350385,-19.889272620294005
117831,2452288,-19.889272620294005
117831,6753191,-19.88961732010441
117831,8344743,-19.88961732010441
117831,3913521,-19.88961732010441
117831,6270412,-19.889789647733807
117831,1593570,-19.889961960516075
1120868,8057920,-46.0886609902701
1120868,8057914,-46.79045717737948
1120868,8057912,-46.79045717737948
1120868,8342741,-47.03708854019452
1120868,2251161,-47.43278522679759
1120868,1433514,-47.60520586700805
1120868,1779320,-47.99420198469346
1120868,5265979,-48.078552124865745
1120868,1663116,-48.07941239172264
1120868,7125788,-48.07941239172264
1120868,8057916,-48.4016818452923
1120868,7588001,-48.57879610857992
1120868,6672065,-48.770776361021035
1120868,7487133,-48.79071620092505
1120868,8412153,-48.79114661205402
1120868,6769775,-48.942947189668075
1120868,4206871,-49.1543138801212
1120868,6078836,-49.159049625881565
1120868,4382309,-49.159479925886984
1120868,317421,-49.16038917801543
1120868,8740881,-49.17880519816682
1120868,7487127,-49.18061137881574
1120868,6731195,-49.187063103611536
1120868,5028214,-49.21991092125904
1120868,4211830,-49.268603404716046
1120868,8051924,-49.28672063277836
1120868,2110885,-49.36242090221457
1120868,8051926,-49.43284318207346
1120868,8057913,-49.43648243242395
1120868,4200047,-49.43949505108315
1120868,8342744,-49.443537183823054
1120868,882583,-49.4720871745821
1120868,8510717,-49.58182595222632
1120868,2056559,-49.60117449040518
1120868,3677390,-49.61180004599716
1120868,8342742,-49.698579957313825
1120868,3953268,-49.70713625555238
1120868,6078832,-49.80481607968496
1120868,3117540,-49.81599378396955
1120868,5652444,-49.81771121505305
1120868,7106218,-49.82046279050333
1120868,1779316,-49.822431111050946
1120868,1779318,-49.8237175825241
1120868,4739531,-49.8242248874819
1120868,1779321,-49.82457504631979
1120868,6207333,-49.82886016095178
1120868,8147518,-49.836268629272006
1120868,407844,-49.84399574353132
1120868,2110886,-49.883959385643315
1120868,2384523,-49.9078336237599
1120868,1852164,-49.93674991613268
1120868,5391784,-49.94621692643986
1120868,3738074,-49.994086559504396
1120868,4909809,-50.00165753433202
1120868,8519762,-50.08784289775929
1120868,407845,-50.099012918644355
1120868,255804,-50.102320207369516
1120868,6038739,-50.13299758320111
1120868,6207332,-50.204119712559255
1120868,6967375,-50.21002950439481
1120868,6392948,-50.213898541971375
1120868,175903,-50.213898541971375
1120868,1034176,-50.246878496729174
1120868,2258379,-50.3370658889285
1120868,8512794,-50.338787459362045
1120868,3834995,-50.34179878202593
1120868,1301249,-50.3430887939012
1120868,3768900,-50.3469568337716
1120868,6681408,-50.35082188360848
1120868,1242188,-50.3585430316473
1120868,3953266,-50.38651811495914
1120868,4739528,-50.4656815548029
1120868,8252486,-50.46697468055364
1120868,4739527,-50.46869832815372
1120868,1167862,-50.469990674027144
1120868,3741696,-50.473004849353956
1120868,8717663,-50.473004849353956
1120868,8057919,-50.47343529753687
1120868,7728605,-50.47386570866585
1120868,8667229,-50.4747264197875
1120868,2387128,-50.478597787347866
1120868,1626071,-50.48504341295044
1120868,3458830,-50.48504341295044
1120868,5758616,-50.493483404190535
1120868,6623232,-50.497903540784755
1120868,5736731,-50.614928587749
1120868,7495695,-50.61751161045956
1120868,8057944,-50.61794198454097
1120868,8264095,-50.619663110518566
1120868,5053015,-50.62095356631471
1120868,7632108,-50.62783037793401
1120868,8297250,-50.6692113666388
1120868,1071303,-50.760948247804755
1120868,1774408,-50.760948247804755
1120868,8510714,-50.767165197079485
1120868,1433511,-50.76845676401567
1120868,3027386,-50.76888721219858
1120868,7703326,-50.76888721219858
1120868,5826278,-50.77017833444921
1120868,6681406,-50.77060863445463
1111906,8143530,-50.604877904274105
1111906,7630274,-52.9942648652939
1111906,8143534,-53.35842396881667
1111906,8143532,-53.627338834762
1111906,8143536,-54.341388351043435
1111906,8143535,-54.341388351043435
1111906,5275764,-55.27337347863542
1111906,5232240,-55.55217020867238
1111906,263052,-55.69364825986909
1111906,6292580,-55.74926256737235
1111906,6292579,-55.75028739379488
1111906,6679490,-56.20389945121153
1111906,948872,-56.24364741251344
1111906,6717349,-56.475784421005926
1111906,2841649,-56.47938963322104
1111906,948875,-56.63207959255685
1111906,2275063,-56.69738176333917
1111906,7139410,-56.731540221865366
1111906,7780228,-56.90827808565057
1111906,8143528,-57.02732008136375
1111906,1218619,-57.129102183874636
1111906,2156780,-57.164133841085494
1111906,7635573,-57.18163026664415
1111906,412582,-57.189407243422096
1111906,4019184,-57.340609776760985
1111906,4764646,-57.37765564531597
1111906,8143527,-57.389102977596856
1111906,8692181,-57.38961924874278
1111906,6188887,-57.40508676265795
1111906,4719911,-57.41100912608029
1111906,4102355,-57.4306295349204
1111906,8587039,-57.55446736865692
1111906,412585,-57.569303241766924
1111906,1688470,-57.570631170383024
1111906,2879188,-57.63084254044857
1111906,8587038,-57.656152785267444
1111906,1698503,-57.65975830697473
1111906,1751642,-57.66610581753636
1111906,8205631,-57.67075265791731
1111906,459912,-57.6812579999437
1111906,7124470,-57.75562896473035
1111906,3448634,-57.77340258818103
1111906,8136936,-57.77753506877967
1111906,7635570,-57.77779051133965
1111906,462435,-57.77925738247233
1111906,3700547,-57.78888473640305
1111906,8083536,-57.79324080576317
1111906,8814939,-57.92846796315958
1111906,8814940,-57.92898211078881
1111906,6696708,-57.9409076620038
1111906,7445187,-57.95794608387504
1111906,4102357,-58.02002367284953
1111906,8143531,-58.027893111814635
1111906,8708571,-58.033148120242245
1111906,6773661,-58.03777611156407
1111906,6563458,-58.04862361307519
1111906,8136045,-58.0506839995896
1111906,948870,-58.050920142273306
1111906,8133766,-58.057636291005345
1111906,4102358,-58.06283267297147
1111906,3327074,-58.20397764816239
1111906,1032520,-58.20849002345255
1111906,5034949,-58.209006161364925
1111906,3309223,-58.22344002603201
1111906,6921438,-58.2404631984631
1111906,3792167,-58.31014984856351
1111906,4691032,-58.32305441142782
1111906,3327079,-58.32983768718741
1111906,3327076,-58.38507956642708
1111906,5284050,-58.415265260671966
1111906,5275760,-58.42106314012067
1111906,8748571,-58.42364582925644
1111906,2406054,-58.42416223370473
1111906,8828196,-58.42519490928363
1111906,2822185,-58.42674358947257
1111906,3457810,-58.431815414356706
1111906,462437,-58.43911866153563
1111906,1519499,-58.44323802010738
1111906,2113923,-58.45174629920755
1111906,1015784,-58.45961979357144
1111906,3618869,-58.46013241074636
1111906,1519491,-58.46013447044046
1111906,3433254,-58.46064910316456
1111906,5363477,-58.462192736542995
1111906,1855118,-58.491446566691266
1111906,7494341,-58.51167934870182
1111906,1709277,-58.67631696269886
1111906,8027836,-58.69227386563803
1111906,5275763,-58.7027142425779
1111906,4973021,-58.70787673224876
1111906,6098300,-58.707876732248764
1111906,3309228,-58.712003528212435
1111906,8759486,-58.716642783413576
1111906,2102540,-58.71909774391815
1111906,3238634,-58.72024861466618
1111906,7983655,-58.73033813888021
1111906,447445,-58.77043625637845
1111906,7742177,-58.845843651016835
1111906,5936599,-58.853317616262885
1111906,4683378,-58.85898003367726
523270,8372977,-41.26487082842668
523270,8372982,-41.26487082842668
523270,8372979,-41.36055815174592
523270,5752993,-43.62466957575466
523270,7696361,-43.974169284387806
523270,7821242,-44.134989342675155
523270,2726812,-44.142869694526894
523270,8372978,-44.325134789861195
523270,1465672,-44.602702264860376
523270,4893265,-44.780299297756734
523270,1465677,-44.82074861557006
523270,2657168,-44.949806399879485
523270,5323332,-44.97629509187111
523270,3010424,-45.01026121607458
523270,1809189,-45.14655567927872
523270,5906222,-45.289901407434456
523270,5173465,-45.37220050255719
523270,1046093,-45.44977889371641
523270,3345508,-45.46660890098246
523270,4469454,-45.46746968619285
523270,2657172,-45.47439730493652
523270,2098238,-45.47821701639603
523270,4859930,-45.51251579048303
523270,8227852,-45.5649890407809
523270,8372976,-45.60915442522008
523270,224334,-45.74705454841201
523270,7096321,-45.74963601525878
523270,1665731,-45.75823129169366
523270,2292971,-45.83110113021314
523270,1337589,-45.99603349770838
523270,5752990,-46.00421694657534
523270,7893046,-46.00593807255294
523270,4859929,-46.07197749287974
523270,4149448,-46.089305797723526
523270,5048486,-46.08973532146787
523270,7586494,-46.098555339095476
523270,3027224,-46.111944610171435
523270,6185190,-46.132644614192834
523270,4893268,-46.132644614192834
523270,5540113,-46.13428276044339
523270,8372981,-46.14383001245443
523270,7755181,-46.14941334207306
523270,5779174,-46.1495616529209
523270,3940166,-46.17049457464519
523270,8372975,-46.30918413771642
523270,3027220,-46.3695375306447
523270,5735596,-46.4018517903196
523270,413636,-46.40743416091613
523270,5524942,-46.41472479246142
523270,7850015,-46.54806194465287
523270,8542262,-46.65256523747799
523270,566909,-46.65643560613033
523270,8718319,-46.65844375915424
523270,8433130,-46.752854580847874
523270,4893267,-46.758428813038826
523270,1300609,-46.77788196850817
523270,4065433,-46.77790867332752
523270,1952712,-46.778841071378665
523270,7096317,-46.77927177911789
523270,6728504,-46.78185524670548
523270,1300606,-46.784761145468046
523270,5765852,-46.784761145468046
523270,2292969,-46.784761145468046
523270,1376654,-46.78647946187855
523270,958854,-46.78701818074309
523270,2760135,-46.78830808168584
523270,1324900,-46.800759997986766
523270,3171774,-46.808901368220994
523270,159438,-46.86727267963407
523270,1265891,-46.86727267963407
523270,7747452,-46.86727267963407
523270,2657174,-47.01349104320314
523270,8718316,-47.01481835518716
523270,4743913,-47.017360080779696
523270,3027221,-47.03169435031774
523270,3616256,-47.03471112366858
523270,95156,-47.04030887826212
523270,95152,-47.04116951530778
523270,2025187,-47.04159977828478
523270,3179376,-47.05320290516145
523270,4100221,-47.056079305592334
523270,7696363,-47.12695469871379
523270,1119553,-47.16829511136096
523270,5765850,-47.16829511136096
523270,2292976,-47.16829511136096
523270,6618496,-47.17389286595451
523270,1208260,-47.18866724086658
523270,5274900,-47.18866724086658
523270,3801941,-47.18866724086658
523270,3080022,-47.190219691663614
523270,6185187,-47.19253927465213
523270,7991701,-47.20070373443215
523270,5929855,-47.2037083358549
523270,1119549,-47.27809520026508
523270,5765846,-47.27895561515926
523270,1419104,-47.39825191402839
523270,2994192,-47.40778151800824
523270,413639,-47.4094469446691
523270,5375755,-47.4120828525474
523270,7696359,-47.41589423254406
133358,8104531,-34.229132549032904
133358,4432668,-34.68658069771913
133358,2196301,-35.409444687715194
133358,4203705,-35.51014555181703
133358,8432059,-35.512205054321065
133358,1218471,-35.64717851259475
133358,2525442,-35.648207336825806
133358,1218472,-35.752459826904236
133358,7252052,-35.75793164363092
133358,871835,-35.79578034482019
133358,4201765,-35.89329969940823
133358,6517112,-35.92664646106445
133358,1176064,-35.93920576938433
133358,1275309,-35.957150227619486
133358,2668443,-36.0457919775366
133358,4432669,-36.06169573570892
133358,2763589,-36.06264801610425
133358,1729579,-36.0726910782049
133358,7991249,-36.08325015791192
133358,5451013,-36.152306820264855
133358,4370299,-36.177134617359975
133358,8157381,-36.17795444145832
133358,8720205,-36.180393215340345
133358,6674872,-36.18194094856231
133358,5405506,-36.184684832809396
133358,642184,-36.19445455509011
133358,3690751,-36.21831593036039
133358,2465303,-36.223232547484606
133358,6043979,-36.226212386387274
133358,6237113,-36.26537957885235
133358,2436210,-36.28441980546979
133358,8100776,-36.28648143093527
133358,6322012,-36.30099522038391
133358,2123595,-36.31405331467616
133358,6881854,-36.31439637373399
133358,838764,-36.3309190073945
133358,7822666,-36.364159512766705
133358,4824647,-36.43278741285843
133358,8494377,-36.43567084241745
133358,2624787,-36.444808923220684
133358,871834,-36.45097737453437
133358,1675962,-36.45520987691427
133358,6517115,-36.45796083770975
133358,122952,-36.459605543941066
133358,8146663,-36.46304690762154
133358,2476337,-36.46311379536084
133358,1234557,-36.463457089959306
133358,3782096,-36.46380035509751
133358,2476340,-36.46517312114875
133358,3549428,-36.46551623906144
133358,839517,-36.46757432868519
133358,2717899,-36.46854693856638
133358,839516,-36.46894580037345
133358,5853780,-36.47168733385465
133358,5853781,-36.47305739629152
133358,838771,-36.555747523619885
133358,1875611,-36.56640979411644
133358,1065615,-36.56949997607583
133358,8120106,-36.60598356319336
133358,2606452,-36.60598356319336
133358,4432677,-36.60942700064506
133358,4427959,-36.610803546045936
133358,8494371,-36.61493034221297
133358,5303227,-36.622828153995144
133358,6526858,-36.62762789401377
133358,1157802,-36.63872745939721
133358,5377812,-36.64319182222949
133358,1479901,-36.64319182222949
133358,1479900,-36.644907558993154
133358,4874927,-36.70961942103364
133358,7930178,-36.71993286946037
133358,3733194,-36.814820387659715
133358,325637,-36.82527047173773
133358,1388862,-36.828368898580436
133358,3758216,-36.82925426102792
133358,501988,-36.829401174410265
133358,4432671,-36.83146492721846
133358,3083087,-36.83318390823298
133358,8802399,-36.83696306816641
133358,1838116,-36.842453662098364
133358,3372159,-36.84459210702796
133358,3844446,-36.845281387851294
133358,8000688,-36.846659593269216
133358,7696809,-36.847004070439205
133358,5364290,-36.84975882033932
133358,6319354,-36.84975882033932
133358,1388861,-36.850103030720916
133358,2962923,-36.85044721148487
133358,8585937,-36.852511674383265
133358,3085824,-36.85457507232952
133358,7449682,-36.856637406421754
133358,7398406,-36.85938553222225
133358,8298232,-36.86110215256652
133358,2018508,-36.88556842541252
133358,7107423,-36.88591290258251
133358,4427963,-36.886601767936874
133358,4427965,-36.886601767936874
133358,788289,-36.88729051467779
133358,7994418,-36.8879791428461
133358,2259481,-36.89004431632352
67262,4630841,-43.68263209632342
67262,8326584,-44.008680467438026
67262,8326588,-44.209047708022766
67262,8552958,-44.418302917027525
67262,2702437,-45.10490573730759
67262,6710096,-45.260822239657
67262,2663365,-45.493652700492675
67262,2663364,-45.6740671340587
67262,6717003,-45.726783399273025
67262,8700909,-46.023974215889595
67262,4630842,-46.4935414567714
67262,6124842,-46.4935414567714
67262,2663356,-46.55793929695634
67262,8326580,-46.643946764677075
67262,3116640,-46.6701727040538
67262,8441852,-46.679595113324886
67262,7513848,-46.77147134624613
67262,5934807,-46.77404727170431
67262,6164795,-46.92185961241244
67262,6507284,-47.04203000423971
67262,7335064,-47.100479644354444
67262,2490873,-47.17967892485524
67262,1055632,-47.18866724086658
67262,2663358,-47.240281158345695
67262,2663361,-47.24457178873093
67262,6903057,-47.2514291481799
67262,8326583,-47.42796569356143
67262,5812188,-47.42977364502384
67262,5581950,-47.454243934618844
67262,5209406,-47.528132280034164
67262,2490876,-47.555624813341105
67262,3747305,-47.609338884908965
67262,8725996,-47.609338884908965
67262,2052540,-47.75281985970708
67262,5491786,-47.85755321584229
67262,1791522,-47.8596982548291
67262,6203502,-47.86012715221995
67262,2052544,-48.03197604516541
67262,6973593,-48.07510957655558
67262,3961805,-48.07769170997156
67262,4022849,-48.081132481528286
67262,8246872,-48.08285197979564
67262,3961797,-48.087577553230545
67262,7632505,-48.09015325752796
67262,1149921,-48.092727635658
67262,7609855,-48.0931565698426
67262,4716745,-48.0957294025023
67262,8013827,-48.0995861708932
67262,1537436,-48.126725785264334
67262,6406535,-48.1302677627495
67262,8442174,-48.14301342193164
67262,2702430,-48.23723136902716
67262,6994047,-48.30834927880316
67262,1791521,-48.407273820960775
67262,7028332,-48.41028229635625
67262,5095134,-48.411571089022424
67262,5095136,-48.411571089022424
67262,8326581,-48.41586466695279
67262,5209407,-48.41801007409816
67262,3841843,-48.425297580318016
67262,5209401,-48.428723323195875
67262,2663362,-48.52188051730932
67262,2663360,-48.526173726575095
67262,8326585,-48.527460970849674
67262,3750240,-48.52831894962539
67262,5199144,-48.53603414064981
67262,6459591,-48.5483181557301
67262,5095133,-48.72560944172072
67262,4131144,-48.72603955664769
67262,6164796,-48.776894927674554
67262,4463781,-48.785052376804046
67262,7660402,-48.80232431633862
67262,5209404,-48.802753729417084
67262,3025461,-48.94466742742191
67262,3667793,-48.945097394400705
67262,2707906,-48.95068360306373
67262,5911889,-48.95197184230548
67262,2190759,-48.955405525150965
67262,8700907,-48.96483601241631
67262,1725928,-49.05862777769181
67262,4162109,-49.06077484311582
67262,4561900,-49.07492239859859
67262,6292688,-49.153021534247785
67262,7088038,-49.15517525850102
67262,6292690,-49.15689757020479
67262,8725997,-49.15689757020479
67262,7429889,-49.15732805544802
67262,2923301,-49.160340414818926
67262,2936055,-49.165500240874735
67262,7210584,-49.166789365823874
67262,4412815,-49.1693666190445
67262,7028334,-49.176661630551585
67262,6208698,-49.177519167877996
67262,8700911,-49.17880519816682
67262,1791528,-49.18190238994282
67262,3097555,-49.18792270493057
67262,4745248,-49.189641464346956
67262,5491787,-49.189936959955524
67262,8034000,-49.190071061900234
67262,6234759,-49.19350651418384
1121166,8054920,-54.639634245255984
1121166,8378303,-55.02570002616824
1121166,3720789,-55.3587662786503
1121166,8378301,-55.89992284225984
1121166,1933184,-56.04714007826143
1121166,8054925,-57.41486227117442
1121166,7128104,-57.99270055606222
1121166,3722100,-58.03985906839
1121166,6439529,-58.051198985685296
1121166,1438877,-58.054537464186694
1121166,8378299,-58.47389072644545
1121166,2362460,-58.70168121140363
1121166,1999760,-58.70529604264872
1121166,7150558,-58.73105312460877
1121166,3817584,-59.08959609784195
1121166,3087309,-59.09166251598485
1121166,3852124,-59.09424453826452
1121166,686027,-59.09579321845345
1121166,8054924,-59.10043686205343
1121166,4453796,-59.10971338142791
1121166,2823196,-59.11434626828964
1121166,8378307,-59.12257368916863
1121166,4008367,-59.12257368916863
1121166,4268449,-59.135356780709586
1121166,8773580,-59.357083477257916
1121166,8773578,-59.357083477257916
1121166,4008362,-59.619641243469516
1121166,8054919,-59.7346729819853
1121166,3112788,-59.735706547012015
1121166,5987622,-59.73777314309041
1121166,8018104,-59.73932262316238
1121166,297954,-59.7444846686831
1121166,6537466,-59.74964227690214
1121166,5518987,-59.75788523948246
1121166,8609200,-59.75891481401331
1121166,7928600,-59.76097343321469
1121166,463986,-60.19656474718207
1121166,2532661,-60.205306007469446
1121166,6994316,-60.271916842820104
1121166,8762373,-60.37561235455418
1121166,297953,-60.38491684583495
1121166,3249448,-60.38749886811462
1121166,8624868,-60.387498868114626
1121166,112367,-60.38853136598765
1121166,1372801,-60.38904754830355
1121166,4828685,-60.38904754830355
1121166,6473332,-60.39420693052752
1121166,6473337,-60.407086009553
1121166,3249452,-60.43569023342158
1121166,8625228,-60.45398235045123
1121166,5963619,-60.45553156380371
1121166,2532660,-60.466577537482486
1121166,5963617,-60.469971631628106
1121166,2532657,-60.478888075001095
1121166,1143559,-60.48129306937863
1121166,2532666,-60.48437703028022
1121166,8104384,-60.497722574009536
1121166,8358215,-60.63830218189117
1121166,77039,-60.70701155633517
1121166,4767948,-60.707528361103876
1121166,3249450,-60.71062825525978
1121166,5271678,-60.71217760196054
1121166,3294681,-60.71475895772838
1121166,6911531,-60.717855119416726
1121166,8456423,-60.727649104305875
1121166,8790146,-60.72816413460714
1121166,3773864,-60.72970896030784
1121166,6934894,-60.81740826564644
1121166,5499074,-60.82102465315711
1121166,2524861,-60.84370645656408
1121166,3773868,-60.85686036235446
1121166,6186700,-60.883597228857816
1121166,7532720,-61.08788439270144
1121166,7199759,-61.09251727956317
1121166,7200354,-61.094408658761736
1121166,1873052,-61.09544257999673
1121166,4265478,-61.09802660387859
1121166,7343339,-61.1000930220215
1121166,7778074,-61.10370754217419
1121166,3249446,-61.10473986240247
1121166,4265479,-61.10473986240247
1121166,7843787,-61.10835158513123
1121166,3666481,-61.11659879655316
1121166,2489406,-61.11762890136886
1121166,8104385,-61.120718155124905
1121166,2608473,-61.126891894983466
1121166,442184,-61.12894839740714
1121166,8704181,-61.144349738934594
1121166,6186704,-61.144349738934594
1121166,8704180,-61.14486243675082
1121166,2115744,-61.24888175870737
1121166,1414640,-61.2617807730315
1121166,8296723,-61.40260924829876
1121166,716296,-61.460933934030386
1121166,7594614,-61.46558557784411
1121166,1483821,-61.46765181808217
1121166,4265476,-61.469201031434665
1121166,5832940,-61.48387342552345
1121166,5271683,-61.48542424057155
1121166,3666478,-61.48645789462732
805321,8694709,-116.62069701475556
805321,5504785,-119.60515205246016
805321,8694706,-120.39590107183335
805321,7215302,-123.65602501817517
805321,3445571,-123.838531363218
805321,8694713,-124.56201903222293
805321,8694715,-124.67759530336753
805321,8694711,-125.32310474638108
805321,1007721,-125.93085947683778
805321,3731060,-125.95221469279292
805321,4258729,-125.99755259106401
805321,8694710,-126.00466768535334
805321,7090103,-126.1226422422647
805321,6814129,-126.29599664514107
805321,5068464,-126.47368281687937
805321,8694707,-126.63115420605288
805321,8694708,-126.63115420605288
805321,8031787,-126.98306798143362
805321,7090102,-127.33683774623377
805321,4432105,-127.52731326819563
805321,424954,-127.54657028989602
805321,1649930,-127.59472635454776
805321,3055339,-127.67173805317235
805321,1807773,-127.76176899572452
805321,1007727,-127.7939254042856
805321,2694355,-127.93363128286356
805321,1687554,-128.02272884573472
805321,1357871,-128.06665452266182
805321,6993943,-128.06665452266182
805321,7423292,-128.17854292745596
805321,8694712,-128.33180924732278
805321,5697981,-128.44998373680988
805321,1791338,-128.45727383238483
805321,6551290,-128.5128357155962
805321,6551286,-128.5575541555494
805321,4018107,-128.61311265156908
805321,3889715,-128.61560556122046
805321,4018108,-128.6175676433452
805321,5879695,-128.66078851482834
805321,7113258,-128.66844700591676
805321,546339,-128.73833300044822
805321,3445567,-128.9344769339005
805321,8836061,-128.95340134802765
805321,29930,-128.9608038153368
805321,7076929,-128.98792559319762
805321,4757971,-129.181058921567
805321,6236859,-129.255412091605
805321,4000856,-129.27701266082204
805321,5878522,-129.2922415385845
805321,7076925,-129.3076972523101
805321,6194183,-129.34948361271768
805321,7215303,-129.4179369881916
805321,7843574,-129.541856087803
805321,5586557,-129.56659691958862
805321,649016,-129.66162082055644
805321,1007720,-129.67621280042576
805321,5130453,-129.84583568109778
805321,7415617,-130.01659691202704
805321,3445569,-130.02751736332544
805321,8294432,-130.10964104081097
805321,2552996,-130.11889529197782
805321,164460,-130.1906164995242
805321,5319066,-130.28243326308632
805321,7091414,-130.31466085855033
805321,4244799,-130.32357542478601
805321,5500763,-130.35175931196008
805321,3959874,-130.35329982427947
805321,3495344,-130.46647932062373
805321,7113255,-130.52535579156464
805321,3445570,-130.6089276032925
805321,2579589,-130.71431316981682
805321,6814124,-130.82837968363285
805321,8472984,-130.91417176082433
805321,2153484,-130.92422434406578
805321,1882391,-130.94071739639037
805321,5500762,-130.94666657079839
805321,5034238,-130.95605133381775
805321,3445573,-130.95931992277448
805321,8323876,-130.9595988101623
805321,4997085,-131.10659413398452
805321,3055331,-131.11690655393537
805321,29927,-131.23683329223925
805321,1137824,-131.27543529692863
805321,649015,-131.29021485240415
805321,11759,-131.34469395267396
805321,4802212,-131.35666676593857
805321,5165963,-131.37913150108076
805321,1723882,-131.45576763362055
805321,2389543,-131.48172817182015
805321,6968077,-131.50621995747525
805321,3962292,-131.55650484979213
805321,2309454,-131.6104713791881
805321,8653605,-131.62889671784342
805321,3056566,-131.65234445324356
805321,7439933,-131.65337411760044
805321,360028,-131.6813391724423
805321,2336650,-131.71625460335815
805321,5319062,-131.71625460335815
805321,2504368,-131.72836695203
805321,6516743,-131.73718697160083
1129828,8535899,-25.08477755454203
1129828,8535892,-25.187697377597367
1129828,8535894,-26.490999982871458
1129828,8535895,-27.151291459267934
1129828,2688923,-27.34672263698978
1129828,3789991,-27.57448047669386
1129828,6499998,-27.698813725970414
1129828,6250492,-27.751351492749542
1129828,8535896,-27.795337823469488
1129828,4532860,-27.851389838442195
1129828,7072556,-28.00555385700694
1129828,3070877,-28.03095135982425
1129828,5862738,-28.03454193243619
1129828,6499997,-28.10444118159425
1129828,5224855,-28.119757999488243
1129828,4389606,-28.13032974350483
1129828,6025473,-28.223667521630546
1129828,5322811,-28.23557298140225
1129828,1240433,-28.241496340238882
1129828,2900645,-28.241753612467363
1129828,55088,-28.24201086263473
1129828,1635141,-28.24252529680128
1129828,381360,-28.24406807022758
1129828,246722,-28.24561005067838
1129828,4185101,-28.246123868086055
1129828,5925140,-28.340044651389324
1129828,6500004,-28.489277610828815
1129828,7065760,-28.49210784826407
1129828,5925146,-28.493650489471154
1129828,4655561,-28.50237717101801
1129828,8254977,-28.503914541976552
1129828,4420625,-28.5081893792277
1129828,7298986,-28.509481057395902
1129828,2688925,-28.51025579743189
1129828,8535898,-28.521338474686523
1129828,1980986,-28.52211015902044
1129828,5862743,-28.522624504987945
1129828,3002897,-28.52416701399847
1129828,4189486,-28.656202841979137
1129828,5839452,-28.660593414225822
1129828,2333956,-28.666265809407996
1129828,1530090,-28.67269872092014
1129828,1748554,-28.875748419940088
1129828,3723804,-28.877556302361924
1129828,6479700,-28.878072640151373
1129828,7791249,-28.88039506109001
1129828,7325759,-28.880395061090013
1129828,8611686,-28.880910910566406
1129828,5322817,-28.881168802045828
1129828,8439821,-28.881426671357822
1129828,8817061,-28.882457927007657
1129828,7149262,-28.883746498259686
1129828,1760422,-28.88529205353459
1129828,1535842,-28.887351556074005
1129828,3373619,-28.89069523515263
1129828,8320713,-28.89069523515263
1129828,3262807,-28.890952286940156
1129828,6256944,-28.89223721560343
1129828,7281670,-28.895069120022306
1129828,8359869,-28.897137318961533
1129828,6024677,-28.898170883995917
1129828,4420627,-28.898170883995917
1129828,1790762,-28.89868753301169
1129828,1067659,-28.89894582415763
1129828,2191263,-28.90049510420721
1129828,2688928,-28.90075323978017
1129828,6024673,-28.90101135314372
1129828,2688921,-28.902559567141253
1129828,296511,-28.903591266101664
1129828,2634519,-28.904880391063486
1129828,116344,-28.904880391063486
1129828,3613219,-28.90513814959546
1129828,2202129,-28.905653600229442
1129828,1683693,-28.90616896231552
1129828,6532664,-28.907199420965615
1129828,6765397,-28.90771451759042
1129828,5889572,-28.90874444559141
1129828,6001443,-28.909516659619076
1129828,6212997,-28.911574925782165
1129828,2779689,-28.912089271749664
1129828,806390,-28.913631780760195
1129828,5328449,-28.916200867949303
1129828,1443471,-28.917484586988472
1129828,1648869,-28.918254554825154
1129828,7400658,-29.15352430960082
1129828,4869415,-29.155074924281756
1129828,6072687,-29.15559161778906
1129828,7298989,-29.156108222320956
1129828,562177,-29.156108222320956
1129828,2497084,-29.156366491230706
1129828,4902315,-29.156366491230706
1129828,6539316,-29.15688296235694
1129828,2191262,-29.15688296235694
1129828,6583725,-29.157141164581084
1129828,7325761,-29.157141164581084
1129828,5475054,-29.157399344584334
1129828,3982623,-29.157915637943496
1129828,2789378,-29.157915637943496
1129828,723835,-29.1579156379435
1129828,7850644,-29.15817375130705
131843,6249757,-32.573632230635354
131843,7073518,-32.85325913364649
131843,7589014,-32.89794571340738
131843,7987888,-33.14783491995958
131843,1267422,-33.52632688515939
131843,3299960,-33.65323390408176
131843,5000167,-33.829998009478
131843,7060161,-33.87911049577273
131843,4013724,-34.05266765697455
131843,36725,-34.09357174662384
131843,5038538,-34.15953209832422
131843,4732641,-34.218313129611026
131843,5000159,-34.23205868288418
131843,6317011,-34.29126729519882
131843,80373,-34.31913514322278
131843,5815587,-34.31947917597491
131843,582603,-34.357653161042045
131843,6635134,-34.358339720778716
131843,7471465,-34.41207288588933
131843,7324621,-34.43451321923736
131843,7552118,-34.43898449177985
131843,7552117,-34.43932822888991
131843,7530937,-34.50299714262743
131843,3144616,-34.50911584984625
131843,3287561,-34.50911584984625
131843,8383513,-34.58345241068333
131843,8024309,-34.623756956545634
131843,8412720,-34.6238722406166
131843,45696,-34.72886863959779
131843,5478779,-34.7332019211025
131843,2687842,-34.74654170838761
131843,6187397,-34.75975840384439
131843,8111413,-34.764213586881766
131843,5000160,-34.79287775581409
131843,4041247,-34.83250323019189
131843,2004809,-34.8328472925362
131843,826930,-34.83559872639962
131843,5689610,-34.84384169060054
131843,93388,-34.87407320136744
131843,1460377,-34.89280216175411
131843,3988402,-34.904357083877315
131843,6187402,-34.90607429378108
131843,37174,-34.90779076679872
131843,6248852,-34.95316886283328
131843,1999686,-34.96943033812298
131843,8336889,-34.97217846392347
131843,924461,-35.009760085222375
131843,3930064,-35.01210104748256
131843,7901047,-35.02629189911859
131843,3276049,-35.10815690760411
131843,1235355,-35.10830145208282
131843,837341,-35.10899019882374
131843,3276050,-35.109880332420516
131843,378532,-35.11105572777413
131843,5038536,-35.18668912819668
131843,8085708,-35.23885159363542
131843,8389325,-35.241448104623174
131843,6350715,-35.250788361055555
131843,2156285,-35.29994093392346
131843,2156286,-35.30474932858473
131843,2436695,-35.35267140801091
131843,68196,-35.3530157962055
131843,3243231,-35.356113956397564
131843,8226097,-35.359897340744695
131843,5000161,-35.369854598371546
131843,8710813,-35.37428730426391
131843,8305152,-35.37428730426391
131843,985995,-35.37428730426391
131843,7530934,-35.38739699573628
131843,7938324,-35.3896079588434
131843,8191765,-35.38980979051508
131843,5056232,-35.391532324734
131843,5801595,-35.394975169424654
131843,343798,-35.396351478006615
131843,3900184,-35.39841505336858
131843,8585408,-35.40219551211649
131843,5918052,-35.41933452696615
131843,5000162,-35.49845496558546
131843,611284,-35.499832103390304
131843,8762808,-35.505679655339804
131843,1436828,-35.50808498837909
131843,1436829,-35.5084284893411
131843,6268529,-35.51426349698311
131843,6840510,-35.51769188250921
131843,2750115,-35.518194499943476
131843,5487685,-35.52344223226133
131843,1730672,-35.56954712466791
131843,3634610,-35.57195804967503
131843,4092755,-35.57230234894016
131843,23496,-35.57230234894016
131843,3426067,-35.57264661857235
131843,3281460,-35.57306318239543
131843,8214925,-35.57402340087364
131843,4780825,-35.57643163020981
131843,7637427,-35.57924222123906
131843,5038537,-35.585706956855134
131843,2152600,-35.63504215265454
131843,6502706,-35.67146160480111
131843,4994897,-35.67249468044521
131843,6548887,-35.69207259309717
104861,6658615,-42.45489077684691
104861,459676,-42.73208249445722
104861,6351571,-43.03308793562106
104861,5150431,-43.323028671648196
104861,459675,-43.36417798109486
104861,7204477,-43.52813002831824
104861,8259116,-43.59110198134351
104861,409268,-44.15360448622765
104861,5688415,-44.29602360149513
104861,1112961,-44.401690353277054
104861,5405670,-44.65616605304282
104861,5801822,-44.705295912563116
104861,1995989,-44.824174945334185
104861,5588576,-44.83062694843425
104861,6653676,-44.85665748190869
104861,378435,-44.86607989117977
104861,5864691,-44.95633664888317
104861,6200735,-44.97414636560295
104861,7523515,-44.99239404724827
104861,8141081,-45.03918906950616
104861,4563275,-45.076924296215
104861,5667475,-45.089611038915294
104861,5110656,-45.09261564033803
104861,5527171,-45.16086830670822
104861,8495099,-45.19313751869886
104861,7204473,-45.26626297212422
104861,6708903,-45.29220975122822
104861,8286089,-45.306654288276775
104861,6851723,-45.309279789853846
104861,1400643,-45.32207000906994
104861,5101714,-45.36622546005004
104861,4033783,-45.39125610353967
104861,6899292,-45.3963991227737
104861,8233709,-45.42226733023851
104861,4033787,-45.501782837613085
104861,8334094,-45.51368921561685
104861,629276,-45.52013096591524
104861,230377,-45.540261541857774
104861,5703401,-45.57181956852223
104861,1304632,-45.572250090832156
104861,1811410,-45.57655327631546
104861,4936223,-45.635934707542546
104861,5667474,-45.72463208435618
104861,2810772,-45.73397971093347
104861,5965079,-45.74383421034442
104861,5864695,-45.75737242865444
104861,1767226,-45.76295240313645
104861,4936226,-45.76295240313645
104861,4158139,-45.78466376983834
104861,7523513,-45.83403879201864
104861,1880723,-45.84993872999374
104861,4453886,-45.85079597327291
104861,5181715,-45.86791004661187
104861,5181716,-45.870472112717984
104861,6159998,-45.893942497385225
104861,6202603,-45.89509420680212
104861,2875878,-45.897287411440104
104861,6156641,-45.91689719036289
104861,5903856,-45.936734878713
104861,7184036,-45.96623652600745
104861,5634657,-45.97472096765612
104861,2942616,-45.97992777986655
104861,5248341,-46.01410533996838
104861,5402655,-46.01739976911101
104861,1168680,-46.03241505307278
104861,5703400,-46.07295649348995
104861,4726633,-46.07669455527183
104861,5778054,-46.08397581887249
104861,1453536,-46.12175805340152
104861,5634654,-46.12275313721288
104861,352750,-46.12469599591209
104861,1313686,-46.12788691535421
104861,3361500,-46.12788691535421
104861,5646944,-46.12788691535421
104861,7436909,-46.13087918683399
104861,6148444,-46.13087918683399
104861,5848355,-46.13087918683399
104861,6442111,-46.13216104091474
104861,4936225,-46.15070091783255
104861,5860006,-46.15070091783255
104861,6200739,-46.157990924098314
104861,3925934,-46.16141784094982
104861,2133506,-46.16484241065811
104861,4197096,-46.16589971016055
104861,459678,-46.18110883812591
104861,6077176,-46.18550599459148
104861,2524023,-46.19394438764762
104861,505006,-46.201171950476784
104861,6899293,-46.21146328452177
104861,130119,-46.212319940311
104861,6360441,-46.22002324483988
104861,2958131,-46.23822730952812
104861,459683,-46.28609686339662
104861,1400645,-46.29366209100303
104861,7817237,-46.3559817911699
104861,7523514,-46.35812627815572
104861,8759313,-46.36755110937162
104861,8759312,-46.37011843760959
104861,6187058,-46.375886979860624
104861,5379458,-46.38071811892994
833860,115142,-69.1293311899282
833860,7826521,-69.61023868964034
833860,6822074,-70.6989270885911
833860,2702357,-70.8239893946811
833860,5759683,-70.99754844560374
833860,6216865,-71.08927154007716
833860,2386361,-71.48158363440041
833860,6277472,-71.61174202598674
833860,6230226,-71.64897884942835
833860,6277473,-71.87430280946361
833860,8562779,-71.94388339631304
833860,5905054,-72.11114885836488
833860,7406139,-72.11801386698126
833860,5167513,-72.12684073689864
833860,6822075,-72.2340448417084
833860,7772054,-72.34447597524986
833860,5342987,-72.38256847873589
833860,6612730,-72.4326191221861
833860,5494116,-72.45777077163197
833860,8344031,-72.50602254966614
833860,842060,-72.55158778873212
833860,1210757,-72.89417263873034
833860,2165254,-72.91781933985543
833860,5108103,-73.19987375343537
833860,1290165,-73.20220538193715
833860,8742336,-73.23072493473859
833860,2036934,-73.25056307529664
833860,3899039,-73.39475730593644
833860,711465,-73.40299037099247
833860,2363022,-73.50346619424892
833860,1799623,-73.58894925612738
833860,4439162,-73.85684281842637
833860,4046129,-73.89276078265235
833860,5075700,-73.93604725220973
833860,3597102,-74.02214097129466
833860,1875953,-74.12845008111246
833860,1900577,-74.14893668436643
833860,6376841,-74.16917318615064
833860,7548520,-74.4828359929075
833860,7406141,-74.5130954876706
833860,3775107,-74.56720140600832
833860,1969741,-74.60193018449397
833860,2544309,-74.62821273349161
833860,6297606,-74.68346119110066
833860,8445962,-74.74209906067054
833860,8584923,-74.84089515503408
833860,1913651,-74.88358048674938
833860,1160967,-74.88426884827727
833860,6058740,-74.88564539366796
833860,921798,-74.96847836445052
833860,1226637,-75.00980729872711
833860,2443771,-75.01588285534777
833860,8445964,-75.02155746584555
833860,3657304,-75.05975378794645
833860,4736124,-75.13221743344224
833860,8119467,-75.2565417481406
833860,7886341,-75.26684323984631
833860,3182574,-75.3092496416688
833860,2398078,-75.43627715854859
833860,6339932,-75.4507361612431
833860,5667419,-75.52803281057163
833860,1733843,-75.55469502264884
833860,5167515,-75.60188167872808
833860,2192806,-75.60215742150949
833860,5442138,-75.64258418454335
833860,456068,-75.66457492719141
833860,3107240,-75.67549369694532
833860,3107242,-75.67618128934097
833860,6926159,-75.67742370109335
833860,46390,-75.69590982686552
833860,6406715,-75.70380708433441
833860,4190983,-75.7047791064253
833860,399591,-75.71380030678479
833860,7508039,-75.72622998807589
833860,5060077,-75.72732705217382
833860,3802034,-75.89220272284213
833860,7747967,-75.89560604617608
833860,319490,-75.90908134916235
833860,6230227,-75.92107791210135
833860,1160959,-75.93589696192855
833860,1160960,-75.93658585694138
833860,1579410,-75.93727469263727
833860,4286897,-75.94140646172879
833860,7895913,-75.94828800499502
833860,1900579,-75.94940274189015
833860,1900581,-75.94940274189015
833860,6406714,-75.96340659590676
833860,5469751,-75.97721370395644
833860,2192805,-75.9932873316179
833860,1524402,-76.06961024396794
833860,7886338,-76.07511405815612
833860,6521713,-76.0833077305971
833860,6886846,-76.09088361917786
833860,1900578,-76.10182619646544
833860,1900582,-76.10182619646544
833860,5417979,-76.1882354332694
833860,6230220,-76.2054651893934
833860,6775024,-76.22379505525068
833860,3106788,-76.24538382786098
833860,3321715,-76.25364025957953
207786,8273755,-54.60277543590979
207786,3773663,-54.73892418263238
207786,493419,-54.747073963518815
207786,8185064,-55.0195368557026
207786,2998723,-55.06456452783471
207786,493412,-55.2853826786875
207786,403538,-55.80314463730133
207786,8273763,-55.91896841213163
207786,148199,-56.069823830566214
207786,8273759,-56.29746996882794
207786,493416,-56.30261872529022
207786,6031630,-56.30326935631339
207786,7941579,-56.30894931680572
207786,2970637,-56.39094906621426
207786,493415,-56.62449605651605
207786,8532111,-56.7252140621447
207786,1667542,-56.797368429876215
207786,187839,-56.940988353466565
207786,3322528,-56.98973565120296
207786,4900221,-56.98973565120296
207786,493413,-57.12653165167059
207786,1902147,-57.15512891451844
207786,3753001,-57.16465069037257
207786,6003360,-57.24595861678997
207786,5005014,-57.26035784202901
207786,817102,-57.30806606336678
207786,6277944,-57.44653107491105
207786,267073,-57.45473809832398
207786,493414,-57.55542005992486
207786,6003357,-57.56599071916864
207786,4754014,-57.69239045473805
207786,2998726,-57.77470206587491
207786,4970125,-57.7919763778754
207786,3377254,-57.82006271712869
207786,267077,-57.82366421957781
207786,3769686,-57.83188811642185
207786,8273757,-58.031081702099335
207786,5321444,-58.05313830181714
207786,2051015,-58.05660352655055
207786,985510,-58.08391190015531
207786,8387971,-58.08750939229721
207786,4900224,-58.2403367413483
207786,524449,-58.31376592471388
207786,5076420,-58.32923875699308
207786,655407,-58.427259727384936
207786,5745786,-58.427259727384936
207786,5745781,-58.4282918700296
207786,1424715,-58.450714334085426
207786,6212642,-58.456387947052036
207786,6212643,-58.45690346411596
207786,4137924,-58.468857967896724
207786,4823378,-58.70064800233983
207786,8273762,-58.70064800233984
207786,706234,-58.70374709592389
207786,5822375,-58.7042634559304
207786,2775840,-58.72116309509126
207786,6786713,-58.74846209143216
207786,673363,-58.85280965331391
207786,7606562,-58.8607922648983
207786,817103,-58.86566509924824
207786,2969229,-58.898145975367136
207786,3417308,-59.06820693181765
207786,4156738,-59.09853567882739
207786,4400824,-59.1071380088178
207786,6652483,-59.10765317178134
207786,7386394,-59.11177288390665
207786,3345115,-59.118975580637795
207786,2775838,-59.177730837586296
207786,179042,-59.24923815627484
207786,817104,-59.26930196754242
207786,493420,-59.2850280529931
207786,8303694,-59.34882491414818
207786,2253655,-59.34985785640066
207786,8051208,-59.35243943430088
207786,236200,-59.353471754529146
207786,5365946,-59.35605177830513
207786,1759929,-59.35656764995658
207786,3769317,-59.36687577959123
207786,4759183,-59.38719872097396
207786,534183,-59.388663777347325
207786,8651150,-59.38969645292623
207786,7643816,-59.39640451533912
207786,4393128,-59.40217832551078
207786,5076413,-59.40390661971769
207786,7869797,-59.40876896164051
207786,673357,-59.41699779297928
207786,4970131,-59.5146584379031
207786,1516373,-59.54880218165656
207786,4759179,-59.56874468437521
207786,7668314,-59.64558191031686
207786,750858,-59.645913038665206
207786,4913956,-59.64642771553422
207786,1085406,-59.65362855992592
207786,4393129,-59.67246990543009
207786,4900219,-59.67298657668971
207786,4161973,-59.6951614566764
207786,5195205,-59.73312230053833
207786,4132737,-59.7346729819853
207786,7639366,-59.73570654701201
207786,2196953,-59.73622326276699
691330,8490462,-41.08386944356364
691330,8490463,-41.661810315761116
691330,8490460,-41.66772499834714
691330,8490461,-42.680327925219096
691330,807723,-43.27380345756694
691330,443525,-43.382194961199545
691330,8197717,-43.468250609577204
691330,4036822,-43.567101547079645
691330,4312342,-43.6061637448392
691330,412411,-43.61735577004448
691330,2838820,-43.84891657790354
691330,3415148,-43.905005160435934
691330,5688844,-44.01928530920736
691330,6537604,-44.09991497280576
691330,1015912,-44.175911076600514
691330,4385036,-44.18420918686987
691330,1949511,-44.23677817621217
691330,1847844,-44.24150050372603
691330,7658539,-44.28605051238115
691330,3616217,-44.30840698834376
691330,4717446,-44.349715495575055
691330,4249707,-44.37771694918091
691330,3161598,-44.400167404611715
691330,807727,-44.4290134122633
691330,6097110,-44.561615727780406
691330,7060501,-44.68069742755374
691330,7060505,-44.68155754642429
691330,4388676,-44.83250344042174
691330,6348196,-44.86008586735924
691330,4385029,-44.92069885696592
691330,4818316,-44.95249650942186
691330,780743,-44.95590786183571
691330,6185854,-44.96062249812942
691330,828213,-45.0315378433352
691330,8401553,-45.067617914192354
691330,7004347,-45.074469593324444
691330,807724,-45.088752249634304
691330,4385030,-45.10964423930239
691330,8030443,-45.12293510228882
691330,4871850,-45.1650313096535
691330,5480349,-45.19684543767452
691330,1488754,-45.200713810056456
691330,6186465,-45.325393887608435
691330,443527,-45.34279913382058
691330,3346773,-45.3567289964399
691330,4818313,-45.41749238446398
691330,8757495,-45.445477559177256
691330,3692153,-45.46402565585254
691330,970896,-45.49991901421661
691330,6794614,-45.502073109616035
691330,6098968,-45.5068088553764
691330,8805431,-45.529658155222066
691330,7336018,-45.53886606298214
691330,6811680,-45.55864162899742
691330,6811681,-45.56121689108727
691330,6664738,-45.58688914278129
691330,6811678,-45.60978297872267
691330,443519,-45.62985856237836
691330,6960521,-45.65764968937419
691330,6960526,-45.65851017830613
691330,355712,-45.66281040304291
691330,6741278,-45.67225789926193
691330,7004344,-45.68022666312812
691330,7724011,-45.70297230104287
691330,7783902,-45.71548560748809
691330,6943232,-45.719465148836136
691330,1257011,-45.72334085096287
691330,2262123,-45.72377129914579
691330,6881841,-45.725062421396416
691330,8757498,-45.72549272140185
691330,3347712,-45.73110474690066
691330,443524,-45.73409095400489
691330,807728,-45.75252723687653
691330,1949514,-45.758180062193
691330,6811677,-45.77780582254665
691330,270087,-45.85773738577791
691330,2838825,-45.8755721359589
691330,2639309,-45.88021864503036
691330,4999593,-45.8896378269773
691330,5578619,-45.901074121682754
691330,7732037,-45.92816905254289
691330,4008133,-45.96323656020278
691330,7618370,-45.96409387697486
691330,109197,-45.98533667823081
691330,1042442,-45.991339087490026
691330,2751558,-46.00077291623503
691330,2751554,-46.00292571318203
691330,5425399,-46.00421694657534
691330,807732,-46.011097898608746
691330,3151199,-46.023864546824065
691330,7296088,-46.025985452022184
691330,366214,-46.08797387331914
691330,8749067,-46.09382570197892
691330,5425396,-46.11366647703649
691330,8574235,-46.11619384183241
691330,1000369,-46.117968551762196
691330,2838822,-46.153436020301456
691330,3399932,-46.159886635294626
691330,4328472,-46.16447736470061
691330,443526,-46.17019034054579
1103528,2758788,-26.093183707125036
1103528,8728328,-28.022985479925495
1103528,8223067,-28.669097990053984
1103528,2758780,-28.672184595317994
1103528,2758787,-28.88039506109001
1103528,2758779,-29.54686411134606
1103528,8223069,-29.550734147487077
1103528,1050825,-30.19865021583294
1103528,2758782,-31.2684723030263
1103528,8223071,-31.940108741166107
1103528,8223065,-31.941142840605004
1103528,8728323,-31.94424300191703
1103528,8223068,-31.945791882025098
1103528,2758784,-31.946566022303614
1103528,2758783,-32.582595940106366
1103528,2758785,-32.588028474703464
1103528,2758781,-32.58983713566016
1103528,2758786,-32.5900954268061
1132213,2537692,-63.78728270453496
1132213,7670188,-64.0340218658004
1132213,987379,-64.30803471345422
1132213,6985656,-64.72867872165155
1132213,3535109,-64.98846734525763
1132213,4307694,-65.06815534969262
1132213,6513392,-65.57277153546099
1132213,7670187,-65.79829063244237
1132213,1986281,-65.81295898543408
1132213,6513388,-65.95741631976293
1132213,4767910,-66.0159451808509
1132213,1477770,-66.03276209784717
1132213,5645087,-66.13773103308078
1132213,1085452,-66.21657313528951
1132213,1253776,-66.22782569185033
1132213,5263346,-66.28915218886438
1132213,7683055,-66.32544794111408
1132213,8334480,-66.66595959627324
1132213,3446803,-66.67603850183598
1132213,8753120,-66.70061507403393
1132213,1986277,-66.83163528721145
1132213,7684871,-66.96702323629047
1132213,6940535,-66.97805014131293
1132213,1030078,-67.04084010545195
1132213,2427030,-67.07410100164911
1132213,3367509,-67.1186358535747
1132213,1616866,-67.31425386519429
1132213,6661965,-67.32042496767112
1132213,5491567,-67.32705044786768
1132213,3101718,-67.35648800305219
1132213,5919006,-67.35795212867788
1132213,6560885,-67.52617868370396
1132213,2723525,-67.53399601665853
1132213,2723529,-67.54240493111801
1132213,2537686,-67.55499939295382
1132213,1600220,-67.57939493698532
1132213,4453009,-67.72614109601184
1132213,8335034,-67.74237024792491
1132213,7849929,-67.7516208112131
1132213,2537683,-67.76605889857854
1132213,2537691,-67.83458425517298
1132213,7659275,-67.93786988682447
1132213,5792528,-67.9718712854762
1132213,5160238,-67.97427961833155
1132213,1135814,-68.00835620688821
1132213,870029,-68.01418453682768
1132213,1054881,-68.03360677796388
1132213,8618736,-68.04624354830193
1132213,147574,-68.16271772573555
1132213,1085450,-68.26683905437943
1132213,6505382,-68.34252577681849
1132213,3171509,-68.36314237955446
1132213,5714286,-68.37375357669322
1132213,577622,-68.37742671529693
1132213,130974,-68.3820285536586
1132213,6940534,-68.40484903279632
1132213,3101725,-68.43566384882894
1132213,3367512,-68.46372956868824
1132213,1030072,-68.6160892886797
1132213,3246376,-68.6209067832566
1132213,2099735,-68.62150873702694
1132213,6643552,-68.62271248929768
1132213,6940532,-68.66196763207951
1132213,4584289,-68.66761894565354
1132213,5321839,-68.66942248059199
1132213,1030070,-68.6706442768682
1132213,7131650,-68.77330042493263
1132213,4458715,-68.7829304445937
1132213,6283052,-68.78792370720754
1132213,5258657,-68.82457329432116
1132213,2039338,-68.82517308182537
1132213,1986282,-68.82577281794185
1132213,141073,-68.82602117019842
1132213,8334475,-68.82757171805282
1132213,8639113,-68.83202290249443
1132213,4386332,-68.83463172113177
1132213,6493452,-68.84125378254859
1132213,1172849,-68.84374104972387
1132213,7551795,-68.85868197541447
1132213,5636438,-68.90806253683016
1132213,6183578,-68.90948522513376
1132213,8618737,-68.91909294026355
1132213,8334479,-69.03620893278304
1132213,531894,-69.04203615636189
1132213,1030076,-69.06251530681286
1132213,1737418,-69.06371812829134
1132213,1616863,-69.06492074312254
1132213,6367284,-69.07153143404467
1132213,1616859,-69.07831855574099
1132213,6717618,-69.16604670303026
1132213,3367515,-69.20380429042268
1132213,2896671,-69.21971945673869
1132213,7075708,-69.22212200346178
1132213,2778285,-69.2277092979657
1132213,5483345,-69.3154485188335
1132213,2581307,-69.31965532196153
1132213,1607355,-69.33909221078778
1132213,5792525,-69.34049369945745
1132213,7805253,-69.35111629626384
1132213,577619,-69.4135186469837
335594,4864090,-37.14017247264391
335594,5704363,-37.385473271820146
335594,3291970,-37.77459370967868
335594,4722772,-37.77459370967868
335594,6001032,-37.783193052561444
335594,6001037,-37.783193052561444
335594,2812487,-37.79828313930659
335594,4864091,-38.15504292433244
335594,5588114,-38.16405847644041
335594,6751755,-38.165091374240916
335594,7734602,-38.16818846828921
335594,2412515,-38.43531411068702
335594,5431639,-38.437372376814785
335594,1551624,-38.4404577915275
335594,4973685,-38.80792994255768
335594,6280308,-38.81102997026865
335594,4754365,-38.81206277917031
335594,3319018,-38.81240698955191
335594,68720,-38.81412759729709
335594,6001035,-38.81481563321426
335594,3319024,-38.81928498424822
335594,2370399,-38.81962857372772
335594,3291967,-39.28759546757795
335594,5588115,-39.45214431270393
335594,1155674,-39.45490167367411
335594,1383790,-39.456624059549604
335594,3319019,-39.46006660793625
335594,8515789,-39.46109879497427
335594,4770001,-39.46419375893479
335594,3420793,-39.466942829084154
335594,6009512,-39.47140604237379
335594,1637673,-39.477577666134835
335594,8613545,-39.506606172476666
335594,3291969,-39.785089744665726
335594,6280309,-39.89428125806274
335594,4166072,-40.168699406970546
335594,3291973,-40.1742103306635
335594,6068888,-40.186582218560346
335594,8613547,-40.189326338105765
335594,6517865,-40.31921112305899
335594,780021,-40.33674325033742
335594,2162168,-40.33811507479164
335594,1955289,-40.55328137391855
335594,3291968,-40.56092058464992
335594,2406068,-40.561166324791124
335594,3488994,-40.56333088704363
335594,1239899,-40.56401927818918
335594,3420790,-40.56401927818918
335594,4441864,-40.568834701883056
335594,3546681,-40.56986582460956
335594,3291966,-40.570553092121536
335594,742432,-40.57124024156964
335594,4864097,-40.58119066616254
335594,5791332,-40.814637172274786
335594,4166074,-40.81739405813684
335594,4166068,-40.81808298281325
335594,4166076,-40.81842740066119
335594,1583785,-40.81911614740211
335594,4129232,-40.819804775570425
335594,3319017,-40.82049328520696
335594,2340678,-40.82083749558855
335594,8457431,-40.820837495588556
335594,68723,-40.8211816763525
335594,316839,-40.82221404098942
335594,6802787,-40.82290213608586
335594,1526840,-40.823246139250905
335594,4722776,-40.823246139250905
335594,3405652,-40.82427797127437
335594,7306405,-40.82530953719715
335594,7899635,-40.825653333394975
335594,5109214,-40.827371871289394
335594,5791326,-40.827371871289394
335594,1307520,-40.82943314262407
335594,7899637,-40.83149335229595
335594,936635,-40.833552501398074
335594,3763305,-40.83663923886991
335594,3546684,-40.839038388957256
335594,2412512,-40.84006615579687
335594,2412513,-41.203067616770404
335594,7734599,-41.20341242057725
335594,6427590,-41.20444665369916
335594,8515788,-41.204791338657316
335594,2412511,-41.20582521535605
335594,4421252,-41.2065143180599
335594,5773269,-41.20685882489857
335594,8515795,-41.207203302068564
335594,3546682,-41.207203302068564
335594,7734606,-41.207203302068564
335594,1583782,-41.20754774957497
335594,1155679,-41.20754774957497
335594,1155673,-41.20789216742291
335594,7899638,-41.20789216742291
335594,2488976,-41.20789216742292
335594,2812493,-41.207892167422926
335594,68717,-41.208925243067014
335594,8515792,-41.20961381196433
335594,7960776,-41.20961381196434
335594,4722768,-41.20961381196434
335594,6280304,-41.20995805196868
335594,5588113,-41.20995805196868
1134138,1555414,-16.46645786102651
1134138,1311431,-16.574279852282885
1134138,1311432,-16.574622984913066
1134138,487623,-17.235421138844
1134138,7083751,-17.23576563084833
1134138,1032417,-17.243157892869903
1134138,4045844,-17.24692944109335
1134138,1434734,-17.502721189943614
1134138,8255879,-17.841046692936317
1134138,35742,-17.88153145447943
1134138,487626,-17.881876035512818
1134138,487620,-17.88308160182102
1134138,6625007,-17.88359805072127
1134138,1123714,-17.88480257978683
1134138,1123715,-17.88514659774542
1134138,2174467,-17.88549055654
1134138,7644724,-17.887724847986448
1134138,1979157,-17.89132882363088
1134138,7977697,-17.8935566060184
1134138,8666691,-17.97295237281911
1134138,8730384,-18.024603359002718
1134138,7997599,-18.075118878638058
1134138,7997603,-18.075118878638058
1134138,8730388,-18.075118878638058
1134138,7702580,-18.30718617747592
1134138,8694942,-18.31062843024687
1134138,963808,-18.374499934400983
1134138,8062888,-18.378460399930457
1134138,1530862,-18.378976404680564
1134138,6759154,-18.45133475361686
1134138,6759157,-18.45133475361686
1134138,6759156,-18.45133475361686
1134138,6759159,-18.45133475361686
1134138,7504521,-18.526089885543634
1134138,854486,-18.5264348231539
1134138,4291539,-18.526779701283445
1134138,175307,-18.527813978992818
1134138,487619,-18.527813978992818
1134138,7083753,-18.52798630662221
1134138,2675736,-18.52884772211344
1134138,1123719,-18.52884772211344
1134138,3833678,-18.529364393375616
1134138,4628357,-18.530225215646325
1134138,4902462,-18.530397335648495
1134138,2204280,-18.530913606796968
1134138,3077547,-18.531429744711883
1134138,80410,-18.53160176108795
1134138,1854316,-18.532289678682204
1134138,6081498,-18.53263354876893
1134138,1361560,-18.53314924306821
1134138,467122,-18.533321111623245
1134138,1854315,-18.533321111623245
1134138,5914900,-18.53366480443146
1134138,189425,-18.53366480443146
1134138,393139,-18.533836628689713
1134138,4307923,-18.534695528623896
1134138,6846929,-18.534867264357054
1134138,3904198,-18.535210691589963
1134138,3909457,-18.536069001762094
1134138,3034157,-18.536926943744056
1134138,3034161,-18.537270017514334
1134138,3034163,-18.537784517851595
1134138,8023290,-18.5382988858676
1134138,1562825,-18.5382988858676
1134138,541397,-18.5382988858676
1134138,8802293,-18.5382988858676
1134138,756518,-18.538641724400062
1134138,6541909,-18.538641724400062
1134138,667405,-18.538813121630387
1134138,7556400,-18.538813121630387
1134138,8110829,-18.538813121630387
1134138,2254852,-18.539498563704388
1134138,912777,-18.539498563704388
1134138,8077956,-18.619409587352617
1134138,548393,-18.62318728802846
1134138,444369,-18.62318728802846
1134138,8027180,-18.62318728802846
1134138,1468688,-18.62318728802846
1134138,2229525,-18.62318728802846
1134138,2494523,-18.62318728802846
1134138,8071280,-18.62335883226983
1134138,922334,-18.62335883226983
1134138,8082800,-18.62335883226983
1134138,187285,-18.707277298407963
1134138,2553344,-18.707449730038928
1134138,8489496,-18.707449730038928
1134138,7139910,-18.712787750220535
1134138,8401289,-18.71622408861734
1134138,3586244,-18.71622408861734
1134138,7727165,-18.815500479919187
1134138,7145033,-19.21944045956632
1134138,7145026,-19.61347619243216
1134138,7145034,-19.886167645674522
1134138,7145032,-19.8913399285845
1134138,3181081,-19.891512107857668
1134138,2528845,-19.891856421941824
1134138,8575991,-19.894264962227577
1134138,4358295,-19.896327119254487
1134138,2797202,-19.897700710304587
1134138,4055145,-19.89958785896319
138632,6350715,-22.012974146939317
138632,1345752,-23.45358644500617
138632,1999976,-23.845503088700326
138632,36730,-23.932367757758442
138632,136054,-24.425913192432983
138632,2997002,-24.57972095365767
138632,1999972,-24.62235463923606
138632,7868704,-24.777372923150153
138632,544254,-24.79529509814221
138632,1108967,-24.79529509814221
138632,597878,-24.906828932790237
138632,8109448,-24.939993644821545
138632,439391,-24.976403893064578
138632,8741211,-25.155769276354278
138632,1999971,-25.160922455844023
138632,6509191,-25.161179882606262
138632,5937966,-25.22815429058485
138632,2966699,-25.22892803154067
138632,6956942,-25.236654485164664
138632,7630355,-25.44589191841299
138632,6509189,-25.448099712419964
138632,569256,-25.467798355530945
138632,7719411,-25.6109049299196
138632,4765707,-25.616329045458585
138632,1999975,-25.701932218900453
138632,5152933,-25.72367029788539
138632,7630353,-25.724444637979857
138632,7126508,-25.724444637979857
138632,5843597,-25.73834869074512
138632,3884881,-25.75439014520701
138632,4000461,-25.83329204464175
138632,5485810,-25.839996937704594
138632,4879158,-25.853906781902307
138632,1643837,-25.85493990202134
138632,5913736,-25.855456328694327
138632,5289649,-25.855456328694327
138632,7044454,-25.855456328694327
138632,4173095,-25.87429410925199
138632,6463126,-25.931327692588958
138632,5913739,-25.932101966066647
138632,1073611,-26.080034611666214
138632,4217237,-26.08158455874417
138632,3751751,-26.082875569884
138632,7938757,-26.082875569884
138632,8135092,-26.083907978934654
138632,8312972,-26.083907978934654
138632,8135086,-26.084940032818043
138632,8312971,-26.084940032818043
138632,8294370,-26.108067872366547
138632,6370300,-26.111069180065638
138632,7076105,-26.113393200220074
138632,569252,-26.115973335062144
138632,8113743,-26.117778110035363
138632,225502,-26.119581799923754
138632,2996995,-26.122413980569743
138632,5659540,-26.26011623013747
138632,4341687,-26.262698141427453
138632,7126509,-26.26347228170597
138632,5025766,-26.266309088189267
138632,1354647,-26.268628118091392
138632,4173094,-26.27583143507639
138632,7583020,-26.361346552118718
138632,6509186,-26.47474561297983
138632,5843592,-26.477594789264224
138632,8111408,-26.478886356213174
138632,2270882,-26.48043550292597
138632,2270884,-26.480693616289514
138632,2270885,-26.481209776403652
138632,4748796,-26.481209776403652
138632,7059976,-26.482241830287048
138632,8209277,-26.484047070696377
138632,6967917,-26.487654295886852
138632,1108976,-26.49331404390599
138632,3298890,-26.5028579669818
138632,1693165,-26.50466429434288
138632,5941616,-26.522411563987735
138632,2272898,-26.552013336435113
138632,4929313,-26.559477435414134
138632,8294364,-26.709129447310698
138632,8613120,-26.756145997419942
138632,4379715,-26.758729465109724
138632,7059984,-26.75924589178271
138632,4765705,-26.760278478508678
138632,2272893,-26.761310709945146
138632,5630770,-26.76517841770402
138632,5005594,-26.770584845090617
138632,3930355,-26.77084205114712
138632,5941617,-26.775211183575877
138632,136063,-26.815615446390225
138632,136055,-26.863525390485755
138632,6509190,-26.887450264232697
138632,1693157,-26.893884279463947
138632,136058,-26.89671088055701
138632,5603619,-26.8972245220194
138632,7021346,-26.958434650298873
138632,3928406,-26.965369703644928
138632,7258130,-27.085782770228093
138632,3200573,-27.133880606735946
138632,26026,-27.140954908509848
138632,5943664,-27.14561076418167
671071,791573,-79.29623679845535
671071,7398474,-80.6769384137619
671071,5092539,-80.76495753532073
671071,5092543,-80.87828867438715
671071,8632272,-81.57146540349373
671071,8632276,-81.57300897068127
671071,7321706,-81.80952370419736
671071,7663410,-81.963039759731
671071,5090468,-81.96380874074619
671071,7321708,-81.99473616112125
671071,3675633,-82.05093465378378
671071,6236602,-82.36983206528022
671071,2324701,-82.45325902807642
671071,3349944,-82.49505351244308
671071,6172684,-82.51646236836201
671071,2546235,-82.61466495546611
671071,1781467,-82.61929050056848
671071,7395000,-82.63550288243155
671071,3675630,-82.83417915728371
671071,3675631,-82.83494952055328
671071,6235730,-82.95192576811222
671071,7425040,-82.96305179003677
671071,5417190,-83.12638461058494
671071,8302975,-83.16624461836408
671071,6737902,-83.27824084269034
671071,7398473,-83.32416552911687
671071,6235728,-83.38637635236483
671071,2546236,-83.54164807190293
671071,6180704,-83.6579294081712
671071,4638538,-83.94762048523678
671071,8424872,-83.96307948770435
671071,7542614,-84.05330952482383
671071,2660613,-84.1004150399226
671071,5513367,-84.18891583095757
671071,2448084,-84.19989643429629
671071,4958937,-84.27327461458687
671071,6737906,-84.33104564495505
671071,3454264,-84.33490241321374
671071,2403502,-84.33691917867517
671071,3454261,-84.34261099504909
671071,6225480,-84.35617332351895
671071,5513368,-84.40691140411953
671071,3003881,-84.44376694146419
671071,2800555,-84.49530065387704
671071,7835157,-84.59655346010447
671071,5308800,-84.63759324175824
671071,5800910,-84.71046412104063
671071,5092540,-84.71284447006525
671071,8302976,-84.7129038207097
671071,5092541,-84.72294518875039
671071,4219114,-84.73683015203513
671071,1781466,-84.73683015203513
671071,3089530,-84.81559121610913
671071,513070,-84.85445929721578
671071,5750095,-84.90332164387458
671071,606298,-84.90621673870501
671071,3546307,-84.90723526443091
671071,7909079,-84.93460905360166
671071,4792037,-84.97753914985883
671071,698321,-84.98485381187547
671071,1124145,-85.00155817421796
671071,1426023,-85.00626531008376
671071,8632270,-85.02198065493727
671071,3766517,-85.03460258096388
671071,571893,-85.08614298781305
671071,594160,-85.09084832634159
671071,5061599,-85.14533960158596
671071,1124146,-85.17290837332777
671071,4823172,-85.20505598287085
671071,8424869,-85.32565444698548
671071,8236758,-85.40156305045694
671071,5712957,-85.43665877530215
671071,6172691,-85.44710069250205
671071,7484389,-85.4629929877066
671071,446270,-85.47460409469431
671071,8291056,-85.49954434961424
671071,514373,-85.51531398939956
671071,7682166,-85.5898717090395
671071,77580,-85.62054845282317
671071,634210,-85.62082004726498
671071,5547963,-85.68652519014127
671071,1034585,-85.6870060954582
671071,5547962,-85.68729919726262
671071,8424876,-85.71743367140537
671071,2047950,-85.83425337992105
671071,1441893,-85.85400676783668
671071,4638540,-85.90940701321173
671071,5535991,-85.92559850548234
671071,3087694,-85.92719798127796
671071,4852197,-85.94262704139851
671071,8261074,-85.97845217684461
671071,3529517,-85.98759075552907
671071,208813,-86.04814757836962
671071,4172362,-86.06413184586596
671071,6445440,-86.07184571329971
671071,6557708,-86.08571403549456
671071,8306765,-86.10220040358205
671071,8333103,-86.12688217652267
671071,8291055,-86.16523032537978
671071,3349948,-86.17273392477946
705609,6299592,-48.56297346782386
705609,317358,-49.907533543175866
705609,4805197,-50.05763707050234
705609,6776269,-50.88237376851844
705609,8377656,-51.190302947403744
705609,8706312,-51.45927571342668
705609,2543706,-51.50785740100431
705609,7674484,-51.56134942618144
705609,5932549,-51.615635127013704
705609,2933997,-51.704222219021
705609,322222,-51.7653047131028
705609,5870734,-51.825192200768335
705609,6313188,-51.83867941322541
705609,5870729,-51.934024954815214
705609,5328576,-51.9645089379502
705609,193594,-52.016568811201005
705609,724554,-52.08699962762547
705609,2490258,-52.105514444769966
705609,977725,-52.182075786370255
705609,1598854,-52.21568495447714
705609,7560938,-52.225930369517435
705609,4447102,-52.228144179987126
705609,1870481,-52.247909812283496
705609,967987,-52.28643186806548
705609,691822,-52.369671889036276
705609,7840587,-52.37931842633239
705609,6551706,-52.461802955865764
705609,8258536,-52.46449029793507
705609,7345107,-52.478504246391466
705609,4101074,-52.600651626279316
705609,7116692,-52.7617082754434
705609,8574818,-52.76682887092642
705609,6539250,-52.767635810201504
705609,6152682,-52.83126645442956
705609,6876798,-52.89421964542087
705609,1065690,-52.903996830726456
705609,2142114,-53.026459518691205
705609,2142115,-53.028001036923854
705609,590830,-53.04076004669528
705609,4805195,-53.0687461211161
705609,8172694,-53.095627845597626
705609,4581768,-53.10062471495627
705609,3136731,-53.19997436854022
705609,1022871,-53.25494809389721
705609,1452160,-53.26391074116992
705609,1414516,-53.274056409614474
705609,691818,-53.27928443938969
705609,691826,-53.30038875657346
705609,120061,-53.32550214447955
705609,6173896,-53.333733798189186
705609,2085476,-53.346364764751065
705609,1870485,-53.390025276534416
705609,644799,-53.41759127971029
705609,672753,-53.41759127971029
705609,7248183,-53.42405107359844
705609,7560936,-53.42405107359844
705609,6146417,-53.42992501423592
705609,8397559,-53.452860834098985
705609,134431,-53.47995135603593
705609,6183566,-53.48612033518502
705609,3231626,-53.488688872356725
705609,1840719,-53.51356713328655
705609,675347,-53.53547500875565
705609,6920146,-53.56636622356951
705609,4812130,-53.573797760703805
705609,5877870,-53.61486083900111
705609,8466138,-53.67707959108148
705609,5871712,-53.69293907018779
705609,6173901,-53.71445205771678
705609,4805237,-53.740392027641406
705609,996695,-53.7492658878522
705609,37517,-53.75953621825509
705609,8292435,-53.78178416607229
705609,7042839,-53.81095082434846
705609,2852794,-53.814030561381685
705609,3515829,-53.85182155373755
705609,3768182,-53.85860512354503
705609,1875017,-53.908989225906055
705609,6927629,-53.95037570315039
705609,6068565,-53.95299939552465
705609,3136735,-53.97085162276207
705609,5795977,-53.978818388033744
705609,2222045,-53.99609606901281
705609,2222044,-54.002269279540826
705609,2044047,-54.018239848746425
705609,6053338,-54.02816785060503
705609,5557062,-54.031624323165005
705609,4785004,-54.06472472017373
705609,5386230,-54.06774358187056
705609,6478523,-54.071192959545016
705609,6146418,-54.09053568656762
705609,6193916,-54.10751987173523
705609,4777363,-54.11719825390712
705609,8292438,-54.12523849515789
705609,7024155,-54.12787565404235
705609,640831,-54.128391791954726
705609,1827784,-54.195910430327
705609,1085046,-54.23033226228387
705609,123041,-54.23823552370257
705609,794322,-54.264910941363105
1114819,8022277,-60.30885967533253
1114819,1724528,-61.34495160701931
1114819,8115440,-61.69427650866774
1114819,5628952,-61.94994201215641
1114819,771719,-62.082254730117064
1114819,8115706,-62.87015379031121
1114819,785027,-62.90399990927713
1114819,6941478,-63.827632209196054
1114819,7786792,-64.02957856392568
1114819,8115434,-64.03018020727188
1114819,8754404,-64.13636520553612
1114819,5396765,-64.45321303635798
1114819,1589053,-64.55412427112792
1114819,1724520,-64.7484387379078
1114819,8088111,-64.94502222751186
1114819,8115439,-64.97708758359484
1114819,8115435,-64.97708758359484
1114819,2926432,-65.58480699143175
1114819,3906952,-65.61528340700346
1114819,5165249,-65.61889808266665
1114819,8022280,-65.63393917209935
1114819,3781418,-65.63934606229076
1114819,1851540,-65.73793750516334
1114819,4627531,-65.77525070554773
1114819,1315993,-65.79312008794173
1114819,7156443,-65.80154345778998
1114819,7655520,-65.82075889709927
1114819,5521373,-65.88944275352705
1114819,1315998,-65.8906487871439
1114819,8336232,-65.90089169210296
1114819,812436,-65.9562108053928
1114819,1840730,-65.95801899910344
1114819,1315992,-65.98328478970527
1114819,4890560,-66.00233735259845
1114819,6988364,-66.15413948603162
1114819,8508255,-66.16858576049586
1114819,1724523,-66.22120533850064
1114819,8031761,-66.2358557135856
1114819,988373,-66.27589152686006
1114819,3435158,-66.27753563713
1114819,8480574,-66.28071649280244
1114819,8096824,-66.28071649280244
1114819,573257,-66.28071649280245
1114819,5628956,-66.29035645886468
1114819,8508259,-66.29317592371747
1114819,5363582,-66.30058439756334
1114819,8099706,-66.38082366824753
1114819,8754403,-66.41844297573361
1114819,2383827,-66.43949688958405
1114819,5649419,-66.44069805987004
1114819,2383828,-66.44309978227164
1114819,5649421,-66.44430033452863
1114819,5151877,-66.583550953608
1114819,2192065,-66.60946573166271
1114819,534362,-66.65077271123415
1114819,1816958,-66.66957832066736
1114819,3781419,-66.67319517528998
1114819,1315994,-66.67500290204062
1114819,880089,-66.69190555427853
1114819,496878,-66.82198391197585
1114819,5019838,-66.82379163872649
1114819,2446274,-66.83245128275126
1114819,3484458,-66.9303575734533
1114819,8754398,-66.93216530020395
1114819,3906959,-67.04264767660283
1114819,7803435,-67.04385246477823
1114819,694737,-67.04565925833198
1114819,6914052,-67.04626141922975
1114819,5019830,-67.05904308742907
1114819,988369,-67.06085174834107
1114819,862869,-67.06205726271119
1114819,5604847,-67.06430220136073
1114819,8336230,-67.06507014065866
1114819,7803436,-67.06627492883406
1114819,4950812,-67.0807698131818
1114819,1344415,-67.24403774993681
1114819,6259301,-67.26692587781979
1114819,5628950,-67.31801414650438
1114819,7803429,-67.3186169296406
1114819,3784466,-67.31921966087451
1114819,8336223,-67.31921966087452
1114819,6611820,-67.32163006696567
1114819,2948610,-67.33126339981244
1114819,8027205,-67.33727750755997
1114819,274731,-67.34088349357637
1114819,274729,-67.34328645267243
1114819,8344261,-67.35491936709529
1114819,3435163,-67.3729545348045
1114819,5091810,-67.47086149525236
1114819,8754395,-67.48005213649832
1114819,5703159,-67.49027304737389
1114819,7425394,-67.49447732384992
1114819,1153003,-67.59946351946857
1114819,2102209,-67.59984818839052
1114819,302458,-67.60225052898019
1114819,6202321,-67.68385072719512
1114819,6930089,-67.687467270377
1114819,6578916,-67.68806984595757
1114819,3835158,-67.68867236967155
1114819,8154403,-67.69589861189344
855434,6942492,-65.016100614578
855434,2481114,-65.57408370653863
855434,295368,-65.92853287383919
855434,5255927,-66.1910082245517
855434,1542537,-66.44309978227164
855434,6210418,-66.67723936302794
855434,5961050,-66.6838404196861
855434,969942,-66.68563962804434
855434,6522883,-67.06928599238812
855434,8185273,-67.25006791837912
855434,8269435,-67.30342381739308
855434,6208779,-67.52738191869014
855434,2140588,-67.71169730558373
855434,7506271,-67.7189229262093
855434,4059063,-67.7193325124721
855434,2175613,-67.72253294150293
855434,8747712,-67.73034826033809
855434,1768441,-67.73875501076735
855434,1811867,-67.75014804725588
855434,1635632,-67.81538363968706
855434,5934171,-67.8423694862814
855434,3617279,-67.92383905611739
855434,7506277,-67.96644950514009
855434,5228691,-67.96765470817674
855434,8587096,-67.98089826449502
855434,2243204,-67.99055966634343
855434,6942496,-67.9971175495215
855434,6053309,-68.02702481170068
855434,2082697,-68.12788253640952
855434,6208592,-68.1459200693457
855434,874975,-68.15852208907195
855434,6208774,-68.31141930711688
855434,4594553,-68.31622563792976
855434,5842209,-68.34505809678528
855434,5735182,-68.35531159256129
855434,6654182,-68.35772199865245
855434,2364465,-68.36013157502109
855434,1336431,-68.3853821756924
855434,6197060,-68.3853821756924
855434,7683518,-68.38838214145298
855434,5597222,-68.38958176785799
855434,2376374,-68.39526983255253
855434,3328894,-68.40036916415227
855434,7138129,-68.4200700353492
855434,4637382,-68.43870648194462
855434,5640136,-68.59049210191769
855434,1801770,-68.60523778839693
855434,1607391,-68.61488439681577
855434,2162355,-68.70929298833808
855434,8240218,-68.79494936876237
855434,7656664,-68.79572288898846
855434,5927610,-68.82757171805284
855434,5663068,-68.82937015599093
855434,6135090,-68.87007696413686
855434,8162013,-68.9904779800744
855434,7105484,-69.00495163543383
855434,672118,-69.00976954447951
855434,8409106,-69.01157540579938
855434,4408433,-69.01819291432776
855434,8121325,-69.02059773085533
855434,8422365,-69.02179982937884
855434,7062933,-69.02684055623119
855434,8114761,-69.04565406830672
855434,6457432,-69.06191381855871
855434,7373303,-69.07273270739736
855434,1008328,-69.0811358535837
855434,5881151,-69.08169189360434
855434,97641,-69.08293521610517
855434,6140698,-69.0987577550998
855434,5640137,-69.105357680161
855434,318129,-69.12212946368224
855434,440062,-69.23553066227512
855434,6101705,-69.32945804928833
855434,1017764,-69.33126546486623
855434,6053306,-69.33166084744475
855434,6147464,-69.33166084744475
855434,4547666,-69.33788866548423
855434,7144908,-69.33945341191732
855434,825936,-69.34751123880366
855434,8366209,-69.34811221066137
855434,1795158,-69.34931399961302
855434,6316062,-69.35471949804548
855434,6457434,-69.42113206707452
855434,7145363,-69.44837036854501
855434,4682248,-69.45498673982932
855434,6974537,-69.45558791813917
855434,5927613,-69.45995253550956
855434,7138134,-69.46399899774326
855434,5870825,-69.46399899774326
855434,4594547,-69.46820075060056
855434,3333345,-69.46898728181186
855434,2609773,-69.46958918382259
855434,2609774,-69.47079283260084
855434,5645686,-69.4756053591089
855434,1133558,-69.47801038219501
855434,3290422,-69.479592811223
855434,6991869,-69.48522049759346
855434,5499280,-69.48522049759347
855434,5663076,-69.49149034229248
855434,6296793,-69.49242319409512
1134463,8138506,-35.11988036762017
1134463,5626882,-36.40865610810242
1134463,1040028,-36.82561485993231
1134463,8138503,-37.05976186239533
1134463,395176,-37.7106850009723
1134463,6074487,-38.020296569009666
1134463,3164811,-38.020296569009666
1134463,6351940,-38.149670596008896
1134463,4814900,-38.149670596008896
1134463,5683796,-38.15035509970261
1134463,2754385,-38.153775862227974
1134463,6950229,-38.15548514708921
1134463,2165757,-38.15667945552765
1134463,5848349,-38.29393932709072
1134463,1895549,-38.297709743315316
1134463,1938173,-38.29976483699573
1134463,7504845,-38.300107249980236
1134463,7343163,-38.3018188753658
1134463,5130047,-38.354570113775075
1134463,6835507,-38.422598012408585
1134463,4900376,-38.44025474602678
1134463,6237348,-38.44231460205404
1134463,1605964,-38.44437339787553
1134463,1322772,-38.44677398780681
1134463,1605966,-38.448487813262766
1134463,6237346,-38.448487813262766
1134463,6251941,-38.452940325966914
1134463,7504848,-38.453282621744904
1134463,6325658,-38.453282621744904
1134463,1938176,-38.453624888233804
1134463,6805739,-38.455335781517256
1134463,1833557,-38.4560199339823
1134463,3932832,-38.475387325491475
1134463,694419,-38.56837801898592
1134463,6950226,-38.629591666454075
1134463,1895550,-38.629591666454075
1134463,6805738,-38.6367780348233
1134463,6854062,-38.6367780348233
1134463,6032295,-38.685063676161974
1134463,2165756,-38.685063676161974
1134463,2165755,-38.68918303493597
1134463,5821641,-38.69980511796536
1134463,5848347,-38.79629029159923
1134463,8188498,-38.79663385156783
1134463,2172201,-38.80109744797258
1134463,6471362,-38.80144059532026
1134463,8138499,-38.80275788473758
1134463,395177,-38.80281289041147
1134463,8138505,-38.803102896726955
1134463,8138502,-38.812062779170304
1134463,8779210,-38.816879031160504
1134463,1043598,-38.82271955166083
1134463,4005526,-38.8286182227584
1134463,7343165,-38.83652621756365
1134463,2873998,-38.83721313100566
1134463,211463,-38.838243280039585
1134463,2172207,-38.83892989870185
1134463,3932837,-38.83995960575588
1134463,6351941,-38.840645929891295
1134463,4814903,-38.840645929891295
1134463,5683795,-38.840645929891295
1134463,6152147,-38.842704196019056
1134463,2754386,-38.84441860911599
1134463,5227981,-38.8471601425972
1134463,1589353,-38.96533539284694
1134463,6551098,-38.97596658276734
1134463,2980723,-38.97596658276734
1134463,4204887,-39.01401803663018
1134463,5525387,-39.01401803663018
1134463,378150,-39.014543857619245
1134463,3277206,-39.014702774676756
1134463,4005521,-39.01523094805063
1134463,395178,-39.01626136245465
1134463,6325661,-39.01694815795439
1134463,6325660,-39.017291511488565
1134463,2172203,-39.017291511488565
1134463,6251942,-39.017634835552364
1134463,6074486,-39.01797813015083
1134463,7565408,-39.018664630972026
1134463,5878847,-39.018664630972026
1134463,468303,-39.018664630972026
1134463,6022486,-39.01900783720486
1134463,6279241,-39.0193510139926
1134463,1833562,-39.0193510139926
1134463,6279242,-39.02003727925296
1134463,305591,-39.02003727925296
1134463,6606282,-39.020723426793516
1134463,6241028,-39.021066456431484
1134463,6950228,-39.02278116350005
1134463,5620987,-39.02415240011178
1134463,7367705,-39.02483784218075
1134463,4753724,-39.02483784218075
1134463,646387,-39.026550933651755
1134463,3215803,-39.02826329176623
1134463,4126010,-39.02997491715179
1134463,5458125,-39.0330539983692
1134463,488790,-39.11851476092101
1134463,378155,-39.120230792110455
1134463,2754382,-39.12101729612239
1134463,6279238,-39.12101729612239
747511,8429262,-26.764405274960414
747511,2703318,-30.198907930079546
747511,8429265,-32.58751151408596
747511,8429261,-32.5900954268061
747511,7173480,-32.591902842428645
747511,8429264,-32.592160955792195
502261,8420334,-48.39546366097997
502261,6675269,-49.33895717257708
502261,8420330,-50.37952261583587
502261,5521109,-50.380802361294414
502261,6043242,-50.380802361294414
502261,7991871,-50.380802361294414
502261,1018259,-50.38491642383507
502261,2918739,-50.38748628116162
502261,8001870,-50.491083371086525
502261,8661003,-50.491083371086525
502261,1125719,-50.60008470744093
502261,1639380,-50.634659141672294
502261,3481136,-50.634659141672294
502261,855268,-50.634659141672294
502261,8661006,-50.634659141672294
502261,6683758,-50.634659141672294
502261,3740844,-50.634659141672294
502261,8591211,-50.63671776087367
502261,7991864,-50.80907289581436
502261,6216986,-50.80907289581436
502261,1124803,-50.80907289581436
502261,4819259,-50.81113310546093
502261,7565830,-51.271825701607824
502261,1363478,-51.40450405529522
502261,4769235,-51.482867914030166
502261,7557181,-51.492138063424086
502261,3100041,-51.492652652010825
502261,8015336,-51.492652652010825
502261,940772,-51.492652652010825
502261,380755,-51.494196153022614
502261,8151308,-51.65132890203456
502261,1587591,-51.684605766801454
502261,1125600,-51.68512257157016
502261,809931,-51.70112148005019
502261,7586515,-51.70112148005019
502261,5834406,-51.70112148005019
502261,5919422,-51.70112148005019
502261,5521117,-51.70112148005019
502261,5634022,-51.70112148005019
502261,5863365,-51.70112148005019
502261,7036457,-51.70112148005019
502261,852291,-51.70112148005019
502261,2168645,-51.70112148005019
502261,767232,-51.70112148005019
502261,8359331,-51.70112148005019
502261,8405059,-51.703182751359535
502261,4060775,-51.703182751359535
502261,8142297,-51.703182751359535
502261,7801712,-51.70524331477216
502261,416540,-51.77120829291915
502261,2176463,-51.77120829291915
502261,5678318,-51.772237514229985
502261,7365609,-51.82790590717045
502261,6647433,-51.82790590717045
502261,739828,-51.82790590717045
502261,7477714,-51.82790590717045
502261,2324954,-51.82790590717045
502261,5435209,-51.82790590717045
502261,6181781,-51.82790590717045
502261,674679,-51.82790590717045
502261,744812,-51.82790590717045
502261,5078656,-51.82790590717045
502261,5634021,-51.82790590717045
502261,4432993,-51.82790590717045
502261,4662935,-51.82790590717045
502261,5917411,-51.82790590717045
502261,4662254,-51.82790590717045
502261,7555443,-51.82790590717045
502261,767234,-51.82790590717045
502261,1936233,-51.82790590717045
502261,7066812,-51.82790590717045
502261,5863360,-51.82790590717045
502261,8359335,-51.82790590717045
502261,8460636,-51.82790590717045
502261,196446,-51.82790590717045
502261,8637126,-51.82790590717045
502261,7010712,-51.82790590717045
502261,5834407,-51.82790590717045
502261,5899351,-51.82790590717045
502261,978398,-51.82790590717045
502261,6532584,-51.82790590717045
502261,809932,-51.82790590717045
502261,7717052,-51.82790590717045
502261,7012566,-51.82945086546512
502261,6133888,-51.82945086546512
502261,6802345,-51.839670228090206
502261,6775440,-51.85525332659282
502261,8367191,-51.85525332659282
502261,8420332,-51.9685914155585
502261,7365747,-51.97297026184266
502261,155853,-51.97451827609298
502261,816803,-52.04203763846849
502261,4835334,-52.04863069950356
502261,7930967,-52.134015067366875
502261,6891947,-52.222326085460125
502261,4374300,-52.2228411157614
502261,6695997,-52.23352291801056
502261,8089437,-52.235580301895695
502261,8104362,-52.25668227485694
502261,5536631,-52.27443584016375
183378,324178,-27.631461564026274
183378,324175,-27.83517608680797
183378,324177,-27.841878099339013
183378,711450,-28.122081819620274
183378,5286899,-28.123114051056742
183378,8756893,-28.130072338830203
183378,1603314,-28.23221981532079
183378,1603312,-28.237892210502963
183378,5887828,-28.240981729583464
183378,5105265,-28.24252529680128
183378,1603316,-28.24252529680128
183378,1603317,-28.245096145252848
183378,4810797,-28.487217577959015
183378,8079970,-28.50482841091739
183378,8079968,-28.505862956115717
183378,2095187,-28.507672552199814
183378,5657854,-28.511030337445483
183378,1729199,-28.519279678829683
183378,2082020,-28.521081202458042
183378,2522625,-28.524424021743126
183378,4353183,-28.52468100747201
183378,424997,-28.654134464797586
183378,2805325,-28.656978115913574
183378,6960777,-28.657753189549876
183378,5728400,-28.657753189549876
183378,2796241,-28.65904453411776
183378,3576220,-28.661367554504338
183378,3576225,-28.661367554504338
183378,665785,-28.875748419940088
183378,952906,-28.876006755569893
183378,7315393,-28.87678162901154
183378,145653,-28.87678162901154
183378,3773460,-28.880652996915742
183378,26799,-28.884519375428017
183378,207386,-28.889923947612395
183378,1124034,-28.892237215603433
183378,1987196,-28.892751033011105
183378,7878227,-28.894293177679117
183378,4638380,-28.898170883995917
183378,6569755,-28.89894582415763
183378,7132812,-28.899720564193608
183378,6295431,-28.89997876641775
183378,2863617,-28.90023694642101
183378,1261035,-28.900753239780173
183378,2863620,-28.901269444301676
183378,2863619,-28.901269444301676
183378,5843332,-28.901527513257857
183378,2863612,-28.903075460971568
183378,3773463,-28.903591266101664
183378,3601500,-28.904622610383136
183378,7278405,-28.904880391063486
183378,324184,-28.90513814959546
183378,7278406,-28.905653600229442
183378,5887836,-28.905911292339063
183378,3082152,-28.90616896231552
183378,5887837,-28.90616896231552
183378,2359693,-28.90668423588411
183378,1637576,-28.90668423588411
183378,5843331,-28.90668423588411
183378,6081318,-28.90694183948385
183378,6296310,-28.90694183948385
183378,5668676,-28.90694183948385
183378,6689748,-28.90719942096562
183378,7248228,-28.907456980333208
183378,2203341,-28.907456980333208
183378,7390575,-28.907972032741057
183378,5279704,-28.908486996737754
183378,4504503,-28.90900187235365
183378,8073356,-28.91054596921977
183378,3082155,-28.91131771972566
183378,1551178,-28.912089271749664
183378,8570259,-28.91337475099599
183378,4504504,-28.916714421484233
183378,7135097,-29.15016189244709
183378,2095179,-29.1532657958822
183378,719552,-29.154041270218315
183378,400861,-29.157915637943496
183378,3607830,-29.160237859134902
183378,400863,-29.16126938072535
183378,6717352,-29.162558284146165
183378,324183,-29.162558284146165
183378,4323147,-29.167708367383092
183378,6116674,-29.167708367383092
183378,260954,-29.171822077822593
183378,94084,-29.17284962465024
183378,1528399,-29.179776375234724
183378,2978908,-29.54117901235204
183378,2095186,-29.541437659798486
183378,7504966,-29.541696284947356
183378,8764470,-29.541696284947356
183378,295459,-29.54195488780249
183378,892679,-29.54195488780249
183378,8209853,-29.542213468367734
183378,772180,-29.54247202664693
183378,2845571,-29.542472026646934
183378,5652928,-29.542730562643925
183378,5652927,-29.543247567806638
183378,4620359,-29.54376448388659
183378,1111809,-29.544022908530124
183378,5745912,-29.544022908530124
654723,6049653,-36.197197968861566
654723,8728630,-36.47202989346023
654723,3022503,-37.78319305256144
654723,5158927,-37.79588624834477
654723,6143594,-38.17300140880267
654723,5158929,-38.17849483043638
654723,1057423,-38.80689606585895
654723,7146572,-38.80724072111774
654723,1073430,-38.8089635521002
654723,6061912,-38.809652476776606
654723,5106705,-38.81102997026865
654723,7518498,-38.8124069895519
654723,7055345,-38.82512199536143
654723,7780411,-39.3389725904213
654723,6695217,-39.447659543199734
654723,8668528,-39.45179950889708
654723,1057431,-39.453523230784
654723,7491074,-39.45696844774419
654723,4916217,-39.4576571351937
654723,3494940,-39.45800143445883
654723,8545844,-39.45937833524091
654723,6087307,-39.460410699877826
654723,2076231,-40.20301876844435
654723,7178417,-40.546068471175815
654723,7780406,-40.5553398165806
654723,631817,-40.55713002973919
654723,5577791,-40.55781948877411
654723,2060442,-40.56642771467062
654723,2583373,-40.576046985322066
654723,6485147,-40.57913398748184
654723,696148,-40.57913398748184
654723,416811,-40.58735436491582
654723,7148192,-40.59521640576578
654723,5396064,-40.81808298281325
654723,1107989,-40.81877178885578
654723,7463821,-40.821525827503905
654723,5577795,-40.821525827503905
654723,708294,-40.82359011283395
654723,8764415,-40.82359011283395
654723,2124251,-40.82977658459976
654723,8728627,-40.83938100724643
654723,4803463,-40.84759505443743
654723,8174633,-41.202377919976655
654723,1057426,-41.202722783238585
654723,412172,-41.20548061948065
654723,3532738,-41.20789216742292
654723,7136228,-41.208925243067014
654723,7780408,-41.208925243067014
654723,8159506,-41.20995805196868
654723,1644996,-41.21064644311423
654723,6286894,-41.21064644311423
654723,5396061,-41.21614931149199
654723,7005059,-41.21614931149199
654723,8159500,-41.21683663805112
654723,7075166,-41.217180257046586
654723,2076235,-41.21752384652609
654723,1929041,-41.21855443791948
654723,4210496,-41.22576115240689
654723,7575020,-41.22610400563164
654723,7575024,-41.22884577400815
654723,2335695,-41.229530922558595
654723,2124250,-41.57062715750167
654723,8036318,-41.727981499367125
654723,1100694,-41.846590209194446
654723,8181166,-41.84969478169546
654723,276929,-41.84969478169546
654723,4839611,-41.8503843595893
654723,5353140,-41.851763158841166
654723,5630102,-41.851763158841166
654723,6510448,-41.85314148298495
654723,2313321,-41.85314148298495
654723,2018864,-41.85314148298495
654723,6882904,-41.85314148298495
654723,5570810,-41.85314148298495
654723,2462329,-41.853485989823625
654723,1003090,-41.853485989823625
654723,6752141,-41.853485989823625
654723,2522097,-41.853830466993614
654723,6456139,-41.853830466993614
654723,583518,-41.853830466993614
654723,3317318,-41.85417491450002
654723,4414022,-41.85417491450003
654723,4207561,-41.85417491450003
654723,3052238,-41.85451933234798
654723,3909003,-41.85486372054255
654723,2258758,-41.85520807908888
654723,2791190,-41.85520807908888
654723,1111187,-41.855552407992064
654723,4140411,-41.855552407992064
654723,5107085,-41.85555240799207
654723,5701082,-41.8558967072572
654723,573809,-41.856240976889396
654723,3019360,-41.856585216893734
654723,1513917,-41.85727360803928
654723,5684691,-41.85727360803928
654723,8051257,-41.85796188073462
654723,380224,-41.85796188073462
654723,80379,-41.85933807093768
654723,570698,-41.86036990296115
654723,6540704,-41.86036990296115
1117387,5744592,-24.403510504478618
1117387,8091236,-26.200641670309174
1117387,5744595,-26.26965822291468
1117387,2934326,-26.477059872360208
1117387,3384901,-26.628351759626067
1117387,8091238,-27.1469027761226
1117387,3384902,-27.303695513646044
1117387,3033235,-27.447775072890053
1117387,8601196,-27.557228464915667
1117387,1410151,-27.559038060999768
1117387,7170935,-27.56342825529609
1117387,8494302,-27.56755434226767
1117387,5744601,-27.569100163003846
1117387,3784537,-27.57193210060258
1117387,3784542,-27.629916274121484
1117387,3784541,-27.63043145920299
1117387,43791,-27.78991090447872
1117387,2934329,-27.83698194817235
1117387,3784538,-27.837497708963767
1117387,296121,-27.851002263876467
1117387,7170936,-28.115880961349987
1117387,5897422,-28.117949338531538
1117387,8601194,-28.118724612465975
1117387,7170937,-28.11924135047247
1117387,261158,-28.119757999488243
1117387,261156,-28.12001629063418
1117387,7170932,-28.12027455954393
1117387,261161,-28.12027455954393
1117387,261154,-28.121049232894308
1117387,7170933,-28.121565570683764
1117387,511889,-28.121565570683764
1117387,7170934,-28.12233991077823
1117387,261160,-28.122856026492645
1117387,8091232,-28.234799506432772
1117387,3784535,-28.241496340238882
1117387,3121771,-28.243039642768778
1117387,3784536,-28.483093263621008
1117387,2958809,-28.5081893792277
1117387,8091233,-28.511546586381996
1117387,3784539,-28.51283682019225
1117387,3784540,-28.513094800379527
1117387,2934330,-28.66497757015359
1117387,4050113,-28.873680933663035
1117387,2440155,-28.87833077572434
1117387,4916464,-28.880910910566406
1117387,7170931,-28.892223016383163
1117387,5897420,-28.8935170345885
1117387,372097,-28.894810494873433
1117387,192350,-28.89584486172188
1117387,1472111,-28.896878872054984
1117387,7170938,-28.897137318961533
1117387,8601198,-28.89765414598942
1117387,1132240,-28.897912526118425
1117387,8091230,-28.897912526118425
1117387,3779722,-28.89842921962573
1117387,5897423,-28.89868753301169
1117387,6541348,-28.899462339744762
1117387,261162,-28.899462339744762
1117387,4247531,-28.899978766417753
1117387,6541354,-28.90023694642101
1117387,3139133,-28.901269444301676
1117387,8651211,-28.902817525145846
1117387,6349706,-28.90333337462224
1117387,2939570,-28.903591266101664
1117387,3784543,-28.90771451759042
1117387,6830198,-28.907972032741057
1117387,6178240,-28.908229525788904
1117387,1074740,-28.910031358564346
1117387,6830199,-28.910031358564346
1117387,8494301,-28.911060491615615
1117387,3784544,-28.91414577423373
1117387,1694701,-29.15249012104077
1117387,515112,-29.156366491230703
1117387,2440160,-29.15894795817942
1117387,8531540,-29.16564939490108
1117387,2915112,-29.169765927711687
1117387,261159,-29.537555604700977
1117387,515110,-29.54143765979849
1117387,314582,-29.54273056264392
1117387,3599755,-29.544539691043482
1117387,8268650,-29.544798048920974
1117387,6541351,-29.544798048920974
1117387,261157,-29.54557298908268
1117387,857255,-29.54557298908268
1117387,5505285,-29.54712226913226
1117387,4176327,-29.54763851806877
1117387,4052214,-29.548928751879025
1117387,3139137,-29.54970262589662
1117387,891144,-29.54970262589662
1117387,7956791,-29.549702625896625
1117387,2065896,-29.551507555988543
1117387,4486365,-29.55176531452051
1117387,5909606,-29.55253845726412
1117387,8091234,-29.5535690044089
1117387,5177519,-30.05699940655291
1117387,766756,-30.120531788129806
1117387,8601195,-30.18521847559939
1117387,2656103,-30.185736194531067
1117387,8601192,-30.18599502049665
1117387,8601191,-30.18599502049665
479871,1360646,-18.551115279971395
479871,1018393,-18.72325017803139
479871,1567396,-18.82254407152479
479871,8811622,-18.93139447175453
479871,6764071,-18.93655208251426
479871,835868,-18.937410392686395
479871,5447206,-19.06350800420392
479871,1484949,-19.065744217324358
479871,6263495,-19.069008037748418
479871,5447202,-19.0696944796693
479871,7582347,-19.06986605334314
479871,1830484,-19.06986605334314
479871,6551433,-19.072609232259815
479871,8613731,-19.213592150117535
479871,6595041,-19.21651844251138
479871,8811619,-19.217550230192362
479871,5615234,-19.217550230192362
479871,1116535,-19.217722143067025
479871,3894494,-19.217894041165938
479871,1165667,-19.21944045956632
479871,4712479,-19.219955666768332
479871,1484943,-19.221672066211145
479871,6240386,-19.221843625167487
479871,4655984,-19.222186698937765
479871,2817597,-19.22235821375675
479871,3848797,-19.226470162983457
479871,5757748,-19.388501842545498
479871,5176626,-19.391261819868692
479871,4423307,-19.391434192054824
479871,1567392,-19.393673679618487
479871,2796241,-19.394017993702647
479871,5447205,-19.39419012851874
479871,6356340,-19.395394657584298
479871,3708118,-19.395738675542884
479871,3169928,-19.395910662334405
479871,7976208,-19.397114155940624
479871,8706384,-19.39728602449566
479871,582184,-19.397629717303875
479871,7589633,-19.398145145799614
479871,1296972,-19.398488691015306
479871,3754938,-19.399347295967186
479871,3810789,-19.399518972734274
479871,6263494,-19.399518972734274
479871,1998008,-19.399518972734274
479871,3050346,-19.40037713559242
479871,1434376,-19.40054872398629
479871,1532490,-19.40072029766013
479871,1828361,-19.401063400857836
479871,7501050,-19.401406445205733
479871,7504298,-19.402949417045882
479871,3922887,-19.403806109540646
479871,5970919,-19.40466243523151
479871,7142021,-19.407742175430975
479871,1121997,-19.409109428075595
479871,8016251,-19.60779084644943
479871,1161476,-19.608135873319252
479871,6669635,-19.60830836443607
479871,2273049,-19.608998180175877
479871,3836968,-19.609342998845214
479871,5447207,-19.610032457885247
479871,4691773,-19.610032457885247
479871,835872,-19.610204785514647
479871,5638923,-19.610377098296915
479871,5904069,-19.610377098296915
479871,1567399,-19.610549396234614
479871,8713765,-19.610721679330304
479871,2957772,-19.61089394758654
479871,2142098,-19.61089394758654
479871,3619246,-19.611066201005876
479871,3541464,-19.61123843959087
479871,2974712,-19.61123843959087
479871,6100476,-19.61123843959087
479871,7114870,-19.61123843959087
479871,8713766,-19.61123843959087
479871,3894501,-19.611410663344074
479871,1013917,-19.61158287226805
479871,4073543,-19.61158287226805
479871,44612,-19.61158287226805
479871,2237809,-19.611927245638505
479871,6715105,-19.611927245638505
479871,1567394,-19.612099410090096
479871,7381820,-19.612099410090096
479871,2807294,-19.612271559722664
479871,4263160,-19.612271559722664
479871,658986,-19.612271559722664
479871,891818,-19.612271559722664
479871,891817,-19.612443694538758
479871,3132536,-19.612443694538758
479871,4972818,-19.612443694538758
479871,1567400,-19.612443694538758
479871,3306735,-19.61261581454093
479871,2237804,-19.61261581454093
479871,2237805,-19.61261581454093
479871,3901806,-19.61278791973173
479871,1240851,-19.61278791973173
479871,2412529,-19.612960010113703
479871,1567391,-19.6131320856894
479871,6690203,-19.6131320856894
479871,7053827,-19.613304146461374
479871,5615233,-19.613304146461374
541571,5147608,-25.78896200440377
541571,7062028,-26.28489562186937
541571,3138296,-26.379915034305043
541571,3314257,-26.38761834154279
541571,2132445,-26.506079572354132
541571,3740113,-26.615469900649973
541571,2976815,-26.622432973716066
541571,3138298,-26.67537361759844
541571,1867074,-26.895683333729362
541571,3085497,-26.900817551971627
541571,425726,-26.945549471616584
541571,6717585,-26.953544799514827
541571,1906434,-26.956119398679046
541571,3494697,-26.956908319408747
541571,1906435,-26.957148619997454
541571,3886624,-27.056287436194516
541571,2959731,-27.142621497119993
541571,8155413,-27.143904776860317
541571,1688496,-27.16548890735275
541571,1959711,-27.170252544798668
541571,3314253,-27.17154078405308
541571,197430,-27.173600816922878
541571,3012743,-27.173858221597502
541571,227294,-27.173858221597506
541571,6140331,-27.174115604188305
541571,3085495,-27.174887619495625
541571,1906436,-27.17617387035139
541571,3314255,-27.177459569963073
541571,6787577,-27.177459569963073
541571,6711517,-27.18285349939438
541571,3314259,-27.244251513439366
541571,1688497,-27.296742601470967
541571,8085464,-27.30163707094866
541571,6030773,-27.33814636647357
541571,1770864,-27.344142280225423
541571,6750771,-27.34594876297218
541571,197428,-27.34904306200105
541571,5147612,-27.34955846835728
541571,2319981,-27.35033141190232
541571,1688500,-27.352649048371863
541571,2959733,-27.353421196148048
541571,3775592,-27.35393585094461
541571,3261907,-27.35753596452306
541571,37717,-27.35882067308515
541571,2078492,-27.359591234229132
541571,3163508,-27.363441073919734
541571,3494698,-27.44369428977092
541571,4714454,-27.444162573206142
541571,4803269,-27.447001331934235
541571,6549692,-27.449837407017828
541571,1412644,-27.450095099127452
541571,1867075,-27.450868042672496
541571,464268,-27.452928252379795
541571,6035178,-27.454472481714788
541571,1762891,-27.45807259529324
541571,1762892,-27.4598710332753
541571,6787579,-27.462694973650514
541571,2976813,-27.552374870004954
541571,2959730,-27.55366454915265
541571,3494699,-27.559589942670062
541571,37718,-27.56678113310172
541571,1070070,-27.56884258152208
541571,4366495,-27.56935772237144
541571,1412645,-27.570123661357563
541571,395216,-27.571417401657307
541571,3138294,-27.571674762168065
541571,6186622,-27.57193210060258
541571,5147614,-27.572189416964626
541571,6285004,-27.573990013787895
541571,728408,-27.574761367432075
541571,1114711,-27.575532522798422
541571,6306245,-27.58348954247026
541571,4281904,-27.622952602430985
541571,4489434,-27.622952602430985
541571,7745180,-27.62450148253905
541571,5147613,-27.627081173651028
541571,4096641,-27.627339020799397
541571,2995400,-27.628112429300863
541571,3256013,-27.628885638466812
541571,3442464,-27.628885638466812
541571,5147610,-27.628885638466816
541571,4714458,-27.629401000552892
541571,2959736,-27.630689018570582
541571,2959739,-27.63197648382878
541571,37716,-27.632233910591026
541571,37715,-27.63300605836721
541571,8154225,-27.633263396801723
541571,2879298,-27.634549757963033
541571,611019,-27.636349737445837
541571,6473704,-27.63634973744584
541571,6186623,-27.688269170844706
541571,4750924,-27.689299541015316
541571,197434,-27.690844433035757
541571,6717586,-27.837071907700075
541571,3530850,-27.83862292321893
541571,6766868,-27.83930217377955
541571,1506455,-27.84017313726908
541571,5731488,-27.840947944002153
541571,4803270,-27.841620606291166
541571,339028,-27.841722550678405
1106007,2384069,-17.50203551287365
1106007,1334335,-17.87911772350708
1106007,5836920,-17.88135914169716
1106007,7726655,-17.88342591590518
1106007,2143418,-17.883770170723444
1106007,3537614,-17.884458502643888
1106007,6147546,-17.892528707106763
1106007,6942456,-18.527813978992818
1106007,7022723,-18.53074153122127
1106007,7456197,-18.530913606796968
1106007,5490903,-18.624730656764378
1106007,6699898,-18.719997253963435
1106007,3672136,-18.8124003182623
1106007,1785018,-18.940497262956118
1106007,6209484,-18.956030592437614
1106007,5490907,-19.066259911623636
1106007,6699897,-19.071409554423028
1106007,7685384,-19.073808190914523
1106007,6126197,-19.075348653814178
1106007,5646684,-19.08388524172975
1106007,7615110,-19.212730660416245
1106007,8204463,-19.215141897069756
1106007,2165342,-19.219783945780485
1106007,2624570,-19.222701199275026
1106007,5072014,-19.225956631424122
1106007,2777113,-19.226470162983457
1106007,4120343,-19.227838936188398
1106007,7638713,-19.22954858641261
1106007,2511437,-19.39074461415586
1106007,7549317,-19.392468113310283
1106007,1334328,-19.394017993702647
1106007,4173709,-19.394017993702647
1106007,8204457,-19.39419012851874
1106007,6650998,-19.39453435371171
1106007,5594852,-19.397114155940624
1106007,2344062,-19.397114155940624
1106007,4004166,-19.397629717303875
1106007,2464377,-19.398316925783917
1106007,8277923,-19.39883217722947
1106007,7638720,-19.399690634766174
1106007,7113391,-19.40174943072401
1106007,1918089,-19.401920901428348
1106007,5072011,-19.402606637272477
1106007,7638716,-19.40312078490423
1106007,7646684,-19.405004862873106
1106007,7638715,-19.410305007881988
1106007,2384065,-19.41081718052111
1106007,5279699,-19.60779084644943
1106007,7628460,-19.608825748544913
1106007,2513608,-19.609515385888713
1106007,1334336,-19.610032457885247
1106007,8348781,-19.610377098296915
1106007,5315018,-19.610721679330304
1106007,7658752,-19.61089394758654
1106007,125200,-19.611066201005876
1106007,7685383,-19.61123843959087
1106007,5594854,-19.612099410090096
1106007,1096440,-19.612443694538758
1106007,29022,-19.612443694538758
1106007,8204464,-19.612443694538758
1106007,1193879,-19.61278791973173
1106007,2777112,-19.612960010113703
1106007,61159,-19.612960010113703
1106007,2838747,-19.6131320856894
1106007,7170194,-19.613304146461374
1106007,8199521,-19.613304146461374
1106007,4000699,-19.613304146461374
1106007,5490900,-19.613648223604315
1106007,7197993,-19.61382023998038
1106007,4311841,-19.6139922415629
1106007,3350802,-19.614336200357485
1106007,70147,-19.614336200357485
1106007,2960561,-19.615023940536027
1106007,5740463,-19.615023940536027
1106007,5952125,-19.615023940536027
1106007,4311840,-19.61519583863494
1106007,8204461,-19.61519583863494
1106007,2623990,-19.615711444302583
1106007,5974974,-19.615711444302583
1106007,5971071,-19.615711444302583
1106007,6492973,-19.615711444302583
1106007,3572969,-19.61622691707988
1106007,8141089,-19.61622691707988
1106007,369415,-19.616742257035323
1106007,2513610,-19.617257464237333
1106007,4255223,-19.617257464237333
1106007,5993697,-19.617429170482396
1106007,8649212,-19.617429170482396
1106007,7638719,-19.617429170482396
1106007,2294712,-19.617600861987206
1106007,7148689,-19.617772538754295
1106007,2621974,-19.617772538754295
1106007,2464378,-19.61794420078619
1106007,6059869,-19.618115848085424
1106007,4747656,-19.618287480654526
1106007,2798884,-19.618459098496025
1106007,2866628,-19.618459098496025
1106007,6282113,-19.618459098496025
1106007,4918035,-19.61863070161244
1106007,548434,-19.618802290006307
60235,3620536,-31.199099830769292
60235,3620537,-31.253531892057016
60235,5857163,-31.615906677815985
60235,3620540,-31.821923680782255
60235,5857161,-31.927214398160693
60235,5857162,-31.92824384020879
60235,3231717,-31.936349389347576
60235,6107034,-32.074226176545906
60235,4289596,-32.139003654091546
60235,3231720,-32.23043673602924
60235,3231721,-32.477964253267935
60235,6014619,-32.59785139316145
60235,7389159,-32.60699844184912
60235,4291626,-33.02630684909245
60235,6373390,-33.06596541119768
60235,3231713,-33.2536215090843
60235,4292611,-33.32467983141967
60235,485095,-33.388264975135
60235,2747390,-33.43612224838025
60235,4699393,-33.66784983735417
60235,4289597,-33.69329059352757
60235,85624,-33.7149770703954
60235,5857159,-33.798274136383924
60235,3231719,-33.829329861946505
60235,8712527,-33.832758541343495
60235,485093,-33.846898068803156
60235,2563465,-33.89228222112942
60235,2563468,-33.92973862251955
60235,6570997,-34.05765857769894
60235,7647373,-34.059644030879106
60235,1787100,-34.06859004030253
60235,953191,-34.17723145649535
60235,806158,-34.181856865189346
60235,6979205,-34.28646137647577
60235,5893459,-34.3100026518841
60235,953194,-34.34871714433399
60235,2021479,-34.40287172832018
60235,6371218,-34.423427990531835
60235,7301139,-34.446352149271426
60235,6570995,-34.4480752771197
60235,8038226,-34.456679799531145
60235,4007851,-34.45736736238038
60235,1771395,-34.492149043525146
60235,485096,-34.49543004690846
60235,983364,-34.50121125229843
60235,956400,-34.51376923377421
60235,8038227,-34.56072623435619
60235,1250062,-34.62351341691445
60235,2659063,-34.67819484325011
60235,6778910,-34.68575998739452
60235,1312851,-34.69981177719215
60235,8310902,-34.7124667173374
60235,1928431,-34.720369277931475
60235,3231714,-34.72183971194414
60235,1673989,-34.72255978227897
60235,5581203,-34.72834918269
60235,3596958,-34.72874253534973
60235,8035016,-34.72903810736641
60235,1787102,-34.72972691340893
60235,7311608,-34.81792220652051
60235,581006,-34.833191325288325
60235,2528919,-34.83387930203641
60235,2021478,-34.83456716047684
60235,2799103,-34.83594252259744
60235,2799107,-34.83594252259744
60235,2799105,-34.83628628924885
60235,6125233,-34.83628628924885
60235,6979208,-34.83628628924885
60235,2624942,-34.83663002635892
60235,7303275,-34.83663002635892
60235,2335779,-34.83800467948733
60235,5523642,-34.85345513040871
60235,2659059,-34.85552172651265
60235,1527093,-34.874725748176466
60235,1787104,-34.87782684405228
60235,4552456,-34.880237146445985
60235,4778407,-34.88505339843618
60235,7098947,-34.902639136454454
60235,5630536,-34.96324014318609
60235,8712525,-34.96461657016732
60235,8310900,-34.991363661967384
60235,8612380,-34.99223142292531
60235,2821706,-35.00123725989177
60235,2563463,-35.02310963294662
60235,2276380,-35.02389521600524
60235,983362,-35.07480819033317
60235,6495185,-35.07584082148306
60235,7299675,-35.090746455673205
60235,5893464,-35.09401327997797
60235,3736848,-35.094725300927436
60235,6702737,-35.094725300927436
60235,196163,-35.09711357466115
60235,3165518,-35.0988349228476
60235,2336371,-35.09952325476294
60235,3214999,-35.10124356650995
60235,5464235,-35.102963138706876
60235,2033966,-35.1133330445298
60235,180418,-35.116422583035316
60235,8036857,-35.11643574403381
60235,953196,-35.11814245097597
180442,6746842,-52.895410693851105
180442,5139593,-53.29376966908668
180442,5139589,-53.41630298380433
180442,94163,-53.51150851408518
180442,5474738,-53.70617233077411
180442,2784247,-53.84420319299024
180442,147379,-54.12143285543972
180442,5396535,-54.14600157488834
180442,465534,-54.23871712341974
180442,294952,-54.308470163166
180442,7734528,-54.32425436908236
180442,4345795,-54.520670616612364
180442,4345794,-54.52221226687179
180442,5139595,-54.62984194292267
180442,1569225,-54.846022197003556
180442,3657956,-54.8798703482198
180442,1845401,-54.89268004889206
180442,6073870,-55.03398223696849
180442,2339171,-55.07760320017284
180442,5303653,-55.145170598636646
180442,2630808,-55.22332377354669
180442,7486853,-55.227804689361044
180442,2214757,-55.288835677841384
180442,2458324,-55.304581882330474
180442,2945036,-55.34803370446106
180442,7886794,-55.369082383768095
180442,7125034,-55.395646056468756
180442,3316088,-55.40361120676197
180442,7425194,-55.435350732125535
180442,2089488,-55.47619293493257
180442,7901728,-55.5289632152312
180442,481747,-55.52999491418399
180442,3542298,-55.57119244926093
180442,253769,-55.579940456779845
180442,6187478,-55.581444230340814
180442,6686841,-55.763016360832175
180442,5917762,-55.77364374080996
180442,6192964,-55.79593761473651
180442,6230401,-55.79848616334904
180442,3730315,-55.80005697330826
180442,94164,-55.80336415402968
180442,1298334,-55.805451915762006
180442,5139594,-55.806464048185575
180442,8225804,-55.81061129798597
180442,262668,-55.84295623373153
180442,3411625,-55.878233494971056
180442,1511840,-55.947609396827886
180442,2348059,-55.954160168413885
180442,8721832,-55.957774066542385
180442,2478861,-56.044336974176574
180442,7254159,-56.063147404892604
180442,2945042,-56.065159798151484
180442,2780977,-56.06692310164307
180442,6206700,-56.09751425598086
180442,5949511,-56.114078839570254
180442,3847467,-56.12387697281413
180442,3496208,-56.1519662298866
180442,5160738,-56.1524811275939
180442,7622770,-56.19646496308076
180442,7647129,-56.22240849200718
180442,688098,-56.25786196565942
180442,244711,-56.25856113668463
180442,5009351,-56.28509489676487
180442,6806702,-56.286127128193705
180442,94167,-56.30688449870443
180442,6858844,-56.316695593942114
180442,5274535,-56.32666950233159
180442,1358313,-56.33409926736359
180442,321849,-56.33699158284311
180442,2375271,-56.350411751372526
180442,999424,-56.352740088429535
180442,7655299,-56.36270236084495
180442,2171620,-56.369905057576084
180442,5909190,-56.37607192321024
180442,2825346,-56.4577380534916
180442,3114489,-56.465471862070416
180442,3859764,-56.465471862070416
180442,295878,-56.46807702775829
180442,6142457,-56.476814702704644
180442,2859394,-56.482475018949586
180442,1079979,-56.482478091891025
180442,1079978,-56.48350722493472
180442,321845,-56.48621334923743
180442,6230397,-56.49122010135675
180442,5057891,-56.49430247793683
180442,1569219,-56.495511432077606
180442,5474737,-56.52060710426075
180442,4999656,-56.52164022437212
180442,1373390,-56.5252547445248
180442,5909191,-56.55049559975776
180442,7991015,-56.56350726578665
180442,108831,-56.56505514691797
180442,6017885,-56.58386526696954
180442,6206698,-56.594902626410445
180442,1845406,-56.605949378859655
180442,2945038,-56.61915724224227
180442,4399218,-56.67392680141032
180442,2785377,-56.69531658988724
180442,6727336,-56.71029070773004
180442,1813236,-56.7106672378815
710347,4327099,-42.97859438788859
710347,4656404,-44.027107345556836
710347,4656405,-44.027107345556836
710347,1439120,-44.30712095805494
710347,1976092,-44.64026136451728
710347,6264174,-44.80659013419451
710347,6742354,-44.80701976866176
710347,1011075,-44.85494240724325
710347,1011074,-44.960194078483546
710347,8825558,-45.06203362522205
710347,6742355,-45.075339724689556
710347,1976089,-45.118204651597104
710347,6264170,-45.13452726946241
710347,2022385,-45.32948160180403
710347,6046669,-45.33215392080248
710347,4438502,-45.33774878444123
710347,2022387,-45.36833711185347
710347,6264172,-45.45794124903634
710347,1439117,-45.62335189126342
710347,6367424,-45.68280724175112
710347,6046672,-45.72377129914579
710347,6046667,-45.90143477972782
710347,4553948,-46.00292571318203
710347,1011082,-46.107749439334434
710347,3740486,-46.15214489805082
710347,2372365,-46.26093881432835
710347,1640444,-46.26093881432835
710347,7419563,-46.32728401699242
710347,1011077,-46.35383638402453
710347,4215080,-46.39583302825391
710347,6450737,-46.399582344765605
710347,3440209,-46.399903783609915
710347,7037212,-46.57423535718993
710347,1240998,-46.77164456153166
710347,455362,-46.78185524670548
710347,5722267,-46.782285694888394
710347,6264169,-46.79346436034121
710347,2505776,-46.794633410195765
710347,5179162,-46.8002047756709
710347,2372368,-46.85853687727807
710347,3422947,-46.94222632042704
710347,4270203,-47.03126323407129
710347,1640448,-47.03801367525799
710347,8490212,-47.03944809305172
710347,898854,-47.04203000423971
710347,7419568,-47.04718983029552
710347,8651755,-47.07740037638526
710347,3292874,-47.17152427661597
710347,4185615,-47.263119314674
710347,6867456,-47.34693753620547
710347,4776382,-47.422883210438954
710347,8353769,-47.4237450342326
710347,7568985,-47.42589894404294
710347,224525,-47.42589894404294
710347,153138,-47.42632961468353
710347,6501323,-47.42848241163053
710347,8451312,-47.43149477100144
710347,8714217,-47.43278522679759
710347,5401098,-47.43278522679759
710347,5602954,-47.434505316603236
710347,4427082,-47.444349464073085
710347,4327102,-47.44567149974828
710347,4479459,-47.44607103450662
710347,4460731,-47.44779201238324
710347,2372369,-47.46465447145531
710347,3440200,-47.53027787130621
710347,3564912,-47.5371375827309
710347,4577147,-47.6225366879689
710347,3608313,-47.62425855483396
710347,1786995,-47.63586567219702
710347,6071403,-47.687796680232836
710347,6264171,-47.71943635451744
710347,590265,-47.73521390530968
710347,7717410,-47.73822419197989
710347,1439113,-47.74283907757353
710347,2505772,-47.74541146901103
710347,3440201,-47.7468150379719
710347,8605091,-47.747673311299735
710347,1640452,-47.75324849971832
710347,827920,-47.766518146572686
710347,4185619,-47.850682900530344
710347,2845871,-47.85583652183472
710347,5927881,-47.858411341868795
710347,1212650,-47.8596982548291
710347,4867765,-47.902982557741225
710347,4867770,-47.903413005924136
710347,1508336,-47.903413005924136
710347,5735301,-47.90384341705312
710347,1911319,-47.904273791134536
710347,2304745,-47.90470412817477
710347,6641376,-47.905564691157196
710347,4635687,-47.914162184527584
710347,1439112,-47.92102955102824
710347,4617730,-48.077261446994555
710347,820573,-48.077691709971546
710347,2325363,-48.078552124865745
710347,4553947,-48.106449465050254
710347,6264175,-48.107307664721105
710347,3664749,-48.11210752611779
710347,3080176,-48.11296860781073
1124210,2258595,-33.83492115098409
1124210,4506651,-34.0478654473816
1124210,7447320,-34.34849751864876
1124210,4331925,-34.40232003845794
1124210,7447315,-34.420668454242026
1124210,8026740,-34.72585751766806
1124210,5968010,-34.896633308158684
1124210,2775744,-35.13202466503067
1124210,6209133,-35.24907394795862
1124210,5363376,-35.39779216433062
1124210,2258591,-35.413515497717626
1124210,8578086,-35.52180207014127
1124210,5796896,-35.583013606988324
1124210,7841037,-35.67868753753489
1124210,5363380,-35.6921592619275
1124210,1708164,-35.762404515430184
1124210,2258596,-35.76719891340835
1124210,2240114,-35.7827188842529
1124210,3797822,-35.78616024793338
1124210,2258594,-35.79372084231616
1124210,6686657,-35.795220066047676
1124210,8492305,-35.80126717300834
1124210,1503912,-35.80263770487377
1124210,7447312,-35.828284127954056
1124210,2805346,-35.922872811150775
1124210,6691162,-35.95302662219257
1124210,4968311,-35.955088956284804
1124210,5424028,-35.963144016483966
1124210,2258598,-35.98305599875962
1124210,5717937,-36.06264801610425
1124210,7102466,-36.07913820977154
1124210,5664148,-36.0835926295298
1124210,1094076,-36.17760996428832
1124210,2258599,-36.18194094856231
1124210,4336697,-36.18208585519932
1124210,3699025,-36.19102263978516
1124210,2494577,-36.19342528963687
1124210,3466956,-36.20541693873184
1124210,8146600,-36.21350174857693
1124210,4537657,-36.23203889459779
1124210,2258597,-36.255785851289254
1124210,6225008,-36.2912877621376
1124210,2825130,-36.31250379572428
1124210,713231,-36.435882110763984
1124210,5717938,-36.45176851323379
1124210,6717686,-36.4602940535776
1124210,8586873,-36.46414359078051
1124210,2258593,-36.47952436456194
1124210,2258592,-36.47986692416752
1124210,4648414,-36.48024253525433
1124210,2544871,-36.608925928497065
1124210,4301199,-36.610803546045936
1124210,1193103,-36.61493034221297
1124210,4082758,-36.61493034221297
1124210,3008048,-36.61699214478948
1124210,7447314,-36.61767917621427
1124210,7447313,-36.62076935817366
1124210,4797171,-36.6363215063095
1124210,2461683,-36.64422135259774
1124210,7161244,-36.70583115061239
1124210,8650639,-36.71202827191255
1124210,7443586,-36.738501777991914
1124210,2728448,-36.738501777991914
1124210,7695217,-36.74881877321388
1124210,5890091,-36.81525379726588
1124210,6855548,-36.82802474742903
1124210,7912341,-36.82822499557468
1124210,5183193,-36.829401174410265
1124210,7157957,-36.830089210327436
1124210,102696,-36.83131199773445
1124210,3162331,-36.83215260827369
1124210,8068275,-36.8345585613614
1124210,3263727,-36.83508176788616
1124210,5090995,-36.83730645117604
1124210,4618354,-36.840216644669646
1124210,7942804,-36.84279657410735
1124210,6737728,-36.845538812395276
1124210,2147739,-36.85044721148487
1124210,2082766,-36.89073247060941
1124210,3466959,-36.89863774737518
1124210,2564131,-36.94762238530896
1124210,4978220,-36.94762238530896
1124210,5932698,-37.10183704183932
1124210,3680503,-37.105888409600986
1124210,1689639,-37.10692121850265
1124210,5429928,-37.10692121850265
1124210,3280076,-37.10726542888425
1124210,520138,-37.10726542888425
1124210,3876875,-37.10726542888425
1124210,3054066,-37.107953760799596
1124210,4252389,-37.11036199013576
1124210,4354920,-37.11036199013576
1124210,5218523,-37.11173747049284
1124210,4250892,-37.11173747049284
1124210,5587711,-37.112143403986494
1124210,7703861,-37.113112478025954
1124210,6541864,-37.11523014145832
1124210,3225197,-37.12208104188532
1124210,5646027,-37.274688685335576
1124210,2822890,-37.275722116850645
287683,8299551,-73.02082389559261
287683,6246638,-76.16536714595432
287683,6550734,-77.09756791829781
287683,6915200,-77.28560504054236
287683,6550731,-77.96702973966704
287683,4164218,-78.15351301528483
287683,6550728,-78.35924192431226
287683,3162039,-78.60265778794447
287683,6550727,-78.6253269198761
287683,8206380,-78.92701239217112
287683,3162040,-78.98524041944353
287683,6915202,-78.98661732021542
287683,5385461,-78.9957983427223
287683,2339814,-79.3529712021581
287683,6915198,-79.36712799298867
287683,8299547,-79.36850619839636
287683,3023962,-79.4008258627708
287683,4164220,-79.65798826093413
287683,7036002,-79.70274215986896
287683,6915205,-79.7854744373167
287683,6077384,-79.87120735730568
287683,3162044,-80.01237671503384
287683,6915201,-80.0192665555293
287683,3781322,-80.03371593503797
287683,6550730,-80.04402096531697
287683,3781321,-80.04608037942504
287683,7918079,-80.04745302769587
287683,1201145,-80.1168786328543
287683,5080355,-80.27165048641226
287683,4085158,-80.27165048641226
287683,7475657,-80.50133867900749
287683,1607961,-80.5274414128974
287683,6100394,-80.5281271781261
287683,7483892,-80.66176052824648
287683,8299548,-80.66795951605536
287683,1175434,-80.67002477835514
287683,6100389,-80.88624994440997
287683,4138775,-80.898368263058
287683,6915206,-80.99435940548885
287683,8196939,-80.99642449008276
287683,2116583,-80.99776305465332
287683,3943072,-80.99913405625904
287683,5950132,-81.01292600427448
287683,1207649,-81.10905701178923
287683,558571,-81.11593441393042
287683,6915204,-81.12390749847756
287683,2266706,-81.1262394442094
287683,6641599,-81.12829885831746
287683,662955,-81.1307914103408
287683,2118385,-81.14454148892149
287683,3587960,-81.14728867094071
287683,4469510,-81.15963932909354
287683,6077385,-81.16375198158785
287683,4318471,-81.17197094928936
287683,3685475,-81.30425236445006
287683,278826,-81.31596358175229
287683,3562790,-81.36759536344873
287683,3186446,-81.3810698966409
287683,8299550,-81.38451259301378
287683,5953684,-81.38588925684446
287683,3364628,-81.39001782750456
287683,5198086,-81.39345667623098
287683,7196707,-81.40445106910404
287683,4422355,-81.53467799353035
287683,8804431,-81.53674254519001
287683,2566127,-81.56353334458419
287683,3162041,-81.64167499117711
287683,2049561,-81.64305165500781
287683,4412330,-81.68287220185367
287683,3975517,-81.75293155955036
287683,4961916,-81.75912361682643
287683,2500104,-81.76433407403624
287683,1900234,-81.77011989872234
287683,4330419,-81.7732889390123
287683,3118627,-81.79116865384654
287683,4469503,-81.79940737139455
287683,2432416,-81.81867710585608
287683,3186443,-82.02494183737538
287683,7071443,-82.02838571937231
287683,3191199,-82.03251642176953
287683,8677802,-82.03458097342919
287683,6077383,-82.04901793596125
287683,3567812,-82.18543372911549
287683,6293511,-82.3623081640609
287683,2240057,-82.39405064717917
287683,3095446,-82.40299934796941
287683,7404419,-82.41096123896129
287683,4616568,-82.41233956309486
287683,2580971,-82.41302863611979
287683,7984230,-82.41716182832766
287683,2856221,-82.42129288622846
287683,3246809,-82.42198118853125
287683,4486705,-82.42404574019092
287683,3593930,-82.42610975919133
287683,5418967,-82.42679764720359
287683,4688610,-82.42748547607218
287683,6446467,-82.43436051409319
287683,2116589,-82.43504769305217
287683,4877404,-82.43710887583897
287683,4402365,-82.44191623811534
490595,1929910,-25.291919320624793
490595,7698193,-26.09215448580663
490595,3572695,-26.383255562967605
490595,3572702,-26.88951065080785
490595,2507917,-26.956891347768977
490595,3572698,-27.056287436194513
490595,3572701,-27.059371661511786
490595,1620438,-27.062965921395914
490595,4737060,-27.17617387035139
490595,4737065,-27.182853499394383
490595,1288943,-27.29931963340423
490595,1288938,-27.4444207532094
490595,4842897,-27.44519515993211
490595,3403268,-27.557015122534832
490595,3937200,-27.568584977922338
490595,7839904,-27.62527562281756
490595,4737067,-27.629658648399975
490595,4737064,-27.63609266363122
490595,4737059,-27.636349737445837
490595,4737063,-27.690844433035757
490595,3910738,-27.83207779317584
490595,6986347,-27.836466098695958
490595,3953177,-27.837239839651776
490595,4604269,-27.84249695740111
490595,7887209,-27.845223499332278
490595,8485139,-27.84610821464053
490595,1546186,-27.855888342208004
490595,2460640,-27.855888342208004
490595,1546185,-27.856145283916657
490595,3937197,-28.014224318256957
490595,6206562,-28.02375729661471
490595,3833409,-28.025557430392944
490595,4737061,-28.02864086321002
490595,3403266,-28.089291968485277
490595,1288946,-28.120791030670162
490595,549465,-28.130587126095627
490595,2850740,-28.229896195176742
490595,7704221,-28.23221981532079
490595,4292443,-28.236088520614572
490595,6742119,-28.23634625700195
490595,3354665,-28.23943736775687
490595,4737066,-28.24020964804739
490595,6205746,-28.24072439114895
490595,1350799,-28.241496340238882
490595,2460643,-28.24201086263473
490595,2460647,-28.246637597506027
490595,3833413,-28.247408026724933
490595,3711142,-28.252026451728135
490595,2908483,-28.263030661015883
490595,7385093,-28.329997238865015
490595,3403265,-28.333092335990294
490595,7042991,-28.340816137275382
490595,1915948,-28.479479831542537
490595,5112294,-28.480512684896173
490595,4420107,-28.48180325173302
490595,8709994,-28.484640546025744
490595,7704029,-28.48902018406657
490595,1814180,-28.49159345820082
490595,3833410,-28.492879268023522
490595,7982704,-28.505345728111713
490595,2143553,-28.50724281212967
490595,1194055,-28.50767255219981
490595,805046,-28.5081893792277
490595,7839907,-28.508706117234198
490595,4842894,-28.508706117234198
490595,5359212,-28.508964452864006
490595,2788470,-28.509739326305652
490595,7853050,-28.51025579743189
490595,5263695,-28.511030337445483
490595,4763070,-28.511030337445483
490595,6412650,-28.511288473018446
490595,1288940,-28.511546586381996
490595,3354666,-28.51180467753995
490595,5247999,-28.513094800379527
490595,829387,-28.513094800379527
490595,4842891,-28.513352758384123
490595,4737068,-28.513868607860516
490595,3937204,-28.513868607860516
490595,805051,-28.51490004078886
490595,1391477,-28.520309253368115
490595,2197786,-28.520566591802627
490595,1530274,-28.520566591802627
490595,2507922,-28.521338474686523
490595,3012404,-28.52365293244674
490595,284568,-28.52493797118889
490595,5849632,-28.527506398526583
490595,5849633,-28.527763120360078
490595,5247992,-28.657753189549876
490595,805048,-28.65878630966891
490595,7766020,-28.65904453411776
490595,6742115,-28.660335323067866
490595,6845345,-28.661367554504338
490595,4298792,-28.66291523602581
490595,4842896,-28.66368877747473
490595,6496866,-28.666008205808257
490595,341040,-28.6693553284885
490595,6187397,-28.671156079713057
490595,6444525,-28.684499356951108
490595,6060372,-28.874456407999155
490595,1929911,-28.875490062062596
291865,3665621,-61.01690201779137
291865,3357930,-62.537958654636725
291865,7644029,-62.96167076467984
291865,3308321,-63.078804433646695
291865,454822,-63.12577387897852
291865,8330899,-63.14987190570031
291865,3308324,-63.15602521923371
291865,2889934,-63.35853339053661
291865,2218077,-63.77092690092256
291865,4206072,-64.21193727016565
291865,3635182,-64.32836730762172
291865,5454157,-64.5360772874373
291865,3308326,-64.71493540419696
291865,683071,-64.93276643195276
291865,7700621,-64.97269815571148
291865,2223910,-65.08275850704614
291865,4789121,-65.09564096901669
291865,2493295,-65.1086015635463
291865,2493291,-65.14871033055323
291865,8260118,-65.30777497955576
291865,674975,-65.31687912550869
291865,6280070,-65.32503550230619
291865,4858382,-65.43742253579254
291865,7700627,-65.52225604234974
291865,4238378,-65.5820060344131
291865,7702979,-65.71734296902758
291865,7867037,-65.78830217889603
291865,351333,-65.85449381418323
291865,1728901,-65.90507887329282
291865,2889927,-65.998163180668
291865,8423300,-66.01077159664551
291865,231157,-66.01419095180444
291865,6240071,-66.0264082823294
291865,1365839,-66.23715644217401
291865,1923715,-66.25567928855321
291865,2879590,-66.28233867009055
291865,4009365,-66.29817916788319
291865,8330892,-66.31439845290969
291865,3308318,-66.40866045732965
291865,3308319,-66.42598457188426
291865,483682,-66.43589214153634
291865,7840009,-66.44997431255908
291865,3357934,-66.45389734724839
291865,231165,-66.46258714502045
291865,2889932,-66.51819667280387
291865,8679765,-66.5705284330093
291865,1200896,-66.6537853298487
291865,145055,-66.67379780274607
291865,7839222,-66.68847980064564
291865,1503795,-66.68944793438
291865,4257505,-66.70446321281472
291865,3031038,-66.8079286859838
291865,6810804,-66.81340877070038
291865,6274927,-66.8226477145042
291865,3286303,-66.83402661491945
291865,260805,-66.85247346560777
291865,4664217,-66.92794654469517
291865,8260120,-66.92854937974266
291865,8329521,-66.94480633280826
291865,6995300,-66.95081785812984
291865,5289235,-66.95824695959827
291865,4224176,-66.99113827787785
291865,3582803,-67.0468635283323
291865,944498,-67.05582991775258
291865,1439235,-67.0661037249449
291865,6486558,-67.0839820814035
291865,5916215,-67.1011412626857
291865,4374189,-67.11310065681958
291865,6613581,-67.11875971907257
291865,1506819,-67.14317861292002
291865,6095130,-67.14498494023655
291865,3452463,-67.1523640692293
291865,6280074,-67.196074698805
291865,2883867,-67.25681473236038
291865,8021111,-67.27646218107421
291865,1200897,-67.31319001185793
291865,7867029,-67.3162054855924
291865,7202272,-67.31680842448922
291865,7202267,-67.31741131145691
291865,2105830,-67.3192196608745
291865,7665993,-67.31921966087451
291865,5015985,-67.32283495882959
291865,7644030,-67.4578316280102
291865,7138230,-67.46680288319027
291865,2105836,-67.47343064453513
291865,4789125,-67.47687044036482
291865,6769969,-67.47824453175733
291865,260801,-67.49489815695078
291865,3639343,-67.49549866480922
291865,702434,-67.4967404601535
291865,6759207,-67.50107894645208
291865,4674846,-67.50743448100766
291865,6769966,-67.52395648142792
291865,6821649,-67.58361078871478
291865,3822725,-67.63633540823808
291865,5303023,-67.65442244662849
291865,2604063,-67.67355200035189
291865,428723,-67.68445361416279
291865,7772196,-67.68505644921028
291865,7205236,-67.6862619635804
794725,8771939,-28.510772179659284
794725,8771934,-29.154041270218315
794725,8771940,-29.543247567806638
794725,5925952,-30.191166855968532
794725,8771942,-31.945017541930632
794725,8771941,-32.58983713566016
1103812,4401695,-60.48722164751992
1103812,1659852,-61.92337144886337
1103812,8224183,-62.63352214115737
1103812,1059168,-62.88475859758438
1103812,1659850,-62.95465581187478
1103812,8722859,-63.133677635873376
1103812,1583317,-63.19406143043254
1103812,5634110,-63.238416379832316
1103812,1241994,-63.427970776533925
1103812,59539,-63.55438515028809
1103812,6289840,-63.61708963804681
1103812,3843267,-63.64093926019649
1103812,8220085,-63.65014070870308
1103812,1059165,-63.73183082072952
1103812,3843263,-63.73455088762989
1103812,1614303,-63.743637081606536
1103812,955560,-63.79734019843202
1103812,3672744,-64.02783485180503
1103812,6927987,-64.04044984904041
1103812,5974245,-64.05357055485992
1103812,7507311,-64.14777667044889
1103812,5974240,-64.14959640278065
1103812,3672742,-64.15934816347055
1103812,2752967,-64.30651232630136
1103812,2072279,-64.40766708606637
1103812,2654471,-64.43552969877489
1103812,6103245,-64.45861306071454
1103812,8224181,-64.50462119128015
1103812,114812,-64.548924389352
1103812,5035852,-64.55589271397287
1103812,4478524,-64.62093101972741
1103812,2218071,-64.6249462711895
1103812,4292848,-64.66203327615371
1103812,8732947,-64.66959506417638
1103812,3591090,-64.74388717483757
1103812,4566583,-64.76400545114606
1103812,3843271,-64.79117250951687
1103812,7551186,-64.82804723629611
1103812,1527127,-64.90731905015444
1103812,3990418,-64.92489130047936
1103812,2360676,-64.95720266818924
1103812,3591094,-64.96546142687066
1103812,5479757,-64.96566923410526
1103812,4586998,-65.05156623353727
1103812,2332189,-65.07071580410253
1103812,8084238,-65.0970286211514
1103812,6309289,-65.10300564579046
1103812,7285933,-65.14662473104596
1103812,2139907,-65.17563351748146
1103812,2750961,-65.17683551279663
1103812,8525190,-65.19329217854434
1103812,2750965,-65.31286832798754
1103812,3653515,-65.31407011693919
1103812,6790264,-65.39208370344204
1103812,3486832,-65.39291198532935
1103812,5201200,-65.39989499715034
1103812,7672950,-65.40348636420018
1103812,3039043,-65.41655672451692
1103812,3250558,-65.50317799351359
1103812,6097230,-65.53637511787623
1103812,3122424,-65.53930614289536
1103812,2489484,-65.55950985056906
1103812,1618909,-65.57959687269154
1103812,38158,-65.58233247616424
1103812,1059166,-65.6212816400029
1103812,3773618,-65.63030786129748
1103812,1736597,-65.63751179322152
1103812,2884935,-65.67610340940477
1103812,1176308,-65.68012556136863
1103812,5372067,-65.69392574782921
1103812,7507307,-65.7396057050479
1103812,8216439,-65.74062673680706
1103812,2067328,-65.77148699711749
1103812,7729484,-65.77803455041533
1103812,6569474,-65.80708850818688
1103812,4648717,-65.8286475569946
1103812,2609436,-65.8324710696374
1103812,3182028,-65.83546080157313
1103812,4116311,-65.8371301829368
1103812,7228709,-65.87725091080452
1103812,2609438,-65.8970506977223
1103812,1785498,-65.905248021875
1103812,3297503,-65.93765568729448
1103812,8220086,-65.94474805246072
1103812,3386497,-65.9578592710679
1103812,6766006,-65.96989562326601
1103812,8220087,-65.97087213582017
1103812,1972869,-65.97851623391124
1103812,4434348,-65.98713188607218
1103812,4726841,-65.98833481090092
1103812,5671998,-65.99636227505981
1103812,8293805,-66.00113163058329
1103812,3708772,-66.00167132876696
1103812,2945096,-66.00173451755097
1103812,5387379,-66.00398581827356
1103812,4831577,-66.01015583838216
1103812,4566582,-66.01539436201702
1103812,8220089,-66.0157118352484
1103812,2703111,-66.04237125135649
1103812,6927985,-66.0701213835974
436600,3943290,-36.96308127536557
436600,43980,-36.96308127536557
436600,2267986,-37.147546138670265
436600,3498519,-37.15405142993188
436600,2925061,-37.28775913112729
436600,8473863,-37.522593135387616
436600,2498264,-37.61963927204734
436600,6768410,-37.80238875666429
436600,6140978,-37.93472967906196
436600,4541820,-38.14129165383825
436600,3498524,-38.18158156790821
436600,3813285,-38.419498785338476
436600,7990254,-38.429820217486494
436600,3050888,-38.80689606585895
436600,8473865,-38.8089635521002
436600,4675582,-38.81447163004921
436600,3498525,-38.82546508384416
436600,3983588,-38.83745467900876
436600,2498267,-38.84304713742773
436600,6306245,-38.98417781964538
436600,2498263,-39.01385664914428
436600,2267981,-39.11851476092101
436600,2538721,-39.2279844831258
436600,5058933,-39.45317854582584
436600,174336,-39.454901673674115
436600,3050889,-39.45524621018658
436600,174342,-39.45524621018658
436600,174337,-39.456279641701656
436600,8473869,-39.456624059549604
436600,174338,-39.456624059549604
436600,43983,-39.51483923971266
436600,2498269,-39.516846265444045
436600,43988,-39.687027759131716
436600,2267989,-39.68737102426992
436600,2267985,-39.688400642973484
436600,7990247,-39.78474556390178
436600,1662519,-39.890148421450114
436600,4450189,-39.89496964920829
436600,4857615,-39.89978507290217
436600,2216106,-39.90184705262015
436600,2267987,-39.901847052620155
436600,3498516,-39.902534143051525
436600,3621571,-39.90322111547986
436600,43984,-39.90802662179442
436600,2267984,-39.9104272117257
436600,7363479,-39.92821520508773
436600,8154225,-40.156665841709916
436600,6127194,-40.19857386765531
436600,2267980,-40.199258020120354
436600,3136551,-40.20267702830335
436600,4450190,-40.32196634733125
436600,8370201,-40.32471967509455
436600,5006180,-40.33777216278265
436600,43982,-40.33914363447091
436600,6306247,-40.33982919401772
436600,3015576,-40.35249089783496
436600,174341,-40.53539702471827
436600,3874845,-40.53574170967643
436600,2895676,-40.53780919591769
436600,7505882,-40.539531285182946
436600,7497259,-40.5433172738667
436600,2705664,-40.54434919462091
436600,2255510,-40.54572467497799
436600,3136557,-40.54813062806571
436600,2705658,-40.54916130797658
436600,5666259,-40.54950480893859
436600,6211220,-40.55156519547832
436600,3619019,-40.552938197130814
436600,7347308,-40.55328137391855
436600,7473126,-40.5553398165806
436600,7473125,-40.5553398165806
436600,5006182,-40.55568278739399
436600,6745923,-40.55568278739399
436600,3619643,-40.556440451845354
436600,3943291,-40.558082760037735
436600,174334,-40.558164173732266
436600,2366559,-40.55919805043099
436600,7990248,-40.55919805043099
436600,253552,-40.56057613714351
436600,4435279,-40.56092058464992
436600,253554,-40.562298078141964
436600,5099562,-40.56333088704363
436600,7990249,-40.563675097425225
436600,7267823,-40.56505164282609
436600,5363972,-40.56505164282609
436600,7593391,-40.5653957051704
436600,6104706,-40.5653957051704
436600,7267818,-40.565739737922534
436600,6104705,-40.56642771467062
436600,6140984,-40.5678033132845
436600,6104701,-40.57020947312606
436600,6104707,-40.57020947312606
436600,3337238,-40.57158377203241
436600,2705662,-40.57158377203241
436600,2267988,-40.57192727299443
436600,2705665,-40.572270744460745
436600,2705663,-40.572270744460745
436600,5474032,-40.57295759892656
436600,409482,-40.57295759892656
436600,5383375,-40.57295759892656
1047259,2753185,-44.38568154434065
1047259,3430141,-45.464886885863365
1047259,900401,-45.673338601630476
1047259,73658,-45.67764475194013
1047259,900397,-46.111944610171435
1047259,6142498,-46.18081049486753
1047259,3661361,-46.25438281425443
1047259,102371,-46.54438548467783
1047259,6925446,-47.194078775280005
1047259,2296404,-47.337481918901425
1047259,2516631,-47.41030706353965
1047259,6655080,-47.45754812391086
1047259,3087033,-47.680907432395934
1047259,8272100,-47.68693604318717
1047259,7174164,-47.85368982513857
1047259,4335942,-47.880035647085805
1047259,8731278,-47.90212155018807
1047259,224679,-48.05951369766716
1047259,3430136,-48.068217361081935
1047259,2516629,-48.07597043586748
1047259,2516628,-48.081992304578826
1047259,73663,-48.12080563851801
1047259,73662,-48.30405643813868
1047259,4375528,-48.397806810653584
1047259,73659,-48.402972856419375
1047259,4734984,-48.40899317140712
1047259,5068214,-48.409852624968664
1047259,7289999,-48.51318336704584
1047259,4313348,-48.51457359076304
1047259,4762599,-48.51543378362041
1047259,1108727,-48.518873075949685
1047259,8831035,-48.52402758273333
1047259,73657,-48.72603955664769
1047259,2516630,-48.72732967947454
1047259,8563479,-48.73119805185648
1047259,4269460,-48.77818383108268
1047259,5033571,-48.78548134778872
1047259,3430142,-48.78727157741531
1047259,37405,-48.788994185805954
1047259,3735618,-48.7941584529822
1047259,4887171,-48.9605516321468
1047259,2144101,-49.04184894971389
1047259,1923900,-49.04701766566223
1047259,3188984,-49.04787859908837
1047259,8272104,-49.050890699215614
1047259,8396987,-49.051750966072504
1047259,3545117,-49.05218104400289
1047259,7735510,-49.05261108494305
1047259,2505415,-49.05390098588582
1047259,6744840,-49.056479789893714
1047259,1663961,-49.15259067805009
1047259,37398,-49.15302153424779
1047259,4472488,-49.153883135276956
1047259,3566393,-49.1543138801212
1047259,6394472,-49.16206094854546
1047259,4895102,-49.16206094854546
1047259,7744020,-49.16807815849004
1047259,6703540,-49.1762328067293
1047259,8272097,-49.17716705191626
1047259,3430144,-49.17932003426061
1047259,6146075,-49.18009089776591
1047259,8272095,-49.19865527078514
1047259,5968950,-49.21278707415958
1047259,3559046,-49.25656898046961
1047259,1060426,-49.420838683196706
1047259,83151,-49.43389874234037
1047259,2307757,-49.435621350731004
1047259,2409148,-49.43648243242396
1047259,8768851,-49.43691291766718
1047259,5145403,-49.439064788106144
1047259,6936157,-49.439495051083156
1047259,3970111,-49.439925277038085
1047259,3183633,-49.44035546597733
1047259,4454078,-49.44078561790725
1047259,8749536,-49.44078561790726
1047259,4123710,-49.44379564569043
1047259,3234783,-49.444225501774866
1047259,8272103,-49.800079518246335
1047259,900404,-49.800510300202006
1047259,3434873,-49.803094212819914
1047259,73656,-49.80352473512984
1047259,73660,-49.80481607968497
1047259,3430137,-49.80653735378904
1047259,4529990,-49.80868811347051
1047259,2337431,-49.80954815836698
1047259,8603035,-49.81083794839632
1047259,1960970,-49.81685257325055
1047259,3239539,-49.81728191258344
1047259,5333609,-49.81819212020949
1047259,7034402,-49.81948546895526
1047259,1960977,-49.82034751562859
1047259,3502344,-49.82120941370266
1047259,4421340,-49.82120941370266
1047259,900403,-49.822002213660085
1047259,4570042,-49.82207116322868
1047259,2527913,-49.82250198230217
1047259,6936158,-49.82336350910208
1047259,224673,-49.82379421684131
1047259,7208555,-49.82543236309188
1047259,6936160,-49.82551667687574
964223,4368607,-47.55041525574673
964223,4569464,-48.061234677519025
964223,8693528,-50.58968739044786
964223,74637,-50.73152317331361
964223,2514717,-50.95200728333324
964223,6102704,-51.04111593409218
964223,6466478,-51.05876879807652
964223,4835293,-51.23162577068889
964223,7257073,-51.66323577264533
964223,6103530,-51.68332414770747
964223,2438492,-52.04523711953613
964223,2589978,-52.11917661868297
964223,4012667,-52.1212332973385
964223,7583485,-52.154894295076126
964223,2438493,-52.193945105606225
964223,7742833,-52.37770955601216
964223,8484204,-52.42583025506303
964223,7257075,-52.42634612671449
964223,2874598,-52.49641051677439
964223,5198566,-52.51120746311469
964223,6102706,-52.824573932199485
964223,3470454,-53.005965533846755
964223,4368611,-53.01424096436279
964223,4368606,-53.03613033745136
964223,7214602,-53.20753971829955
964223,3332984,-53.23365124640682
964223,1780456,-53.25274976409303
964223,5322260,-53.28297833546308
964223,5163506,-53.28317708100512
964223,2900159,-53.55574844671782
964223,5163504,-53.70741824460944
964223,6413736,-54.0683306908804
964223,74642,-54.088966821899035
964223,3396700,-54.127875654042356
964223,194195,-54.165611992988275
964223,4368615,-54.27088662590146
964223,3729093,-54.2771805286406
964223,8693529,-54.35457201358261
964223,1186638,-54.35972253796471
964223,4569468,-54.468920917067486
964223,6614943,-54.59493840520251
964223,4150688,-54.59604934467608
964223,4268633,-54.626673183394445
964223,2372275,-54.70634959562606
964223,6291273,-54.71011237563654
964223,5804183,-54.711658395502866
964223,7908709,-54.71471980332528
964223,3038807,-54.73301263105625
964223,3321783,-54.75352702027907
964223,3425618,-54.76882236961551
964223,5613061,-54.772437823206076
964223,6701074,-54.81172310878514
964223,2945707,-54.85877942988237
964223,2289693,-54.96779015801912
964223,8732174,-54.9708001514546
964223,2345085,-54.98862568251882
964223,55409,-54.989142175873596
964223,2438593,-55.08769438380762
964223,2514714,-55.14876701519693
964223,3164038,-55.27027625144525
964223,3085741,-55.28509140334728
964223,4705981,-55.29263742664678
964223,55407,-55.37447375035594
964223,3867706,-55.379123391533014
964223,74638,-55.379639795981305
964223,5171164,-55.404889322242525
964223,7680018,-55.404889322242525
964223,5147803,-55.40540351393349
964223,3811563,-55.414932863280946
964223,2245892,-55.465191535336785
964223,1705631,-55.51718936420455
964223,2319362,-55.52380205778151
964223,4907491,-55.543390882068195
964223,7506243,-55.55062392318516
964223,2822990,-55.57304638724099
964223,6089935,-55.57990033216095
964223,7742834,-55.57990033216095
964223,4545050,-55.63215295328797
964223,3164036,-55.6556088933568
964223,2494508,-55.6556088933568
964223,2372274,-55.65612556461642
964223,6103528,-55.658191804854475
964223,1423236,-55.671475945799344
964223,6905633,-55.6807692280992
964223,7853361,-55.74561496902014
964223,615763,-55.773736477937774
964223,4368609,-55.79233085452898
964223,8831627,-55.806464048185575
964223,2826502,-55.81214303121121
964223,4334882,-55.914893556188034
964223,7742832,-55.92003745712293
964223,4569465,-55.93359828506715
964223,5028308,-55.957852685787685
964223,3298211,-55.99769455531947
964223,6947763,-56.02678332091287
964223,2939041,-56.02789692690941
964223,2494510,-56.04124107874915
964223,2643218,-56.06191984686944
964223,3733479,-56.119966828290345
964223,7941988,-56.12585148894634
564054,1437409,-52.0645327832695
564054,5783537,-53.051450959819626
564054,1437408,-53.69860503443087
564054,7228531,-53.87060704616679
564054,4766783,-54.35850429212544
564054,3957332,-54.628460165332626
564054,2893239,-54.78120915113033
564054,541054,-54.99997827851106
564054,1964698,-55.01593874717177
564054,1964699,-55.031158514496454
564054,6519649,-55.1866357562225
564054,496706,-55.18972024559325
564054,8429844,-55.26821054473798
564054,541053,-55.272857385118954
564054,3013336,-55.274405532511174
564054,7405024,-55.27543740889493
564054,2815944,-55.382737289661506
564054,4766785,-55.38514945691854
564054,7469272,-55.41134994796789
564054,5260634,-55.42337251801998
564054,6241379,-55.47002395578348
564054,4248361,-55.548535224036215
564054,4260079,-55.589671651219795
564054,3079075,-55.59069928603516
564054,1437411,-55.59069928603516
564054,3957330,-55.59069928603516
564054,3957331,-55.692904850693154
564054,8670565,-55.716773553774665
564054,5249806,-55.785411040189196
564054,6640677,-55.799027398777405
564054,7034738,-55.81884763401651
564054,104507,-55.81908651147428
564054,6496223,-56.00199664702944
564054,4328233,-56.058492674253664
564054,4260080,-56.086205427465714
564054,1480219,-56.0930133251293
564054,700356,-56.09648706099107
564054,700355,-56.098027787537696
564054,1661527,-56.10110805421954
564054,104503,-56.12717199629034
564054,964874,-56.169249801259824
564054,5668417,-56.19965381305939
564054,1125323,-56.27411735238824
564054,5220078,-56.29076997328557
564054,6817240,-56.36760526178318
564054,3447114,-56.47322313461531
564054,7408084,-56.48813614045517
564054,6451929,-56.494302477936834
564054,6241319,-56.50554250686635
564054,4609958,-56.506960496124684
564054,3255502,-56.52190151262107
564054,4653523,-56.539176103719484
564054,4260081,-56.540206031712884
564054,4609955,-56.57330377559397
564054,7014751,-56.590794549600105
564054,388441,-56.59387587086988
564054,4843857,-56.64372985645702
564054,1302554,-56.67134477913065
564054,1729410,-56.69686553661208
564054,4955013,-56.720569619761896
564054,3957327,-56.726783721473986
564054,3957328,-56.72729839834302
564054,3079079,-56.738610134188136
564054,4390570,-56.75371129067881
564054,3964492,-56.762967932868634
564054,3964491,-56.76553668997195
564054,6903077,-56.77183259839128
564054,4728967,-56.86832431816396
564054,3131600,-56.89126454935767
564054,541161,-56.89951956170953
564054,7241392,-56.90055064013418
564054,3741320,-56.940988353466565
564054,4944588,-56.9550603438184
564054,7241397,-56.973613393654595
564054,8670566,-57.008814716420744
564054,104504,-57.01601803081016
564054,8691886,-57.13503754017949
564054,7394558,-57.13680120458919
564054,1437417,-57.14380359134431
564054,5022714,-57.14586433168553
564054,4763341,-57.14689443650123
564054,8362717,-57.15512891451844
564054,1669559,-57.16232482399294
564054,4955012,-57.16878388265196
564054,3131602,-57.17033309600444
564054,4657638,-57.185288238343276
564054,3937228,-57.23668369073121
564054,104501,-57.24235340457485
564054,104500,-57.242868567538395
564054,5140938,-57.25545623900226
564054,3498644,-57.256761274074634
564054,733128,-57.34246011481879
564054,6946085,-57.34400892826423
564054,6946083,-57.34762127226848
564054,1294974,-57.35586990094448
564054,4260077,-57.359774486536026
564054,4795044,-57.37431232599713
564054,4955014,-57.38290425639258
564054,5402105,-57.38807030201795
564054,2354807,-57.39168388921463
87181,4632251,-40.83752251284666
87181,8614359,-41.0590563601682
87181,8614360,-41.059913089349635
87181,2986227,-42.192589098636006
87181,6484575,-42.29967418887411
87181,5197130,-42.303968135532386
87181,2763490,-43.5025647049392
87181,5197135,-43.616066090909506
87181,1692902,-43.716107672621796
87181,6774305,-43.750230161859534
87181,4632256,-43.774010289499515
87181,1700168,-43.985399435299925
87181,47207,-44.17290699095379
87181,8332555,-44.223582229171306
87181,7057928,-44.25337917574226
87181,8522403,-44.25380947574769
87181,2307979,-44.25725054330262
87181,6521366,-44.307675097357475
87181,8332546,-44.30810469491075
87181,6484578,-44.37697407705059
87181,123547,-44.38352948866388
87181,7666831,-44.40421913688587
87181,47212,-44.554730630344146
87181,8476330,-44.63207438945523
87181,8082516,-44.63638499467251
87181,3216315,-44.642413605463744
87181,8183977,-44.67417851263073
87181,8534135,-44.685004826562725
87181,8246410,-44.79519230967452
87181,2530257,-45.00730366722317
87181,742425,-45.0288649754335
87181,4786305,-45.03101758701507
87181,47211,-45.05170775439439
87181,8683181,-45.07326876586676
87181,6262331,-45.084778609630746
87181,1179100,-45.08906776776052
87181,1902826,-45.33258451726497
87181,2556144,-45.34681930065504
87181,6521360,-45.35113027753074
87181,47206,-45.46574796755631
87181,8332547,-45.46703931211144
87181,1992529,-45.47950514500991
87181,1856236,-45.47950514500991
87181,47210,-45.50551773312577
87181,5297950,-45.572173281383165
87181,8151921,-45.613460946420304
87181,6969187,-45.676353296204056
87181,6685092,-45.67807516306911
87181,4689523,-45.67893587419076
87181,2556149,-45.68022666312812
87181,1346115,-45.69011165663469
87181,1856235,-45.69011165663469
87181,1961300,-45.72764366612993
87181,8165403,-45.74662417433059
87181,47203,-45.74705454841202
87181,7666828,-45.74748488545225
87181,8151919,-45.749205863328854
87181,2986231,-46.00378657249394
87181,2530252,-46.004647283615576
87181,2986234,-46.00464728361558
87181,5226017,-46.01711097347467
87181,1059517,-46.1158179770955
87181,5753301,-46.12042538888657
87181,4760525,-46.12999470584234
87181,6928212,-46.1304907043825
87181,8183981,-46.1517144498679
87181,8183982,-46.15601726503496
87181,935164,-46.159276293177705
87181,7112968,-46.31781129988195
87181,7112964,-46.31781129988195
87181,8738512,-46.37470090898537
87181,753721,-46.39487295646663
87181,3657644,-46.401293750445355
87181,3782591,-46.40915056027047
87181,5482974,-46.434284201507595
87181,2596279,-46.54031820907647
87181,7046733,-46.550210855617884
87181,1844311,-46.56179904257635
87181,2396492,-46.64395367691551
87181,1856241,-46.66202085478204
87181,3817259,-46.75457039119903
87181,5197133,-46.75771061925098
87181,8565420,-46.76072401604296
87181,7203296,-46.76201491606561
87181,5869684,-46.77233013552712
87181,4689524,-46.779702449758474
87181,8165398,-46.77970244975848
87181,2556150,-46.78400711714445
87181,306065,-46.787878151678186
87181,123548,-46.795611241385465
87181,7945418,-46.858965443809005
87181,8332551,-47.03384937414256
87181,803955,-47.03514194274207
87181,2922857,-47.036434177281215
87181,6521363,-47.039878504180706
87181,8165404,-47.04030887826212
87181,8534130,-47.04289034510889
87181,1506551,-47.04547047984917
87181,2713030,-47.04547047984918
87181,8683185,-47.04804928385707
1116052,8103709,-52.33975650145233
1116052,3528118,-53.42765319381161
1116052,6551433,-53.703340596761
1116052,8082222,-54.62674631371037
1116052,6764071,-54.729586188286625
1116052,6901054,-54.74450343131476
1116052,7162210,-54.909734854416804
1116052,7589633,-55.25828666115288
1116052,7162208,-55.40790040010043
1116052,1434376,-55.475913931025644
1116052,3710858,-55.47757086281996
1116052,5914816,-55.486324125391256
1116052,7582347,-55.512616710436056
1116052,1830484,-55.512616710436056
1116052,5380826,-55.65664219138833
1116052,1685245,-55.668024534608726
1116052,2114159,-55.68086285683003
1116052,560008,-55.723071965127936
1116052,1567396,-55.72564311760023
1116052,6788363,-55.81394305149688
1116052,577869,-55.84836808483665
1116052,1422091,-55.85015831291031
1116052,1308165,-55.873249474415765
1116052,5447202,-55.909403786883544
1116052,7581762,-55.9241277943556
1116052,2507138,-55.96561109724966
1116052,6894933,-55.97330824674103
1116052,1316628,-56.06713783317257
1116052,479227,-56.073328559670394
1116052,3948495,-56.07703914918445
1116052,3948494,-56.07755510955901
1116052,6240386,-56.08466166169792
1116052,577874,-56.23481978290358
1116052,2114161,-56.24622810211348
1116052,7846600,-56.35455972609902
1116052,4021926,-56.36796490297778
1116052,8706384,-56.510054794947806
1116052,3810789,-56.516753639663655
1116052,7205934,-56.52422224665179
1116052,4124951,-56.52628706475309
1116052,7504298,-56.527044972598475
1116052,5447205,-56.67197830775876
1116052,6222233,-56.6910540941614
1116052,4060942,-56.71336280175903
1116052,1567399,-56.73576024218046
1116052,3948496,-56.73886067028077
1116052,3948497,-56.73989379039214
1116052,3948498,-56.74041028374691
1116052,3528114,-56.79942775563885
1116052,5135565,-56.88013150553316
1116052,6079216,-56.919079816844494
1116052,1830489,-56.92451938967723
1116052,7504300,-56.92451938967723
1116052,5223711,-56.95351166362947
1116052,5223712,-56.95557648173078
1116052,2974712,-56.99498977041256
1116052,2494311,-56.9960230684441
1116052,3901806,-56.99963821083514
1116052,3901804,-57.00118689102407
1116052,1314869,-57.0098442909516
1116052,3834857,-57.010873688842146
1116052,4263160,-57.1079690353505
1116052,1272203,-57.111582933479
1116052,1779344,-57.12653165167059
1116052,954974,-57.12653165167059
1116052,7846601,-57.1365854213108
1116052,1830488,-57.13967998612028
1116052,1165667,-57.37070649474454
1116052,2239597,-57.38187051329242
1116052,2237804,-57.38858666202446
1116052,2237805,-57.38858666202446
1116052,3746032,-57.388586662024466
1116052,7162206,-57.39477951842693
1116052,4103885,-57.40532672044842
1116052,5655211,-57.408943419373024
1116052,4103884,-57.41255793952571
1116052,8715927,-57.41280559251889
1116052,4874485,-57.4177177654416
1116052,1308164,-57.51733116333402
1116052,891818,-57.53634263425554
1116052,891817,-57.53685903870383
1116052,1567392,-57.5577321560589
1116052,2061140,-57.568634954647095
1116052,2502026,-57.57684338153422
1116052,2502027,-57.57889373481295
1116052,1779347,-57.632532721240786
1116052,1779348,-57.634587463005516
1116052,318667,-57.668171524243625
1116052,444176,-57.66868783981602
1116052,550260,-57.670236520004956
1116052,1132961,-57.67075265791732
1116052,1183378,-57.67539590222892
1116052,6894940,-57.683516808565194
1116052,2061144,-57.68673095063976
1116052,2239594,-57.78166470510454
1116052,1830481,-57.78424428518865
1116052,5076971,-57.80099020841441
1116052,1360646,-57.80595533871181
1116052,7949150,-57.806666749244485
1116052,6356340,-57.82005748811966
554515,6416206,-53.44721150304171
554515,8345486,-53.58962215059476
554515,8345483,-54.36159407616633
554515,8345484,-54.89164479230038
554515,2943195,-55.011564639929425
554515,3872136,-55.64443666578269
554515,3512200,-55.93185855870913
554515,8345480,-56.303269356313386
554515,2943197,-56.74557277341776
554515,520574,-57.139679986120285
554515,2328962,-57.15410022258345
554515,8345481,-57.33574396608675
554515,2421342,-57.34142735036401
554515,8345477,-57.42750922671378
554515,5396864,-57.61172264788298
554515,1675155,-58.05608707765286
554515,2421344,-58.21003830400957
554515,4591318,-58.427259727384936
554515,8833198,-58.441693592052026
554515,322468,-58.705296042648726
554515,8572488,-58.71045631233285
554515,6855546,-59.07595100007678
554515,8465374,-59.08959609784195
554515,2943201,-59.090112769101566
554515,2980259,-59.09166251598485
554515,3579512,-59.094760809410445
554515,2095425,-59.292772787649575
554515,4516937,-59.36687577959123
554515,5649963,-59.73001973481976
554515,4591314,-59.73415613269823
554515,8345479,-59.735189786754
554515,4410483,-59.736223262767
554515,7890996,-59.73673993402661
554515,3172462,-59.73777314309041
554515,4597212,-59.73777314309041
554515,7890995,-59.73777314309041
554515,7441776,-59.73932262316238
554515,1711644,-59.74035538761717
554515,7269279,-59.741387974335495
554515,8667394,-59.7424203833785
554515,3945487,-59.756855488250665
554515,901549,-59.783383108004195
554515,5381106,-59.802982035456324
554515,4945804,-59.95562742885727
554515,6635842,-60.06761561048742
554515,3452671,-60.17208366392486
554515,3580673,-60.18007598265048
554515,5649965,-60.18368677386659
554515,2203250,-60.202736370262926
554515,1477107,-60.220016691177534
554515,8772162,-60.401937694881056
554515,2406624,-60.43569023342158
554515,6689165,-60.436620760876714
554515,3356113,-60.43662076087672
554515,3356112,-60.437136100829626
554515,3400364,-60.448579272387974
554515,2565121,-60.448579272387974
554515,2497575,-60.45000523529531
554515,7582216,-60.453465857096454
554515,4315683,-60.456047879376115
554515,6561549,-60.45668629262043
554515,1480019,-60.45966084486964
554515,2943193,-60.475120388090396
554515,7935916,-60.484377030280214
554515,7787999,-60.7214652898913
554515,455374,-60.818958412919045
554515,455375,-60.823090182082005
554515,8420601,-60.82463886227094
554515,8507757,-60.83546844543581
554515,8069144,-60.84293062385817
554515,2483110,-60.84447997055893
554515,798524,-60.84964157200592
554515,4423589,-60.8511891869679
554515,5599938,-60.8511891869679
554515,895863,-60.85170496992675
554515,7942994,-60.85222070855074
554515,6258695,-60.85552881663607
554515,2065951,-60.85943639838983
554515,802953,-60.86355575696158
554515,3050646,-60.864764876715434
554515,5226449,-60.87641055414527
554515,969722,-61.08273254158252
554515,7890993,-61.09595947380983
554515,1308407,-61.0969931278656
554515,471354,-61.10215872872877
554515,975660,-61.10215872872877
554515,5416478,-61.117113871067595
554515,2767463,-61.11968858059406
554515,8435452,-61.45989974547801
554515,1479556,-61.468168266979866
554515,1863322,-61.469717347007055
554515,709250,-61.47694110371669
554515,4834933,-61.479003437783554
554515,6755933,-61.483873425523456
554515,5003298,-61.48490734675845
554515,1359541,-61.484907346758455
554515,2495667,-61.48594108985862
554515,5443844,-61.48673088329994
554515,2943198,-61.48697465488534
554515,7899051,-61.48749137064031
443396,279294,-28.119757999488243
443396,4643887,-28.23557298140225
443396,3501795,-28.239179896808018
443396,6858533,-28.24020964804739
443396,2038000,-28.24303964276878
443396,206207,-28.24458215177931
443396,4804310,-28.346724280432312
443396,6119622,-28.491850664257328
443396,45696,-28.49236501022483
443396,1577268,-28.51490004078886
443396,4057466,-28.516446525577344
443396,1115723,-28.51953710559193
443396,490626,-28.529046400100402
443396,7283678,-28.534430188654984
443396,3746439,-28.659302736341903
443396,6701137,-28.66110952994024
443396,5741221,-28.874973279549238
443396,456708,-28.875490062062596
443396,769303,-28.876265068955856
443396,8718977,-28.877814482365178
443396,2977615,-28.880910910566406
443396,8058577,-28.880910910566406
443396,6797045,-28.883488828283234
443396,2900709,-28.887866210870563
443396,8204777,-28.899204093067375
443396,8022343,-28.899204093067375
443396,5538838,-28.89997876641775
443396,3038048,-28.90023694642101
443396,7967371,-28.903075460971568
443396,302348,-28.903075460971568
443396,3759718,-28.90326494263392
443396,260703,-28.903591266101664
443396,2147092,-28.905395885982834
443396,8331958,-28.905395885982834
443396,4458978,-28.905911292339063
443396,8010852,-28.90616896231552
443396,6289231,-28.90616896231552
443396,3314939,-28.907456980333208
443396,4033070,-28.907456980333208
443396,2232814,-28.908486996737754
443396,6649434,-28.910031358564346
443396,6833176,-28.912089271749664
443396,851531,-28.91234641166822
443396,5685711,-28.91260352954836
443396,6939093,-28.91260352954836
443396,3681778,-28.91414577423373
443396,7902502,-28.91568722648691
443396,4213196,-28.917484586988472
443396,7746189,-29.151455575842444
443396,7256965,-29.154041270218315
443396,4792650,-29.154558141768398
443396,5310878,-29.15481654415275
443396,1411617,-29.15662473790809
443396,4128740,-29.15662473790809
443396,2094898,-29.15688296235694
443396,7170697,-29.15739934458434
443396,3577882,-29.157657502370537
443396,345100,-29.158173751307046
443396,648202,-29.158431842465003
443396,598786,-29.15920598274352
443396,4209528,-29.160237859134902
443396,6742690,-29.160495772785566
443396,7461392,-29.16075366426499
443396,1619252,-29.16126938072535
443396,99718,-29.16152720571391
443396,6912573,-29.163073690502394
443396,6232109,-29.16333136047885
443396,1802518,-29.165391923952228
443396,3530489,-29.16564939490108
443396,6119627,-29.166421675191607
443396,45692,-29.167708367383092
443396,2149850,-29.170537149159316
443396,765179,-29.17695629606485
443396,969252,-29.54040293618877
443396,6827156,-29.540920342604167
443396,4336498,-29.542213468367734
443396,4057475,-29.542213468367734
443396,7081338,-29.54247202664693
443396,5212734,-29.542472026646934
443396,5635124,-29.542472026646934
443396,573173,-29.54273056264392
443396,6339713,-29.54273056264392
443396,171466,-29.54298907636254
443396,7986501,-29.54298907636254
443396,4336500,-29.54298907636254
443396,6973771,-29.54298907636254
443396,7081340,-29.54298907636254
443396,5996579,-29.543247567806638
443396,820395,-29.543506036980038
443396,820393,-29.543506036980038
443396,7426267,-29.54350603698004
443396,4379126,-29.54350603698004
443396,8079040,-29.543764483886587
443396,1172964,-29.543764483886587
443396,8174933,-29.543764483886587
443396,5905952,-29.543764483886587
443396,2986788,-29.544022908530124
443396,1840155,-29.544022908530124
443396,990166,-29.544022908530124
443396,4602798,-29.544022908530124
1123581,7934232,-61.74074416105647
1123581,7064018,-63.23964895676116
1123581,5053261,-63.24765328386948
1123581,651039,-64.03059139774848
1123581,8509692,-64.20146890313009
1123581,4291712,-64.44255138614018
1123581,5829977,-64.60176106074957
1123581,7064021,-64.66543736529269
1123581,4176063,-64.9369772116755
1123581,4121605,-65.38394858274943
1123581,6357063,-65.53836540135828
1123581,922274,-65.59464054810545
1123581,8410944,-65.71959338737904
1123581,7942374,-65.78217763589205
1123581,8327763,-65.89587412624847
1123581,1303678,-65.90991711926743
1123581,8240508,-65.91172080911147
1123581,5096757,-65.92461102761868
1123581,5959124,-65.93950028460917
1123581,3884635,-65.97847928377996
1123581,4645466,-65.99376578519686
1123581,5163944,-65.99707774288325
1123581,5739586,-65.99827225155911
1123581,4279660,-65.99857707128834
1123581,2020352,-66.05398790910888
1123581,4536392,-66.21879638404913
1123581,2567940,-66.2849356115649
1123581,5153296,-66.30058439756334
1123581,3232958,-66.36757099439237
1123581,877120,-66.39885515602643
1123581,7030646,-66.40605476582517
1123581,365653,-66.41543009778611
1123581,2567935,-66.41784050387729
1123581,5645115,-66.41964776390901
1123581,2317848,-66.42265882746308
1123581,4121607,-66.42880480081709
1123581,6004860,-66.43949688958405
1123581,4291714,-66.43949688958405
1123581,8679050,-66.45629454597389
1123581,2523907,-66.54631458702771
1123581,5303438,-66.55293550963518
1123581,4074934,-66.59455371642619
1123581,2732144,-66.59635802615882
1123581,4113208,-66.67319517528999
1123581,70468,-66.6780147429242
1123581,877113,-66.67904026863613
1123581,4117178,-66.94540771771213
1123581,5027766,-66.94540771771213
1123581,8509889,-66.9460090509542
1123581,1303673,-66.94841386748178
1123581,3884638,-66.94841386748178
1123581,1791636,-66.94901494254782
1123581,5588093,-66.94901494254782
1123581,2317845,-66.94961596600528
1123581,6497160,-66.95262030947362
1123581,651042,-66.95502285619669
1123581,6624784,-66.9568242252471
1123581,250315,-66.96402506940949
1123581,6915080,-66.96822214357505
1123581,8553128,-66.9801999362531
1123581,8327760,-67.04248029668342
1123581,3308478,-67.06446766880234
1123581,3458679,-67.06446766880234
1123581,3916845,-67.08169753842462
1123581,5579250,-67.16073940752243
1123581,4648017,-67.25609289658776
1123581,7281500,-67.2622197670324
1123581,7213235,-67.26342031928937
1123581,1687407,-67.32506718317065
1123581,4584788,-67.34148431068802
1123581,6497163,-67.34632642088633
1123581,4675958,-67.34869009654045
1123581,3911881,-67.57035241002126
1123581,6061706,-67.57336788375574
1123581,3146135,-67.57397082265256
1123581,3232957,-67.57758736583445
1123581,5625337,-67.58180430601259
1123581,922277,-67.58601870735087
1123581,3118577,-67.60104946174322
1123581,3112857,-67.60705273818469
1123581,5581797,-67.60945260792954
1123581,4291715,-67.61245128855595
1123581,5027762,-67.64717600894888
1123581,4528864,-67.650178290729
1123581,5153126,-67.70205152796002
1123581,6952847,-67.70265477861966
1123581,1778927,-67.70325797729643
1123581,3914810,-67.7074789132661
1123581,5588094,-67.70808169640233
1123581,4170936,-67.70808169640233
1123581,3096893,-67.71229972559131
1123581,6768859,-67.71832107594928
1123581,1303674,-67.72313442975711
1123581,2135684,-67.72313442975711
1123581,6711272,-67.72794447607127
1123581,5832774,-67.73094907744974
1123581,6028992,-67.73275121943415
1123581,5027768,-67.73755466437873
1123581,1303675,-67.73995515135817
1123581,3884637,-67.74055514450149
714453,3277744,-50.909755198997104
714453,3226963,-52.41335716500303
714453,5924522,-52.894309236679725
714453,5924526,-53.31490913444331
714453,917670,-53.64158498279429
714453,6283678,-53.72460866561085
714453,4168233,-53.81968958021873
714453,2771893,-53.94958732072188
714453,3206847,-54.17849881730341
714453,6235278,-54.22327705070541
714453,5912909,-54.39483708823337
714453,280181,-54.606903651565496
714453,1965765,-54.73817423250324
714453,7162695,-54.796142473863384
714453,444830,-54.86650422238004
714453,5296666,-54.90605884262921
714453,3260657,-54.99017502921958
714453,971844,-54.9932725228998
714453,8644609,-54.99378861641626
714453,5031285,-54.99585254667576
714453,8430462,-55.098790297999585
714453,6137881,-55.14232101922309
714453,7162698,-55.25720099904582
714453,917668,-55.42075637468507
714453,4870514,-55.45736611511831
714453,6331986,-55.59414454102391
714453,2042523,-55.60817739352432
714453,7162699,-55.64144783521706
714453,2890244,-55.64402719351246
714453,5659003,-55.66232215188067
714453,7581597,-55.6746961605458
714453,7141880,-55.68858648468348
714453,3277747,-55.703491354599194
714453,1607412,-55.91483770966303
714453,1607418,-55.9169034163703
714453,6428126,-56.02575055645807
714453,5087831,-56.027286279764766
714453,8430459,-56.038132012748974
714453,6336816,-56.05797711289294
714453,2198040,-56.067765211364836
714453,444836,-56.08774879613355
714453,8455839,-56.10637830585312
714453,1328690,-56.13154864373042
714453,841715,-56.1528005907138
714453,1460458,-56.20595117153734
714453,6331992,-56.21861319233732
714453,6137883,-56.27245265191944
714453,1014792,-56.272966535336735
714453,369724,-56.29965203439998
714453,8584761,-56.30223605828185
714453,8455841,-56.30636818313202
714453,8430463,-56.30636818313203
714453,569053,-56.307916996577454
714453,5087833,-56.30843317889335
714453,3271697,-56.30998145945039
714453,7638695,-56.31049746419795
714453,6331990,-56.357243872516726
714453,1354433,-56.3731127759352
714453,8837368,-56.3741418207269
714453,917673,-56.456452271457906
714453,2193622,-56.476299583969464
714453,3647447,-56.50592870846404
714453,4795572,-56.69066734903058
714453,6747834,-56.69996223095968
714453,7401088,-56.70563535624264
714453,5870591,-56.7343759610586
714453,6704534,-56.7348903290721
714453,8127582,-56.763606587488624
714453,5924524,-56.77131880298429
714453,3193381,-56.82582226642184
714453,2437772,-56.849796730811114
714453,1351375,-56.898488306067314
714453,1871454,-56.9471525792427
714453,8537059,-56.9488632232069
714453,4479296,-56.95351166362947
714453,4828907,-56.98101748364012
714453,7505877,-56.99438209174563
714453,631444,-57.008814716420744
714453,2626736,-57.018588548723145
714453,5737414,-57.01910252018091
714453,569047,-57.030022455394544
714453,3271692,-57.044734686054355
714453,5448446,-57.04883778393221
714453,6327982,-57.1041111826471
714453,4791457,-57.112099026995466
714453,971845,-57.12832543704249
714453,971840,-57.13039149940634
714453,5296670,-57.13424915775097
714453,2902287,-57.13761712026359
714453,4220023,-57.151013088147806
714453,8292318,-57.17291422967815
714453,7370345,-57.18477316382884
714453,6331989,-57.19146568605891
714453,4220025,-57.192494642613745
714453,5932474,-57.23844899744993
714453,1351376,-57.28283603854782
714453,280182,-57.28799364676686
714453,3277745,-57.29932480307941
714453,8837367,-57.340910901466316
714453,8292316,-57.34297643039119
972007,4646626,-63.88567540769436
972007,4221450,-64.84191826624799
972007,4335551,-65.25048180338747
972007,3275654,-65.78964129506217
972007,7258397,-66.28794771164752
972007,5986268,-66.29637470311182
972007,5631818,-66.51279163813184
972007,7258398,-66.9460090509542
972007,5387596,-66.9652244902635
972007,5269896,-67.06928599238813
972007,7682633,-67.32026332617136
972007,1230599,-67.3240396433343
972007,3751298,-67.68956381163062
972007,8011988,-67.69661993131545
972007,8119173,-67.70627319125094
972007,8011980,-67.71229972559132
972007,4076510,-67.9638573173884
972007,1152364,-67.9730755554765
972007,5648250,-67.97427961833156
972007,3091095,-68.03747525932863
972007,4076507,-68.0601980866589
972007,488466,-68.15132371321371
972007,6210252,-68.15672318896097
972007,6055142,-68.29758269490102
972007,8704419,-68.29938902221755
972007,8704416,-68.38082355808828
972007,98092,-68.38684646270427
972007,4076511,-68.43210881891378
972007,1125881,-68.4327088634889
972007,4221455,-68.60342756840203
972007,8218296,-68.61006275433934
972007,7892692,-68.61488439681577
972007,4519503,-68.6160892886797
972007,8186626,-68.6166916568475
972007,1027580,-68.6172939731844
972007,2356276,-68.68343340807726
972007,1027578,-68.69005774828842
972007,3751292,-68.770890848564
972007,4076509,-68.82157358567551
972007,7258403,-68.83523398564672
972007,7907962,-68.8538785304699
972007,6484210,-68.93577416376415
972007,8704423,-68.94481202072383
972007,5986266,-68.94661819268143
972007,8700535,-69.00615642360921
972007,2356270,-69.00675873994612
972007,8700536,-69.00675873994614
972007,4578581,-69.00916748716328
972007,7844581,-69.01097350378865
972007,6142341,-69.01518573141043
972007,8226003,-69.0169901961818
972007,4065494,-69.0169901961818
972007,4991276,-69.02360259018819
972007,555,-69.04685979032188
972007,1130115,-69.0690985107272
972007,2299214,-69.07089895313156
972007,5000052,-69.07470543487071
972007,3730594,-69.08229101375399
972007,1125877,-69.09094981249804
972007,4506820,-69.10115844789466
972007,98095,-69.21565933931669
972007,5657795,-69.22108438781088
972007,3318404,-69.23673317380931
972007,3318399,-69.33006057300231
972007,4610334,-69.33969390584909
972007,2356274,-69.41872290535298
972007,3708657,-69.44536085844689
972007,4382257,-69.44656481775603
972007,6497816,-69.45452608516976
972007,7258399,-69.45874702113943
972007,6210250,-69.46477251796935
972007,558,-69.4671812651865
972007,4469301,-69.4701910340826
972007,1125883,-69.49242319409512
972007,2356275,-69.63891598938044
972007,1587056,-69.65037380478857
972007,8186625,-69.69770534756454
972007,3091086,-69.71152284161514
972007,7258395,-69.71711493367289
972007,2128532,-69.71815859896972
972007,2128541,-69.72073023162797
972007,1774602,-69.72133259979577
972007,6425037,-69.72193491613267
972007,2407241,-69.72494572066606
972007,3367560,-69.72536314876389
972007,1958700,-69.72795523076417
972007,6049653,-69.84891965690775
972007,1125878,-69.86603151758294
972007,5937971,-69.8696347193646
972007,4076515,-69.88396151704421
972007,321684,-69.89759605079637
972007,4203620,-69.9724689824186
972007,8704421,-69.97488001117674
972007,8704422,-69.97608521421338
972007,5349495,-70.00674799042179
972007,2298997,-70.08596511875595
972007,2964998,-70.09259002891076
972007,1279805,-70.09319198268109
972007,2343276,-70.09559928025539
972007,7773175,-70.09994680075839
929033,8194487,-43.29436271193122
929033,4548810,-43.93111784452964
929033,4548811,-44.46884635684325
929033,8201551,-44.6535903487454
929033,5920699,-45.124467254278535
929033,3434193,-45.33335163760155
929033,7812256,-45.338077617090356
929033,5920700,-45.566279940803554
929033,8660590,-45.568430700485024
929033,3291619,-45.67850553715052
929033,6314115,-45.92302250413553
929033,2465141,-45.93012469706837
929033,7633901,-45.97309666660183
929033,8199214,-46.096602687968534
929033,2946275,-46.22107507535466
929033,3733211,-46.26555227259487
929033,3733205,-46.26769620786372
929033,2408555,-46.36489848240728
929033,1926259,-46.39325133925564
929033,710533,-46.464722365188024
929033,2356231,-46.52298011592745
929033,1054195,-46.61307532292921
929033,7277387,-46.61909305015854
929033,4795507,-46.633249102099775
929033,26413,-46.634322288937284
929033,4511714,-46.75436924552022
929033,5521712,-46.758141215713465
929033,7899132,-46.778742383402346
929033,5139631,-46.83600120055262
929033,7276711,-46.84526658783495
929033,5207735,-46.84698298718928
929033,8027434,-46.863404972218056
929033,7470812,-46.888208970262326
929033,3434188,-47.01306096527275
929033,4831476,-47.06047763530526
929033,3733209,-47.14457124381789
929033,26412,-47.15991316602079
929033,5300001,-47.221839544063265
929033,710528,-47.29727634430252
929033,1605005,-47.3254426836502
929033,5947957,-47.44434946407308
929033,2237411,-47.45080229905344
929033,2465143,-47.62333770067865
929033,2465140,-47.630200943093584
929033,2465139,-47.63105818637274
929033,4644919,-47.70098741563682
929033,4304535,-47.7273768746024
929033,5519615,-47.73640230296719
929033,6938560,-47.744739185267846
929033,4396802,-47.784373130753224
929033,6787955,-47.833696502794915
929033,4033511,-47.84251212085397
929033,3565023,-47.85344359430624
929033,4150181,-47.85344359430624
929033,4838707,-47.86889697196531
929033,26414,-47.87448702397606
929033,1926258,-47.878353402145834
929033,7276715,-47.90470412817477
929033,8660587,-47.907715450838666
929033,7664734,-47.97831825211381
929033,7704783,-47.97960748786201
929033,4822350,-47.993338691191646
929033,2585988,-48.02360513616665
929033,2128311,-48.08886557123557
929033,8397851,-48.106449465050254
929033,3756809,-48.10760602666488
929033,7018004,-48.11146279505578
929033,1484269,-48.113399093053964
929033,2128309,-48.18414504427919
929033,6984456,-48.18713144382831
929033,7812251,-48.24023262106809
929033,2128308,-48.27211064103403
929033,5119793,-48.275113180414635
929033,316442,-48.27647769542749
929033,8298536,-48.277767263687174
929033,5300000,-48.285986150944076
929033,1400768,-48.296750139669996
929033,2694449,-48.370361158031855
929033,3250796,-48.37122024242183
929033,1484270,-48.3718527246106
929033,543916,-48.37271336165626
929033,5300002,-48.37400403952745
929033,64138,-48.40297285641938
929033,1484273,-48.47558995992673
929033,7276713,-48.47817253791342
929033,1467975,-48.4794633268508
929033,8683319,-48.480323667719965
929033,3501179,-48.49364005559764
929033,7664729,-48.506394369322734
929033,5947952,-48.51027040527974
929033,1400771,-48.51285276096194
929033,1458280,-48.590244539418016
929033,1926254,-48.606067448164005
929033,3886332,-48.647263055788684
929033,622379,-48.750495147800095
929033,3809941,-48.75434564598814
929033,2694446,-48.75873469104283
929033,5349130,-48.76045670616193
929033,64145,-48.762608391394984
929033,3291614,-48.76346880628917
433234,5000064,-25.23604597264961
433234,3212354,-26.86429522660043
433234,2284497,-27.19182188612782
433234,1621267,-27.5626539818184
433234,6256695,-27.574247153706455
433234,693051,-27.57707423910517
433234,6176182,-27.57707423910517
433234,693050,-27.577331114811734
433234,6227628,-27.693417486464273
433234,1621270,-27.694960259890575
433234,5842058,-27.79507962124535
433234,104881,-27.80461833408001
433234,3685014,-27.840590413033958
433234,1391439,-27.847794347783847
433234,693049,-27.848051311500726
433234,809574,-27.84830825320937
433234,6336766,-27.849078946323615
433234,7055366,-27.852803323983053
433234,6256691,-27.853317714046295
433234,2210359,-28.018865767314615
433234,7561297,-28.019123415161694
433234,7533071,-28.025300334547456
433234,4873517,-28.026585593503945
433234,7040746,-28.08620138847069
433234,2966961,-28.12620861607201
433234,6256693,-28.128527446809763
433234,7055369,-28.130587126095627
433234,3880691,-28.193579320031024
433234,2210356,-28.227570773900702
433234,3146260,-28.22808768998065
433234,6256696,-28.22808768998065
433234,6538375,-28.22860451700854
433234,7838928,-28.23221981532079
433234,4922524,-28.232993955599305
433234,7561301,-28.233251957973085
433234,2210360,-28.234799506432772
433234,1535814,-28.23557298140225
433234,441237,-28.236603971248556
433234,6470965,-28.236603971248556
433234,488165,-28.23686166335818
433234,5840669,-28.237119333334633
433234,1630619,-28.23737698118171
433234,1860250,-28.238149791984732
433234,2044144,-28.238664888609538
433234,3441620,-28.23866488860954
433234,1027477,-28.23892240376017
433234,4873523,-28.241239045945512
433234,1932282,-28.242268090744773
433234,6718461,-28.24381099641296
433234,3511872,-28.244839159523963
433234,1768793,-28.246894429230036
433234,1204533,-28.247151238968417
433234,6739834,-28.341330351001005
433234,2870580,-28.479221562632794
433234,8437654,-28.490821707694934
433234,6915444,-28.495962964962075
433234,3880695,-28.508447759356706
433234,1264053,-28.51180467753995
433234,424219,-28.51180467753995
433234,3729110,-28.51283682019225
433234,6264691,-28.513094800379527
433234,6213679,-28.513868607860516
433234,250442,-28.513868607860516
433234,592868,-28.515931119221115
433234,1372150,-28.516188833467716
433234,642623,-28.517477072722123
433234,7533067,-28.517734654203892
433234,6127151,-28.517734654203892
433234,6127152,-28.517734654203892
433234,3852597,-28.51953710559193
433234,1677539,-28.520051892857353
433234,1390523,-28.522110159020443
433234,4679729,-28.522367343027184
433234,1079334,-28.522367343027184
433234,4095628,-28.522624504987945
433234,1746485,-28.523138762786637
433234,2052962,-28.523652932446744
433234,6183356,-28.53212403367031
433234,2103857,-28.532636665781126
433234,7936419,-28.656978115913574
433234,8110167,-28.660335323067866
433234,8820408,-28.662141495069992
433234,224495,-28.662141495069996
433234,2067961,-28.664462119519605
433234,270750,-28.666523390889765
433234,321347,-28.668068415515556
433234,1860255,-28.668840629543226
433234,690301,-28.670641689649806
433234,8781081,-28.671156079713054
433234,7648782,-28.87393944738166
433234,7838922,-28.876523360101793
433234,3292671,-28.87678162901154
433234,7933975,-28.87755630236192
433234,7374047,-28.877556302361924
433234,6833125,-28.878072640151377
433234,6888284,-28.878588889087883
433234,8781084,-28.879363095960258
433234,1173409,-28.879363095960258
433234,6397074,-28.879621120524355
433234,177389,-28.88168451850619
1121709,3423067,-46.87542802791556
1121709,8049583,-47.403907150627695
1121709,8049585,-48.07510957655558
1121709,3423059,-48.08800692943306
1121709,3145979,-48.27725674802987
1121709,2940488,-48.37722970375322
1121709,3145987,-48.62755382021458
1121709,8049582,-48.76174782841256
1121709,5611203,-48.78064608392574
1121709,3423063,-48.79544868677973
1121709,3200100,-48.940365722821305
1121709,1752813,-48.951113053024486
1121709,8049586,-49.43217554026925
1121709,3145978,-49.45410200578493
1121709,5611207,-49.45796142037475
1121709,8730991,-49.59043454745049
1121709,4256104,-49.59645175739507
1121709,8049584,-49.80309421281991
1121709,1752809,-49.80524645376638
1121709,5611206,-49.82928847049992
1121709,7002616,-49.837846965610105
1121709,8171653,-50.47214384180079
1121709,7590689,-50.47515671979292
1121709,8171656,-50.48117703478067
1121709,5611202,-50.49405335206152
1121709,3897028,-50.89067727600123
1121709,5961613,-50.892822130956134
1121709,7686607,-51.82345344698372
1121709,5594593,-51.82345344698372
1121709,3897025,-52.19840557300037
1121709,6612660,-52.19926702558384
1121709,7503527,-52.2164649822261
1121709,3897030,-52.474974181831726
1121709,8357463,-52.4814353553906
1121709,5790466,-52.49089666576644
1121709,3015619,-52.86917795875366
1121709,2239280,-52.873912481523234
88073,5137415,-48.109452519676
88073,7112950,-48.11210752611779
88073,1390178,-48.30749100547533
88073,3348121,-48.31349582721052
88073,6699171,-48.39460970261457
88073,5912961,-48.39995997842725
88073,4780225,-48.52445688520295
88073,4520250,-48.55477265670388
88073,3792697,-48.618970348153034
88073,3792696,-48.775928212279226
88073,1578367,-48.782906969658676
88073,5569144,-48.79918902324373
88073,290106,-48.93821348187484
88073,7334306,-49.05948671450194
88073,4355187,-49.07406610958183
88073,1566922,-49.153883135276956
88073,5932559,-49.15861928884133
88073,5553213,-49.176305599332785
88073,3761356,-49.177090417599054
88073,1269980,-49.20037034545057
88073,8772713,-49.22375681232792
88073,8302651,-49.4313137164756
88073,4975524,-49.43260639646695
88073,847201,-49.43476012072018
88073,4566730,-49.43648243242396
88073,4447214,-49.43906478810615
88073,1269978,-49.46438716536031
88073,6692871,-49.72761354396101
88073,8170833,-49.74559694547622
88073,4085111,-49.79256144227793
88073,1581721,-49.793845930801666
88073,5542149,-49.797494046814194
88073,658758,-49.812557151047066
88073,6760592,-49.82293276425784
88073,5501708,-49.82336350910209
88073,3189412,-49.82757501212447
88073,4669332,-49.82852955486787
88073,4566726,-49.83068049959596
88073,8170834,-49.83418457299776
88073,7177886,-49.83884566110386
88073,6741274,-49.96209840397716
88073,190775,-50.00267224241557
88073,1728819,-50.07794088140066
88073,5444023,-50.091282485832295
88073,6741279,-50.10575536462013
88073,2676275,-50.14371726348718
88073,2123901,-50.219481871590006
88073,2697877,-50.28609117182861
88073,4987396,-50.2882363948789
88073,6651382,-50.29080944820647
88073,3439665,-50.29552327635518
88073,1301796,-50.35296784322871
88073,2020219,-50.3602572243222
88073,5137418,-50.462134543900426
88073,2719293,-50.46525043855644
88073,8454898,-50.472000879743135
88073,5481709,-50.472000879743135
88073,5970673,-50.473004849353956
88073,1980474,-50.478597787347866
88073,1711965,-50.47902775432666
88073,4905744,-50.48504341295044
88073,276707,-50.48804853032633
88073,1104672,-50.49145403521247
88073,887827,-50.49405335206152
88073,5025030,-50.49446483979041
88073,1916611,-50.49489480676921
88073,1916612,-50.49575462981975
88073,2676280,-50.500481015432236
88073,6741272,-50.500481015432236
88073,3761360,-50.501339878471455
88073,3453584,-50.50391558276888
88073,590961,-50.5042150486201
88073,4728647,-50.50734779247438
88073,1922930,-50.50777665307779
88073,6281539,-50.62783037793401
88073,6741273,-50.64540915746713
88073,41133,-50.66576733629849
88073,7668584,-50.671362681555635
88073,190774,-50.67695177223375
88073,4174571,-50.677381443621336
88073,5517253,-50.67909976003184
88073,4174573,-50.67909976003184
88073,7654876,-50.68167612792547
88073,7055121,-50.68296381421787
88073,6954349,-50.683392969297614
88073,6306615,-50.6859671265325
88073,6306620,-50.687253708349054
88073,8454901,-50.69196834464276
88073,6275361,-50.69282507382419
88073,3661744,-50.69325338337233
88073,6275364,-50.69496625476101
88073,6275363,-50.69796236846329
88073,1934524,-50.699245867802915
88073,6236704,-50.711209333684955
88073,7085865,-50.76415024281543
88073,7663703,-50.766734600617
88073,809046,-50.77017833444921
88073,4709003,-50.77447966898837
88073,4737359,-50.78284082901256
88073,276703,-50.78478779973862
87452,8819113,-34.45874213362339
87452,5836705,-35.43017938696519
87452,4502603,-35.51632088089344
87452,8081937,-35.74511787739105
87452,1176095,-35.888492543034886
87452,8819114,-36.02504694999181
87452,5746165,-36.07200475406948
87452,5732043,-36.215565678861886
87452,5219890,-36.24926269263548
87452,5836706,-36.40457458797513
87452,8055167,-36.46132659587454
87452,2026777,-36.463046907621546
87452,5116022,-36.72679375808359
87452,88525,-36.74228776667566
87452,6018160,-36.75122224802395
87452,186939,-36.84941458033498
87452,6018163,-36.857324614896726
87452,3499427,-36.867961276451105
87452,3809018,-37.108986036629425
87452,5286924,-37.11826455072985
87452,3568137,-37.124134026028315
87452,1642159,-37.12934368255848
87452,4866237,-37.135191234507985
87452,7499676,-37.2788208103899
87452,6018161,-37.28397997119385
87452,6018169,-37.295992198363265
87452,7166746,-37.38306234681303
87452,7166751,-37.38306234681303
87452,7166743,-37.38306234681303
87452,7166749,-37.3840957783281
87452,8126315,-37.385817571085276
87452,7388832,-37.38822683650427
87452,7965004,-37.389946852354925
87452,3809017,-37.49432010071861
87452,7304538,-37.49604174526003
87452,5746167,-37.49604174526003
87452,3809016,-37.49604174526003
87452,3732121,-37.49810674104684
87452,1150485,-37.49845080339115
87452,5280076,-37.501889800103804
87452,180903,-37.518808449320204
87452,352903,-37.523145839084506
87452,6018166,-37.52637424387761
87452,6018168,-37.53598278637015
87452,5751686,-37.77183801087091
87452,5987443,-37.77459370967868
87452,7542008,-37.77493803858187
87452,3211632,-37.77631505786513
87452,6884591,-37.77665923862908
87452,8819116,-37.77734751132442
87452,8679716,-37.7804432737244
87452,4328255,-37.88270776412993
87452,7897960,-38.00933512414636
87452,4328252,-38.12191839042802
87452,6335482,-38.14301315018942
87452,2096142,-38.14301315018942
87452,2065225,-38.14610997781641
87452,5180105,-38.15888998285383
87452,8819111,-38.16405847644041
87452,8152222,-38.16440280534359
87452,4634899,-38.16474710460873
87452,8333919,-38.165091374240916
87452,8333912,-38.16577982462685
87452,8436578,-38.166124005390806
87452,7542004,-38.1664681565422
87452,3808783,-38.16681227808614
87452,8436579,-38.16715637002772
87452,8838176,-38.177808565176015
87452,6018165,-38.18158156790821
87452,8745364,-38.22927349447383
87452,8363122,-38.33880048475978
87452,7897963,-38.33881707337215
87452,4248450,-38.34190407553192
87452,7115848,-38.34361804786035
87452,7965011,-38.420876516057405
87452,6581302,-38.42122087460374
87452,1382780,-38.42156520350692
87452,5408101,-38.42190950277205
87452,7133328,-38.422942222790184
87452,3262989,-38.42431876819105
87452,2624886,-38.42431876819105
87452,5851095,-38.42466283053536
87452,4872055,-38.425694840035575
87452,6145994,-38.43119439835939
87452,6782663,-38.44437339787553
87452,8363115,-38.447116811646985
87452,1071159,-38.4522556465236
87452,5052038,-38.47298755853971
87452,6909889,-38.474701824688616
87452,5052034,-38.47949786510458
87452,1642856,-38.55535460820272
87452,6163042,-38.56495491453492
87452,7115846,-38.62101959782004
87452,8348433,-38.621706039735855
87452,5348450,-38.62410765918565
87452,6096579,-38.63438401296624
87452,8819115,-38.68403317327086
87452,7897958,-38.69877840634591
87452,7897957,-38.70048944599967
87452,4496461,-38.79869459193437
1005165,2095586,-93.34625269060658
1005165,3334946,-94.0275458435762
1005165,5343908,-95.08303593553343
1005165,2516023,-95.14507289352863
1005165,8211327,-95.55921865232987
1005165,4439056,-95.75339612843592
1005165,5980173,-96.01141564736673
1005165,2095590,-96.22565326099296
1005165,2657979,-96.39506889041849
1005165,4650258,-96.39850257316279
1005165,8565565,-96.40301865231874
1005165,2448108,-96.52059918757134
1005165,4449640,-96.71641745992525
1005165,7272766,-97.1620824517631
1005165,8213529,-97.26319159290615
1005165,8722220,-97.3146581657833
1005165,3163277,-97.34479813523855
1005165,5343912,-97.72225531862723
1005165,4650260,-97.90228302420013
1005165,7272760,-97.9040697277711
1005165,5980171,-98.20588924265063
1005165,6226570,-98.21080092509528
1005165,4472554,-98.4095075677486
1005165,6330354,-98.52224763505637
1005165,2095588,-98.53859763181444
1005165,2424152,-98.5463924108032
1005165,4174254,-98.55672005624365
1005165,4174256,-98.56016023585495
1005165,8625667,-98.62493395099125
1005165,5938849,-98.62678616726788
1005165,2591840,-98.63633797853034
1005165,5977533,-98.63633797853034
1005165,2381308,-98.63633797853034
1005165,2448103,-98.6373045219638
1005165,897617,-98.79210555827763
1005165,692296,-98.81302222455301
1005165,5465079,-98.88234904338279
1005165,2363885,-98.88480599246469
1005165,8211328,-99.00348762956312
1005165,6886566,-99.04565896067915
1005165,4459499,-99.18440504938212
1005165,5205784,-99.18612854843413
1005165,5285621,-99.19904533171255
1005165,4174258,-99.20162668745489
1005165,3314283,-99.25812366692088
1005165,8213528,-99.2736164701713
1005165,5343916,-99.28221322284777
1005165,7272764,-99.43873272320268
1005165,2515464,-99.51680480151109
1005165,6279036,-99.54109408505217
1005165,6279037,-99.54195320634344
1005165,643663,-99.64758843368261
1005165,2095585,-99.65441003199494
1005165,8211282,-99.65526885815189
1005165,5337886,-99.66566103881854
1005165,2448100,-99.6716779896095
1005165,2515926,-99.67511462243051
1005165,4650253,-99.69142251906496
1005165,188617,-99.84309047438342
1005165,8722221,-99.84739347450147
1005165,8835991,-99.89871936463798
1005165,2515922,-99.91077866338696
1005165,860517,-99.91336090788823
1005165,4449638,-99.92969965670734
1005165,6298077,-99.9382882876064
1005165,2448101,-99.93914674513047
1005165,5938854,-99.94515388522596
1005165,3180224,-100.01941065894776
1005165,4782122,-100.05698448860069
1005165,3971529,-100.12392431272201
1005165,3552097,-100.30110425240663
1005165,7601831,-100.3113382459625
1005165,4174259,-100.31133824596252
1005165,3640132,-100.32762656998071
1005165,321734,-100.33704454016262
1005165,1263067,-100.34576520457028
1005165,1476281,-100.45679389162304
1005165,7457179,-100.54965509160405
1005165,4459495,-100.55912739873281
1005165,4430026,-100.56170919877812
1005165,5337889,-100.57031038799269
1005165,5210911,-100.57062882860595
1005165,5663882,-100.58062205913917
1005165,3101033,-100.62423297272122
1005165,4650255,-100.68603415308826
1005165,2095589,-100.68603415308826
1005165,5465085,-100.7105167018151
1005165,2571427,-100.73370418921732
1005165,6298075,-100.77535607261021
1005165,3640141,-100.78049953238602
1005165,6899069,-100.78221343125304
1005165,2515456,-100.78926971840028
1005165,585823,-100.84594084384764
1005165,5735623,-100.90805104712594
1005165,2657980,-100.94687059507373
1005165,2515803,-100.94859216549453
1005165,897619,-100.94859216549453
1005165,7272768,-100.949452839575
1005165,4949634,-100.949452839575
1005165,5285626,-100.95203441744972
1133249,3019349,-32.08563842762334
1133249,7566545,-32.46905502939856
1133249,1074202,-33.286632283637495
1133249,3433412,-33.41206315608187
1133249,2706887,-33.687365407610315
1133249,8346450,-33.687431453084145
1133249,2898966,-33.847585986392325
1133249,2546837,-34.43631966956755
1133249,1522297,-34.43986185088429
1133249,7462407,-34.45151930753661
1133249,8807065,-34.474974402742326
1133249,2898961,-34.494213151317375
1133249,3952643,-34.626832880756055
1133249,8603217,-34.701188914997
1133249,8090732,-34.72654301847092
1133249,4503308,-34.73041560085845
1133249,4591414,-34.73110416975577
1133249,5243845,-34.73316916554258
1133249,4203252,-34.73420126380406
1133249,4942899,-34.73628627842388
1133249,5174818,-34.84981592647807
1133249,8807060,-34.891923714356174
1133249,2667385,-34.913963978007445
1133249,7300200,-34.98757799902178
1133249,6906454,-34.99033156370591
1133249,6906461,-34.99067562605022
1133249,8726286,-34.993427059913635
1133249,29800,-35.12366603056578
1133249,1854477,-35.34540577752834
1133249,1487943,-35.3760096901394
1133249,4961829,-35.40739082512482
1133249,7167894,-35.40768799085939
1133249,8382598,-35.54600318144418
1133249,5371451,-35.57752677880017
1133249,7011333,-35.58404154990889
1133249,5922742,-35.58639316325054
1133249,161359,-35.59191368168954
1133249,8041463,-35.64706159884529
1133249,6491302,-35.749590303631926
1133249,1147965,-35.75143302743253
1133249,2930255,-35.756117944480046
1133249,308343,-35.76171913208504
1133249,8346561,-35.76788455182848
1133249,2655366,-35.769605159573665
1133249,3706041,-35.76994919232579
1133249,7392889,-35.771668912381855
1133249,114962,-35.793034105772364
1133249,3027159,-35.794191330015664
1133249,6198992,-35.79646661008055
1133249,6072542,-35.79680969856328
1133249,3027161,-35.797838787482235
1133249,1543828,-35.81812650311498
1133249,524750,-35.889866605894596
1133249,8825905,-35.90912035869482
1133249,1266035,-35.920812955123516
1133249,6289210,-35.97139548275554
1133249,4401448,-35.98955739456888
1133249,3682213,-36.020569902997586
1133249,6437809,-36.02470273961022
1133249,2930257,-36.059893029038484
1133249,7226761,-36.06195944720693
1133249,3594573,-36.075365207039354
1133249,3490738,-36.07673761984027
1133249,2706889,-36.0774236497014
1133249,5174819,-36.08153735985889
1133249,2667384,-36.083202237746626
1133249,308341,-36.086392889107216
1133249,7040041,-36.182774009485215
1133249,4085128,-36.18502768603414
1133249,1578398,-36.18639880513783
1133249,758452,-36.188962076347224
1133249,7378802,-36.18964904877556
1133249,5922743,-36.19067928625099
1133249,4506474,-36.197540763322216
1133249,524754,-36.21005949644329
1133249,6665068,-36.22175108768702
1133249,540551,-36.23203889459779
1133249,3002886,-36.254070261700605
1133249,2706891,-36.254413438488335
1133249,6240234,-36.25750070538144
1133249,4015847,-36.25784358799579
1133249,540550,-36.26401045430855
1133249,3686113,-36.2701678276948
1133249,2283890,-36.27085139557902
1133249,3681671,-36.401142672670176
1133249,1577959,-36.40594653005832
1133249,3321090,-36.40727707117367
1133249,7462409,-36.410379235950685
1133249,3052863,-36.41451052346396
1133249,4049449,-36.41451171675354
1133249,5963072,-36.41519485149827
1133249,508717,-36.439103346725645
1133249,2812201,-36.44047552412732
1133249,1522293,-36.440691331305004
1133249,6665064,-36.44275065709292
1133249,6299311,-36.44618051247744
1133249,4942895,-36.45268914641554
1133249,2611859,-36.45857255722642
1133249,2667393,-36.46277047129704
1133249,4401445,-36.46688841646312
953067,6251817,-60.09497910864521
953067,6251808,-62.0256950725761
953067,6251809,-62.02689562483308
953067,5332276,-62.40735122674481
953067,3646159,-62.46359240709713
953067,1631823,-62.58701233085903
953067,1631822,-62.58761350916889
953067,3646162,-62.59499100448673
953067,1631829,-62.962431322274526
953067,7449816,-63.08439953997924
953067,5332278,-63.405080387067756
953067,754223,-63.426727209945405
953067,7517568,-63.43031438754173
953067,41833,-63.56184246403034
953067,3261691,-63.60926289212529
953067,5332283,-63.647348003697964
953067,5564945,-63.682845942811895
953067,4741333,-63.86942296374712
953067,1878790,-63.99571504027245
953067,6899444,-63.998134231975875
953067,5332281,-64.02663223697381
953067,8335741,-64.04588577521606
953067,6655996,-64.30018391326196
953067,6790227,-64.39088672623095
953067,2404043,-64.41397850757443
953067,7109639,-64.53246230065494
953067,7109636,-64.53427002740557
953067,3098564,-64.53788408099105
953067,8332494,-64.5384862418888
953067,6251813,-64.66465638937952
953067,2546085,-64.67018644958944
953067,6251811,-64.67662087487113
953067,2977851,-64.7064979686449
953067,8605213,-64.7460146371886
953067,6955771,-64.78399616963007
953067,41827,-64.87863399475629
953067,6790226,-64.95764029368922
953067,7607472,-64.9744989068919
953067,4892773,-65.05852367372361
953067,2088828,-65.06594633214209
953067,4239487,-65.12045733809056
953067,5542780,-65.1282834109056
953067,3324703,-65.14027335812564
953067,4788730,-65.14871033055323
953067,1229902,-65.15170926811837
953067,6838432,-65.22099396886072
953067,6838435,-65.22099396886072
953067,717491,-65.22558343408564
953067,6811290,-65.24522744808336
953067,8332486,-65.3180178845148
953067,1443732,-65.31890728058984
953067,408193,-65.33147906270558
953067,421708,-65.3611333681664
953067,8139546,-65.3850988195744
953067,6382447,-65.49905189127985
953067,6994132,-65.5087173166769
953067,8748788,-65.52255987715995
953067,5332282,-65.5387749876211
953067,6656000,-65.56554031661591
953067,8748783,-65.56614320358358
953067,4809005,-65.56614320358358
953067,1376012,-65.56855423234173
953067,7060025,-65.60684374884009
953067,8111091,-65.61347536897294
953067,8600210,-65.61889808266665
953067,2088836,-65.62730403351662
953067,6775083,-65.63167726062578
953067,6775085,-65.63650056426268
953067,6775084,-65.63650056426269
953067,7517569,-65.64616017689431
953067,8794745,-65.67272230978294
953067,7025003,-65.74216025990627
953067,6891369,-65.75842420774316
953067,4054552,-65.75962744272933
953067,5874814,-65.76828908386747
953067,7025010,-65.79612959803984
953067,6393662,-65.79673134482516
953067,6445833,-65.79853627487265
953067,2343215,-65.80154345778999
953067,6891367,-65.80274596932415
953067,4271537,-65.81400744706912
953067,1659708,-65.89607336851716
953067,1462300,-65.90089169210296
953067,6655994,-65.96283856673764
953067,3269150,-65.96705296807595
953067,2672888,-65.99135890148581
953067,7197727,-66.00173451755097
953067,4788735,-66.00898305374366
953067,4229194,-66.01075656354513
953067,3206292,-66.01510822045775
953067,8473623,-66.02174512212544
953067,6775087,-66.03018299714728
953067,6251814,-66.04141068845603
953067,7613706,-66.05363501550993
953067,2477494,-66.14399860513348
953067,3646161,-66.26310673299768
953067,7030522,-66.26492293125479
953067,6649954,-66.26551361670874
953067,2088829,-66.26852105802398
953067,671236,-66.27094376370496
101169,2194351,-31.59886738172188
101169,8408327,-31.937496915840732
101169,1961313,-32.746406010855196
101169,4535875,-32.93819108941832
101169,2194348,-32.93819108941832
101169,6243304,-33.017021231643504
101169,2194347,-33.43568701671541
101169,8621280,-33.70208666217995
101169,3353296,-34.349549437555794
101169,1648336,-34.35298371008738
101169,3710040,-34.46045993349175
101169,2527316,-34.46938062030759
101169,6264556,-34.69982059961948
101169,4287083,-34.72462176199695
101169,5110296,-34.75136381062135
101169,1165440,-34.77379254512989
101169,4188428,-34.81591839796277
101169,3355202,-34.97440559227381
101169,7381743,-34.98447797131081
101169,7381742,-34.98620050552974
101169,268396,-34.99308323416431
101169,6751533,-35.075927357333114
101169,4671230,-35.10772087505776
101169,1002426,-35.12364106430135
101169,3871376,-35.12381553462569
101169,4941249,-35.13084654241168
101169,5762442,-35.134757302217125
101169,6627804,-35.13632773165951
101169,6441333,-35.182342522575816
101169,4743111,-35.18806201203844
101169,6264555,-35.18943442483936
101169,2802876,-35.200738899340635
101169,2802877,-35.294294635648725
101169,803905,-35.37841978506676
101169,4544586,-35.38392312663467
101169,4577683,-35.38632845967395
101169,1706143,-35.39524991173511
101169,1662213,-35.40871699153391
101169,6441329,-35.515635203828516
101169,5249800,-35.52677686819243
101169,3355203,-35.575467276296145
101169,5878881,-35.57718360201244
101169,4194379,-35.58506922873066
101169,5878878,-35.59461847095644
101169,2802879,-35.640541238438544
101169,3871378,-35.64911845378807
101169,6284650,-35.65767731632878
101169,7586540,-35.6621206978569
101169,8663261,-35.687615882716514
101169,3161733,-35.68864479516174
101169,6270046,-35.745806268536604
101169,1510217,-35.76616320364204
101169,1510210,-35.76788455182849
101169,268390,-35.76788455182849
101169,4779750,-35.77613672739769
101169,8263692,-35.79269069328224
101169,2527738,-35.797152757621106
101169,56594,-35.79955334755238
101169,5878883,-35.80155787302344
101169,2527315,-35.80263770487377
101169,3252397,-35.80332279475067
101169,6648395,-35.80332279475067
101169,5316487,-35.80469262259382
101169,6310856,-35.86803593861971
101169,4074847,-35.86803593861971
101169,6745078,-35.86837882123407
101169,7594429,-35.89227008070467
101169,5475633,-35.898443821244115
101169,1600602,-35.92321601738361
101169,6156131,-35.961269586393485
101169,3256306,-35.97105201128922
101169,1648335,-36.02470273961021
101169,5622964,-36.07014077717934
101169,1372459,-36.08354538509431
101169,5628418,-36.091177456033634
101169,8018025,-36.178643306812674
101169,4743118,-36.182774009485215
101169,4070405,-36.189305577309234
101169,2527321,-36.189992490751244
101169,5762446,-36.19239575926863
101169,6648389,-36.19342528963687
101169,5628419,-36.196169409182296
101169,3835242,-36.19925429510874
101169,118552,-36.201994420062825
101169,1165442,-36.23306622149885
101169,4194383,-36.24204048755758
101169,6677589,-36.243761243340046
101169,6565324,-36.24479334160153
101169,2459757,-36.2550997037487
101169,6648391,-36.25784358799579
101169,8030623,-36.301339401147864
101169,6441336,-36.40251579215364
101169,5829188,-36.40831139343976
101169,8315840,-36.40868900336236
101169,1541463,-36.41040209483337
101169,4830947,-36.43784880559245
101169,1165446,-36.438287443803276
101169,1541461,-36.44755163158113
101169,7324467,-36.45933560895275
101169,3757565,-36.4602940535776
855410,8651771,-50.08483131598554
855410,8651776,-51.119632014279006
855410,8651775,-52.23459349962366
855410,8651770,-52.870039114599166
855410,8651772,-53.51494381948979
1121276,8053899,-34.28029752626757
1121276,3519772,-35.581985399833194
1121276,5594668,-35.81489217807792
1121276,8053893,-36.226898298609335
1121276,2211572,-36.836794126000626
1121276,8622639,-36.95724826981992
1121276,8035232,-37.26754063535982
1121276,7993508,-37.27061734821492
1121276,293357,-37.27709961034269
1121276,7132269,-37.384784584370635
1121276,1459366,-37.385817571085276
1121276,7011499,-37.38960290834879
1121276,7640263,-37.534992125083164
1121276,8547889,-37.54736359760403
1121276,8055664,-37.566941510255994
1121276,4861400,-37.61005129351537
1121276,6540412,-37.610736911816204
1121276,8826621,-37.75636812521095
1121276,1501659,-37.775970847483535
1121276,442171,-37.777003389780475
1121276,1199395,-37.7800994184185
1121276,5271643,-37.78763458479902
1121276,8463867,-37.891262965529606
1121276,4720097,-37.925004243671054
1121276,3229243,-38.1511813145797
1121276,7269993,-38.151953007606544
1121276,5271640,-38.15599260106184
1121276,8055660,-38.28913546970257
1121276,962934,-38.419498785338476
1121276,8273507,-38.42431876819105
1121276,5494370,-38.429250896339006
1121276,4782540,-38.435100460384724
1121276,376918,-38.45649311491999
1121276,6711261,-38.5367744091217
1121276,922155,-38.5402217045011
1121276,922157,-38.54056627069247
1121276,5494371,-38.60829912778799
1121276,922152,-38.67199098213222
1121276,8055659,-38.78079947205263
1121276,1660162,-38.784936226620566
1121276,1660157,-38.784936226620566
1121276,1660161,-38.784936226620566
1121276,5494374,-38.784936226620566
1121276,1548310,-38.78528076313304
1121276,1548307,-38.78528076313304
1121276,1548303,-38.78528076313304
1121276,1767215,-38.788035987405294
1121276,1767211,-38.78838025703748
1121276,8719208,-38.80999689462455
1121276,7644767,-38.82580814290199
1121276,248379,-38.827241321976324
1121276,1419401,-38.83102665923984
1121276,3786696,-38.834717366771365
1121276,8463871,-38.84681755365233
1121276,6218895,-38.84796288120508
1121276,8053891,-38.99801818061849
1121276,6602513,-39.001811349750476
1121276,6602520,-39.00215600500927
1121276,1548305,-39.00353432915306
1121276,2201349,-39.00491217851608
1121276,8055298,-39.00510575885655
1121276,51764,-39.00525656671066
1121276,7368243,-39.00682120129544
1121276,8463870,-39.020723426793516
1121276,4130940,-39.10372642341076
1121276,388969,-39.21202703228977
1121276,7640266,-39.21581302097352
1121276,534902,-39.21730660409266
1121276,4130946,-39.21730660409266
1121276,7519426,-39.21868599769043
1121276,7519427,-39.21868599769043
1121276,7519431,-39.21868599769043
1121276,5494376,-39.21868599769043
1121276,7504280,-39.21868599769043
1121276,1660160,-39.21868599769043
1121276,1660156,-39.21868599769043
1121276,1678127,-39.21868599769043
1121276,7504275,-39.21868599769043
1121276,7519428,-39.21868599769043
1121276,7504277,-39.219030771777426
1121276,1678128,-39.219030771777426
1121276,1548308,-39.21937551614968
1121276,1660158,-39.219720230812335
1121276,7318354,-39.22144335866061
1121276,4720100,-39.22247687918174
1121276,8560885,-39.2231657445361
1121276,3786698,-39.34414063882407
1121276,4979357,-39.34414063882407
1121276,2374408,-39.349989699715934
1121276,8334285,-39.35548689615246
1121276,3287213,-39.45731280629051
1121276,6711263,-39.48663935160701
1121276,2847519,-39.492157402541174
1121276,6472636,-39.493535726684954
1121276,8343138,-39.493535726684954
1121276,534901,-39.4962015910913
1121276,7519422,-39.49792605610274
1121276,1660159,-39.49792605610274
1121276,317275,-39.49999443324845
1121276,7592447,-39.501108031528716
1114646,4656404,-44.027107345556836
1114646,4656405,-44.027107345556836
1114646,4908869,-44.41143613998539
1114646,4908870,-44.41186558994614
1114646,8825558,-45.06203362522205
1114646,4438502,-45.33774878444123
1114646,4327099,-46.02311682561201
1114646,8117094,-46.37803293948085
1114646,7950140,-46.398413384916466
1114646,4655941,-46.420292817159236
1114646,8793449,-46.52347803905768
1114646,8793448,-46.523905762372266
1114646,1864741,-46.544191576000536
1114646,7037212,-46.57423535718993
1114646,1240998,-46.77164456153166
1114646,8181051,-46.786588139802916
1114646,2505776,-46.794633410195765
1114646,5179162,-46.8002047756709
1114646,1379786,-46.84440816715521
1114646,3422947,-46.94222632042704
1114646,4270203,-47.03126323407129
1114646,6220312,-47.03672786544789
1114646,6172109,-47.038013675257986
1114646,2331562,-47.0384422050582
1114646,898854,-47.04203000423971
1114646,509101,-47.04289034510889
1114646,6168449,-47.0463302289765
1114646,8651755,-47.07740037638526
1114646,3292874,-47.17152427661597
1114646,1871650,-47.24468303180235
1114646,1698413,-47.25669577107823
1114646,3141935,-47.26483086681176
1114646,1103230,-47.301145381879074
1114646,6867456,-47.34693753620547
1114646,4776382,-47.422883210438954
1114646,153138,-47.42632961468353
1114646,6501323,-47.42848241163053
1114646,8714217,-47.43278522679759
1114646,5602954,-47.434505316603236
1114646,4427082,-47.444349464073085
1114646,4479459,-47.44607103450662
1114646,4460731,-47.44779201238324
1114646,6383360,-47.44822216431315
1114646,2080311,-47.44994240206699
1114646,2957725,-47.45123219209632
1114646,4554204,-47.45166204818077
1114646,2452018,-47.454240408916185
1114646,89757,-47.466548794962506
1114646,1268778,-47.533280153130534
1114646,4577147,-47.6225366879689
1114646,3608313,-47.62425855483396
1114646,1786995,-47.63586567219702
1114646,590265,-47.73521390530968
1114646,2505772,-47.74541146901103
1114646,8605091,-47.747673311299735
1114646,2842768,-47.75239118294624
1114646,2729532,-47.75281985970708
1114646,7348566,-47.75581956839679
1114646,6106578,-47.847244199535986
1114646,6264172,-47.85583652183472
1114646,2845871,-47.85583652183472
1114646,5927881,-47.858411341868795
1114646,5549480,-47.8661278558797
1114646,4867765,-47.902982557741225
1114646,4867770,-47.903413005924136
1114646,1508336,-47.903413005924136
1114646,5735301,-47.90384341705312
1114646,1911319,-47.904273791134536
1114646,2304745,-47.90470412817477
1114646,6641376,-47.905564691157196
1114646,4635687,-47.914162184527584
1114646,8454121,-47.96245393949785
1114646,6372405,-47.963314650619495
1114646,7577009,-48.04396512372618
1114646,820573,-48.077691709971546
1114646,3164717,-48.09015325752796
1114646,3664749,-48.11210752611779
1114646,3080176,-48.11296860781073
1114646,8454393,-48.11813198615141
1114646,1597713,-48.118221948434424
1114646,5279669,-48.11908332681424
1114646,3360647,-48.12016301491178
1114646,8181052,-48.1246786720714
1114646,1776038,-48.1255389389283
1114646,7390304,-48.12639905779884
1114646,1415141,-48.127688958741615
1114646,1703791,-48.12940830918796
1114646,6704401,-48.14142723619123
1114646,364372,-48.142713266480044
1114646,6485229,-48.29029452755594
1114646,2016857,-48.293308183814844
1114646,2897538,-48.295029457918915
1114646,3148456,-48.29545968387386
1114646,8074924,-48.29921124636077
1114646,1348686,-48.30405643813868
1114646,7500194,-48.306203319182934
1114646,2661304,-48.31992157219608
1114646,8572330,-48.39823751839281
1114646,8572329,-48.39952941904423
1114646,5149782,-48.40211221937371
19335,5078867,-35.559297714937244
19335,6188457,-35.80263770487377
19335,6180356,-35.81027787666537
19335,903639,-35.860189129696906
19335,7954314,-35.888492543034886
19335,6873717,-36.07673761984027
19335,6267534,-36.160547661685
19335,6466946,-36.190509344750936
19335,1352169,-36.19085169912215
19335,6466945,-36.19290521024338
19335,6238013,-36.19308214228919
19335,3428081,-36.19548355576463
19335,8107928,-36.21797225231777
19335,1035224,-36.31096445842904
19335,1603316,-36.31576831581719
19335,5687685,-36.31851078912123
19335,3254512,-36.323305597603365
19335,8635981,-36.41313469747028
19335,5829205,-36.45486587374922
19335,2520834,-36.45645246799524
19335,1967031,-36.456585593805286
19335,7278403,-36.46002281742773
19335,1901071,-36.46277047129704
19335,3823015,-36.463457089959306
19335,6158375,-36.46723138727651
19335,6568700,-36.56331722300507
19335,1560550,-36.56572276269165
19335,3579772,-36.56640979411644
19335,6027490,-36.57121571283949
19335,7267248,-36.6042607322109
19335,2053771,-36.61836608965628
19335,4317908,-36.62625712731341
19335,114024,-36.62659986303011
19335,2597128,-36.62899819112471
19335,6487783,-36.635633825254274
19335,3849558,-36.71044187767903
19335,8227932,-36.71044187767903
19335,501588,-36.71099608487454
19335,6533726,-36.717872306022436
19335,3801694,-36.72645099299743
19335,2966377,-36.7405673069423
19335,8204084,-36.81654143959319
19335,5668548,-36.81688556113713
19335,4856832,-36.82836889858043
19335,2053766,-36.83112104235091
19335,6981499,-36.835245710809495
19335,2725017,-36.84245366209836
19335,3936280,-36.843139456721694
19335,3366913,-36.84769293579356
19335,3656967,-36.84838168253447
19335,3366911,-36.848726011437655
19335,736391,-36.848726011437655
19335,993676,-36.85285564796631
19335,298111,-36.85595007986262
19335,515292,-36.85938553222225
19335,4709519,-36.85938553222225
19335,6413931,-36.860415592829845
19335,7695105,-36.86075888742832
19335,6238007,-36.86144538824951
19335,6981504,-36.86247491861776
19335,5370866,-36.864190213932126
19335,8113145,-36.864190213932126
19335,613560,-36.86453318474552
19335,4486321,-36.892796223417605
19335,6562111,-36.90824052307255
19335,5459549,-37.09839567815884
19335,4095467,-37.10011673009231
19335,156132,-37.10252495942848
19335,5869996,-37.10252495942848
19335,1484353,-37.10493173974487
19335,3260688,-37.105962773877806
19335,7039451,-37.10733707278416
19335,1885929,-37.113112478025954
19335,4798567,-37.11351558138817
19335,5870000,-37.114830573028655
19335,6908321,-37.11586107591977
19335,7954312,-37.1168913133952
19335,5711213,-37.12107373483177
19335,5603587,-37.124095555552586
19335,6315507,-37.124438291269286
19335,7627418,-37.124438291269286
19335,1906597,-37.13312836862589
19335,3088434,-37.134847497397914
19335,1208861,-37.13519123450798
19335,222274,-37.13725303708449
19335,8113691,-37.13862698195129
19335,5112201,-37.14446098837335
19335,5432495,-37.157471022695695
19335,1720395,-37.273999582631724
19335,1720389,-37.274344148823104
19335,1572913,-37.277443909607825
19335,7778619,-37.27950908308524
19335,7891863,-37.28397997119386
19335,2842582,-37.28741571863716
19335,6411068,-37.28741571863716
19335,1906598,-37.28775913112729
19335,351921,-37.28981898715455
19335,3683653,-37.36118592820074
19335,771851,-37.38375133082169
19335,4075904,-37.392697340245114
789700,6939903,-24.798490679791826
789700,4273580,-27.148194231871443
789700,1437501,-27.794304881209364
789700,6939905,-27.848685025223006
789700,7301424,-28.51180467753995
789700,8197220,-28.901527513257857
789700,4273589,-29.540920342604167
789700,338319,-29.544281310914474
789700,6834592,-29.54453969104348
789700,6939898,-29.544798048920974
789700,6939904,-29.545056384550783
789700,6834597,-29.545831257992425
789700,6939899,-29.546089504669812
789700,1590503,-29.550218431026714
789700,302463,-29.555886441953326
789700,4273582,-30.187806177277093
789700,6834598,-30.188840633292788
789700,6939901,-30.188840633292788
789700,6834594,-30.189357727568975
789700,1698200,-30.19013320190509
789700,4273584,-30.190391648811644
789700,4273583,-30.191425213846024
789700,4273587,-30.19220015400773
789700,4273585,-30.19220015400773
789700,3272322,-30.192458422917476
789700,4492312,-30.192716669594866
789700,768317,-30.19323309626786
789700,1533753,-30.19323309626786
789700,6939902,-30.195039889866194
789700,6834593,-31.552711816951124
789700,6834590,-31.942434963841848
789700,6834596,-31.94320997073511
789700,1260652,-31.94346826188105
789700,6834599,-31.943726530790798
789700,1590507,-31.94837157313708
789700,6834595,-32.58466663723697
789700,698486,-32.585960097521905
789700,8598565,-32.58725300036734
789700,1563909,-32.58751151408596
789700,4273588,-32.58854534625355
789700,1260650,-32.5893204866444
789700,1142252,-32.5893204866444
789700,8829257,-32.5900954268061
789700,1563907,-32.5900954268061
789700,8829258,-32.59035369571585
789700,8299302,-32.59061194239324
789700,6834591,-32.59087016684209
789700,7639308,-32.591128369066226
789700,5471744,-32.591902842428645
789700,8302630,-32.591902842428645
47923,8348762,-54.206582727335054
47923,5417582,-54.362742974760614
47923,1681336,-56.08683481720774
47923,1868438,-56.54123578294468
47923,6241150,-57.666105817536355
47923,99926,-57.81130720045888
47923,1868437,-58.222410186427005
47923,6241152,-58.4419354569039
47923,1488916,-58.46360115840056
47923,2135499,-58.69909785506723
47923,6241147,-58.69961461532524
47923,618556,-58.70684458960409
47923,611017,-58.71921859826923
47923,5147526,-59.088835610501576
47923,1681334,-59.09734149901048
47923,1023866,-59.10816829051652
47923,611018,-59.10919839533221
47923,436332,-59.1138316797029
47923,6244013,-59.1148608127466
47923,1488915,-59.12873685963427
47923,8418683,-59.34055496805804
47923,3196227,-59.414427495299506
47923,6213244,-59.414427495299506
47923,4257346,-59.50950968144082
47923,6643066,-59.7309420545779
47923,4297620,-59.735189786754
47923,3438013,-59.73932262316239
47923,3719511,-59.74809545989921
47923,1023864,-59.74912671554142
47923,8625734,-59.75221941940619
47923,953306,-59.75273471510036
47923,99928,-59.75376517374285
47923,4140319,-59.75376517374285
47923,611271,-59.76499376798397
47923,284591,-59.77272254069321
47923,4321228,-59.78107747825626
47923,5586331,-59.79720433051169
47923,3883233,-59.79823372840223
47923,291219,-59.80029199450476
47923,5878045,-59.80658539183361
47923,291225,-59.810572747172145
47923,6550064,-60.061054660224556
47923,8418681,-60.17439748823206
47923,1488918,-60.187810733373574
47923,2921292,-60.19244680221804
47923,6813699,-60.19296169992535
47923,528296,-60.19656474718207
47923,4684893,-60.19913702832035
47923,4684895,-60.19965135224187
47923,6241151,-60.37406020222764
47923,2569321,-60.37716410545509
47923,3217351,-60.394206930527524
47923,3217354,-60.398846584331245
47923,1827452,-60.40090750163144
47923,7081673,-60.410687203199544
47923,6213241,-60.41582801901873
47923,3946163,-60.44537552605138
47923,3395317,-60.448064242086716
47923,2772864,-60.46069272125338
47923,4081982,-60.478207522526034
47923,5032362,-60.6032875360348
47923,6241153,-60.6032875360348
47923,1681331,-60.60380394048308
47923,2416689,-60.62802495114691
47923,3853969,-60.63059590963955
47923,5147527,-60.72970896030784
47923,8619129,-60.73228278625372
47923,5417580,-60.734855508576345
47923,3246975,-60.81637461159066
47923,1296110,-60.82050815980234
47923,4991357,-60.82102465315711
47923,8012628,-60.832073980250854
47923,3883232,-60.83546844543581
47923,8641106,-60.83649881559882
47923,3748439,-60.8395888648504
47923,5443246,-60.84010371837489
47923,4321230,-60.8401037183749
47923,2655670,-60.843963566110645
47923,4914474,-60.84627851716692
47923,2838662,-60.84833537208452
47923,7760812,-60.85222070855074
47923,1488919,-60.85376765848969
47923,6935784,-60.8553142096891
47923,4587558,-60.857890909491644
47923,2956414,-60.86098148930123
47923,3395316,-60.86527757453165
47923,495327,-60.86664342095465
47923,6213242,-60.88667459914146
47923,4202492,-61.0806705618899
47923,1681339,-61.092857442772114
47923,1960681,-61.098026603878594
47923,2148997,-61.09854327513821
47923,6919836,-61.100093022021504
47923,525511,-61.10370754217419
47923,4536183,-61.1098988010108
47923,1569551,-61.109987083723325
47923,8619126,-61.113507420564886
47923,6378785,-61.11505330765496
47923,2416691,-61.115568514854445
47923,3506082,-61.115568514854445
301524,5794161,-53.09694310457954
301524,6169217,-53.77088977560338
301524,5585186,-54.750785854255426
301524,5498037,-55.289350398862915
301524,8745829,-55.37447375035594
301524,5660547,-55.653541763288025
301524,4322234,-55.65457541734381
301524,5703889,-55.665933874609436
301524,5633393,-56.24566988230565
301524,5498040,-56.30120258226886
301524,5498039,-56.5474105817367
301524,7524163,-56.68704878049549
301524,8731137,-56.690150544261876
301524,8731138,-56.690150544261876
301524,6391532,-56.69066734903058
301524,1825974,-56.69738176333917
301524,3664994,-57.02412549299227
301524,7825902,-57.337294513955634
301524,8731133,-57.33781127421364
301524,5119196,-57.33884466122825
301524,2293168,-57.34555734200896
301524,5585190,-57.660938437164766
301524,5794158,-57.77133528005414
301524,3664995,-57.77288582792301
301524,3185150,-57.97254167840042
301524,7467707,-57.99992058736071
301524,4322237,-58.05505404647858
301524,7524159,-58.44245221716191
301524,4402118,-58.444267417997914
301524,3822156,-58.456092817291065
301524,1825966,-58.57647262353345
301524,7524164,-58.647411533228215
301524,7499911,-58.690306114281306
301524,7524156,-58.69909785506723
301524,8652481,-58.71973362857049
301524,8652475,-58.72106480558991
301524,6391535,-58.7308529040618
301524,8745828,-59.07821805921203
301524,8745827,-59.08546112528785
301524,7890596,-59.08729091737207
301524,3067457,-59.087528967773174
301524,3067456,-59.088562621828956
301524,2987535,-59.089079382086965
301524,1365086,-59.090629395873485
301524,3538626,-59.101468294974154
301524,5596289,-59.11093262240742
301524,4104753,-59.183924759490765
301524,6523265,-59.183924759490765
301524,1825970,-59.27491456702
301524,289131,-59.29225678290201
301524,2928417,-59.311833833319454
301524,6777580,-59.3436575337766
301524,8458062,-59.347791794036816
301524,1719275,-59.350890620855445
301524,8665817,-59.358630693137485
301524,5831797,-59.38230484443528
301524,390540,-59.51311427483096
301524,1365087,-59.7315712182189
301524,1825973,-59.73312230053833
301524,6010946,-59.735189786754006
301524,4231267,-59.736223262767
301524,8745825,-59.73725656079854
301524,3735866,-59.73880617426468
301524,1010736,-59.73983902761067
301524,1825972,-59.74087170318957
301524,2915792,-59.741904201062596
301524,4641828,-59.76200247800638
301524,982597,-60.03322505775211
301524,3664992,-60.057282627643744
301524,6056500,-60.099535234776596
301524,6191594,-60.194506127980695
301524,2701360,-60.196050158595334
301524,7388158,-60.205819802876405
301524,8835617,-60.205819802876405
301524,6412965,-60.27965891257506
301524,640598,-60.28172177843175
301524,2438538,-60.371990040993296
301524,7825896,-60.37974946546338
301524,7825898,-60.38078329762329
301524,3115772,-60.38388372572359
301524,5585189,-60.38543333918973
301524,2878749,-60.38594978808744
301524,8074022,-60.38956368621592
301524,6055535,-60.403482653175715
301524,8084577,-60.40914409915152
301524,8433321,-60.43207633529309
301524,539346,-60.44909425848367
301524,2790373,-60.456047879376115
301524,6523272,-60.46997163162811
301524,729194,-60.493619413561376
301524,8745826,-60.817925025904444
301524,1825969,-60.833407174126464
301524,8444266,-60.83340717412647
301524,5961086,-60.84964157200592
301524,2916215,-60.85963548756971
301524,6412966,-60.871271939715406
301524,5782214,-61.09130582563362
301524,1681095,-61.09389163132449
301524,1681097,-61.09440865876173
301524,4034318,-61.09544257999673
405717,8156519,-52.41565696079593
405717,2514108,-52.43897567655007
405717,5921487,-53.67719651912667
405717,7589975,-53.69871924597746
405717,2702419,-53.85448151832101
405717,6419725,-53.85654367518552
405717,8433854,-53.90795655032715
405717,5668741,-53.97624654792853
405717,5041497,-54.122977018511875
405717,5638740,-54.16973878895195
405717,7170626,-54.28491727409055
405717,2616168,-54.30877098471224
405717,7631901,-54.34664535797474
405717,8433858,-54.38916591284682
405717,3033900,-54.49388554770523
405717,1018529,-54.59928902643163
405717,1829324,-54.74244980462991
405717,5354529,-54.92321928260437
405717,7728831,-55.00307071670927
405717,6960749,-55.005945788946654
405717,506336,-55.00898172843175
405717,3171746,-55.27306266203886
405717,7170630,-55.36495806991728
405717,1849743,-55.40515975371734
405717,5564915,-55.408064651971145
405717,5093718,-55.41149338107045
405717,218777,-55.41509735584802
405717,4353488,-55.41612666544114
405717,4828118,-55.65302486947493
405717,4326699,-55.666449657568286
405717,931517,-55.66802453460872
405717,8205108,-55.68703086229179
405717,3430312,-55.69583657286399
405717,6924359,-55.81394305149688
405717,2365659,-55.83677613481857
405717,2300933,-55.93594278326556
405717,7447941,-55.95674174631411
405717,814861,-55.96786238402265
405717,5079482,-56.02058406599392
405717,4432155,-56.03761662852973
405717,6442862,-56.04248963623666
405717,3514259,-56.04404018410553
405717,1453480,-56.05254482648779
405717,3977357,-56.0578397503324
405717,3292704,-56.06120979975155
405717,953490,-56.06686930384985
405717,506337,-56.081165590377665
405717,1018527,-56.08363226380738
405717,2278076,-56.08992486645932
405717,4365901,-56.096487060991066
405717,6211213,-56.12459971515207
405717,7631900,-56.150741264951165
405717,5142606,-56.1781692949886
405717,6316274,-56.242312564386765
405717,4529803,-56.316248469099115
405717,7340937,-56.32378404901999
405717,3863710,-56.33616018466379
405717,28368,-56.39571109236986
405717,4123811,-56.45954099511109
405717,5430016,-56.46856749128271
405717,6535575,-56.4706303571394
405717,3685243,-56.47937339081061
405717,4797303,-56.48505059360255
405717,7986118,-56.48548899853502
405717,1829321,-56.51097628818157
405717,3093887,-56.52550239751799
405717,2432223,-56.53969108981518
405717,6312437,-56.5550033723101
405717,3082589,-56.565384199655405
405717,1054670,-56.604401231467435
405717,4288232,-56.620894245211396
405717,4972016,-56.627581603368654
405717,4804772,-56.62963775341918
405717,1067475,-56.64909459089764
405717,3458607,-56.663712825195
405717,1589738,-56.674443072556244
405717,2642838,-56.68963369497481
405717,2790595,-56.71338660315746
405717,2790588,-56.71338660315746
405717,3368184,-56.73643316859099
405717,3975692,-56.75227737622307
405717,3527731,-56.755369283225086
405717,2432217,-56.76000415831394
405717,2438351,-56.76309208715388
405717,470379,-56.76463545582173
405717,211715,-56.8878114485904
405717,8792404,-56.90415801991096
405717,1773176,-56.905188301609684
405717,6382171,-56.906218406425374
405717,8817604,-56.913938560521075
405717,6624738,-56.91548140003998
405717,7403276,-56.91753790246365
405717,2365661,-56.94989652123844
405717,3040883,-56.973098805067856
405717,213362,-56.97855522165763
405717,6786304,-56.99395629439957
405717,37346,-56.99498977041256
405717,37342,-57.000154481981056
405717,3417863,-57.00476768900681
405717,4704975,-57.00479892436387
165633,6160623,-36.259900266676496
165633,5689373,-36.47100212662061
165633,5689372,-36.648679591369245
165633,8342630,-37.05872878675123
165633,6228229,-38.14542200106833
165633,1908533,-38.16715637002772
165633,3720078,-38.1723142003277
165633,6450707,-38.81034128281913
165633,4443764,-38.81068564136546
165633,2882238,-38.81481563321426
165633,6160626,-38.82512199536143
165633,4951677,-38.84373293205107
165633,6160628,-39.23691819699205
165633,2324443,-39.23948010540197
165633,6450704,-39.45490167367411
165633,7846340,-39.520276709124886
165633,404254,-39.90871265165555
165633,8274266,-40.169733283669274
165633,8274268,-40.170077849860654
165633,404252,-40.187268424955754
165633,6160624,-40.18761148401358
165633,4870562,-40.317143458698254
165633,8329314,-40.53470756568336
165633,6740363,-40.540219913351265
165633,4215354,-40.55362452126623
165633,5689375,-40.557397200490925
165633,5150065,-40.563675097425225
165633,5150061,-40.565739737922534
165633,4460733,-40.566083741087574
165633,8342625,-40.56642771467062
165633,6266751,-40.56986582460956
165633,5789035,-40.57295759892656
165633,4626635,-40.57639010323474
165633,715096,-40.816705014785704
165633,675168,-40.817049551298176
165633,7957303,-40.818771788855784
165633,8274271,-40.819804775570425
165633,5929918,-40.82359011283395
165633,8274265,-41.204101939036505
165633,2006568,-41.20444665369916
165633,8274267,-41.204446653699165
165633,7047020,-41.205135993916116
165633,2172292,-41.20582521535605
165633,5659317,-41.20789216742292
165633,2512110,-41.20961381196434
165633,78991,-41.210302262350275
165633,5929920,-41.210302262350275
165633,6719091,-41.210990594265624
165633,6719099,-41.210990594265624
165633,675163,-41.21167880775114
165633,7147096,-41.21305487959567
165633,1929749,-41.21580560391818
165633,2081405,-41.221301384195876
165633,5435605,-41.22164461987887
165633,3487778,-41.2230172681598
165633,884432,-41.22610400563163
165633,884437,-41.22918836295302
165633,7047019,-41.84762533445038
165633,2006569,-41.84934994816363
165633,6916150,-41.849349948163635
165633,6916147,-41.849349948163635
165633,5461115,-41.849694781695455
165633,5659313,-41.849694781695455
165633,8627335,-41.850729103961555
165633,4374794,-41.850729103961555
165633,5150059,-41.851073818624215
165633,7047017,-41.851073818624215
165633,4140840,-41.851763158841166
165633,4374792,-41.851763158841166
165633,1030511,-41.8521077844057
165633,6916144,-41.8521077844057
165633,5616823,-41.8521077844057
165633,1895108,-41.85245238028111
165633,1030509,-41.85279694647248
165633,8838916,-41.85279694647248
165633,4086110,-41.85314148298495
165633,4086111,-41.85348598982362
165633,675160,-41.853830466993614
165633,7413339,-41.85417491450003
165633,7077632,-41.85451933234797
165633,307906,-41.85486372054255
165633,1486171,-41.85486372054255
165633,18386,-41.85486372054255
165633,1972001,-41.85486372054255
165633,3231963,-41.85520807908888
165633,1890741,-41.85520807908888
165633,2006567,-41.85520807908888
165633,3334630,-41.855552407992064
165633,2217892,-41.85555240799207
165633,440452,-41.85555240799207
165633,4198330,-41.85555240799207
165633,913391,-41.856240976889396
165633,1030508,-41.856240976889396
165633,675164,-41.856585216893734
165633,8342626,-41.856585216893734
165633,2172293,-41.856585216893734
165633,638194,-41.85692942727533
165633,1486174,-41.85761775919068
165633,4078178,-41.86827178480392
165633,7852410,-41.86895816782449
952774,2480749,-30.670212976068136
952774,4557559,-30.69203084324795
952774,1449047,-30.740903819625785
952774,4573402,-30.828275653734405
952774,6825750,-30.82868005266966
952774,2619548,-30.866575181626743
952774,1028816,-31.12872096949759
952774,6304505,-31.468651931969312
952774,6304502,-31.752015305049277
952774,1449055,-31.851032104518254
952774,1028815,-31.863268329075296
952774,5358968,-31.864235043862582
952774,3191935,-31.869098833931744
952774,5172401,-32.11749575828233
952774,4342621,-32.12614956264188
952774,8765815,-32.3528609610374
952774,6092207,-32.366540519504376
952774,3470170,-32.420997367189614
952774,5358971,-32.47995189279939
952774,7297431,-32.53912519334379
952774,790350,-32.58217355200881
952774,4227962,-32.58501305875224
952774,4810097,-32.81390083502193
952774,3491005,-32.99755625289054
952774,5117724,-33.01958111313802
952774,1218877,-33.075037032122
952774,4916405,-33.117739931030144
952774,2506693,-33.137219295931956
952774,2619552,-33.20302186467359
952774,4032456,-33.26786419501063
952774,2480752,-33.28057155879054
952774,2480753,-33.28091444140489
952774,4573400,-33.303825826765845
952774,8765818,-33.30692425360856
952774,3087303,-33.38461852043808
952774,7277340,-33.4141258446702
952774,7812728,-33.41439447804933
952774,5677309,-33.41955630192159
952774,3190359,-33.45502465837908
952774,18932,-33.535126681487164
952774,186681,-33.694667968436804
952774,6092204,-33.694667968436804
952774,6825753,-33.70875878274718
952774,56289,-33.74684249916581
952774,1711073,-33.80351488626472
952774,4665970,-33.80351488626472
952774,5014872,-33.84483360590475
952774,5703930,-33.84964902959864
952774,3490999,-33.85686131303764
952774,3238119,-33.879989033143765
952774,8735068,-33.90275573720394
952774,3994186,-33.90963432328638
952774,8242810,-33.91478551134696
952774,5804229,-34.07099516673003
952774,4887291,-34.08162909176356
952774,5677306,-34.08344410703022
952774,3700478,-34.084821244835055
952774,688431,-34.092730599361076
952774,7070207,-34.140711922123586
952774,3470175,-34.33716158494582
952774,7081438,-34.342327853379985
952774,8462779,-34.3564150365912
952774,4857634,-34.36495379137757
952774,5186543,-34.37474205325411
952774,4778003,-34.37542620571915
952774,5735052,-34.40561867459658
952774,1560842,-34.43012947463067
952774,5382073,-34.44773071092832
952774,2276560,-34.44935648434636
952774,3964938,-34.45358430332341
952774,1686964,-34.474974402742326
952774,6825748,-34.50177244677325
952774,6375264,-34.55626148821143
952774,2911251,-34.556948696686405
952774,4616593,-34.556948696686405
952774,4619848,-34.608901176344304
952774,1218880,-34.69671148250897
952774,1970974,-34.699721051271545
952774,7847298,-34.70428574262399
952774,6426311,-34.70833743606775
952774,5172399,-34.87989290644164
952774,4135088,-34.880581356827584
952774,5380524,-34.88195790222845
952774,4557262,-34.90174048249149
952774,278696,-34.90412736805257
952774,374172,-34.96680659638897
952774,8576300,-34.995333648625056
952774,6875323,-34.99720719387424
952774,7236718,-34.99877323677436
952774,78202,-35.00544237988723
952774,3238124,-35.09470244204475
952774,147190,-35.098146472461664
952774,4153023,-35.098149284427464
952774,7071908,-35.10227539853342
952774,18931,-35.1043382644155
952774,4956882,-35.11353037301029
952774,4047906,-35.120224666885306
952774,1744602,-35.12685611413171
952774,6825747,-35.18428544705849
952774,2654293,-35.31138489535919
766511,7582727,-36.250293372546366
766511,3180940,-36.668509878238126
766511,2421133,-36.82238748337868
766511,7716873,-36.84964864810655
766511,6473883,-36.85354350640674
766511,5993278,-37.11001804612964
766511,1373960,-37.13312836862589
766511,7099413,-37.39063465165678
766511,8141041,-37.39063465165678
766511,6077340,-37.39681952914854
766511,7157811,-37.40025144445349
766511,7727615,-37.40299485822494
766511,2010312,-37.501889800103804
766511,3969589,-37.77356054508982
766511,5916422,-37.77803566561031
766511,6480198,-37.77906767511052
766511,6535766,-38.044510543777704
766511,4455656,-38.14163601238458
766511,5332523,-38.15854517904698
766511,8594381,-38.16268086434514
766511,5994152,-38.16371411789408
766511,1102432,-38.16440280534359
766511,8569577,-38.16577982462685
766511,6130842,-38.17025186623545
766511,1475997,-38.17265781932316
766511,4455660,-38.42122087460374
766511,5720329,-38.42397467624947
766511,7141876,-38.42878927193189
766511,1677427,-38.43016380696599
766511,6928039,-38.4305073669346
766511,8026032,-38.435314110687024
766511,7806636,-38.43977234945853
766511,7229730,-38.80689606585895
766511,3271507,-38.8089635521002
766511,2802329,-38.80930802927019
766511,2772733,-38.81068564136547
766511,5227327,-38.811718539165966
766511,7561397,-38.813783534952776
766511,7156931,-38.815159606797295
766511,144543,-38.83686968902997
766511,1243179,-38.84453977675409
766511,1243183,-39.01127791167609
766511,1686104,-39.01145048930271
766511,869407,-39.23126394921353
766511,2785219,-39.2321102151643
766511,4389443,-39.23623169617085
766511,7972545,-39.23691819699205
766511,4121030,-39.23863393375571
766511,1801052,-39.24720159583282
766511,8776609,-39.247886216682915
766511,2377236,-39.25882424422966
766511,6437951,-39.3071632987022
766511,5107335,-39.51238228585843
766511,2286621,-39.51278256103195
766511,3952207,-39.51346823809688
766511,7628937,-39.51512993972775
766511,638070,-39.51512993972775
766511,2024925,-39.52027670912488
766511,8644206,-39.52130526880415
766511,170137,-39.52130526880415
766511,2372408,-39.52130526880415
766511,900087,-39.52233356406766
766511,48501,-39.52438936189094
766511,5347211,-39.52507439310435
766511,6706860,-39.52644410368077
766511,714984,-39.52678645805199
766511,1838710,-39.52815558259579
766511,6447535,-39.528839969173205
766511,5807432,-39.52886497931589
766511,6374635,-39.67602769204272
766511,5345800,-39.68496754945984
766511,3240145,-39.68668446453325
766511,6808075,-39.69560056263264
766511,1855048,-39.783024215715336
766511,2466308,-39.78336854461852
766511,1122129,-39.78749818114717
766511,5581334,-39.795401420609174
766511,3313713,-39.79608792143037
766511,3844478,-39.79711745179862
766511,6051983,-39.79917571792638
766511,756382,-39.891870955669035
766511,1476002,-39.89255976171157
766511,7930992,-39.892904120257896
766511,4471427,-39.89496964920829
766511,5356310,-39.89533031835934
766511,2480126,-39.89565792190363
766511,7726313,-39.896346076189516
766511,1272374,-39.896346076189516
766511,291593,-39.89737808568973
766511,4815812,-39.89806594413016
766511,2210204,-39.898409828997714
766511,4677678,-39.89909751005294
766511,1476000,-39.899441306250765
766511,2752348,-39.899441306250765
766511,940743,-39.899785072902176
766511,6111321,-39.900472517586046
766511,5678236,-39.90356455745555
766511,4771281,-39.90390796994568
766511,5135025,-39.90425135295529
766511,3240146,-39.906311032205764
1106293,7260300,-34.74279174198731
1106293,6101864,-36.46407873964501
1106293,5997644,-36.46482997380107
1106293,2582327,-36.493203917578
1106293,2431595,-36.831311997734446
1106293,7300563,-36.85595007986262
1106293,8753851,-36.86624759784245
1106293,3445111,-37.2760665346986
1106293,2309385,-37.387538623018756
1106293,8196725,-37.39200989556124
1106293,3797882,-37.40710645414301
1106293,2332032,-37.5400936780246
1106293,3196382,-37.61313565083675
1106293,7861145,-37.774938038581865
1106293,5933474,-37.77734751132442
1106293,8199433,-37.781474662322964
1106293,7260335,-37.78216210700684
1106293,2332966,-37.783193052561444
1106293,7260308,-37.78697091457253
1106293,5933431,-38.16199188033648
1106293,6907148,-38.162243461173766
1106293,2309383,-38.16302531185155
1106293,2332752,-38.165091374240916
1106293,3445106,-38.165435614245254
1106293,2332751,-38.16750043237203
1106293,2332637,-38.17025186623545
1106293,653991,-38.17231420032769
1106293,2501017,-38.1826099512952
1106293,7504023,-38.19390475292662
1106293,6101861,-38.42328640355413
1106293,2343965,-38.42466283053536
1106293,4893045,-38.4277580605966
1106293,3730077,-38.429820217486494
1106293,6658101,-38.43085089739738
1106293,4009272,-38.43222472429152
1106293,2333201,-38.43256810730114
1106293,1907403,-38.43359807949758
1106293,3911597,-38.43634337614026
1106293,7349671,-38.451408920430026
1106293,7745446,-38.804482647178276
1106293,7260306,-38.80758534668228
1106293,8192781,-38.80861904526153
1106293,4979774,-38.80930802927019
1106293,8441356,-38.8096524767766
1106293,6128010,-38.8096524767766
1106293,8790253,-38.80999689462455
1106293,7260323,-38.81034128281913
1106293,2422081,-38.81034128281913
1106293,3855108,-38.81068564136546
1106293,4386067,-38.81102997026865
1106293,8358872,-38.81102997026865
1106293,4397535,-38.81137426953378
1106293,3684842,-38.811718539165966
1106293,4938105,-38.8124069895519
1106293,3383397,-38.812751170315856
1106293,5439195,-38.81309532146725
1106293,4065582,-38.81378353495277
1106293,7734702,-38.81412759729708
1106293,7260336,-38.81412759729709
1106293,2332861,-38.8151596067973
1106293,8199428,-38.81550355080343
1106293,2596690,-38.81653520541118
1106293,2332756,-38.816879031160504
1106293,4469040,-38.81722282735833
1106293,7260305,-38.81825403869362
1106293,2887717,-38.82134607856312
1106293,8012759,-38.82134607856312
1106293,3770016,-38.8230628462593
1106293,4041233,-38.82855155667344
1106293,5942272,-39.006289553425304
1106293,3610589,-39.44834983510864
1106293,3635556,-39.44973006165201
1106293,6463982,-39.45041999636865
1106293,3436362,-39.45145467536526
1106293,7936885,-39.45283383116319
1106293,8067745,-39.453523230784
1106293,2737370,-39.45421251160733
1106293,2897481,-39.454557107482735
1106293,3143616,-39.45490167367411
1106293,4250552,-39.45490167367411
1106293,2274008,-39.45490167367411
1106293,5045791,-39.45524621018658
1106293,5070749,-39.45524621018658
1106293,222947,-39.45559071702525
1106293,7260298,-39.45559071702525
1106293,4882412,-39.45593519419524
1106293,6931221,-39.456279641701656
1106293,3656982,-39.456624059549604
1106293,2808325,-39.456624059549604
1106293,8826134,-39.456624059549604
1106293,2332508,-39.45731280629052
1106293,7374095,-39.4576571351937
1106293,3758107,-39.4576571351937
1106293,2399448,-39.45903415447696
1106293,2464004,-39.45903415447696
1106293,4251569,-39.459378335240906
1106293,6353930,-39.459378335240906
1106293,2332643,-39.460410699877826
1106293,8198828,-39.46144279813931
1106293,1489562,-39.46178677172235
452431,3399113,-31.74835531809067
452431,489111,-31.789549883513622
452431,8720583,-32.068321316624605
452431,7520147,-32.69731439616449
452431,470914,-32.812525709313306
452431,7519416,-33.137907509417474
452431,1898634,-33.346995177665576
452431,6281529,-33.36827675327099
452431,996347,-33.380349823346215
452431,8802016,-33.43294595290412
452431,154488,-33.576857614520925
452431,1193055,-33.80867715424901
452431,3461995,-33.81422993037769
452431,8147865,-33.82900302581097
452431,1036671,-33.96832197667487
452431,3717859,-33.99224544180855
452431,1512773,-34.047942386454324
452431,343316,-34.209466021113926
452431,3698287,-34.21084327746076
452431,1036665,-34.21236471273346
452431,3168072,-34.219440402453884
452431,8802012,-34.24735534525261
452431,5642853,-34.33716158494582
452431,938092,-34.34163940299405
452431,4889896,-34.3417241367215
452431,1948854,-34.42771958713394
452431,2004963,-34.428408274583454
452431,1466204,-34.445740964635085
452431,4643486,-34.44894089476428
452431,1484503,-34.4546164015849
452431,823822,-34.45633597378182
452431,153567,-34.45771109949045
452431,6281523,-34.46903788459089
452431,5450907,-34.51220470609338
452431,3466597,-34.624885476646796
452431,4915373,-34.701625189873496
452431,8498479,-34.72903810736641
452431,5621673,-34.72972691340893
452431,7492694,-34.735233095827525
452431,3793444,-34.74255989826895
452431,1562057,-34.752733638464505
452431,8836185,-34.75373423010498
452431,1036667,-34.76044413968348
452431,1466203,-34.85789403298182
452431,2004960,-34.85965171836144
452431,4600300,-34.8891770038631
452431,2765214,-34.897824954670995
452431,6281528,-34.91533450987287
452431,5121285,-34.96839930399004
452431,129265,-34.968926749165085
452431,2644506,-34.96943033812298
452431,1336033,-34.992395493990855
452431,710860,-35.019637683748655
452431,7751023,-35.09263459953383
452431,4915381,-35.096780042717256
452431,753416,-35.09952325476295
452431,2144139,-35.1043382644155
452431,2220518,-35.113669255272015
452431,1193051,-35.125385602762705
452431,5740517,-35.14082857738307
452431,8438344,-35.17740981689016
452431,3399114,-35.191835014770646
452431,129271,-35.286039327303925
452431,5450900,-35.30440606344652
452431,2619409,-35.357442791804985
452431,5450903,-35.35879854038575
452431,6972386,-35.35950264783224
452431,182811,-35.39351166777331
452431,8653158,-35.39710566350942
452431,630502,-35.39847854735119
452431,5642858,-35.401222902235304
452431,5157802,-35.404308052532215
452431,4556044,-35.405629195037896
452431,938099,-35.40768799085939
452431,3627601,-35.50821582846877
452431,6709585,-35.51406841325645
452431,1036664,-35.51769188250921
452431,5450905,-35.52334613028774
452431,2069991,-35.52471877856867
452431,4889902,-35.52951934149647
452431,6069847,-35.52997436146765
452431,2753270,-35.53511719635982
452431,7056952,-35.54882324570933
452431,5917624,-35.5682506554964
452431,2610526,-35.570657642708845
452431,182808,-35.574093685286535
452431,323699,-35.574093685286535
452431,1046416,-35.57574371262064
452431,5450908,-35.57855613254326
452431,4942882,-35.59359123199789
452431,6216471,-35.5966721577972
452431,3685146,-35.60111819871391
452431,6178017,-35.62144958274789
452431,4942886,-35.688987707170725
452431,976172,-35.70856688242346
452431,3046441,-35.747986745385816
452431,7637822,-35.75577464988157
452431,4942889,-35.76069083682153
452431,5157803,-35.76137639636834
452431,4193277,-35.76685183181036
1109818,2972502,-35.29909561013692
1109818,8670826,-36.613382638877724
1109818,3229195,-36.75190868993978
1109818,5173996,-37.07933977504729
1109818,4158623,-37.10218101542235
1109818,521617,-37.10355661403624
1109818,226116,-37.275722116850645
1109818,3836265,-37.28466735681028
1109818,7826068,-37.33906837656408
1109818,7826065,-37.425231556434944
1109818,7225312,-37.595626095634884
1109818,2709387,-37.595626095634884
1109818,5081535,-37.64693466191174
1109818,2709384,-37.741923082299174
1109818,5128176,-37.80372801677035
1109818,6424090,-37.93026339900884
1109818,8784126,-38.135777881459326
1109818,3274556,-38.143357360571024
1109818,8496031,-38.14438981403031
1109818,707344,-38.146797836256845
1109818,8164362,-38.17712218215545
1109818,8164328,-38.27434458878782
1109818,2284614,-38.33639927722334
1109818,7345185,-38.41570757721031
1109818,7721307,-38.450041667825346
1109818,1324668,-38.55123312719616
1109818,2656890,-38.56152887816367
1109818,4286451,-38.56426994197497
1109818,3152566,-38.62826016451002
1109818,5662131,-38.6286011472224
1109818,7787524,-38.6286011472224
1109818,2551120,-38.68345906164371
1109818,6216758,-38.68918303493597
1109818,6844535,-38.764541520288056
1109818,7920101,-38.788035987405294
1109818,8751842,-38.81068564136546
1109818,5346954,-38.81137426953378
1109818,4788453,-38.827929831612856
1109818,922931,-38.83060788292061
1109818,1660195,-38.836086257042496
1109818,1042653,-38.836086257042496
1109818,3244375,-38.836428406425135
1109818,6646630,-38.92337296168766
1109818,6123256,-39.00043243167041
1109818,5113768,-39.010592587044705
1109818,3244382,-39.01127791167609
1109818,6844536,-39.01196311891013
1109818,7787530,-39.01196311891013
1109818,6007962,-39.018808743233144
1109818,2930600,-39.10510439143831
1109818,2930601,-39.10717045382768
1109818,3382297,-39.109923544710924
1109818,8649771,-39.113139771913154
1109818,887333,-39.113362245781516
1109818,1263712,-39.11439327991445
1109818,6007961,-39.11862143062994
1109818,916628,-39.21890798493404
1109818,6718542,-39.224404237183606
1109818,3064761,-39.22852147590949
1109818,2879886,-39.22886438791848
1109818,2170343,-39.2302357420584
1109818,3824257,-39.23263448107895
1109818,5584454,-39.234689398799006
1109818,4479635,-39.24153151023182
1109818,4479636,-39.24153151023182
1109818,2038660,-39.28965975290799
1109818,660368,-39.33658151036984
1109818,5752458,-39.340337122725145
1109818,4949472,-39.349989699715934
1109818,776777,-39.351708385291666
1109818,256810,-39.354800159608665
1109818,7698173,-39.36337590383752
1109818,5662134,-39.36371855147603
1109818,8798519,-39.36988119509914
1109818,8164359,-39.45317854582584
1109818,1904596,-39.459378335240906
1109818,673709,-39.46006660793625
1109818,7303138,-39.46591214917327
1109818,8544421,-39.47037651200555
1109818,5173399,-39.471062895026115
1109818,5067055,-39.484765879402715
1109818,7697669,-39.48613359951212
1109818,3885946,-39.489209260930835
1109818,8672039,-39.496979460593735
1109818,8516572,-39.497236359308985
1109818,5891600,-39.49801200289069
1109818,5834964,-39.49904427872052
1109818,6267328,-39.502406188907315
1109818,7383924,-39.502827012543236
1109818,933253,-39.50516070168262
1109818,1026539,-39.50523234558253
1109818,8789739,-39.50523234558253
1109818,7953392,-39.50584903359797
1109818,5756295,-39.50626275998655
1109818,6249415,-39.506949555486294
1109818,916629,-39.507979527682735
1109818,5582660,-39.51072482432542
1109818,3581316,-39.56657790075951
1109818,8709067,-39.56692025513074
1109818,6356118,-39.57034218821822
1047902,4793518,-66.59193182228547
1047902,4458881,-66.94480633280824
1047902,4887380,-67.341484310688
1047902,3870188,-67.71169730558371
1047902,7930254,-67.71333129471472
1047902,3578817,-68.35832447050878
1047902,5321215,-68.35952925868416
1047902,4907907,-68.36254032223823
1047902,3893270,-68.3758331030453
1047902,4983543,-68.38298127704681
1047902,4209850,-68.68825173166304
1047902,8829166,-68.99590910846976
1047902,5406763,-69.00254143682686
1047902,4458874,-69.00675873994614
1047902,6275905,-69.09995820441377
1047902,4978061,-69.41872290535296
1047902,8778402,-69.64253627339482
1047902,8829164,-69.64434571351242
1047902,6580611,-69.64916860175191
1047902,5321213,-69.65157880035889
1047902,2129923,-69.65579465208833
1047902,1335199,-69.7333690905143
1047902,1283678,-69.75558218313513
1047902,4458875,-69.98150606151314
1047902,8777662,-70.11561444673691
1047902,5988399,-70.13424938492012
1047902,4824533,-70.36976655827456
1047902,7718304,-70.373980597171
1047902,5672414,-70.38780889039585
1047902,5931022,-70.58932806163631
1047902,5931023,-70.72141388009665
1047902,4907903,-70.75320686535966
1047902,4824537,-70.75441217215626
1047902,3279340,-70.75742453148253
1047902,4434610,-70.75802684781945
1047902,4434607,-70.75862911233439
1047902,1819929,-70.7604355950366
1047902,8829163,-70.76404716245095
1047902,5931014,-70.97819273238231
1047902,5240054,-71.00916374915286
1047902,3520615,-71.01458692964586
1047902,1577416,-71.01639372319961
1047902,4956714,-71.01639372319961
1047902,3809163,-71.04103994266984
1047902,3251321,-71.04703807504715
1047902,5069718,-71.04883651298525
1047902,6211611,-71.19164367735512
1047902,3969860,-71.36975106074028
1047902,3520610,-71.39320113060849
1047902,5201393,-71.39742279389944
1047902,3059788,-71.39862851591458
1047902,8798420,-71.39862851591458
1047902,3606070,-71.39983403028472
1047902,74753,-71.40405169640758
1047902,3606074,-71.40405169640758
1047902,2383101,-71.4046540127445
1047902,5032007,-71.40525627725945
1047902,7615770,-71.40525627725945
1047902,8024501,-71.40585848996133
1047902,3387333,-71.40585848996133
1047902,4214537,-71.40585848996133
1047902,2342572,-71.40766481727788
1047902,7773469,-71.40947067859774
1047902,26371,-71.40947067859774
1047902,5224444,-71.41187776922263
1047902,7860048,-71.41247941256883
1047902,7674470,-71.4130810042088
1047902,4008895,-71.41368254415141
1047902,4014630,-71.41488546898016
1047902,4793517,-71.43050470943156
1047902,2961955,-71.45920755141445
1047902,3724600,-71.46341724586597
1047902,5931021,-71.46702354150742
1047902,5931017,-71.63703285012457
1047902,3861721,-71.7273533220867
1047902,2819943,-71.73458018601184
1047902,4458876,-71.74240087814007
1047902,4793515,-71.75321512419505
1047902,5439176,-71.83241116896998
1047902,3724603,-71.83904064220717
1047902,4983548,-71.84127286654822
1047902,6211610,-71.84127286654822
1047902,2819937,-71.85468539268713
1047902,6274570,-71.85949213605001
1047902,6154863,-71.86669606797403
1047902,3969859,-72.03016920799195
1047902,8016381,-72.04103474486996
1047902,4173998,-72.04224098631079
1047902,3679662,-72.04404995882447
1047902,5333139,-72.04525568083963
1047902,6342587,-72.04646119520977
1047902,3625197,-72.04706387455029
1047902,3039788,-72.04766650200636
1047902,2837682,-72.04766650200636
1047902,4273192,-72.04826907758694
1047902,2540393,-72.05007649316484
1047902,5406768,-72.05128117766955
1047902,7844514,-72.05128117766955
1047902,3538762,-72.0518834421845
1047902,4061521,-72.05248565488638
306076,6414937,-96.97895383609418
306076,6414936,-101.76110134435433
306076,4143929,-102.33355866097841
306076,211461,-103.18786197245964
306076,1663914,-103.3428035834741
306076,211462,-103.70430042400818
306076,3256033,-103.80921498799742
306076,6385398,-104.62356237934259
306076,6163017,-104.82323567408739
306076,6414938,-105.00109155967316
306076,2874001,-105.00547758033692
306076,6385397,-105.01208373369528
306076,4078388,-105.35790359126526
306076,4143927,-105.48635134779715
306076,6152152,-105.94561261198878
306076,2335737,-106.077741223753
306076,4143926,-106.21033040955452
306076,6152153,-106.59129498700017
306076,3432676,-107.5080141753393
306076,8236527,-107.51278184697263
306076,6414933,-107.66297084134902
306076,8249938,-107.76263471717917
306076,3295471,-107.8958814435704
306076,796183,-107.91191533192567
306076,4308924,-107.94045196422282
306076,1662942,-108.05481564652334
306076,2193180,-108.05481564652334
306076,3169818,-108.08312653266735
306076,1975882,-108.16971977618172
306076,3247369,-108.5431630181522
306076,4143928,-108.59995562015317
306076,3432675,-108.71088787183311
306076,5291339,-108.72315433847506
306076,3169816,-108.72598312005726
306076,7738432,-108.79941753095267
306076,4264405,-108.91686127719325
306076,6424595,-108.91969637746841
306076,3693321,-108.92064124853704
306076,992029,-108.92064124853704
306076,800567,-108.9215860384507
306076,7396216,-108.92630877118224
306076,2857846,-108.9291414378531
306076,6471367,-108.93480458376987
306076,539523,-109.00400582026346
306076,2146382,-109.0944802506112
306076,3256034,-109.17969314538666
306076,4032027,-109.19171934788572
306076,5693668,-109.2153330202489
306076,539515,-109.22270498912039
306076,2912503,-109.26165863781023
306076,5346079,-109.3518489737739
306076,670538,-109.35951201300988
306076,6894608,-109.41402179199508
306076,4032026,-109.57361702088683
306076,1106769,-109.59088274521278
306076,1640207,-109.59274930132963
306076,1453370,-109.82226021168503
306076,745763,-109.82415393914793
306076,427027,-109.82415393914793
306076,2939790,-109.82604734064837
306076,8566079,-109.82794041629865
306076,8782663,-109.83062406300553
306076,408786,-109.8574894226923
306076,6549966,-110.0897317463861
306076,6776849,-110.09909431855488
306076,7069708,-110.09909431855488
306076,5530256,-110.1876715945988
306076,6150716,-110.24249180267823
306076,378151,-110.26221382148498
306076,6161448,-110.28991353878973
306076,6876727,-110.30038173638229
306076,8249943,-110.45228223846149
306076,3158158,-110.53554233433408
306076,6019960,-110.54500934239736
306076,7815200,-110.54593329233752
306076,6150715,-110.6482045792464
306076,4009454,-110.6551544149997
306076,378149,-110.66793670603963
306076,6311155,-110.80690711426249
306076,6152151,-110.90977924874876
306076,5561855,-110.93636653344528
306076,1473620,-110.93851600403555
306076,2831094,-110.95455264244121
306076,3298059,-110.97586146038813
306076,1857399,-111.1995913761392
306076,1674399,-111.36271203132209
306076,6155293,-111.37947862900599
306076,3169822,-111.38136424093453
306076,1663911,-111.49929616901106
306076,2191121,-111.5839397884387
306076,8249935,-111.6002546451977
306076,130843,-111.62909534548983
306076,4618779,-111.64964115882641
306076,6662213,-111.65013392424854
306076,6543858,-111.72989001076999
306076,1261086,-111.74407526351388
306076,6079428,-111.74407526351388
306076,7020789,-111.74869918647622
306076,8249937,-111.80897671260088
306076,8820454,-111.82500757843587
551040,8147204,-84.39740062331484
551040,5809988,-85.38325475789782
551040,224175,-86.10066053378284
551040,6251928,-86.18541307865726
551040,8088537,-86.24502028140793
551040,5146155,-86.57228017117518
551040,5930515,-86.95699697909328
551040,8265043,-86.97601787765961
551040,224179,-87.03327233265473
551040,3065968,-87.178957259912
551040,1234253,-87.18889133455085
551040,4283635,-87.2172467764104
551040,8486072,-87.26716971651256
551040,5107712,-87.35365400490144
551040,5809996,-87.88818139420384
551040,3796910,-87.98005824870899
551040,6617685,-87.98237927203525
551040,6251932,-88.0094137419758
551040,5809991,-88.50009567638043
551040,5334406,-88.50209177816453
551040,7775211,-88.62126736362434
551040,8632291,-88.89310649197355
551040,1731966,-88.90317464667906
551040,1247060,-88.94223300577053
551040,1515274,-89.06305046855341
551040,7930522,-89.22209918500636
551040,331995,-89.2616984748465
551040,1876526,-89.30859976208433
551040,8129738,-89.37340078004651
551040,1234259,-89.37353054918646
551040,224177,-89.54628373034876
551040,3597841,-89.56091938293474
551040,501417,-89.61212477302662
551040,3042012,-89.61757674917328
551040,6781490,-89.62902225382265
551040,3149269,-89.76559134558447
551040,501415,-89.78001876709014
551040,6487006,-89.8126924671763
551040,7112386,-89.83886322971435
551040,1247052,-89.97377502381866
551040,8486075,-89.97764939106521
551040,8486068,-90.26110695339058
551040,8486074,-90.28199078682135
551040,8147207,-90.37098685793316
551040,5334411,-90.38101081129324
551040,5334414,-90.38178621881343
551040,192247,-90.51638975763338
551040,166388,-90.57751025363358
551040,3042013,-90.65289454058538
551040,4123543,-90.66370012540104
551040,6256895,-90.68025812077023
551040,6263020,-90.79842295366151
551040,7775213,-91.01683961613931
551040,7775210,-91.0191626364227
551040,323573,-91.02071098356596
551040,3213822,-91.05779162621889
551040,26669,-91.2754092165134
551040,5943303,-91.292551444939
551040,5930514,-91.29332618497114
551040,5542813,-91.29797322516802
551040,6069542,-91.30648657197781
551040,224176,-91.58241813125011
551040,1804176,-91.6564941204305
551040,4917934,-91.67891658448634
551040,4593456,-91.67894226913107
551040,5930516,-91.6820162117007
551040,1305385,-91.68279095173285
551040,7437196,-91.68898647227215
551040,1315131,-91.74130427800924
551040,8129655,-91.77296780240543
551040,501422,-91.86431764954129
551040,6251934,-91.94417900314714
551040,5334408,-92.1758648792976
551040,6106097,-92.191313802954
551040,4593455,-92.32321832823885
551040,7702608,-92.37709394388256
551040,1060831,-92.38019170406044
551040,3646725,-92.38793144293427
551040,2778702,-92.52820610065567
551040,1430666,-92.55682142080853
551040,3380604,-92.5661027223882
551040,1101719,-92.66132504662204
551040,1220557,-92.66209918689673
551040,458913,-92.76655871064426
551040,1897489,-92.76965647082216
551040,8817309,-92.7871361528234
551040,1907110,-92.8294473417575
551040,4593398,-92.96907021923329
551040,7684445,-92.97294592122586
551040,8632294,-93.02449564881735
551040,2859408,-93.0299155632949
551040,2018965,-93.04526983923657
551040,3498834,-93.04681380362626
551040,4444857,-93.0500156065152
551040,5542820,-93.05156395365844
551040,714680,-93.05233802735074
551040,966314,-93.05311203447208
551040,8627029,-93.05311203447208
551040,3779791,-93.0554336565249
551040,6477040,-93.0577379687313
1059231,4215155,-80.364994159859
1059231,4605023,-82.38476396947055
1059231,2813725,-84.06170219092938
1059231,2711018,-84.1612477256968
1059231,7969541,-84.37379218089812
1059231,3408312,-84.73640124128772
1059231,5062380,-84.74641374454667
1059231,4638367,-85.09226301716028
1059231,3602584,-85.09387869300944
1059231,7743650,-85.14778523489755
1059231,5209990,-85.1848221214724
1059231,4848114,-85.18640859383189
1059231,1710234,-85.2262748998343
1059231,2814510,-85.24323190466585
1059231,7052526,-85.24966959045254
1059231,7743652,-85.2550310056599
1059231,5355610,-85.2614407622914
1059231,2651813,-85.266554747788
1059231,1710230,-85.32976706052813
1059231,4441004,-85.3389213871529
1059231,2791795,-85.41666440651369
1059231,8328704,-85.6405481698838
1059231,3862068,-85.66072950571612
1059231,4817201,-85.67227669606606
1059231,4594174,-85.67921179592568
1059231,4895448,-85.69503560959117
1059231,2662421,-85.74590971970734
1059231,3460930,-85.88754163214892
1059231,7802850,-85.90452233236562
1059231,4084311,-85.9191617438531
1059231,5406562,-85.97731651007763
1059231,8732472,-86.0308552409978
1059231,3521832,-86.0378337225233
1059231,983862,-86.04868424803631
1059231,2625279,-86.15292615663179
1059231,2924997,-86.15652123984707
1059231,6068660,-86.16043866240146
1059231,5079501,-86.16802607752909
1059231,8669584,-86.20699927409746
1059231,4529005,-86.25316468738072
1059231,3272276,-86.25393769731006
1059231,3695322,-86.25702907326036
1059231,3247352,-86.28172192868401
1059231,2876683,-86.34117609938171
1059231,5065075,-86.40848272360768
1059231,4193031,-86.41757824372893
1059231,3556864,-86.48063637099894
1059231,2998052,-86.53899912877188
1059231,7952480,-86.54124646954351
1059231,3865940,-86.55140592108633
1059231,8732468,-86.5519284399657
1059231,4895447,-86.55991634053623
1059231,4349333,-86.58617050962634
1059231,2274788,-86.63963736869441
1059231,4162831,-86.65046648484969
1059231,6302184,-86.65587616060377
1059231,8434039,-86.66183449984763
1059231,7880559,-86.66183449984763
1059231,2559488,-86.72184304813575
1059231,8757862,-86.74040246631066
1059231,2845499,-86.84900802425202
1059231,4817202,-86.85974119886698
1059231,4822786,-86.88283216492543
1059231,4115002,-86.93623356827483
1059231,3693670,-86.94938110729795
1059231,3865943,-86.98828993944129
1059231,1886062,-87.00713977819935
1059231,8712317,-87.06034201808312
1059231,3796098,-87.06334421563217
1059231,2768476,-87.07483156185535
1059231,2588384,-87.08331757078533
1059231,3593013,-87.1476016572899
1059231,3608323,-87.19803308601138
1059231,4390621,-87.19880709313273
1059231,2274784,-87.19880709313273
1059231,4516396,-87.19900541619499
1059231,4991376,-87.20986400334061
1059231,2644524,-87.22122439266035
1059231,4839304,-87.2258554914478
1059231,4447138,-87.32104217334211
1059231,4306640,-87.32414100012248
1059231,2695184,-87.33420482473593
1059231,2531908,-87.3365256485553
1059231,3236685,-87.34852432874929
1059231,7935651,-87.35198253195405
1059231,6228920,-87.35455420325654
1059231,8719959,-87.36012446096409
1059231,3961542,-87.37170966097108
1059231,7839325,-87.41380022211516
1059231,5880640,-87.43095043837198
1059231,4576224,-87.4383715352061
1059231,8232309,-87.46057292880246
1059231,5003837,-87.46909947369213
1059231,3301160,-87.46987421372428
1059231,5378724,-87.47297250711162
1059231,2791789,-87.47808994350571
1059231,4878566,-87.52106238757321
1059231,8778628,-87.5267986861845
1059231,4573823,-87.56483295938725
1059231,2404883,-87.57811260809883
182539,3760957,-32.473169444785796
182539,57444,-33.41473880695251
182539,57447,-34.31344490401774
182539,57443,-34.7097853009478
182539,1924234,-34.83381970879816
182539,4518543,-35.16243441335898
182539,5828294,-35.40396537553934
182539,1243171,-35.416100669045356
182539,3025028,-35.42709317873309
182539,374133,-35.43086488776805
182539,6282909,-35.479110283375775
182539,1924238,-35.480481872632524
182539,7037499,-35.53605190323494
182539,6524924,-35.680866392883964
182539,1924235,-35.70393666428068
182539,57448,-35.74833063025337
182539,4900275,-35.76445996112172
182539,1016580,-35.79316232934114
182539,1990519,-35.89467211220915
182539,2403043,-35.897415525980605
182539,3693771,-35.908712260861485
182539,6343418,-35.94298006670154
182539,8180618,-35.96348816763536
182539,7037507,-36.034865168461145
182539,3693769,-36.18022506459839
182539,563693,-36.18194094856231
182539,1924236,-36.21808886664414
182539,2384731,-36.29025832008951
182539,1757620,-36.29951377465087
182539,771921,-36.31027772188524
182539,7365030,-36.31336710828075
182539,2558328,-36.32303608336396
182539,6105789,-36.40697517790641
182539,1642207,-36.42865742100964
182539,8020087,-36.43464051648532
182539,696519,-36.437044197623514
182539,6444177,-36.45727327486051
182539,3883077,-36.49593422322226
182539,1525576,-36.56469199424808
182539,7842059,-36.57361650860385
182539,5850971,-36.60494995365084
182539,4827429,-36.61183564430742
182539,2801908,-36.61372525716689
182539,8580802,-36.6145866051029
182539,5549287,-36.615617727829395
182539,7371262,-36.63804019188523
182539,8623469,-36.71443567302384
182539,3760964,-36.71490164589004
182539,1563950,-36.72233551931208
182539,6105788,-36.72850714307312
182539,6207835,-36.73405631338201
182539,405814,-36.825614859932315
182539,4447024,-36.83249640447151
182539,7905475,-36.84665959326921
182539,4835993,-36.851135484180205
182539,1418769,-36.886601767936874
182539,876671,-36.89004431632351
182539,3972344,-36.893827700670656
182539,4468611,-36.893827700670656
182539,6437300,-36.893827700670656
182539,1924237,-36.96582327867767
182539,2403081,-36.96685104551728
182539,36730,-37.04197563473238
182539,8645860,-37.0683604658544
182539,4185100,-37.09506965891934
182539,8714205,-37.09908418779537
182539,1993088,-37.10382199143254
182539,1243169,-37.10692121850265
182539,4798214,-37.108986036629425
182539,6817313,-37.113799804585085
182539,6282908,-37.114887288233575
182539,6105785,-37.11728664390715
182539,6662217,-37.12624445548837
182539,1924239,-37.16080037931307
182539,8112554,-37.27606653469859
182539,169626,-37.276755281439506
182539,6287434,-37.2788208103899
182539,8645854,-37.27950908308524
182539,5269379,-37.28122924687134
182539,3729625,-37.28191710531177
182539,8383008,-37.28191710531177
182539,1863340,-37.34710237421777
182539,3895604,-37.37892594872977
182539,8299668,-37.42112260413302
182539,5828295,-37.46016630605533
182539,4792173,-37.4765674558141
182539,5238129,-37.49225314865174
182539,6895496,-37.49397568287066
182539,8459324,-37.494664488913195
182539,8574551,-37.49500884745952
182539,5580500,-37.49569747562784
182539,8645864,-37.49604174526003
182539,6895491,-37.49707437640992
182539,6413049,-37.498794836143276
182539,1690681,-37.49913883930832
182539,6332842,-37.50120223725457
182539,8307283,-37.50257724478768
182539,3025026,-37.50429533979038
182539,1307235,-37.52121730019911
182539,4988197,-37.567284128545175
1115569,8108289,-31.788863971291562
1115569,4299967,-37.53701090543199
1115569,1627668,-38.133708255756694
1115569,4303203,-38.43303688502276
1115569,8108284,-38.811718539165966
1115569,8108283,-39.453867886042794
1115569,581954,-39.46109879497427
1115569,4044810,-39.4779202550797
1115569,8108287,-39.50171726423091
1115569,1743110,-39.673961807496966
1115569,5050869,-39.910770035565875
1115569,8296138,-39.917278112152694
1115569,6287324,-40.15838098992499
1115569,5186472,-40.20199346041912
1115569,5186471,-40.20267702830335
1115569,110285,-40.32368739926473
1115569,3132958,-40.339829194017724
1115569,1360548,-40.53849812059409
1115569,7500714,-40.540219913351265
1115569,3288820,-40.547787009070234
1115569,5050870,-40.548817777513804
1115569,6290200,-40.55259499089799
1115569,333306,-40.552938197130814
1115569,4948545,-40.56126500249786
1115569,3813475,-40.562298078141964
1115569,3024289,-40.565739737922534
1115569,4948548,-40.57192727299443
1115569,3132957,-40.576046985322066
1115569,269217,-40.579476840706576
1115569,3872038,-40.58427370276351
1115569,4644488,-40.592141795065075
1115569,3769800,-40.813602850008685
1115569,6563746,-40.82014904520262
1115569,3769802,-40.82049328520696
1115569,4816379,-40.82049328520696
1115569,3083171,-40.821525827503905
1115569,7695602,-40.82427797127438
1115569,3403986,-40.825653333394975
1115569,3403985,-40.825997100046386
1115569,5026481,-40.829433142624076
1115569,5026480,-40.82977658459976
1115569,6256813,-40.830806733633686
1115569,1460717,-40.831836617434156
1115569,5895672,-40.838010357973594
1115569,5339106,-40.83835306432587
1115569,4213008,-40.838695741318745
1115569,7306396,-41.201343151758955
1115569,2787845,-41.20237791997665
1115569,4042818,-41.20237791997665
1115569,3435496,-41.20341242057725
1115569,3596266,-41.20375719466424
1115569,7634763,-41.205480619480646
1115569,5208406,-41.20616978154743
1115569,7306398,-41.20616978154743
1115569,4802478,-41.206514318059895
1115569,7634758,-41.20685882489857
1115569,1627665,-41.20754774957497
1115569,5374353,-41.20789216742292
1115569,3663340,-41.2082365556175
1115569,967918,-41.2082365556175
1115569,8083702,-41.20858091416383
1115569,5208410,-41.208925243067014
1115569,781126,-41.20926954233215
1115569,1743112,-41.20961381196434
1115569,3578978,-41.20961381196434
1115569,1627667,-41.20995805196868
1115569,5731687,-41.20995805196868
1115569,5231846,-41.210302262350275
1115569,2649794,-41.210302262350275
1115569,5208409,-41.210302262350275
1115569,7634759,-41.21064644311423
1115569,7634761,-41.210990594265624
1115569,2103194,-41.210990594265624
1115569,5997026,-41.21133471580956
1115569,6755579,-41.21167880775114
1115569,5172234,-41.212366902847585
1115569,4046593,-41.212366902847585
1115569,2651647,-41.21305487959567
1115569,3417664,-41.21580560391818
1115569,3332968,-41.217180257046586
1115569,8203116,-41.21821093695747
1115569,8203120,-41.218897909385795
1115569,4387045,-41.220614824459204
1115569,62153,-41.2230172681598
1115569,7309163,-41.224389445561485
1115569,7989378,-41.22507535778355
1115569,2787840,-41.8455548159981
1115569,8056399,-41.849005084901705
1115569,1627662,-41.84969478169546
1115569,2365836,-41.8500395855023
1115569,3718346,-41.8500395855023
1115569,2365838,-41.8503843595893
1115569,8108288,-41.850729103961555
1115569,1514540,-41.851073818624215
1115569,4816381,-41.851073818624215
1115569,1360545,-41.851073818624215
1115569,2651641,-41.851763158841166
1115569,3810888,-41.851763158841166
1115569,2365845,-41.851763158841166
1115569,8056402,-41.851763158841166
351697,8303857,-63.4041338416949
351697,5876033,-71.50691231237485
351697,2857066,-72.07172878975612
351697,1716516,-72.62625278698363
351697,5332912,-72.70026892333185
351697,8303858,-73.32558897903002
351697,2538787,-73.54697751614964
351697,470705,-73.5867664136899
351697,77191,-73.73471699266571
351697,6712600,-73.80732658955596
351697,6522643,-74.11028500141342
351697,8303856,-74.2444660282667
351697,5662921,-74.39262300988185
351697,5620044,-74.58768825775944
351697,5876035,-74.70583924680858
351697,2144452,-74.7459356868653
351697,5551623,-74.88149535840869
351697,5519651,-75.03595730516388
351697,707151,-75.04435858120911
351697,707153,-75.05120948038007
351697,8586240,-75.07153675543412
351697,1779706,-75.08615955602527
351697,707147,-75.21380568680252
351697,7764920,-75.2152074890032
351697,7432677,-75.26506595780688
351697,2109693,-75.42940271130371
351697,6283688,-75.43371061435955
351697,5519654,-75.45953383698895
351697,5519653,-75.46364578485775
351697,2915793,-75.55263011573027
351697,6715580,-75.66663930126745
351697,5735749,-75.89537805697202
351697,5174361,-75.99661889183014
351697,77199,-76.00295619110432
351697,6887376,-76.1289580337505
351697,8679804,-76.13080815271871
351697,5332911,-76.1787034592632
351697,8697560,-76.18076694587916
351697,7513165,-76.18145465649097
351697,7764918,-76.307760284426
351697,1985110,-76.32755282372314
351697,6918036,-76.32907566128814
351697,915793,-76.38108695503294
351697,8433498,-76.38549574728806
351697,6294273,-76.38823845556792
351697,4829094,-76.5103999625533
351697,727465,-76.52288356173943
351697,4697404,-76.5404542558268
351697,3977092,-76.58665660738077
351697,7513169,-76.58665660738079
351697,3708177,-76.59147513821875
351697,1321936,-76.62686929891849
351697,362312,-76.63320468641845
351697,6433264,-76.63897787561731
351697,6933311,-76.670477425641
351697,1104174,-76.68357566860632
351697,8421845,-76.7701585107843
351697,6462729,-76.78019463493567
351697,3009198,-76.78934925360417
351697,3061936,-76.92108430341573
351697,2429298,-76.93437193293212
351697,5085031,-77.01412091943966
351697,6997822,-77.01755180431743
351697,7334753,-77.0217534024196
351697,6325825,-77.04754672032806
351697,2729377,-77.08590690858492
351697,8302272,-77.14589019707078
351697,5867467,-77.17434894580694
351697,3464077,-77.23672587617278
351697,5269134,-77.27803306317487
351697,8302276,-77.29605146427738
351697,1769975,-77.31993307996439
351697,77196,-77.3213031423912
351697,5707676,-77.33601319451866
351697,8302271,-77.39026024968186
351697,6945176,-77.40576608894145
351697,1026886,-77.41745243455242
351697,84294,-77.44195249456857
351697,1769977,-77.44675285131052
351697,1292625,-77.45268696028945
351697,8302269,-77.45843886265604
351697,77194,-77.46773275294306
351697,1347844,-77.5429009692969
351697,3464076,-77.62550234063171
351697,5735753,-77.66129724057022
351697,7622069,-77.6701506366207
351697,5680825,-77.67575781363418
351697,6635530,-77.85522047845285
351697,7809111,-77.85522047845285
351697,8274684,-77.92026589376552
351697,4381203,-77.96977715755055
351697,4592085,-78.03522879044884
351697,5519658,-78.03780303644817
351697,7376851,-78.04142404450572
351697,5396738,-78.05660297225964
351697,5707677,-78.07002852098023
351697,8318812,-78.07897029607385
351697,8302273,-78.08293711084396
351697,6402977,-78.09104916360882
351697,4012630,-78.09817749427667
904965,7236949,-63.38196757781039
904965,7844340,-63.390579463689775
904965,7664031,-64.51919135401222
904965,4300610,-65.3749471412786
904965,1115008,-65.51534108704243
904965,8515211,-66.04260949307948
904965,7973344,-66.38402567277113
904965,5539003,-66.61247627721997
904965,4448470,-66.67003110378613
904965,4853166,-66.69125146931844
904965,3167382,-66.84064128107036
904965,4346695,-67.05949587054785
904965,2836126,-67.07858075395225
904965,7721961,-67.17828916776986
904965,6025594,-67.3028086799781
904965,6656539,-67.3028086799781
904965,3051215,-67.32644839055146
904965,155518,-67.3276524534065
904965,7225593,-67.348089897617
904965,4440999,-67.35468925702521
904965,7203968,-67.4884704413106
904965,8731394,-67.6134621839209
904965,3576722,-67.68204175468144
904965,6909758,-67.70567025235412
904965,1558764,-67.72472921304266
904965,2747324,-67.79173029857407
904965,4352727,-67.80937263058455
904965,7293321,-67.81117647536081
904965,2836119,-67.8135808788777
904965,5013345,-67.96403847638196
904965,816999,-67.96403847638196
904965,2747325,-67.96897746996062
904965,3522848,-67.97969533966626
904965,5285828,-67.97969533966626
904965,4768970,-67.97969533966626
904965,3522847,-67.97969533966626
904965,8237967,-67.97969533966626
904965,6568537,-67.98029682792044
904965,7810026,-67.98029682792044
904965,3104757,-67.98029682792044
904965,6568534,-67.98149964939891
904965,1324019,-67.98270226423011
904965,1505234,-67.99471706254205
904965,6611794,-68.10786360602394
904965,1303233,-68.16377498763858
904965,4204910,-68.17400908361518
904965,8235133,-68.18559497983809
904965,8515215,-68.2078519764523
904965,7290802,-68.30841367365493
904965,7290810,-68.30841367365493
904965,5285827,-68.30841367365494
904965,1684737,-68.36494824087433
904965,4597652,-68.37096441616063
904965,4876605,-68.46201080461212
904965,6881794,-68.62271248929768
904965,7721965,-68.66281820405315
904965,1410385,-68.66281820405315
904965,223229,-68.66281820405315
904965,4248171,-68.66522715850468
904965,3221883,-68.66823718624332
904965,6564381,-68.68446900787262
904965,17337,-68.72428382824303
904965,2088096,-68.81677137647102
904965,5944326,-68.83476269914117
904965,3955527,-68.8533052809924
904965,355206,-69.0043491635775
904965,7348278,-69.01338080136294
904965,7292065,-69.04986492229774
904965,4110260,-69.05047571078316
904965,1338511,-69.05228297081489
904965,137132,-69.056498097224
904965,395857,-69.056498097224
904965,567611,-69.07753574035793
904965,8731390,-69.08373474267191
904965,4922361,-69.1720535855696
904965,4922362,-69.17265399041436
904965,7296536,-69.22951500400677
904965,7820502,-69.24874694109963
904965,8731387,-69.3071811774602
904965,155524,-69.32704743567726
904965,324904,-69.32825284625167
904965,7543155,-69.33006057300231
904965,1046856,-69.33849046400245
904965,5526717,-69.34871313092822
904965,955951,-69.35231756961653
904965,955950,-69.35351863685351
904965,2144708,-69.41812048534538
904965,8731389,-69.42788013842275
904965,7500220,-69.44334882552603
904965,7500221,-69.4439485616425
904965,4166885,-69.4589674000104
904965,4745438,-69.46597699518618
904965,8788747,-69.47060062034542
904965,8788746,-69.47299966760443
904965,6067046,-69.52329275945557
904965,6111058,-69.61623967990357
904965,8744176,-69.64977122920799
904965,384244,-69.69650035199422
904965,6094552,-69.69830776757213
904965,6345221,-69.70793944354114
292906,3973269,-70.51776703399358
292906,8298540,-71.9709981285141
292906,4916274,-75.93727469263726
292906,3007467,-76.09982770239506
292906,1520641,-76.25130278654632
292906,3007465,-76.30982554672578
292906,3405923,-76.36049545309794
292906,6667426,-76.56219142460561
292906,652444,-76.59560299878868
292906,3118851,-77.00791174772124
292906,6706576,-77.05013658401384
292906,4479880,-77.0620855625899
292906,6105360,-77.07285386914057
292906,5622636,-77.09688244686441
292906,6706573,-77.42361586857471
292906,4988512,-77.62550234063173
292906,2427099,-77.6640521590692
292906,3892275,-77.72839412783993
292906,4531432,-77.88679366459183
292906,5622635,-78.15650218203224
292906,4450367,-78.38444341811348
292906,4188999,-78.49359617930094
292906,5261670,-78.72945492205208
292906,6764461,-78.73702364315882
292906,8738071,-78.77473063978533
292906,6975505,-78.79592490492134
292906,1528905,-78.94692861700312
292906,3865392,-78.95661896757882
292906,4133304,-78.97145836199202
292906,6447803,-78.98178783707135
292906,3902143,-78.98933254861666
292906,2512180,-79.16289442287739
292906,8634904,-79.18497381959729
292906,3874048,-79.2540989272944
292906,4189002,-79.3543479844492
292906,188727,-79.40494239502634
292906,6245156,-79.42149533028623
292906,2018948,-79.43109152037896
292906,7715363,-79.48505686163332
292906,8816758,-79.61082475371212
292906,603547,-79.6359975759422
292906,7715364,-79.6586332769956
292906,6396578,-79.66210479318966
292906,8307530,-79.78636756111862
292906,8307529,-79.79530165592385
292906,5825223,-79.8174253033111
292906,6975502,-79.82926682154192
292906,391484,-79.90919275553256
292906,6706582,-79.92591267243601
292906,4450366,-79.95687076622458
292906,760804,-79.9982213478101
292906,5011020,-80.0192665555293
292906,4686682,-80.02959020327383
292906,5431266,-80.03302846081785
292906,3415927,-80.0488254404867
292906,8634901,-80.06194892420444
292906,8816757,-80.0756633276605
292906,2756366,-80.1100330097844
292906,6450500,-80.12271529985172
292906,6706574,-80.15920808110266
292906,4299730,-80.27233613409263
292906,6611682,-80.27918322930232
292906,1821332,-80.28124831389621
292906,4984149,-80.28744037117227
292906,1580303,-80.3011833634803
292906,7649455,-80.31147513662823
292906,8615225,-80.4387152020864
292906,391481,-80.4486572801303
292906,6388785,-80.46793224148242
292906,7743728,-80.50615348123009
292906,4711700,-80.51577440101555
292906,8219508,-80.60599989982197
292906,5514886,-80.64943935018911
292906,8812135,-80.6583145694413
292906,7530379,-80.6590038799589
292906,3226732,-80.66244954192382
292906,1268099,-80.6665823782607
292906,6623235,-80.66864799606404
292906,2583402,-80.67071308065793
292906,4817621,-80.67140132374581
292906,8006921,-80.67277763231759
292906,933428,-80.67484165131802
292906,8265547,-80.71555876575991
292906,6609114,-80.77839775416794
292906,5801706,-80.80090204852836
292906,6010544,-80.84321433350547
292906,6424246,-81.00641485350545
292906,8738393,-81.01292600427448
292906,6609112,-81.02185013295221
292906,3595490,-81.02802254941642
292906,7874498,-81.10217369222808
292906,4496329,-81.10502353252163
292906,2655854,-81.14269993200008
292906,7579893,-81.16786252092966
292906,4980897,-81.16858033873162
292906,762985,-81.21414118366607
292906,7254438,-81.30287344638022
292906,5672206,-81.3076986201466
292906,8298542,-81.31183216828674
292906,8618421,-81.3159635817523
662372,8322043,-110.66404267718367
662372,6235728,-110.82169563373732
662372,5556969,-112.00491366252605
662372,5765673,-112.98893817050755
662372,5765671,-113.13842841825195
662372,8610897,-113.54080526733583
662372,7425048,-113.80493707847532
662372,3593475,-114.0073746545484
662372,2673170,-114.2883652716574
662372,1935781,-114.40421940015216
662372,189804,-114.47106672732187
662372,1140788,-114.50378802549002
662372,4271347,-114.59316531244826
662372,4792039,-114.6075411916346
662372,4442962,-115.05530379208281
662372,2169749,-115.05985581315892
662372,804544,-115.20169779454119
662372,6235730,-115.33213427397234
662372,4792042,-115.36202319876665
662372,7340045,-115.54282271812613
662372,4178061,-115.63624778091074
662372,1720748,-115.68860866831638
662372,568145,-115.77057281674857
662372,7425043,-115.77230778178766
662372,6348241,-115.87465808680699
662372,6394120,-115.88392465554836
662372,7808214,-115.98606784030314
662372,7575674,-116.0255548647635
662372,1418377,-116.02984715486096
662372,6631390,-116.10007667059159
662372,1404483,-116.21098858462926
662372,2644830,-116.22815500416053
662372,8610896,-116.2334110486851
662372,8236618,-116.3049152083979
662372,8072111,-116.38172546305499
662372,5765668,-116.38692265193094
662372,4792044,-116.42957209375692
662372,6870165,-116.43618833751094
662372,1418374,-116.44547882039187
662372,7569434,-116.50181398958945
662372,434701,-116.52893214810594
662372,7483707,-116.52949600373876
662372,6554216,-116.65146055654868
662372,6394123,-116.70217702257797
662372,5183234,-116.77624667415668
662372,4872775,-116.91404483158723
662372,1875708,-116.9259450579936
662372,5516936,-116.94709640407685
662372,767797,-117.02319213662173
662372,5691019,-117.02789686063068
662372,4792045,-117.0355229009471
662372,4328425,-117.04519019547996
662372,4679103,-117.0527492917999
662372,4375380,-117.07147341761832
662372,1976207,-117.07755277936414
662372,1976208,-117.07858063423167
662372,4325840,-117.08644052699553
662372,5384232,-117.14511065697215
662372,475231,-117.16945945362633
662372,8333110,-117.19633211323402
662372,1958008,-117.32488297037453
662372,3454262,-117.34430299002945
662372,1781161,-117.37122665155884
662372,3416712,-117.40040886577479
662372,3528988,-117.40302607206407
662372,6113530,-117.4349305832161
662372,5384306,-117.45552730061154
662372,3593474,-117.47077461777494
662372,5800915,-117.48105713042175
662372,3557820,-117.50321090498426
662372,3482675,-117.55048881093646
662372,1054039,-117.62991503762942
662372,3554445,-117.63509533007618
662372,6064211,-117.63793980630754
662372,4325848,-117.72361363084205
662372,8248182,-117.74036596874846
662372,6394125,-117.74113834837131
662372,5546008,-117.77284725818882
662372,2841202,-117.81577612858824
662372,2862948,-117.823760935209
662372,7995796,-117.84483892956264
662372,6412119,-117.8462217845242
662372,3416706,-117.85591874948194
662372,3416707,-117.8569484565309
662372,4629247,-117.87733107302324
662372,4909905,-117.88985251560348
662372,7425040,-117.89088856345626
662372,8101971,-117.91105510129736
662372,2679729,-117.94263331910697
662372,5513368,-117.94842411937485
662372,4053047,-117.96329185982667
662372,7835163,-117.97485266714392
662372,3195922,-117.98417604979016
662372,7185657,-118.05308854787627
662372,3939482,-118.06003536618314
662372,7425046,-118.06582414246127
662372,8632269,-118.06582414246127
662372,4629253,-118.06813405681369
662372,696314,-118.1182630422332
662372,2478034,-118.14364414841738
364142,734269,-44.43329119457981
364142,2749370,-44.69069146758625
364142,3433353,-44.693271824248804
364142,3389245,-44.81224542127398
364142,4408764,-44.88018029533569
364142,7804823,-44.952047122784265
364142,2369283,-45.011607223086486
364142,5206971,-45.082193559197464
364142,2654727,-45.21143024239227
364142,2370843,-45.26983063276626
364142,2171779,-45.30965528298223
364142,2921860,-45.331882096884684
364142,7319382,-45.35285362808592
364142,8652173,-45.45965794304393
364142,4934770,-45.46994574791311
364142,8648050,-45.47005115303962
364142,1822196,-45.484654343477416
364142,3280473,-45.49930438451736
364142,8705162,-45.507239155381825
364142,4536609,-45.50836475653971
364142,2944654,-45.577024499597954
364142,8652171,-45.621780276518564
364142,4759275,-45.649490028397366
364142,6430556,-45.68194719685466
364142,8230753,-45.68538648918393
364142,3833226,-45.729793685943235
364142,4993676,-45.743531963392854
364142,3485500,-45.756083857415085
364142,1211754,-45.80510322347248
364142,3463600,-45.89222727563311
364142,3728083,-45.89746283777559
364142,6599093,-45.897564411075486
364142,3125836,-45.90487259410096
364142,2130954,-46.00292571318203
364142,6914910,-46.07412216383432
364142,42041,-46.07798025487092
364142,257285,-46.097889269785085
364142,5939669,-46.097889269785085
364142,8800197,-46.12999470584234
364142,8414799,-46.15515699817806
364142,7873648,-46.15730738786181
364142,3989144,-46.166951571571744
364142,1350927,-46.17104802497147
364142,2171777,-46.186790593118694
364142,6358882,-46.270494610376275
364142,3463598,-46.276930832602375
364142,7041208,-46.38746423530749
364142,4408765,-46.40442904354025
364142,8652170,-46.52596799940433
364142,734276,-46.54247045002294
364142,6489636,-46.543602457489456
364142,5939671,-46.55708117092985
364142,1897488,-46.57080226375216
364142,1543906,-46.63271486594451
364142,2999618,-46.64998332629
364142,3913949,-46.65428577120453
364142,7319383,-46.65557578307979
364142,3913945,-46.65686546221478
364142,1211750,-46.70029795447546
364142,7873652,-46.75426451192341
364142,120167,-46.770841290094324
364142,2361159,-46.784437380121446
364142,6565873,-46.78830808168584
364142,1211753,-46.8559647063949
364142,4206121,-47.036864847921805
364142,4041799,-47.038587159625585
364142,974291,-47.03944809305172
364142,3276578,-47.04159977828478
364142,5024479,-47.04375053796625
364142,6624670,-47.04461058286272
364142,42049,-47.0676674925508
364142,5939667,-47.0676674925508
364142,908168,-47.18506960923615
364142,4564973,-47.18696393274334
364142,1936626,-47.19296931559229
364142,2171785,-47.194507378547925
364142,2654729,-47.2502639644833
364142,4536610,-47.252408819438216
364142,4408763,-47.35369929148581
364142,8016517,-47.40476838063852
364142,3728085,-47.406059947574704
364142,4657837,-47.406490395757615
364142,2333533,-47.40821181801367
364142,5105735,-47.42324903569245
364142,4163213,-47.42796569356144
364142,7319386,-47.430634282069505
364142,3684051,-47.45338735220923
364142,3280470,-47.45497352484777
364142,4693615,-47.45777943277426
364142,2654732,-47.46379560841609
364142,1940755,-47.46379560841609
364142,425878,-47.46711230639097
364142,2921865,-47.467969255824485
364142,3457325,-47.47194885693139
364142,6237293,-47.47353584998673
364142,1623850,-47.47567519863051
364142,2654731,-47.48008883199583
364142,7985120,-47.48422345131316
364142,4759280,-47.52984882670247
364142,2213871,-47.57514067279514
20455,821625,-28.527506398526583
20455,3655193,-28.670898895706316
20455,4286448,-28.880910910566406
20455,7332885,-28.899720564193608
20455,5666838,-28.904622610383136
20455,5686812,-28.904622610383136
20455,4491721,-28.9226139770714
20455,1321512,-29.54195488780249
20455,2072881,-29.54195488780249
20455,5078068,-29.542213468367734
20455,352218,-29.544281310914478
20455,514958,-29.54453969104348
20455,8027220,-29.544798048920974
20455,2857052,-29.54505638455078
20455,4555942,-29.545056384550783
20455,631102,-29.54557298908268
20455,8596137,-29.546089504669812
20455,7991356,-29.546347729118665
20455,7991359,-29.546347729118665
20455,631097,-29.546605931342803
20455,1660645,-29.546605931342803
20455,3680339,-29.54712226913226
20455,7979661,-29.547896609226726
20455,5819137,-29.547896609226726
20455,4659697,-29.547896609226726
20455,604111,-29.54867074950524
20455,6726497,-29.54970262589662
20455,8690034,-29.550218431026714
20455,2677229,-29.550991972475632
20455,1660650,-29.55176531452051
20455,2605730,-29.55305377508765
20455,4491719,-29.55382658589067
20455,1344270,-29.555114161662807
20455,7809968,-29.55691583985145
20455,6921271,-29.79697445434362
20455,1795457,-29.90400242189987
20455,151258,-29.972518278412092
20455,1914317,-30.04000554926229
20455,6373938,-30.18392378725394
20455,8114947,-30.186771364438602
20455,5263865,-30.18832344987241
20455,7207088,-30.18832344987241
20455,2857055,-30.18832344987241
20455,1541032,-30.189616241287595
20455,6414495,-30.18987473273169
20455,5142174,-30.18987473273169
20455,1519753,-30.19013320190509
20455,5539583,-30.19013320190509
20455,7459511,-30.190391648811644
20455,6047493,-30.190650073455174
20455,1541035,-30.191166855968532
20455,3251676,-30.191425213846024
20455,981072,-30.191683549475833
20455,603543,-30.191941862861796
20455,6967902,-30.19220015400773
20455,526034,-30.19220015400773
20455,8126236,-30.192458422917476
20455,1529172,-30.19245842291748
20455,8325817,-30.192716669594866
20455,8760032,-30.192974894043715
20455,5795544,-30.19323309626786
20455,8114943,-30.19323309626786
20455,740216,-30.194007569630273
20455,5665832,-30.194007569630273
20455,7310659,-30.194007569630276
20455,7553730,-30.19452377415178
20455,2378818,-30.19478184310796
20455,1884528,-30.195039889866194
20455,2946378,-30.195039889866194
20455,6199941,-30.195039889866194
20455,3860801,-30.19529791443029
20455,8255185,-30.195813896991353
20455,8384336,-30.19710346526376
20455,2360368,-30.19865021583294
20455,267237,-30.202770989469183
20455,4051877,-30.28284804875675
20455,7689804,-30.283105940236176
20455,5803264,-30.312361195469194
20455,160655,-30.371578504595007
20455,1607429,-30.37932024458842
20455,6645948,-30.38472760005383
20455,8333284,-30.479196722073713
20455,8167859,-30.480744936071247
20455,168352,-30.488988610378243
20455,8667947,-30.49233114316373
20455,1808905,-30.495669955918466
20455,3053352,-30.501311802977607
20455,4290591,-30.58888889845352
20455,7580035,-30.58914756820139
20455,2036372,-30.590182024217086
20455,4934750,-30.59121612365599
20455,6967590,-30.591474592829393
20455,7418819,-30.592766604770326
20455,427422,-30.594316284968016
20455,7605008,-30.594832667195412
20455,4652584,-30.595348960554578
20455,5874333,-30.595348960554578
20455,1343301,-30.60153756025825
20455,6010108,-30.604884395700804
20455,2951719,-30.605913440500068
1119058,4522899,-46.80504658209918
1119058,8730930,-47.18436146138362
1119058,4522897,-47.479660742473484
1119058,5085388,-48.07467909131236
1119058,5504072,-48.091869656882295
1119058,821325,-48.50418038076735
1119058,5160317,-48.53252648160539
1119058,6843938,-48.72302797487395
1119058,1048499,-48.78750050567214
1119058,5439772,-48.805601582476974
1119058,3508155,-49.1723717364204
1119058,3446865,-49.173230009748224
1119058,7372483,-49.18223299602672
1119058,821331,-49.43691291766718
1119058,5159527,-49.43906478810615
1119058,7018801,-49.43949505108315
1119058,3764709,-49.442075851704786
1119058,8288054,-49.4549599109542
1119058,4428080,-49.804816079684954
1119058,1313915,-49.826808132611816
1119058,8626225,-49.826808132611816
1119058,7210288,-49.82895981784487
1119058,5182853,-49.83540932341716
1119058,797978,-49.84871199694657
1119058,340748,-50.08354008259223
1119058,7343122,-50.09600805926719
1119058,252542,-50.09643743546971
1119058,6713010,-50.10189064672388
1119058,7372486,-50.102873657695795
1119058,8027788,-50.27233990621003
1119058,2807179,-50.35210956990088
1119058,2807185,-50.454399460322904
1119058,6820340,-50.46955992918289
1119058,4074617,-50.46999067402714
1119058,8351987,-50.470852052406954
1119058,821326,-50.47386570866584
1119058,6865422,-50.473865708665855
1119058,5813273,-50.47558698276992
1119058,4906575,-50.47601720872486
1119058,3664900,-50.4764473976641
1119058,3480055,-50.48847768540608
1119058,7372491,-50.50207056163429
1119058,4522893,-50.509063014226484
1119058,7741430,-50.61880262158663
1119058,6816799,-50.63555550242894
1119058,7923863,-50.65410532629235
1119058,3129109,-50.66318275584756
1119058,7741427,-50.66792013324549
1119058,3730808,-50.68167612792547
1119058,7372489,-50.76739719880969
1119058,2189798,-50.77318965711311
1119058,5195212,-50.78693265469354
1119058,6666134,-50.79935470206708
1119058,6494382,-50.88961624757566
1119058,7837991,-50.89348628337319
1119058,6217031,-50.89864167594046
1119058,1048504,-50.899679490405106
1119058,6713017,-50.90121738023789
1119058,6217023,-50.91578802814318
1119058,4525494,-50.94319847426441
1119058,4036212,-50.955677180891364
1119058,1814314,-50.957395940307755
1119058,6713009,-50.958684622251
1119058,3730802,-50.9728382455915
1119058,569780,-51.007837088342924
1119058,627827,-51.10929012509387
1119058,8255355,-51.11273979880536
1119058,6396798,-51.11317084072014
1119058,6396800,-51.11360184547869
1119058,8763292,-51.116617838952195
1119058,3513188,-51.116617838952195
1119058,3788832,-51.117048546691414
1119058,7113577,-51.117479217332004
1119058,3071106,-51.117909850880345
1119058,2684646,-51.11834044734283
1119058,7155963,-51.11877100672585
1119058,476337,-51.119201529035784
1119058,5100025,-51.120492873590905
1119058,3599109,-51.120923247672316
1119058,3599110,-51.120923247672316
1119058,5988071,-51.12135358471255
1119058,3808224,-51.12135358471256
1119058,8255354,-51.12307456258917
1119058,842353,-51.12307456258917
1119058,1353,-51.124364907376446
1119058,3129111,-51.125224952272916
1119058,3475649,-51.125224952272916
1119058,4645871,-51.12608484925937
1119058,1579805,-51.12780419970572
1119058,3501603,-51.12780419970572
1119058,1973364,-51.15619936737872
1119058,3274923,-51.15972839268436
1119058,2686139,-51.160159360293086
1119058,5138642,-51.16179423101746
1119058,2419427,-51.163175093897074
1119058,3247400,-51.16618900966758
1119058,778561,-51.16920110979483
1119058,8075207,-51.16996009437388
1119058,6713014,-51.184234452162535
1119058,6666138,-51.18509213658823
203318,8340381,-47.04116951530778
203318,4187023,-47.96033490668529
203318,8340382,-48.40383334535131
203318,8340387,-48.51500370569002
203318,3083622,-48.523168867197924
203318,3083624,-48.80060629513851
203318,4152728,-48.81219149872886
203318,253950,-49.17022540832549
203318,8307085,-49.202513361821744
203318,8340379,-49.4373433658501
203318,8560553,-49.826808132611816
203318,1738624,-50.082248515656055
203318,6878739,-50.082679075039074
203318,3351438,-50.08483131598554
203318,6878746,-50.0856919530312
203318,8340385,-50.08827297568968
203318,6684719,-50.103302444743264
203318,6646651,-50.11536740273741
203318,8340383,-50.46783657862771
203318,8340378,-50.46955992918289
203318,3650614,-50.470421381766364
203318,5761312,-50.470421381766364
203318,4135033,-50.470421381766364
203318,7108742,-50.47128268595529
203318,3351436,-50.47171328241778
203318,5761305,-50.474296082747266
203318,3083620,-50.4747264197875
203318,8307087,-50.47585632639486
203318,8290848,-50.47644739766412
203318,8340386,-50.47816778339156
203318,8307091,-50.50906301422648
203318,8248321,-50.66249983149935
203318,7016555,-50.68468021357219
203318,1184092,-50.8870345585774
203318,1184093,-50.8870345585774
203318,5245086,-50.89282213095613
203318,6556106,-50.90550727436907
203318,7039165,-50.90866552596088
203318,3619000,-50.912363458434896
203318,6200648,-50.97026783778254
203318,5296122,-51.116617838952195
203318,974092,-51.121783884717985
203318,5026271,-51.12307456258917
203318,4850846,-51.123504714519086
203318,3703866,-51.125224952272916
203318,8729898,-51.126514742302255
203318,536065,-51.13381727457164
203318,7501640,-51.13381727457165
203318,6947714,-51.1583519789603
203318,1349755,-51.16222434594444
203318,8496703,-51.168340694900635
203318,8240264,-51.17038950745234
203318,5128749,-51.17521987186052
203318,8817701,-51.17982727676412
203318,8496708,-51.18080224245705
203318,578975,-51.18196974217466
203318,6328298,-51.182398125115
203318,4197879,-51.18582386799286
203318,6664648,-51.189247265334814
203318,8248325,-51.355445652904244
203318,5588700,-51.36572816854583
203318,4997790,-51.4303245763472
203318,1488039,-51.444912938460604
203318,4427860,-51.445343423703825
203318,2825937,-51.44577387188674
203318,4132453,-51.4479255571198
203318,3972562,-51.449216123943906
203318,8080318,-51.44921612394391
203318,8496707,-51.44964623887088
203318,1999450,-51.4517962586842
203318,1286782,-51.460387104676215
203318,991961,-51.4616744594268
203318,1067328,-51.522264638596624
203318,7915086,-51.54919315944608
203318,5431407,-51.550587734080985
203318,346241,-51.55134762611965
203318,3815239,-51.5556537764293
203318,2054939,-51.556514561639695
203318,1208506,-51.55952614341345
203318,7368628,-51.56683244188212
203318,582409,-51.56812068112386
203318,5677490,-51.571125282546596
203318,8514276,-51.5711252825466
203318,5753510,-51.5719834085731
203318,6556108,-51.57241241636414
203318,1578605,-51.576700470965186
203318,1174322,-51.58055657837323
203318,1242866,-51.58226944976192
203318,856841,-51.58997011781956
203318,7265164,-51.657475575931876
203318,7995204,-51.67250504498546
203318,6817437,-51.801965228114845
203318,5332308,-51.80971162974005
203318,5245081,-51.818304690382426
203318,7841700,-51.82144588316272
203318,1682148,-51.83050166926532
203318,5128747,-51.83179401513874
203318,8387087,-51.83179401513874
203318,6925792,-51.833086027066884
203318,118834,-51.83351662352937
1126813,8783942,-16.846128625501613
1126813,8783939,-17.235421138844
1126813,8783936,-18.524191664551772
1126813,8783941,-18.527296906996277
1126813,8783944,-18.529536587472908
1126813,402809,-18.72016859245987
1126813,1208583,-18.93500619535576
1126813,3420740,-18.935865169067192
1126813,2955686,-18.939640276791902
1126813,5173107,-18.943408272220182
1126813,3840807,-19.060579947737835
1126813,1208582,-19.06213062925386
1126813,4991805,-19.064884431225895
1126813,4066413,-19.067290901482625
1126813,1299266,-19.067462681466928
1126813,573828,-19.06797793291248
1126813,3420739,-19.068493051650197
1126813,8271309,-19.068836390449185
1126813,7472486,-19.069351288159016
1126813,8778525,-19.07089518640702
1126813,2917173,-19.07329443949888
1126813,968532,-19.073465704634543
1126813,5720391,-19.073808190914523
1126813,109054,-19.074492987579404
1126813,4356818,-19.074664150115453
1126813,4274420,-19.212558317937166
1126813,2565925,-19.2134198818613
1126813,2750616,-19.21376440353687
1126813,6683448,-19.213936642121865
1126813,5072022,-19.214108865875072
1126813,3380792,-19.214281074799047
1126813,7421676,-19.21445326889634
1126813,2750618,-19.21445326889634
1126813,2283981,-19.214797612621094
1126813,7726697,-19.217378302539412
1126813,4020496,-19.217378302539412
1126813,8101389,-19.21858148585489
1126813,996804,-19.2202990645182
1126813,2678576,-19.2202990645182
1126813,8457395,-19.2202990645182
1126813,5720393,-19.220985683185525
1126813,2917181,-19.22115730102702
1126813,8699121,-19.221843625167487
1126813,5357412,-19.221843625167487
1126813,943798,-19.222015169408852
1126813,4434798,-19.22252971386833
1126813,3147663,-19.22252971386833
1126813,3147658,-19.222701199275026
1126813,943797,-19.222872669979363
1126813,3147659,-19.223215567291028
1126813,6627268,-19.223215567291028
1126813,7726699,-19.223386993903404
1126813,2338845,-19.224243906631383
1126813,7664180,-19.227496830699337
1126813,1708183,-19.228180983169384
1126813,2724424,-19.228522971662304
1126813,2750619,-19.390917030921774
1126813,5711445,-19.391434192054824
1126813,3253500,-19.391951219494626
1126813,3380799,-19.392812634985855
1126813,4305654,-19.392812634985855
1126813,5282069,-19.392812634985855
1126813,3772172,-19.392812634985855
1126813,5626636,-19.39298487357085
1126813,8417051,-19.39298487357085
1126813,2750622,-19.393157097324057
1126813,3840808,-19.39332930624803
1126813,573827,-19.393501500345323
1126813,4726292,-19.393501500345323
1126813,7907213,-19.39384584407008
1126813,3563937,-19.39384584407008
1126813,3658552,-19.394017993702647
1126813,6864420,-19.394017993702647
1126813,6452820,-19.39419012851874
1126813,1393258,-19.39453435371171
1126813,4403688,-19.39453435371171
1126813,1217379,-19.395222626412142
1126813,3592957,-19.395394657584298
1126813,1858706,-19.395394657584298
1126813,3706536,-19.39625459155462
1126813,4835308,-19.39625459155462
1126813,797831,-19.396426533988397
1126813,6355421,-19.396426533988397
1126813,6748578,-19.397114155940624
1126813,8352563,-19.397457878282566
1126813,2600551,-19.397801541562128
1126813,2459747,-19.397801541562128
1126813,3307824,-19.398145145799614
1126813,6403142,-19.39883217722947
1126813,7500975,-19.399003898217316
1126813,1508685,-19.399003898217316
1126813,3000862,-19.399347295967186
1126813,5189416,-19.399690634766174
1126813,7108573,-19.40037713559242
1126813,822451,-19.40072029766013
1126813,3887633,-19.401063400857836
1126813,1888122,-19.40123493038675
1126813,813092,-19.403292138080367
1126813,5790737,-19.403463476576803
1126813,6627266,-19.40363480039606
240053,5617191,-85.58832149502001
240053,5492716,-85.64761635799798
240053,6532859,-86.08216151645308
240053,5408962,-86.08293306847331
240053,7318059,-86.57614119212496
240053,3418791,-86.92410971626856
240053,1938455,-87.12136558363558
240053,4318428,-87.22819262747605
240053,4318429,-87.23128559701499
240053,3857660,-87.34268976396011
240053,3162892,-87.34501418415934
240053,2775531,-87.53317701452157
240053,3069261,-88.01562527084972
240053,4084170,-88.06864207436534
240053,6317932,-88.29107364375449
240053,5853959,-88.48005678925148
240053,2919784,-88.89155654492626
240053,8806088,-88.899303612279
240053,3165650,-88.98406578242472
240053,4328560,-88.98406578242472
240053,5695019,-89.00409095050244
240053,3165647,-89.25979453736798
240053,4318431,-89.25979453736798
240053,8315346,-89.28102131168797
240053,5168785,-89.2988296073863
240053,898545,-89.31042475792337
240053,6963593,-89.31428649078504
240053,4328564,-89.39055400032842
240053,4822557,-89.3918815675258
240053,7474304,-89.6183508228656
240053,3857662,-89.92919842366032
240053,4328559,-90.00626798889188
240053,5853963,-90.13058023654051
240053,5758527,-90.22110428949063
240053,4287112,-90.36867561553645
240053,706613,-90.40579077583895
240053,856399,-90.42272090110181
240053,5363679,-90.42484094608722
240053,7404878,-90.643599659689
240053,1215440,-90.64592428001392
240053,3517862,-90.64747369339263
240053,6653260,-90.66140642346356
240053,2919788,-90.67608983189663
240053,4447135,-90.69383249201262
240053,2139360,-90.75834227439198
240053,6696990,-90.81251518628403
240053,3165651,-90.8243333112054
240053,6244367,-90.84833045928563
240053,8661775,-90.87872361407005
240053,3658250,-91.02612810182268
240053,5617189,-91.03848760683657
240053,3965510,-91.04700315048825
240053,3692252,-91.04855056587853
240053,5099927,-91.157536924269
240053,6919470,-91.26282371605924
240053,5387803,-91.26899639704502
240053,6665636,-91.29177663820973
240053,6499986,-91.29642447835847
240053,6881185,-91.30416554865157
240053,904832,-91.31499187338918
240053,7698460,-91.31915684542062
240053,422750,-91.33043549510357
240053,1129080,-91.34642239299079
240053,8013685,-91.49029871511048
240053,6963592,-91.61826285436379
240053,3692254,-91.62291029450219
240053,6088332,-91.66578980134777
240053,8315352,-91.67426514114334
240053,3162893,-91.67504054866353
240053,5617186,-91.67504054866355
240053,183447,-91.68434023175183
240053,4045215,-91.68434023175183
240053,7160691,-91.6851147717616
240053,6150414,-91.68666365183907
240053,8289015,-91.68743799192973
240053,4669673,-91.69130869336048
240053,5824445,-91.69208263392233
240053,131072,-91.69285650793611
240053,1238941,-91.70445664015091
240053,5165513,-91.7121817635834
240053,383773,-91.71912870984507
240053,1885683,-91.75608879874869
240053,4790299,-91.77215791095031
240053,5124573,-91.94072802324276
240053,802661,-91.94150262991516
240053,3134604,-91.94460039009306
240053,5491567,-91.94769708440248
240053,2162676,-92.1230293058971
240053,6549091,-92.14313879923724
240053,6067562,-92.14391134468913
240053,6924801,-92.16551573766678
240053,7957850,-92.18282017683244
240053,397241,-92.191313802954
240053,7392238,-92.32476867577893
240053,4883085,-92.32554374941138
240053,3761726,-92.32631875630082
240053,5246873,-92.33174193668665
240053,5553048,-92.33483943032866
240053,7468615,-92.33638777747191
240053,5860248,-92.33716185116421
1115392,7086975,-34.719682718194804
1115392,5212698,-36.91440158467755
1115392,3913375,-37.51561629624871
1115392,2518508,-38.1388803135768
1115392,5212694,-38.15710154355907
1115392,5060782,-38.43359807949758
1115392,2653628,-38.81034128281913
1115392,8110046,-39.02449513582848
1115392,8069293,-39.45179950889709
1115392,8110043,-39.45524621018658
1115392,3093358,-39.47723504784566
1115392,7081654,-40.32196634733125
1115392,8838196,-40.81739405813684
1115392,8110044,-41.199963044269396
1115392,8713469,-41.210302262350275
1115392,4068049,-41.21374273803609
1115392,8110041,-41.850729103961555
1115392,1679429,-41.85279694647248
1115392,1829917,-41.8558967072572
1115392,1829918,-41.86552507431085
1115392,3093361,-41.870673610263374
1115392,3093360,-41.87513032064403
1115392,344436,-44.24655546470291
1115392,1325713,-44.248279632387664
1115392,5632415,-44.248624376759935
1115392,2557675,-44.251725739791986
1115392,8207894,-44.253103351887255
1113437,61756,-53.967494036465524
1113437,919328,-54.11060647679503
1113437,5748055,-54.335051546370885
1113437,4193422,-54.39432174828046
1113437,5215408,-54.79459936981537
1113437,5215406,-54.79459936981537
1113437,7618558,-54.79922749188444
1113437,7126000,-55.03733278377635
1113437,58131,-55.28986507573193
1113437,1399077,-55.36289484938166
1113437,7618564,-55.41304121591962
1113437,4311392,-56.05567494341624
1113437,4898185,-56.07342618369092
1113437,7050819,-56.31049746419795
1113437,6267538,-56.467047276526486
1113437,1783158,-56.468077027758284
1113437,168671,-56.59881655415762
1113437,2082753,-56.60311035150046
1113437,4186999,-56.6870487804955
1113437,340020,-56.737068879941205
1113437,802366,-56.748152353501865
1113437,3088434,-56.75021521935856
1113437,6232395,-56.750622567025616
1113437,4841345,-56.94782974719391
1113437,5965729,-56.954027934775404
1113437,2535148,-56.96434403989319
1113437,3957201,-56.99188086469169
1113437,1317211,-56.99808913080794
1113437,1253484,-57.112099026995466
1113437,4288373,-57.12190750707275
1113437,549548,-57.12293584639296
1113437,6220189,-57.12550190043879
1113437,156328,-57.135791468483674
1113437,5574006,-57.136305483972976
1113437,959608,-57.14895411572642
1113437,4615569,-57.15512891451844
1113437,2780065,-57.17084941157684
1113437,4854578,-57.171365682722765
1113437,5253279,-57.17910442392869
1113437,5258080,-57.17910442392869
1113437,1560551,-57.18837775721898
1113437,2341681,-57.18889252240058
1113437,582602,-57.19095114160196
1113437,2181089,-57.19198018639365
1113437,6909270,-57.33419301741453
1113437,7306673,-57.3429764303912
1113437,2922427,-57.34762127226848
1113437,1560548,-57.397249731950666
1113437,2712936,-57.400853088327956
1113437,6644643,-57.40354180436329
1113437,2584092,-57.41743212850097
1113437,3357893,-57.56289508995633
1113437,3357895,-57.56341113908452
1113437,8342232,-57.66300592338045
1113437,556888,-57.676942852167876
1113437,3485252,-57.683178569641846
1113437,313538,-57.706772422536005
1113437,5188746,-57.769038750856026
1113437,5188745,-57.77109913737044
1113437,8043443,-57.7894001206223
1113437,1757018,-57.790430756269366
1113437,8128794,-57.7986694743837
1113437,4867779,-57.8159274964747
1113437,8299324,-57.82470033321153
1113437,7910205,-57.90639297815561
1113437,3997986,-57.98805451528906
1113437,5141464,-58.02737679624223
1113437,1564996,-58.02995792991594
1113437,1630250,-58.037794960623216
1113437,213011,-58.06176557207127
1113437,6215772,-58.067954170129006
1113437,2703551,-58.07362144974113
1113437,2363455,-58.07362144974113
1113437,6257297,-58.07825433660286
1113437,5384769,-58.204875814338735
1113437,7437754,-58.207973841136635
1113437,654716,-58.20797384113665
1113437,1655114,-58.299779824398655
1113437,1066532,-58.32717801665186
1113437,913799,-58.3297538315075
1113437,742044,-58.40353118395191
1113437,933160,-58.40701734068388
1113437,1520227,-58.42209634918447
1113437,4927231,-58.424678593711235
1113437,6686640,-58.42571118042956
1113437,8128790,-58.42932383515172
1113437,7707094,-58.43624815467192
1113437,5707289,-58.43860354280045
1113437,6792385,-58.43860354280045
1113437,7536939,-58.44245221716191
1113437,502883,-58.443485604176516
1113437,970140,-58.44451881324031
1113437,1255877,-58.44838324436854
1113437,4407173,-58.46102600685629
1113437,8145189,-58.46257123040716
1113437,6289636,-58.52064873494679
1113437,5938419,-58.58945708555942
1113437,8128798,-58.69703036885154
1113437,2092827,-58.69858105029852
1113437,4167476,-58.69858105029852
1122461,8042589,-42.528266746756756
1122461,777761,-42.86391106949698
1122461,5126003,-42.943293395510466
1122461,7241508,-43.065067535165326
1122461,5820098,-43.39546460805391
1122461,2043708,-43.487074491457705
1122461,4882990,-43.76637908508291
1122461,3977514,-43.99520513641417
1122461,2267207,-44.012083830021474
1122461,48062,-44.696280558264355
1122461,777766,-44.86051425029958
1122461,3977522,-45.09304472176079
1122461,8721077,-45.35278083548243
1122461,6195334,-45.46780420014098
1122461,590253,-45.52016552560179
1122461,3704866,-45.523992036224136
1122461,6007061,-45.61208184044285
1122461,6623218,-45.630650034538064
1122461,6765639,-45.63322330857134
1122461,6845381,-45.68554005415302
1122461,7129660,-45.725492721401835
1122461,5361454,-45.73089354449044
1122461,6051487,-45.73409095400489
1122461,2067397,-45.73473812126383
1122461,5528996,-45.7452465969496
1122461,2518428,-45.862354395516334
1122461,7511487,-45.89274941359546
1122461,4882991,-46.01925674890499
1122461,1363928,-46.026117048575735
1122461,391767,-46.04225774441779
1122461,3591933,-46.07840874794673
1122461,6845385,-46.09714885420507
1122461,1746623,-46.11237513248136
1122461,2422742,-46.11289863780193
1122461,3392475,-46.1289758343108
1122461,670134,-46.13556846004249
1122461,293221,-46.160746088856165
1122461,7040393,-46.23780113839092
1122461,6280340,-46.24724052746274
1122461,2422738,-46.24724052746274
1122461,5361452,-46.29923250156136
1122461,7040387,-46.35984120575972
1122461,4452742,-46.37125924928123
1122461,7040392,-46.38831858001957
1122461,6845388,-46.390104692437774
1122461,4691681,-46.39368171333707
1122461,7040391,-46.39647392830106
1122461,930839,-46.400992410617754
1122461,2259127,-46.40528783282123
1122461,3704862,-46.40915056027047
1122461,6176680,-46.40915056027047
1122461,3902115,-46.40915056027047
1122461,3902119,-46.40915056027047
1122461,7040388,-46.42328724949119
1122461,5190210,-46.51705779471991
1122461,5820096,-46.56865538270791
1122461,2864423,-46.57208995004456
1122461,2518424,-46.630999938340516
1122461,2035154,-46.63485769863065
1122461,2141027,-46.64968358139358
1122461,8435978,-46.65041373741898
1122461,4378565,-46.65481955678162
1122461,853800,-46.6654548324073
1122461,4637611,-46.66674196622483
1122461,6214494,-46.672744213500785
1122461,6160937,-46.67691647494592
1122461,7129659,-46.71957190799649
1122461,942068,-46.721281558133256
1122461,2864424,-46.748991853398635
1122461,5732349,-46.770612409436
1122461,1178888,-46.78314648009879
1122461,6280341,-46.78709216785635
1122461,2141028,-46.78948509538483
1122461,5159574,-46.796348337799756
1122461,2388130,-46.797634147609855
1122461,2388131,-46.79891962684359
1122461,3638165,-46.799639796901054
1122461,6195339,-46.85553588257262
1122461,5361456,-46.85939397360922
1122461,5529002,-46.85939397360923
1122461,6179363,-46.919838764770056
1122461,6007060,-46.920574903862914
1122461,2763609,-46.964151022802405
1122461,2365042,-46.972395059828195
1122461,7040824,-46.974967892487896
1122461,4989566,-47.034280267470876
1122461,3475354,-47.03715650545912
1122461,8663452,-47.03944809305173
1122461,5885381,-47.04962980002004
1122461,1526194,-47.050197271655165
1122461,3230153,-47.05277363954879
1122461,4976284,-47.06049478758761
1122461,1676354,-47.062091347576455
1122461,3985224,-47.06349423920642
1122461,1746630,-47.064346007687206
1122461,7846462,-47.06563480035337
1122461,3638170,-47.07293169059838
1122461,2518425,-47.07764753962924
1122461,1849746,-47.10818163042208
1122461,6845384,-47.168946359000664
1116341,8100866,-37.49259771484312
1116341,6782961,-38.16922030031267
1116341,2197145,-38.17231420032769
1116341,2197149,-38.17574906267198
1116341,8100865,-38.41674189947641
1116341,8100864,-38.41674189947641
1116341,7966975,-39.09492793370444
1116341,6721930,-39.115538922000496
1116341,4662992,-39.35720322186876
1116341,7869915,-39.462818515030335
1116341,4662985,-39.507913318928004
1116341,7212226,-39.509976539489045
1116341,1201127,-39.51141085418655
1116341,2201137,-39.65961787465417
1116341,4662989,-39.67946846367584
1116341,3480516,-39.68771425995291
1116341,2829743,-39.78715420756413
1116341,7862243,-39.79265423850897
1116341,2738585,-39.79608792143037
1116341,2989461,-39.80363166450452
1116341,2989460,-39.80602896589993
1116341,3328558,-39.85865419721482
1116341,8529370,-39.86965804690259
1116341,6401105,-39.879261646004004
1116341,8444344,-39.88508117325261
1116341,658727,-39.90356455745555
1116341,3480515,-39.90459470648947
1116341,1555133,-39.909741475886605
1116341,5146316,-39.91008435850095
1116341,4352974,-39.91351156904708
1116341,5247384,-39.91796255728325
1116341,7773705,-39.91796255728325
1116341,8146383,-39.986289214381266
1116341,8100853,-40.00314394487798
1116341,2087789,-40.00520291732464
1116341,712432,-40.01719251248923
1116341,6284364,-40.14704739715191
1116341,2093172,-40.15838098992499
1116341,6225285,-40.162836936503126
1116341,2738581,-40.16523423789853
1116341,6688461,-40.170708394749255
1116341,7212225,-40.1707668932118
1116341,8274411,-40.173177610645375
1116341,6249637,-40.18349283216483
1116341,2826691,-40.1855526881921
1116341,1433492,-40.19069769224569
1116341,6894650,-40.19309643126624
1116341,8550069,-40.31852202035515
1116341,8550063,-40.31886658654653
1116341,3502693,-40.31921112305899
1116341,8024150,-40.319555629897664
1116341,1473410,-40.32162204806611
1116341,2994127,-40.322310616963435
1116341,6755999,-40.32368739926472
1116341,3215645,-40.32506370784668
1116341,7435457,-40.32540771101173
1116341,4607515,-40.32678342790275
1116341,1618076,-40.32712728320865
1116341,3514430,-40.330907741956565
1116341,1480966,-40.333654924056766
1116341,5515600,-40.33399818919497
1116341,333208,-40.33399818919497
1116341,3431497,-40.33537095524621
1116341,4662993,-40.33537095524622
1116341,3251433,-40.3357140731589
1116341,6120482,-40.33640022069945
1116341,424944,-40.337429221373974
1116341,5967738,-40.53608636493523
1116341,1118851,-40.537120152566544
1116341,6764614,-40.537120152566544
1116341,7530103,-40.53780919591769
1116341,4607516,-40.53780919591769
1116341,1931186,-40.53918692663662
1116341,6690582,-40.539531285182946
1116341,7035158,-40.539531285182946
1116341,5554157,-40.540219913351265
1116341,3028488,-40.540219913351265
1116341,5193895,-40.540219913351265
1116341,2818679,-40.54056418298346
1116341,4151581,-40.54194096528474
1116341,5681836,-40.542285086828684
1116341,6756002,-40.543661277031745
1116341,40664,-40.5470996825111
1116341,6900000,-40.549848280404916
1116341,2871063,-40.55087851788035
1116341,8816236,-40.554310727661644
1116341,2844094,-40.554996816357445
1116341,473175,-40.556711523426
1116341,4904735,-40.558082760037735
1116341,7599589,-40.559453526738096
1116341,5154244,-40.56057613714351
1116341,6782799,-40.56057613714351
1116341,1400739,-40.560823823849034
1116341,6417493,-40.56126500249786
1116341,324789,-40.56195374923878
1116341,1433488,-40.56219365169218
1116341,4566649,-40.56253603536754
1116341,8081816,-40.562642377407094
1116341,7249658,-40.56333088704363
1116341,2962923,-40.56401927818918
1129237,8588219,-59.64274391629573
1129237,3279719,-60.96142628348655
1129237,2697752,-61.148609380684995
1129237,7911557,-62.25963381743823
1129237,2697746,-62.92253053035253
1129237,3683096,-63.55930991629586
1129237,4261970,-63.56847524128939
1129237,4773351,-63.68302367577577
1129237,8682824,-63.70499554256506
1129237,128984,-63.76675016433951
1129237,2015118,-63.83123355720858
1129237,3588803,-64.03144145712469
1129237,3905057,-64.08456145851383
1129237,2188742,-64.16579114343153
1129237,2564582,-64.18104568386428
1129237,6080460,-64.21073764376065
1129237,8750091,-64.43079057230213
1129237,3737013,-64.4465873117529
1129237,4200308,-64.45220483628577
1129237,493608,-64.47122372914475
1129237,4915547,-64.54086841177147
1129237,1686020,-64.58019733234252
1129237,4233385,-64.71249970094092
1129237,4233383,-64.71309959124707
1129237,892136,-64.71373454300499
1129237,7176981,-64.81005283035606
1129237,3683092,-64.84236297467159
1129237,8588222,-64.84493581983473
1129237,3683090,-64.84597050934511
1129237,6669162,-65.07135090313325
1129237,6903787,-65.0827530867991
1129237,4982588,-65.11220075123754
1129237,4486834,-65.17769569244048
1129237,7152827,-65.17966689748023
1129237,4003056,-65.24026615704447
1129237,608384,-65.24564653948035
1129237,7072552,-65.27206584830786
1129237,8588227,-65.29198198873712
1129237,4066969,-65.29198198873712
1129237,7397082,-65.35631297080961
1129237,3705879,-65.35732688642726
1129237,1239397,-65.35831729539252
1129237,4922579,-65.35991503161429
1129237,7688471,-65.36452402876785
1129237,795096,-65.37655597775696
1129237,2364443,-65.38034939505819
1129237,3679529,-65.40103463557443
1129237,7812954,-65.53237913971984
1129237,6172879,-65.56387331930775
1129237,1779229,-65.5653952449629
1129237,7248784,-65.58502391224035
1129237,5831781,-65.6116633164743
1129237,664274,-65.61889808266665
1129237,3792420,-65.62069107162044
1129237,6194643,-65.63754422955952
1129237,5916672,-65.64894801162004
1129237,8588223,-65.65756352827974
1129237,2913079,-65.7287779872092
1129237,3767237,-65.75162768923494
1129237,451835,-65.75962744272934
1129237,350,-65.76641683597934
1129237,4982587,-65.77284939509478
1129237,6225977,-65.78244969832336
1129237,3705875,-65.78473751659857
1129237,3181951,-65.79457611483355
1129237,2344376,-65.8005768181405
1129237,2121225,-65.8322545926989
1129237,7688465,-65.85514774712993
1129237,7520892,-65.91472592644307
1129237,6981247,-65.92069259511598
1129237,6179560,-65.95271009497176
1129237,7371126,-65.98121581379893
1129237,8223155,-65.98473570086783
1129237,1770027,-66.00113163058329
1129237,162127,-66.0027538078714
1129237,2015115,-66.02779921759674
1129237,4565944,-66.05725709141676
1129237,2159707,-66.09165766858511
1129237,461837,-66.16858576049587
1129237,5401741,-66.17455116630208
1129237,2577609,-66.19619139626695
1129237,2801279,-66.24518277589549
1129237,5127618,-66.25286570815199
1129237,5222443,-66.26672972480854
1129237,1793268,-66.26793399480886
1129237,718424,-66.26826512389292
1129237,3858678,-66.2855381352789
1129237,6194648,-66.28597322721582
1129237,972672,-66.28975434976213
1129237,2895719,-66.2933662277608
1129237,4486836,-66.29396880505159
1129237,608379,-66.32159497864998
1129237,2015109,-66.38451522972365
1129237,6106530,-66.39989272521368
1129237,3732605,-66.41051901391492
1129237,5855939,-66.46581495755123
1129237,2528830,-66.49605894293235
1129237,5923149,-66.56795981183659
1129237,4153070,-66.65739876157058
1129237,8446714,-66.66410009194281
912070,4547349,-67.09636629928568
912070,3008572,-67.56391980636168
912070,5834743,-67.7151322003229
912070,2896588,-68.13889605530304
912070,6146730,-68.28896842494679
912070,4929215,-68.57789656093834
912070,2282173,-68.62608563115612
912070,1202000,-68.94425063058938
912070,1237852,-69.06489567669009
912070,4615448,-69.18165388879815
912070,3996436,-69.21533127711491
912070,2303998,-69.22974656240632
912070,3226256,-69.23192188771782
912070,4213888,-69.24454446751761
912070,6230240,-69.44957381039166
912070,5960134,-69.56991933745495
912070,1002566,-69.70070395277648
912070,7224610,-69.70671651080228
912070,4333398,-69.70972085427059
912070,2877137,-69.71752611805661
912070,4698025,-69.72434366334981
912070,4929214,-69.81942006336371
912070,6193959,-69.971684405306
912070,5096366,-69.979097314296
912070,3996433,-69.99796017717082
912070,2225612,-70.00674799042177
912070,2225611,-70.00794771962869
912070,6826386,-70.1034172848138
912070,777849,-70.11320632100899
912070,5162628,-70.1673800446971
912070,3628829,-70.41294806807116
912070,6730128,-70.5137361420804
912070,4892250,-70.52036162227697
912070,2516376,-70.52156785682118
912070,4161898,-70.52457457422173
912070,278313,-70.53773857193018
912070,6826389,-70.57671522917492
912070,2005845,-70.62148523135336
912070,2303995,-70.64133469673212
912070,391675,-70.67010604812941
912070,2942692,-70.67130229192682
912070,2303990,-70.68174368656953
912070,2303994,-70.68446197534355
912070,6730126,-70.73198970810043
912070,2848083,-70.73801313098076
912070,5058699,-70.74476390171776
912070,2400610,-70.75621974330714
912070,5058695,-70.75983348593405
912070,5086902,-70.75983348593405
912070,3996438,-70.78232089172629
912070,3996432,-70.79155241581178
912070,1594671,-70.80394382921537
912070,3838685,-70.81672518445664
912070,904930,-70.89606370805618
912070,2970197,-70.89966382128195
912070,7611799,-70.93172267856653
912070,5072259,-70.94094155734243
912070,8678652,-71.01820005051616
912070,3008575,-71.0559806658486
912070,3996430,-71.06010082389798
912070,6826391,-71.06371021871682
912070,3008576,-71.07452724996372
912070,1202008,-71.07992950374332
912070,8337146,-71.18323115370175
912070,4581871,-71.2233159866496
912070,6826387,-71.237893148137
912070,3946692,-71.25117314082303
912070,3920328,-71.2583776906172
912070,4546765,-71.32657102632483
912070,2970193,-71.33496625404507
912070,1202004,-71.33556552806775
912070,2507646,-71.33975382456256
912070,5328871,-71.39802568086711
912070,3555367,-71.3992312990508
912070,2151313,-71.4046540127445
912070,1331213,-71.40525627725945
912070,3405621,-71.4064606508591
912070,8730446,-71.40947067859774
912070,3650260,-71.44238133359413
912070,3650263,-71.45016728572102
912070,6228375,-71.45057099414042
912070,2303991,-71.46939427050505
912070,3108364,-71.46999426364833
912070,3133569,-71.46999426364833
912070,7549671,-71.47778949822528
912070,6055293,-71.48322891966804
912070,4156807,-71.4837799310145
912070,4287451,-71.48622580295523
912070,2584671,-71.48622580295523
912070,3996434,-71.57655048097011
912070,3996435,-71.57775010737512
912070,4039636,-71.58014874360258
912070,4581873,-71.60679305311417
912070,3920322,-71.62001727626016
912070,7549664,-71.62121824046578
912070,904927,-71.62241899866176
912070,278306,-71.64339899347243
912070,8719557,-71.64424110936639
912070,2729499,-71.64724236136318
912070,5722347,-71.71694977764828
278813,200786,-95.32996837194968
278813,3768248,-95.64576463243137
278813,6333895,-95.85019999286887
278813,5358273,-95.89745505857964
278813,5190917,-96.17265883465119
278813,4555317,-96.32750085617816
278813,3186464,-96.49200746550359
278813,4555314,-96.54611167955292
278813,6504583,-96.57065460594535
278813,2914659,-96.84269378648501
278813,334446,-97.02163424279384
278813,787246,-97.1218135868684
278813,4725529,-97.20514735234144
278813,3618614,-97.47226300469839
278813,8466368,-97.49606446133403
278813,7354996,-97.70823914570036
278813,3177931,-97.77267930148389
278813,4514037,-97.89250952746075
278813,3186463,-98.02952715918731
278813,8470450,-98.16971411358628
278813,4361005,-98.33080357354537
278813,8639933,-98.35611610152341
278813,595965,-98.39611372117855
278813,7354990,-98.49284555619063
278813,5044118,-98.49284555619063
278813,3390550,-98.52072463851705
278813,6149458,-98.5260643804371
278813,200782,-98.56251150532609
278813,6158696,-98.67481261466841
278813,714845,-98.71910717466244
278813,7477644,-98.73554617511574
278813,8639934,-98.85112429252167
278813,6265642,-98.92869811941095
278813,8437411,-99.10124536675767
278813,3276268,-99.14770395852277
278813,7779005,-99.21269770427563
278813,6504584,-99.28795939117886
278813,7414971,-99.39291337918861
278813,7390013,-99.43157440532661
278813,4631489,-99.45399227194548
278813,4794659,-99.48756728113327
278813,4669858,-99.48945807896865
278813,7315877,-99.55333874787576
278813,4514035,-99.56091039922487
278813,3177932,-99.71223024069418
278813,4688509,-99.83549625686233
278813,2401042,-99.9005901518899
278813,3583856,-99.96466321316503
278813,6161321,-99.9842616490574
278813,2837869,-100.01236150451255
278813,5450599,-100.02894988641488
278813,3408151,-100.04100621366486
278813,636324,-100.0845959443196
278813,1972264,-100.09590961686048
278813,8466364,-100.10404677694709
278813,744102,-100.15613919114573
278813,2684221,-100.24387475571899
278813,1636275,-100.25897518450581
278813,6333897,-100.29572828746899
278813,3008216,-100.34792911713177
278813,2893705,-100.35011949807799
278813,7414968,-100.3548200577707
278813,6392632,-100.38704081170319
278813,6425469,-100.41942214906781
278813,7661107,-100.4201612840736
278813,2750247,-100.44389770850992
278813,5348550,-100.50024184181761
278813,5853133,-100.52526379307447
278813,1593470,-100.52603125851238
278813,3368972,-100.5790937706064
278813,7390015,-100.58744711811188
278813,7390018,-100.59876079065279
278813,1667328,-100.92288791060595
278813,8332334,-101.0326253107002
278813,5646385,-101.13258296211416
278813,6838005,-101.18395010571302
278813,3583858,-101.19958850758633
278813,4724472,-101.21420960047614
278813,2914656,-101.34351157780326
278813,7733350,-101.55798776854684
278813,1831712,-101.56340480929315
278813,1266468,-101.56718868143558
278813,8349950,-101.57380732730564
278813,5676096,-101.5785324944774
278813,4131024,-101.58514432039902
278813,4724474,-101.59437618906603
278813,8639935,-101.60350615641786
278813,7315879,-101.66698074566922
278813,7391039,-101.71253751552936
278813,4631486,-101.75416911796499
278813,8412061,-101.78983399717897
278813,1349650,-101.8033551138953
278813,3686040,-101.82521048951762
278813,2113533,-101.88972182891061
278813,2837976,-101.89158318739246
278813,7414969,-101.91336395116298
278813,6877688,-101.9286053399083
278813,1142963,-101.95773817862501
278813,696231,-102.021182140018
278813,7015998,-102.03943125315475
423273,6668015,-44.52310790392601
423273,3321495,-44.700146272153575
423273,3321497,-45.352228812663256
423273,6668023,-45.4773580795859
423273,5172597,-45.5056253743225
423273,1414628,-45.74867410108972
423273,1831921,-46.11968834574784
423273,151716,-46.122325084339536
423273,6668017,-46.13985173924012
423273,448839,-46.38617919657791
423273,6668014,-46.399273207967
423273,3020790,-46.399515815738454
423273,7839351,-46.40700496899842
423273,8545200,-46.69147464507938
423273,151710,-46.708444910174734
423273,23781,-46.76742023507859
423273,1831918,-46.78314648009879
423273,4572178,-46.80277408278533
423273,3860562,-46.80320217230767
423273,8012486,-46.875650950617015
423273,1217555,-46.980686113019715
423273,3860561,-47.04015595707793
423273,8237690,-47.04015595707793
423273,7409897,-47.04246019317897
423273,7811682,-47.04933818726519
423273,1414627,-47.06135195738648
423273,6813716,-47.07409378811959
423273,6161797,-47.090212902081234
423273,4508401,-47.1732421502489
423273,2164393,-47.174753503000176
423273,1623143,-47.183537015891844
423273,7029294,-47.25455275470706
423273,7923576,-47.25455275470706
423273,640989,-47.257124264154044
423273,151711,-47.35851777092778
423273,1811282,-47.358946153868125
423273,856289,-47.410792840672144
423273,6608581,-47.425468236303715
423273,1797263,-47.429773645023836
423273,3321488,-47.43353419526783
423273,958972,-47.46239645736009
423273,3321491,-47.46454057650306
423273,8560833,-47.46539796678064
423273,8237693,-47.46539796678064
423273,1211997,-47.46968271419992
423273,5500838,-47.48351222933779
423273,5550430,-47.49275711441058
423273,151712,-47.533280153130534
423273,1127321,-47.55253761030518
423273,7919740,-47.59360545614304
423273,2027160,-47.599602561117365
423273,8339672,-47.633718237918444
423273,1761537,-47.63619856190154
423273,5029856,-47.63672438773243
423273,6813710,-47.645303441508794
423273,1903574,-47.645303441508794
423273,7404511,-47.64658903091576
423273,599897,-47.64701748727346
423273,8237688,-47.741552385394655
423273,4572174,-47.746697168610126
423273,8135169,-47.74896044511728
423273,1867311,-47.856013561724225
423273,306620,-47.857553215842294
423273,8237691,-47.857982297265046
423273,7029298,-47.85841134186879
423273,695599,-47.85884034965983
423273,1835159,-47.86012715221995
423273,1830408,-47.860556012823366
423273,5793774,-47.86098483664565
423273,360466,-47.86355700752881
423273,6259771,-47.8661278558797
423273,1088569,-47.8661278558797
423273,5403189,-47.86655620212078
423273,3381653,-47.86826922021845
423273,6611779,-47.86869738305761
423273,6172388,-47.86912550923521
423273,232076,-47.87212136648237
423273,6171868,-47.87853502246107
423273,690677,-47.910724960981284
423273,590552,-47.913303100137604
423273,7322256,-47.92617389313493
423273,3860559,-47.92788749831993
423273,1217559,-47.9555016518531
423273,1571871,-47.97363164378245
423273,8339679,-47.98288655424568
423273,1811021,-48.009634055820015
423273,6153455,-48.010925733975455
423273,6611778,-48.04054260513234
423273,7001344,-48.04182632415897
423273,7919741,-48.069389353529516
423273,4224124,-48.07510957655558
423273,5592805,-48.077261446994555
423273,223841,-48.08070251454949
423273,4429991,-48.100867573841235
423273,8055681,-48.12414919609598
423273,7332703,-48.12887192910609
423273,4307875,-48.13015917338067
423273,1015997,-48.13101715215638
423273,5603791,-48.131874983731834
423273,2633985,-48.13273266815754
507445,3990765,-58.643245177487856
507445,5889638,-58.90164587657239
507445,138394,-59.58352728820698
507445,7794488,-60.309612037487426
507445,570034,-60.57680329725733
507445,1479754,-60.685441315500924
507445,8722482,-61.1129331153172
507445,3740361,-61.57204445622023
507445,6180779,-61.88353425135534
507445,5716524,-61.92877601985451
507445,5369728,-62.1816603216935
507445,92319,-62.25329250586803
507445,493308,-62.29423733131267
507445,250223,-62.3665241916193
507445,5298400,-62.393919933291045
507445,5298395,-62.40411719640133
507445,269423,-62.41760142369638
507445,5181430,-62.5156632935316
507445,5288831,-62.545105902475306
507445,6186391,-62.63272110737604
507445,6828030,-62.71623045805548
507445,5907838,-62.76064459620127
507445,361584,-62.79404378215111
507445,483963,-62.92229442936314
507445,483959,-62.925303421998755
507445,6952461,-62.944242571813945
507445,1544091,-62.97845691216875
507445,7422887,-63.14465016734465
507445,5279202,-63.15093566419721
507445,8520595,-63.17798872179628
507445,348381,-63.19939662652972
507445,8168036,-63.21561718708249
507445,6952457,-63.21570996064082
507445,2909099,-63.22425247742482
507445,7245415,-63.31488229323729
507445,5790259,-63.317896377162626
507445,8697530,-63.344120578636506
507445,2848872,-63.360332907247745
507445,1485181,-63.36827341214457
507445,1485183,-63.36887572848149
507445,7239635,-63.39703067646323
507445,7239639,-63.39703067646323
507445,5039371,-63.399777896805205
507445,6151631,-63.41949084168337
507445,6792878,-63.478153577148646
507445,5749619,-63.497002307667614
507445,5559535,-63.53723130924728
507445,3526029,-63.539798062791135
507445,7752849,-63.5416050118108
507445,867076,-63.56661968730245
507445,8651728,-63.58021095483226
507445,5908822,-63.58124033642704
507445,7317452,-63.595460187143615
507445,8669945,-63.59827656880983
507445,5369730,-63.59887795371372
507445,8722485,-63.64734800369796
507445,2638897,-63.71962312612181
507445,1149568,-63.7226246354982
507445,3540115,-63.727424375128976
507445,1485187,-63.74265685519737
507445,353892,-63.75954497246005
507445,7034117,-63.88346502711173
507445,5288832,-63.888678462275884
507445,7534190,-63.89547095496242
507445,7053873,-63.900885279988714
507445,8180849,-63.943505796068486
507445,4395305,-63.9793165174505
507445,3128132,-63.99156266650769
507445,4604746,-63.994353729577945
507445,6692439,-63.9972119033228
507445,1125832,-64.00573743188905
507445,3337955,-64.01338981946563
507445,1479749,-64.03564681607983
507445,1489507,-64.1417921233188
507445,4792166,-64.23134688305792
507445,4030341,-64.27061898945765
507445,4593698,-64.27771010109858
507445,4728915,-64.28617325077286
507445,6026981,-64.30863980487398
507445,3251106,-64.41069161693463
507445,832478,-64.41098797479977
507445,7057327,-64.42361380706116
507445,3458333,-64.4311466262043
507445,1828507,-64.43141840143042
507445,2855402,-64.43801549919591
507445,2067792,-64.44120854030561
507445,4522784,-64.53788408099106
507445,5148123,-64.54991746799989
507445,4959808,-64.55794748973514
507445,286391,-64.55914969148472
507445,5747302,-64.55914969148472
507445,1439300,-64.56815962940165
507445,1082880,-64.56936007871562
507445,7071761,-64.59181297051465
507445,8246690,-64.61345576467079
507445,7902109,-64.61811154743101
507445,68510,-64.6250278643029
507445,4460396,-64.62562997340544
507445,7916112,-64.6623536404952
507445,7476087,-64.6635592586789
25129,5031195,-54.25171417162376
25129,113906,-55.63370310056059
25129,7447694,-55.92309627277277
25129,7447690,-56.04714007826143
25129,7263713,-56.243488566476636
25129,113908,-56.695832949893756
25129,2408165,-56.76154832138609
25129,5180770,-57.01087368884214
25129,4882896,-57.15204230945865
25129,3683470,-57.1903715269315
25129,113910,-57.33884466122825
25129,113905,-57.340394408111536
25129,8816558,-57.41280559251889
25129,3806623,-57.43231268731968
25129,3683467,-57.500826433941214
25129,7750508,-57.66352268363846
25129,7447687,-57.77701866433139
25129,211673,-57.798269456478025
25129,4798634,-57.800321212031356
25129,2258265,-57.818003744707305
25129,3457604,-57.819875681440045
25129,6201254,-57.84663737305397
25129,3806622,-57.86026032681201
25129,6394274,-57.989603595316254
25129,1376706,-58.065892013264495
25129,1985156,-58.07311694997664
25129,183982,-58.07671043842301
25129,4882893,-58.07825433660286
25129,4675558,-58.07825433660286
25129,3156627,-58.10498134840069
25129,6212943,-58.19266978842515
25129,7734044,-58.21167535188164
25129,6212640,-58.25781402896453
25129,7462870,-58.339531855423374
25129,5056218,-58.38251234805454
25129,113911,-58.4298397511609
25129,6659834,-58.44014876635133
25129,3059825,-58.44112287049927
25129,6876107,-58.447868920447036
25129,8758207,-58.45123033883299
25129,2739347,-58.45859128845839
25129,1017600,-58.477487910472064
25129,1492496,-58.53791215916121
25129,4033963,-58.56874318705681
25129,6876111,-58.63969426167212
25129,2273206,-58.70695891129373
25129,2457947,-58.70890869737089
25129,3950702,-58.71439361153651
25129,4733774,-58.74627535906725
25129,3164140,-58.749489814257814
25129,6181304,-58.7528259948233
25129,8600593,-58.75873140666532
25129,7263707,-58.80271147551455
25129,6857849,-58.84560880892222
25129,2764295,-58.854347544256285
25129,3683466,-58.874872651715904
25129,7615159,-58.90938637032919
25129,6857846,-58.91567884045543
25129,6192879,-58.91619373816272
25129,709498,-58.91773816621807
25129,4675557,-58.918767564108606
25129,6333530,-58.919282196832704
25129,1468979,-58.9655293345487
25129,2095203,-58.98097958900246
25129,4688334,-58.98675265587263
25129,3038509,-58.98766236355851
25129,2607758,-59.019304194878785
25129,612830,-59.08055597480038
25129,2207241,-59.0887770545893
25129,1844560,-59.09217900933963
25129,113904,-59.09424453826451
25129,8758206,-59.095277036137546
25129,8600592,-59.096992442480804
25129,6050939,-59.104561530308985
25129,8589436,-59.10765317178134
25129,7327998,-59.111258074557405
25129,7197174,-59.1148608127466
25129,8776499,-59.12051789137048
25129,7926134,-59.12197460261785
25129,3806625,-59.13032688476814
25129,6659833,-59.13124236552388
25129,6876104,-59.13393240647545
25129,6557697,-59.279342220626994
25129,6857848,-59.30514360721715
25129,7367666,-59.305658504924445
25129,3497380,-59.30823233087033
25129,211669,-59.313376672838345
25129,1137105,-59.347275167264904
25129,6368230,-59.350374260848945
25129,5801963,-59.367390721488945
25129,3058636,-59.374390815230804
25129,3156624,-59.376854843313694
25129,6212938,-59.38416800053639
25129,3194557,-59.40317785951249
25129,6117441,-59.40442076734692
25129,3292326,-59.405272890320255
25129,6609242,-59.405680237987326
25129,3683469,-59.4092835943646
25129,612829,-59.41038179166613
25129,1212206,-59.41802560383033
146187,8434623,-70.88707649869566
146187,3340983,-72.1355480566352
146187,4032972,-72.19135858264701
146187,7008850,-72.1947562371055
146187,6601035,-72.53195504895648
146187,1311959,-72.80166960244449
146187,7392167,-72.8790058053516
146187,5142349,-72.91454654972102
146187,6065113,-73.03585849405727
146187,4992322,-73.06001674051015
146187,5040193,-73.12858686083574
146187,3526354,-73.18956717136732
146187,8434618,-73.23315052438063
146187,8602882,-73.43299601423216
146187,6464518,-73.5256757539075
146187,8716240,-73.54773912673417
146187,4332600,-73.63514743084603
146187,8140512,-73.64667186708338
146187,609579,-73.7297522523084
146187,4562963,-73.7331807846062
146187,6220258,-73.73660784817923
146187,5426149,-73.83276315711507
146187,251613,-73.87128768294913
146187,4332606,-73.89524477061792
146187,6270268,-73.89877132716764
146187,5050456,-74.01452069695002
146187,7088851,-74.0276438390215
146187,6914598,-74.06977127565615
146187,5142353,-74.19223226828386
146187,2226093,-74.20092170327251
146187,8049312,-74.25237191405166
146187,1329682,-74.3168348737303
146187,4072041,-74.31765389300675
146187,6294879,-74.41182249441901
146187,3245829,-74.42353524931865
146187,2167303,-74.42353524931865
146187,3636162,-74.42697853840147
146187,6853507,-74.4622123170203
146187,2991807,-74.48967944785396
146187,4906538,-74.52273130654652
146187,4155296,-74.55773539472005
146187,674092,-74.55901816617047
146187,8504973,-74.58375556595206
146187,8434619,-74.60297625643757
146187,4787674,-74.77329752619725
146187,4487459,-74.84777591075192
146187,50197,-74.85649064441479
146187,1329681,-74.87324794988105
146187,7088850,-74.88426884827727
146187,2970604,-74.90145759374941
146187,4155293,-74.9478849874508
146187,5008158,-75.01614510634913
146187,8370174,-75.01614510634913
146187,2592261,-75.03808114573084
146187,5050464,-75.05022858011785
146187,2902981,-75.18928153755304
146187,4730655,-75.20367767504774
146187,6425232,-75.20426878570485
146187,1418994,-75.25475207044988
146187,1643555,-75.28542670787976
146187,8504975,-75.30647440070274
146187,2478275,-75.3140327205696
146187,4212997,-75.31814720815746
146187,3241340,-75.38735416587332
146187,4111407,-75.4234866493082
146187,3330562,-75.4449448157807
146187,744165,-75.48339268370557
146187,3330560,-75.53915173489162
146187,2399141,-75.54574324082685
146187,1952149,-75.55194169496707
146187,7249303,-75.55675939672489
146187,711202,-75.55675939672489
146187,8478721,-75.55882323823329
146187,4874233,-75.57943242243041
146187,5332230,-75.58540391325921
146187,2831953,-75.63802211618074
146187,2879515,-75.64215246313557
146187,4960915,-75.64352877170735
146187,5105210,-75.66894786426619
146187,1553307,-75.67214169588567
146187,4461265,-75.71242085030477
146187,5203708,-75.71678957916875
146187,5677749,-75.71678957916875
146187,7765318,-75.81736123500035
146187,8794597,-75.81804894561213
146187,8434624,-75.86941445776495
146187,5566562,-75.92077431687264
146187,76348,-75.95700585559888
146187,5332231,-75.96868990722992
146187,4935029,-76.06600327489144
146187,3580385,-76.08543873650483
146187,2831955,-76.18961399491604
146187,2680017,-76.20269849614567
146187,8794596,-76.20407456798
146187,6038331,-76.21026396379112
146187,8801241,-76.21163873502398
146187,4935024,-76.22859901580537
146187,1367172,-76.28034925497332
146187,4777144,-76.28809138497273
146187,950477,-76.29084400213665
634428,7137907,-39.4121260321711
634428,1149020,-40.53998605152521
634428,3112254,-40.90883917657159
634428,77084,-41.89729662367401
634428,331492,-42.08557413638668
634428,495895,-42.26462236783567
634428,894965,-42.587736872210364
634428,1365473,-42.66381331698989
634428,5734073,-42.79662836856663
634428,576161,-42.855512765964356
634428,576162,-43.067750673360585
634428,5230973,-43.2334527052858
634428,3234659,-43.2334527052858
634428,8682524,-43.24765872786011
634428,2164843,-43.3450847135355
634428,6039405,-43.482649357608295
634428,8573800,-43.52337322142694
634428,7490680,-43.748934970472426
634428,7144917,-43.8098366691183
634428,1149015,-44.00037243193365
634428,4744351,-44.017768805051986
634428,331496,-44.01949052368852
634428,576160,-44.02508201831846
634428,7045908,-44.02723092928347
634428,6608485,-44.08340328673444
634428,573203,-44.12592639789077
634428,8083790,-44.57047679925988
634428,7139848,-44.57090784117467
634428,1743446,-44.58425174275678
634428,7126195,-44.69585084995009
634428,7129232,-44.96037260793639
634428,336055,-44.96425031390766
634428,7146552,-45.07059822576409
634428,5815191,-45.34720277641152
634428,8077547,-45.358020118690526
634428,7137652,-45.359741096567134
634428,1746451,-45.46876058621551
634428,540779,-45.73800890422119
634428,8080870,-45.738440020467635
634428,7194576,-45.74102593762078
634428,8085790,-45.74102593762078
634428,7708601,-45.74102593762078
634428,493013,-45.74102593762078
634428,364726,-45.74102593762078
634428,1829421,-45.74102593762078
634428,8548487,-45.74102593762078
634428,907863,-45.74102593762078
634428,8083674,-45.74145679381847
634428,7490607,-45.743179847431115
634428,7553367,-45.743610518071705
634428,926920,-45.74490230746554
634428,7045169,-45.75006613018576
634428,868421,-45.999050011055296
634428,7132372,-46.102851130343716
634428,2055810,-46.10720641653302
634428,7605009,-46.111944610171435
634428,5230967,-46.120570750814586
634428,462226,-46.12531753199065
634428,1190438,-46.126611326957246
634428,1951087,-46.12747367098291
634428,562598,-46.1309215605802
634428,8071487,-46.13221390645361
634428,7840391,-46.132644614192834
634428,7136582,-46.13436707422727
634428,1162152,-46.13436707422727
634428,7130565,-46.13436707422727
634428,7136586,-46.13522808178043
634428,7130566,-46.13522808178043
634428,1162154,-46.13522808178043
634428,7139388,-46.136088941092325
634428,7133025,-46.136088941092325
634428,7130775,-46.13694965221397
634428,6991503,-46.137810215196396
634428,5734070,-46.13867063009059
634428,1827262,-46.139100782020506
634428,4266426,-46.25532090497387
634428,1235736,-46.36695384056111
634428,8592253,-46.38765310254583
634428,1639659,-46.389807012356165
634428,1041939,-46.40547228531632
634428,628972,-46.64481550070916
634428,6524896,-46.65342557834717
634428,517386,-46.65858451709534
634428,8075227,-46.77151335752035
634428,8075229,-46.77237599910354
634428,1488276,-46.77927177911789
634428,7712529,-46.780892773086094
634428,383577,-46.78357681713902
634428,1569405,-47.03126323407129
634428,3611439,-47.031694350317736
634428,550039,-47.033418443677235
634428,8356959,-47.034711123668586
634428,2307779,-47.04461058286272
634428,4266425,-47.06487927199106
634428,4266423,-47.31436774232239
634428,7586039,-47.42202123807166
634428,363297,-47.422883210438954
634428,7036354,-47.43149477100144
634428,6897787,-47.432785226797584
634428,6524894,-47.460121397944135
1121986,5186612,-77.87790361791461
1121986,5198257,-79.08414227448218
1121986,7518995,-80.08238087880805
1121986,4384679,-80.16440853415197
1121986,7784554,-80.27694180546644
1121986,2223580,-80.6087252413615
1121986,4447541,-80.64293942883747
1121986,4771483,-80.73295518402583
1121986,2978982,-80.88865353161738
1121986,439886,-80.90232768424383
1121986,1024820,-80.99277074670077
1121986,3247898,-81.3191969073178
1121986,3247905,-81.58967855062075
1121986,7577743,-81.61097485326388
1121986,4239742,-81.6588721573463
1121986,155472,-81.91054982023057
1121986,2978985,-81.93017965086395
1121986,2764642,-81.96485737912278
1121986,3125543,-81.97164283563575
1121986,3787275,-82.05979361860308
1121986,974958,-82.16518272528498
1121986,661823,-82.36009546936313
1121986,4121919,-82.47593723958262
1121986,2249663,-82.51511703631985
1121986,6398726,-82.51609245037754
1121986,1969543,-82.82680283753189
1121986,4517750,-82.86476141221475
1121986,496432,-82.89606845627178
1121986,1200660,-82.90490072069161
1121986,5837695,-82.93778419493094
1121986,440220,-82.98307030163231
1121986,4765529,-83.13288622575747
1121986,6398730,-83.1579670739283
1121986,8258784,-83.19275144313053
1121986,7080576,-83.20127211715838
1121986,7457404,-83.2559070037717
1121986,7075362,-83.25768651404307
1121986,8004928,-83.26874599577887
1121986,8583501,-83.3252798051756
1121986,8530649,-83.41475000914451
1121986,6463042,-83.45623914108909
1121986,8046995,-83.48650805035614
1121986,1832500,-83.49759020209524
1121986,5784874,-83.51447227383701
1121986,8657656,-83.560012531187
1121986,3459802,-83.64072670985796
1121986,6816108,-83.65414716598681
1121986,1586097,-83.66595169155288
1121986,3782788,-83.77940015746792
1121986,3125734,-83.82470254455373
1121986,5067249,-83.83162553434406
1121986,4771488,-83.88303862638129
1121986,661819,-83.8923677259657
1121986,3787272,-83.90097650717509
1121986,6829057,-83.90637690850978
1121986,4771489,-83.91440693024504
1121986,5803441,-83.9401549163081
1121986,180003,-83.96723628946418
1121986,53176,-83.99115011277182
1121986,6179398,-84.03446992819386
1121986,7179355,-84.04513698681052
1121986,8004929,-84.06775888937871
1121986,3347956,-84.1572767408573
1121986,524599,-84.1877223416981
1121986,1719989,-84.19258227378629
1121986,2577381,-84.1986181301345
1121986,4185050,-84.19874327635667
1121986,3833005,-84.20814761494354
1121986,1747575,-84.21113040125904
1121986,919117,-84.23477363428738
1121986,4771487,-84.25289538859465
1121986,5273634,-84.2710942200304
1121986,6053846,-84.28504602604983
1121986,454883,-84.28991845813843
1121986,1978435,-84.29419083557758
1121986,3801901,-84.32007640791073
1121986,8004930,-84.3682874825389
1121986,8100609,-84.40098545774377
1121986,4259326,-84.42845006938818
1121986,4121928,-84.44066570964274
1121986,454884,-84.46277260958666
1121986,3677701,-84.48309142783893
1121986,7507011,-84.54761845961411
1121986,6179395,-84.55248542718684
1121986,625229,-84.55902687038144
1121986,6105592,-84.5800926438165
1121986,2755073,-84.58268527168946
1121986,817049,-84.66899108208065
1121986,4882525,-84.7141866157914
1121986,8375955,-84.74616582298763
1121986,943539,-84.79932875845414
1121986,200306,-84.79936373952074
1121986,983257,-84.8177798187665
1121986,4771490,-84.8247291490591
1121986,184019,-84.84400473726473
1121986,7602288,-84.84554500236523
1121986,246011,-84.87254333102285
1121986,5070867,-84.87666241914935
1121986,4185047,-84.87820466380455
1121986,2850880,-84.9426513348168
321441,696452,-69.52917136007882
321441,1343173,-70.29150289027477
321441,512872,-71.12938710733019
321441,5920250,-72.57785423119326
321441,8408877,-72.5824534051555
321441,3090956,-72.89206341921795
321441,7766897,-73.36587057721447
321441,7780747,-73.50209683536228
321441,5531006,-73.51972469662729
321441,5531007,-73.5231497060984
321441,3456698,-73.54695270049535
321441,294032,-73.74074991062764
321441,771376,-73.98873500687819
321441,5493499,-74.22209957887524
321441,7918792,-74.39743615679362
321441,2841983,-74.47616353920442
321441,4527586,-74.55823264051628
321441,1955079,-74.83814230107161
321441,491338,-74.85327128875811
321441,7312852,-74.86425624624388
321441,6109903,-75.04474316339696
321441,8652411,-75.13059350400685
321441,159775,-75.22347600993255
321441,4527588,-75.22691870630543
321441,5682948,-75.3019055615603
321441,7477564,-75.31264244718233
321441,7766899,-75.42983291969088
321441,7921339,-75.62959935044216
321441,7594076,-75.64834398793555
321441,1812033,-75.87561077814907
321441,6147699,-75.91622972206326
321441,337554,-75.9492186093027
321441,3298753,-76.1762800289452
321441,6651317,-76.20476251514609
321441,4593074,-76.30711936609787
321441,5113698,-76.32811695288082
321441,1434502,-76.3311041904861
321441,3728112,-76.35218477347156
321441,1856483,-76.44190179335081
321441,5274487,-76.51780845848202
321441,3048658,-76.52051083846412
321441,3262373,-76.61689641383946
321441,7780744,-76.7074176801027
321441,1548186,-76.87659918237281
321441,6614492,-76.98263808570128
321441,5596192,-76.99881193839661
321441,5453358,-77.05013658401383
321441,6609741,-77.23603757387
321441,242776,-77.24498088795494
321441,3857921,-77.32932823522263
321441,7500112,-77.40923384211274
321441,1217615,-77.44538161470885
321441,5558085,-77.45956791166108
321441,6767428,-77.49936113796727
321441,4500961,-77.6199937892491
321441,2034687,-77.6248139791038
321441,6802111,-77.66364835054247
321441,7397907,-77.91914883048435
321441,4531583,-77.92714684513717
321441,5571990,-77.95490523117296
321441,3271274,-78.05351841816777
321441,2720065,-78.0669186328596
321441,4951223,-78.08446277416951
321441,3206188,-78.10516230230216
321441,8239533,-78.14530388704085
321441,4500962,-78.26110860716054
321441,5993010,-78.26386525544811
321441,2034685,-78.26662095417416
321441,3900506,-78.27216034299869
321441,5113697,-78.28107758506476
321441,799957,-78.33407204237292
321441,3252460,-78.33750616732478
321441,7354317,-78.34505605721061
321441,6538834,-78.46919391153531
321441,1444903,-78.52192268743163
321441,2224959,-78.59646413269049
321441,5801695,-78.61983726851088
321441,1634607,-78.70772081952416
321441,4118616,-78.70772081952416
321441,4370533,-78.72463473219736
321441,1129677,-78.73358420304669
321441,4323717,-78.76478154708437
321441,3659101,-78.81337955076002
321441,542060,-78.83348761642853
321441,491332,-78.90290935073052
321441,7532608,-78.97766322622695
321441,7363176,-78.97835235860971
321441,3206185,-78.98317462384253
321441,6109905,-78.9866173202154
321441,1730056,-78.9879939840461
321441,1634601,-78.98799398404611
321441,1657889,-78.98868222713398
321441,8652415,-78.99005853570577
321441,4608700,-79.00312167135381
321441,932353,-79.0079290336302
321441,2841981,-79.01273350879991
321441,4476280,-79.02516908771514
321441,1713991,-79.03683009742804
321441,6151969,-79.04025657386343
321441,6538828,-79.04573588539668
532603,8586180,-34.98607036132031
532603,8522774,-35.110227936471375
532603,5171463,-35.294294635648725
532603,8057004,-35.76015753793535
532603,8522780,-35.76685183181036
532603,6964808,-35.793034105772364
532603,2926366,-35.79646661008055
532603,4256468,-35.8536082630928
532603,3622362,-35.86117210674666
532603,4866631,-35.86151557821297
532603,4887627,-35.91978262919139
532603,3464532,-35.92424545943171
532603,3169384,-35.92458854791444
532603,3169385,-35.924931606972265
532603,6378313,-35.98374085404281
532603,5350139,-36.070631752416986
532603,1313732,-36.072962351001145
532603,1453001,-36.07908217180466
532603,6172243,-36.0804559986988
532603,1346306,-36.18056830028138
532603,4568561,-36.19445455509011
532603,412591,-36.195826497173314
532603,4476434,-36.22037737874527
532603,1298529,-36.24823174708089
532603,6285236,-36.250293372546366
532603,4502367,-36.34697041512625
532603,4234437,-36.34697041512625
532603,8522777,-36.401756164178494
532603,5021575,-36.42948490216764
532603,714335,-36.43760035337189
532603,4928242,-36.45616121696497
532603,3454168,-36.457883751183886
532603,1168062,-36.46002281742772
532603,2713929,-36.462358871704375
532603,6233104,-36.46476647981847
532603,1241654,-36.4661416055271
532603,5438500,-36.468890439528394
532603,2582217,-36.473353269768715
532603,631087,-36.60632804036335
532603,8816641,-36.71065196333059
532603,2965422,-36.73540148330873
532603,3036114,-36.73540148330873
532603,2773390,-36.73540148330873
532603,7007994,-36.73540148330873
532603,1088241,-36.73540148330873
532603,3164875,-36.735746079184125
532603,8365865,-36.735746079184125
532603,7587599,-36.736090645375505
532603,729442,-36.736090645375505
532603,4156398,-36.73677968872665
532603,4576285,-36.73712416589664
532603,7059952,-36.73712416589664
532603,244366,-36.73746861340305
532603,6888387,-36.739190406160226
532603,4866630,-36.74297574342374
532603,6137449,-36.82273110237415
532603,2754381,-36.84211072068969
532603,587646,-36.850103030720916
532603,5363373,-36.851135484180205
532603,4056199,-36.851823638466094
532603,3328436,-36.852511674383265
532603,7077286,-36.852511674383265
532603,3252691,-36.85457507232952
532603,8430069,-36.85491886852734
532603,3282513,-36.85526263517875
532603,3596125,-36.85595007986262
532603,3252692,-36.85732461489673
532603,5168537,-36.858698677756436
532603,2550565,-36.86487612615419
532603,8713393,-36.89004431632351
532603,7583236,-37.09564045388659
532603,589289,-37.103132948081395
532603,2883761,-37.105199722151475
532603,6492405,-37.105544080697804
532603,7933693,-37.105888409600986
532603,589288,-37.106232708866116
532603,2107438,-37.10692121850265
532603,5293380,-37.10699354232138
532603,5291707,-37.107953760799596
532603,2269185,-37.10864197428511
532603,766960,-37.12314282525404
532603,4678900,-37.12486625007045
532603,7707937,-37.12486625007045
532603,2162721,-37.125555412137224
532603,5717240,-37.125555412137224
532603,2145306,-37.125555412137224
532603,1615161,-37.1258999486497
532603,291073,-37.127622186207304
532603,7548800,-37.12796654475363
532603,4819568,-37.128310873656815
532603,8522781,-37.12934368255848
532603,4819567,-37.129687892940076
532603,4819566,-37.129687892940076
532603,3964975,-37.132440510185475
532603,642618,-37.13381610879935
532603,642617,-37.1345037307465
532603,6198218,-37.13794006850928
532603,481104,-37.140000455049005
532603,3135684,-37.14171663348924
532603,6108534,-37.14171663348924
