1108939,2846462,0.4358582363821881
1108939,6669588,0.4116712482334052
1108939,4390191,0.39730171128039193
1108939,7804766,0.3902198941893885
1108939,2387200,0.387010378677584
1108939,4016943,0.38035176482225597
1108939,5291621,0.3770257602685661
1108939,6273537,0.37304435738949987
1108939,7724054,0.37218144240399104
1108939,25753,0.3659321486052734
1108939,5803262,0.3648436061786341
1108939,2834911,0.364753431273599
1108939,4104109,0.3634005401899097
1108939,5163856,0.35762345278994534
1108939,8096932,0.35757284633701447
1108939,375864,0.35298262792700597
1108939,2834919,0.35136145421764586
1108939,6263838,0.34926764909684055
1108939,3499836,0.3484673801786555
1108939,7651010,0.34573473051737014
1108939,4631244,0.34559031140136937
1108939,702597,0.34546687327845693
1108939,242056,0.3426059143222987
1108939,5318841,0.34166490693261325
1108939,7814529,0.3410448203944671
1108939,1957452,0.3400193701924796
1108939,4016944,0.3390486810656536
1108939,119359,0.33898011094700103
1108939,7329472,0.3386143084536817
1108939,8841203,0.3371059534176008
1108939,3529234,0.33685942120053847
1108939,6807723,0.3364956412383177
1108939,7454708,0.33632210238177546
1108939,8661642,0.3337369195408583
1108939,6707713,0.33318698281742526
1108939,8532675,0.332922979846589
1108939,2453260,0.33229500650945865
1108939,1382796,0.3321830222712739
1108939,3529237,0.3317210145356966
1108939,5152544,0.3314464639253888
1108939,1835131,0.33095638467741245
1108939,6238857,0.32923684041769735
1108939,4881065,0.3287535360162769
1108939,3899055,0.32864238973460463
1108939,1448805,0.32828067548426965
1108939,6047893,0.32741159408844644
1108939,3865302,0.3267691105710724
1108939,6164673,0.3267190112338681
1108939,8596282,0.3257785980966154
1108939,1851519,0.3251016060014448
1108939,8088001,0.32456004462966753
1108939,5617396,0.32454773157739336
1108939,7405170,0.3215047876737472
1108939,841371,0.3212491643170744
1108939,3899061,0.3210730628929413
1108939,4374720,0.3205906979679975
1108939,4078352,0.3205646942219134
1108939,1597334,0.31997394572269
1108939,3557725,0.3192024334262392
1108939,6960206,0.31906619086522864
1108939,8343919,0.31890744139191524
1108939,1081238,0.31890203529570404
1108939,5807716,0.3185896367672505
1108939,4799672,0.31837664390818415
1108939,7777453,0.31663628865836113
1108939,1199019,0.3163791104568332
1108939,6335029,0.316294874351442
1108939,4251218,0.31546142276793876
1108939,2011059,0.31522396691647775
1108939,6871640,0.3141724806183409
1108939,4746823,0.313882497594297
1108939,7889053,0.31351448739204596
1108939,4207158,0.31341638917729775
1108939,1976200,0.31334500276701116
1108939,7428365,0.3129557206693817
1108939,5337029,0.31259219692657947
1108939,6707716,0.31169216423041446
1108939,6969425,0.3115847012400245
1108939,2834913,0.31058071808210885
1108939,1406041,0.3105115554454347
1108939,6335034,0.3104466252104537
1108939,8309578,0.3099146368551448
1108939,3294462,0.308054411158354
1108939,6092801,0.30799053927568265
1108939,3026339,0.3073530700340406
1108939,4205822,0.3069692867854455
1108939,4806489,0.30690098772835994
1108939,63291,0.306755815806446
1108939,6164667,0.3066293943338708
1108939,5654411,0.3064679706379731
1108939,4137168,0.30636727342647696
1108939,7698352,0.30506175553388004
1108939,4016848,0.3049921539932577
1108939,5203394,0.304976620960032
1108939,6405188,0.3049678045538949
1108939,1702231,0.30491804153084406
1108939,3506104,0.3042714953108191
1108939,3615744,0.3038260177256098
1108939,7340851,0.3019601979561329
1108939,5579740,0.3016960097084561
1112389,8138765,0.7684527021686135
1112389,5892677,0.7118553646420953
1112389,5892681,0.6154293850866854
1112389,3394193,0.6027582607313895
1112389,8138768,0.6025656238936213
1112389,3394197,0.5892345806617744
1112389,4931198,0.5693506985738139
1112389,6832274,0.5579681199510854
1112389,6780774,0.5470692048335102
1112389,6780773,0.53899113639608
1112389,5892680,0.5385508147808897
1112389,4284833,0.5262720657649872
1112389,4284840,0.5248030808522713
1112389,5892682,0.5215582640022921
1112389,5099993,0.5202231984667745
1112389,8138763,0.5199756135758664
1112389,4284834,0.5195012459979594
1112389,5099991,0.5180424732941792
1112389,1403457,0.5150571856985822
1112389,7817890,0.5095092076637227
1112389,7224811,0.5016777039422261
1112389,952750,0.4993109356011795
1112389,4790809,0.4988329435584572
1112389,7936677,0.498617216213352
1112389,2713004,0.4977163462678452
1112389,2086170,0.4970459810974066
1112389,8732300,0.4933763673561612
1112389,4790816,0.4918409956403559
1112389,2086171,0.4906396321818385
1112389,2472193,0.4905603845109378
1112389,3394196,0.47572785411390417
1112389,2472195,0.4750290148456667
1112389,4069,0.4710396622076125
1112389,5290393,0.46493142484160305
1112389,648294,0.46472934900231094
1112389,5222231,0.4635966374031474
1112389,7632756,0.4623859587407881
1112389,6064417,0.461033255125756
1112389,4284835,0.4547163552290177
1112389,5225573,0.4498900997756841
1112389,3394194,0.44816772938646415
1112389,4337245,0.44812480925142556
1112389,4931197,0.4462607175552334
1112389,4337251,0.4441202885934864
1112389,452838,0.4401487045022032
1112389,452842,0.4401487045022032
1112389,452836,0.4401487045022032
1112389,452837,0.4401487045022032
1112389,452841,0.4401487045022032
1112389,7523036,0.4375002416308142
1112389,1510661,0.4374738275952557
1112389,8138782,0.4369403149462517
1112389,8097868,0.4367106367736035
1112389,2472194,0.4352292518495396
1112389,5054164,0.4343795358148853
1112389,4046104,0.4335578926733536
1112389,8138767,0.4303946029567157
1112389,7120426,0.42988616154687187
1112389,7120427,0.42988616154687187
1112389,2622738,0.4283567232908952
1112389,3873935,0.42721367688052625
1112389,7651152,0.4265363909301772
1112389,1953577,0.4262796157959515
1112389,4284837,0.4253110159466928
1112389,5016978,0.4175600483787738
1112389,6766060,0.4168402758599348
1112389,5892684,0.41653154944180276
1112389,7592539,0.415480874466709
1112389,5584711,0.414933225336118
1112389,7119607,0.4122749714885006
1112389,5016975,0.4078409908611091
1112389,7936683,0.4078065751530137
1112389,6064419,0.4064842025244964
1112389,6064418,0.40613669718802026
1112389,1133822,0.4055176746068696
1112389,7523038,0.40484996502739945
1112389,4071,0.4028441278777415
1112389,7651153,0.4021215621192089
1112389,7936679,0.40208966854117967
1112389,4931199,0.39913052684928346
1112389,6064420,0.3977586309232452
1112389,6082981,0.396943605702445
1112389,6794355,0.39634110775621184
1112389,7523034,0.39490985128439327
1112389,1394176,0.390595851962022
1112389,392995,0.38790370557564674
1112389,6746142,0.38723989672451564
1112389,2959506,0.38619510323806294
1112389,7936685,0.3861802630019688
1112389,2086173,0.3856585093279088
1112389,2472200,0.38538089412836385
1112389,4076,0.3849693003492108
1112389,1394174,0.3833828160360529
1112389,4284839,0.3832308666454258
1112389,7523040,0.3830334237212858
1112389,6832272,0.38114327342573046
1112389,1449007,0.3799392943496
1112389,2086178,0.37982129609497417
1112389,7413424,0.37842146135882954
1112389,7117139,0.37777202842096436
792752,8803595,0.6416955731869175
792752,8803596,0.6030659192479543
792752,6571521,0.5522861746181007
792752,8803599,0.49200697871065296
792752,8803603,0.4530180284102933
792752,8803604,0.3077457683014983
792752,8803598,0.2726710590385704
792752,8803602,0.23577786022031402
792752,8666254,0.16691463565806003
792752,6348951,0.12963421504435774
792752,5080327,0.11504962359646655
792752,5080330,0.11447296997614302
1119729,982588,0.48419480310817087
1119729,6098307,0.47812558640730946
1119729,3451057,0.4646197919938673
1119729,4103693,0.45219885481613453
1119729,6083373,0.4458170970544292
1119729,4469209,0.4393942648223134
1119729,982580,0.4348100806320101
1119729,4103696,0.4348100806320101
1119729,5183625,0.4302223141519905
1119729,4469208,0.42629711588874314
1119729,6133909,0.4221771387287797
1119729,2787567,0.4177903506421434
1119729,4037446,0.4171326162837873
1119729,2787566,0.416544266180386
1119729,2109505,0.4131425598484144
1119729,3451055,0.4120276055530332
1119729,5183620,0.40479975269740054
1119729,8537212,0.39825382054327474
1119729,5875858,0.38498577968709063
1119729,2159307,0.3783097138055768
1119729,4594468,0.3754415160904582
1119729,2218824,0.37486700812302964
1119729,385220,0.37370046637936
1119729,5183624,0.3731396611240094
1119729,8721935,0.37291882270769405
1119729,7653921,0.3657428090727196
1119729,330794,0.36030054029098124
1119729,8537204,0.35821772579956423
1119729,5875857,0.3571179596554143
1119729,1765594,0.35522359092228656
1119729,2190622,0.35485962335925286
1119729,5183619,0.351677437231351
1119729,2159310,0.3514731035357479
1119729,2868515,0.3477965238931174
1119729,3451056,0.3477014138128591
1119729,6840056,0.3469626241572334
1119729,6178092,0.3461827090417968
1119729,8556369,0.3438635955365602
1119729,6840053,0.34320436590630743
1119729,2159309,0.34109691359388905
1119729,1315448,0.3392738804810707
1119729,7331717,0.3380145506571548
1119729,583622,0.33748013031008745
1119729,2218822,0.3357505965035566
1119729,5823071,0.33373523926000537
1119729,3825482,0.3322569548549392
1119729,7030118,0.32944759051705214
1119729,1557029,0.32930059322489913
1119729,6840051,0.329184754618072
1119729,7132195,0.32799508401077987
1119729,4594471,0.3277374519052833
1119729,4979931,0.3277374519052833
1119729,3178016,0.3265818492917618
1119729,136225,0.3252164363227563
1119729,8068924,0.3249912234862987
1119729,6523930,0.32496004378714455
1119729,6125120,0.32029239840600043
1119729,6662032,0.3195317579632428
1119729,6662035,0.31889439548622944
1119729,6662033,0.31888172541021453
1119729,5875854,0.3186594616037574
1119729,537181,0.3181883722007969
1119729,8537209,0.3179619151389418
1119729,5876399,0.3176515498196003
1119729,2218828,0.3166634191293486
1119729,528943,0.3166073915762471
1119729,5183623,0.3165817468977191
1119729,1303638,0.31513267322401317
1119729,8786248,0.31399020178710435
1119729,2203470,0.3134816550952432
1119729,2159303,0.3129550085360822
1119729,7653915,0.3127306897881932
1119729,4882027,0.312287280272315
1119729,7030117,0.3111452451672017
1119729,4594473,0.3108743650253114
1119729,3580797,0.3096246532680045
1119729,5142151,0.30884148046528087
1119729,528940,0.3083777878400634
1119729,7737913,0.3076284654817971
1119729,6122014,0.3070399039307044
1119729,8250359,0.30658921004026457
1119729,1904847,0.3064771881248176
1119729,1656747,0.3057056338066399
1119729,583628,0.3043419986100281
1119729,7030119,0.3031358037117684
1119729,524482,0.3030132223293931
1119729,4598095,0.30300745346948743
1119729,1303633,0.30289572018265287
1119729,6188698,0.3027049063670265
1119729,3109345,0.30201365698733357
1119729,5875856,0.3010999820288376
1119729,4499246,0.300734692836638
1119729,6178095,0.30022479247702605
1119729,6122018,0.3000431640038398
1119729,4979934,0.29829774096284023
1119729,4598089,0.29757933372359624
1119729,6987877,0.29600490239342947
1119729,2140466,0.29514262135934793
1119729,7131005,0.29505331465553203
1119729,583621,0.29487035379516824
1105095,8208163,0.5137565127048865
1105095,8208160,0.5080871704811829
1105095,3598029,0.48590396050711177
1105095,8208165,0.47143895009810544
1105095,1688270,0.45578129211610735
1105095,8208159,0.4535980565034322
1105095,7048137,0.4512732785137349
1105095,3598032,0.43559596224771735
1105095,6847368,0.42278043690972744
1105095,8739292,0.40708082214626157
1105095,6535301,0.40102550086386207
1105095,773275,0.39518562429295545
1105095,3099079,0.39494770456971356
1105095,5460253,0.39223631345255655
1105095,7711396,0.3919908173120266
1105095,7576782,0.39186973073544434
1105095,5030222,0.3897744495727033
1105095,3607586,0.3876212231349908
1105095,3598038,0.3801087467202927
1105095,3856153,0.3783779795591296
1105095,6811635,0.37730851596867937
1105095,7368085,0.37729085845459653
1105095,8208161,0.3768116642077478
1105095,7576784,0.37559456122734
1105095,6620151,0.3698509344623385
1105095,773272,0.36857664729829737
1105095,7116361,0.36831123353171064
1105095,2562335,0.3658704055551402
1105095,4828171,0.3656905145006831
1105095,3994008,0.36467063334472033
1105095,6926654,0.36416805476776076
1105095,2195236,0.36387803005705716
1105095,7735285,0.36339712263204166
1105095,5115231,0.3596117421822924
1105095,2582314,0.3579628771783466
1105095,2062100,0.35627797007540063
1105095,4233902,0.3541055923431559
1105095,7465881,0.35279951794034325
1105095,4285557,0.35268610233068376
1105095,4839770,0.35120527236565313
1105095,3994000,0.35062905112892523
1105095,4518802,0.350329931321374
1105095,3856154,0.3484154320244737
1105095,8415033,0.34511194827169595
1105095,3994005,0.3447255199004157
1105095,2975312,0.34399688598408307
1105095,7576781,0.3437013260107174
1105095,913037,0.343491021356045
1105095,2975313,0.34343650060622233
1105095,5976395,0.34062314364145607
1105095,3994006,0.34054015001324234
1105095,8208162,0.3401194949093196
1105095,6920718,0.33890710203138963
1105095,6243243,0.338763229891662
1105095,4989750,0.33860054353787444
1105095,3994009,0.33715208235027255
1105095,8533370,0.33600951960458847
1105095,2496185,0.335889345452079
1105095,5738696,0.33518586871015754
1105095,1688272,0.33345222466223545
1105095,8010212,0.3331869029383622
1105095,586649,0.3322721181479116
1105095,1409477,0.3317993926845471
1105095,1712157,0.330822252441682
1105095,4705659,0.330792428196738
1105095,8145031,0.3302229548848799
1105095,3877827,0.3299275216388014
1105095,8178605,0.32953969910519854
1105095,7735279,0.3293548568282724
1105095,3074093,0.32868525605359417
1105095,4642199,0.3281423695075848
1105095,1420016,0.32754428478887687
1105095,8010211,0.32580500156745895
1105095,962453,0.32565362092945255
1105095,6243244,0.3249508325907053
1105095,2551219,0.3249285689017235
1105095,8788755,0.324555241831401
1105095,4885304,0.3238738182397347
1105095,5837394,0.3238315051219153
1105095,4285555,0.323522720431018
1105095,5977910,0.32283436844920305
1105095,2474354,0.32128221484351166
1105095,7741156,0.3211469508844684
1105095,1253552,0.32108921672101653
1105095,4616013,0.3196612471953248
1105095,7880172,0.3193056161128733
1105095,4404524,0.31813157505524375
1105095,2055317,0.3173585803959843
1105095,4957983,0.31719104900188594
1105095,5927230,0.3168106909329852
1105095,4285554,0.31579362062020616
1105095,3619057,0.31557714035152934
1105095,727369,0.315311712720617
1105095,2372153,0.31530313699209933
1105095,2755422,0.3148744586270922
1105095,7895553,0.3147589530526415
1105095,1675201,0.3147439789313561
1105095,2372148,0.31458534669668403
1105095,524839,0.3145592224523566
1105095,1588490,0.3144565339026607
1105103,3687596,0.37547005329223015
1105103,3145742,0.37071757006498257
1105103,8209690,0.34784876039020013
1105103,2728001,0.33157528964739186
1105103,3145741,0.3228232095470981
1105103,1889605,0.32066072670076445
1105103,4582642,0.320534869595833
1105103,4582644,0.31885462481132837
1105103,8226666,0.31581866160667604
1105103,8226670,0.3154464291993426
1105103,7699564,0.3114708559321915
1105103,1889599,0.30622243931185306
1105103,8226673,0.3017379112619763
1105103,1889607,0.2919162814640023
1105103,4468975,0.28875617509709267
1105103,6352166,0.2853009789435786
1105103,645254,0.28116736837413125
1105103,919192,0.2785533420651415
1105103,8035732,0.2777431489009624
1105103,6321285,0.2774984756890359
1105103,2293957,0.2768040841921109
1105103,3946693,0.2759532024326117
1105103,6774946,0.2717036838666808
1105103,6357006,0.27107359785577145
1105103,3145746,0.2692813029303961
1105103,6689254,0.2670867435712943
1105103,2805488,0.26536769199290633
1105103,6859412,0.26443945516423234
1105103,4673088,0.263704470224878
1105103,2735792,0.2635765601633234
1105103,6849003,0.261740297738582
1105103,2016447,0.2608869916683515
1105103,1485955,0.26079156107713136
1105103,7772924,0.25997218341292894
1105103,5880655,0.2595891322207426
1105103,5983780,0.259461317059686
1105103,5636965,0.2591798929443235
1105103,5957769,0.2591493597804877
1105103,3143753,0.258835998986436
1105103,1438022,0.25772445917652265
1105103,6925849,0.257071697152656
1105103,1834189,0.25638620933797157
1105103,144716,0.2561756293588971
1105103,6791444,0.2556197386670219
1105103,2766204,0.25522925725141304
1105103,7298392,0.25432709311673224
1105103,3145743,0.25414491092266117
1105103,2053478,0.2534340938608025
1105103,6859410,0.25322859822256066
1105103,3322593,0.2527267023408371
1105103,6590184,0.25007422714413313
1105103,7218487,0.24538139997167588
1105103,2326491,0.24052646827868615
1105103,4599719,0.2388453244700238
1105103,8238503,0.2387192568128612
1105103,6321286,0.23748661827118614
1105103,1162053,0.23647246899266253
1105103,344659,0.23600372076586915
1105103,8208072,0.2359663113377606
1105103,7351752,0.2337783673032768
1105103,6160855,0.23332476228662677
1105103,5545111,0.2311778105815839
1105103,1842201,0.23026996696577479
1105103,6976205,0.2299440992476479
1105103,5713840,0.22990050766782097
1105103,6787423,0.229826190595046
1105103,3145747,0.22767819780241713
1105103,1223224,0.22610752492337077
1105103,431264,0.222101174973072
1105103,2187560,0.22121808170146823
1105103,5934642,0.22111120508575371
1105103,8208070,0.22007269798014614
1105103,764033,0.2198664994735581
1105103,1628756,0.2190515055053688
1105103,6689248,0.21865336634012142
1105103,2316097,0.21849689590928323
1105103,1798490,0.2178849756277617
1105103,8238507,0.21756147170906376
1105103,2896002,0.21700748832823816
1105103,6787424,0.21690099035309424
1105103,4861913,0.21583226615095982
1105103,6781575,0.2155914775372977
1105103,5135628,0.21552745642022886
1105103,1426162,0.21406716596839412
1105103,8646577,0.21391416065752067
1105103,6050704,0.2137274271568676
1105103,3693228,0.21316742266731753
1105103,6706080,0.21311653789746482
1105103,4530882,0.21126732979361992
1105103,8755518,0.21072654614818262
1105103,6859407,0.21010635738388272
1105103,660032,0.20888539135694606
1105103,3555714,0.20859502076613406
1105103,1076827,0.20810944116915658
1105103,1566247,0.20751234387690193
1105103,7427216,0.20579894648500513
1105103,1656560,0.20544353560855202
1105103,6050705,0.20509556300630355
1105103,387830,0.20303707516881353
1105103,1746510,0.20148693364856007
1128373,8656493,0.838285438302248
1128373,7630511,0.6639993285367354
1128373,5814751,0.5644915236543013
1128373,8656497,0.32244409117212847
1128373,6702197,0.27918261826944146
1128373,8656499,0.26627283370673316
1128373,4254836,0.2595808158355582
1128373,5281148,0.2500566811368345
1128373,8519713,0.22378167917929628
1128373,1941266,0.19840381087742748
1128373,7175865,0.1902977383174198
1128373,3884881,0.1766442885115818
1128373,97739,0.17098409488592206
1128373,3884882,0.16625296744054177
1128373,6694981,0.16300328880488762
1128373,3159911,0.1613001404064521
1128373,2135122,0.16054851577330062
1128373,2213812,0.16000675771457054
1128373,8146334,0.15970009412833444
1128373,5056232,0.1596226859928984
1128373,20073,0.15813271304107201
1128373,947067,0.15668313285123583
1128373,37595,0.15497482579720304
1128373,1721919,0.15497482579720304
1128373,2333348,0.15494796517538467
1128373,8146836,0.1545882505098478
1128373,6958665,0.1545882505098478
1128373,2009826,0.1545882505098478
1128373,8339485,0.15415467306446087
1128373,4165838,0.15415467306446087
1128373,373498,0.1538560141750629
1128373,1725357,0.15366140177771292
1128373,8090240,0.15322718160931104
1128373,6767150,0.15308982757464268
1128373,3983276,0.15308982757464268
1128373,8609679,0.15308982757464268
1128373,4659772,0.15308982757464268
1128373,4335375,0.15308982757464268
1128373,332773,0.15308982757464268
1128373,836259,0.15308982757464268
1128373,7272856,0.15241106816671204
1128373,3219547,0.1515766874694657
1128373,418065,0.1515766874694657
1128373,5430008,0.15049580611661473
1128373,4843649,0.15049580611661473
1128373,317313,0.15049580611661473
1128373,8050441,0.15049580611661473
1128373,996938,0.15049580611661473
1128373,3980915,0.14936214786334417
1128373,3363729,0.14896429964085844
1128373,1857666,0.14896429964085844
1128373,1618969,0.14896429964085844
1128373,5371380,0.14896429964085844
1128373,385859,0.14896429964085844
1128373,4840263,0.14896429964085844
1128373,1935431,0.14896429964085844
1128373,5630800,0.14896429964085844
1128373,6087979,0.14896429964085844
1128373,8083366,0.14896429964085844
1128373,452117,0.14896429964085844
1128373,7781503,0.14896429964085844
1128373,6249757,0.1483264798576394
1128373,208011,0.1468998167968447
1128373,7700680,0.14667266562864772
1128373,8074471,0.14633125000684707
1128373,617668,0.14633125000684707
1128373,3152904,0.14633125000684707
1128373,1114080,0.14633125000684707
1128373,1331326,0.14633125000684707
1128373,2476773,0.14633125000684707
1128373,2942442,0.14633125000684707
1128373,7792356,0.14633125000684707
1128373,2178330,0.14633125000684707
1128373,7370319,0.14633125000684707
1128373,7466871,0.14633125000684707
1128373,5227680,0.14633125000684707
1128373,6546266,0.14633125000684707
1128373,526577,0.14633125000684707
1128373,5484838,0.14633125000684707
1128373,499216,0.14633125000684707
1128373,8386260,0.14633125000684707
1128373,1762465,0.14633125000684707
1128373,55905,0.14633125000684707
1128373,5680352,0.14633125000684707
1128373,4262451,0.14633125000684707
1128373,6349699,0.14633125000684707
1128373,186957,0.14633125000684707
1128373,8072547,0.14633125000684707
1128373,949720,0.14633125000684707
1128373,4058385,0.1435065362327214
1128373,3032115,0.1422248763336408
1128373,571001,0.1415388588111375
1128373,5394988,0.13998338571403657
1128373,8827734,0.13980336149534822
1128373,1504493,0.13911163787522599
1128373,5763313,0.13839342310174513
1128373,6017705,0.1374662732842601
1128373,944108,0.13612772975826298
1128373,6707478,0.13547851177666914
1128373,7339431,0.13463463976045834
1127622,1682047,0.696165323137149
1127622,8719474,0.6956940588580368
1127622,6696954,0.6892511375543358
1127622,8719473,0.6884964697878774
1127622,3627605,0.6800913218807282
1127622,1345491,0.6800268187939873
1127622,955246,0.6660742101005341
1127622,8089368,0.6660742101005341
1127622,717667,0.6660497378905762
1127622,1419316,0.6540118063984593
1127622,8623600,0.6324604957913893
1127622,955244,0.630112862324902
1127622,7208030,0.6195460270760503
1127622,1379440,0.6188080357068082
1127622,5899880,0.6125012736676217
1127622,4537354,0.6067502471657219
1127622,8623606,0.6052163680050459
1127622,7489808,0.604482538778856
1127622,8189477,0.596925503092677
1127622,3768868,0.5953555845207902
1127622,2382778,0.5937190238981721
1127622,8623597,0.5929124675861415
1127622,1345494,0.5919833723541382
1127622,4039127,0.584099933507851
1127622,7208023,0.5839918579747241
1127622,6438649,0.5815268619681724
1127622,3768871,0.575549508647882
1127622,6438647,0.5745826276770154
1127622,2953606,0.5714417707096594
1127622,8623603,0.5633386417663307
1127622,6419041,0.5601651812204457
1127622,8623605,0.556103016162493
1127622,1050134,0.5542415750288944
1127622,8189471,0.5487173308447384
1127622,1220769,0.5482549536536573
1127622,3768872,0.5430099444942025
1127622,8623601,0.5412162512498845
1127622,4657093,0.5389154001354055
1127622,3768864,0.536524451317985
1127622,4107694,0.5356426587802193
1127622,3768865,0.5349831347922438
1127622,6438651,0.5329913727094088
1127622,955245,0.5291404659241274
1127622,1379447,0.52778725321773
1127622,8719476,0.5222394617361475
1127622,2711475,0.5214011109398909
1127622,3382811,0.518125030958841
1127622,4107688,0.5148836592535182
1127622,7374651,0.5125917638303943
1127622,8802879,0.5107743628433202
1127622,955252,0.5088412188531337
1127622,8809727,0.5061799072507422
1127622,2382782,0.5052441191856153
1127622,8417110,0.5040222499179716
1127622,1345497,0.50311438085528
1127622,3631836,0.5025378857488112
1127622,3382813,0.5013962487501943
1127622,8189473,0.5012998574051757
1127622,1674306,0.5010530418674022
1127622,3768873,0.5003424017509276
1127622,2953604,0.4987316687380198
1127622,8742652,0.4975949878377924
1127622,8534914,0.4952457516698013
1127622,8623604,0.4949659743140731
1127622,8742651,0.4945423669173106
1127622,8058698,0.4928599295778237
1127622,2633123,0.4919873554781916
1127622,6936227,0.48911698506479523
1127622,4082033,0.4862071118878961
1127622,7208024,0.4853046453855548
1127622,6735157,0.48291924398999825
1127622,7420002,0.4822556205071889
1127622,7492805,0.4818228287359741
1127622,5047605,0.4810143124659548
1127622,1345499,0.47858670355768673
1127622,7950371,0.47564775169865864
1127622,3768867,0.47501501533097873
1127622,5899881,0.4745346920679521
1127622,7049142,0.4742793672066857
1127622,3768866,0.47308741347725275
1127622,5899878,0.4712402617906009
1127622,260836,0.4708176570644505
1127622,7208022,0.4688113609672952
1127622,8534913,0.4670534497191188
1127622,4657091,0.4670325860532141
1127622,1220767,0.4655265698860925
1127622,7758853,0.46506291936272265
1127622,244618,0.46467310122634464
1127622,2633124,0.46402691279298264
1127622,7216126,0.46390125793291065
1127622,955250,0.4604141207984136
1127622,3631833,0.4593766216937305
1127622,8454906,0.4587746491220781
1127622,5956923,0.4586408762350948
1127622,5899884,0.4585895455020328
1127622,7405987,0.45741032125116043
1127622,251136,0.4568985553573676
1127622,7758848,0.4568985553573676
1127622,3092166,0.45682184149267574
1127622,5899886,0.45578608887631084
1124979,6595041,0.5244176996197039
1124979,1567396,0.5065034899271355
1124979,1567399,0.49577281430555736
1124979,6764071,0.4917471735724726
1124979,835868,0.479189683772831
1124979,8706384,0.4720092225684423
1124979,3894494,0.4683042664749675
1124979,1165667,0.4474677356460113
1124979,2237804,0.4453258722226549
1124979,2237805,0.4453258722226549
1124979,2974712,0.44265483375770726
1124979,5447206,0.44242855894874544
1124979,1272203,0.4369230122903839
1124979,1567392,0.43677643927341714
1124979,5447202,0.43492864582272184
1124979,2796241,0.43474169802399304
1124979,7582347,0.43251077992390247
1124979,1830484,0.43251077992390247
1124979,1612110,0.43198161938732005
1124979,5447207,0.416380336264424
1124979,3894501,0.4125069590778167
1124979,891818,0.41248234194338357
1124979,891817,0.4094413766191383
1124979,3948495,0.4065147432023182
1124979,4263160,0.4035118444314737
1124979,3948494,0.40298296270528045
1124979,3901806,0.40247076179036045
1124979,2237809,0.39689492165819634
1124979,3901804,0.3934908839729761
1124979,1567394,0.3934442549906165
1124979,835872,0.392052363217745
1124979,6551433,0.3912725266709224
1124979,7589633,0.3881359321923126
1124979,6356340,0.3863699029610291
1124979,245407,0.38594507095432457
1124979,8011232,0.38453477615097476
1124979,2239597,0.3825832328633625
1124979,8613731,0.38002152324591815
1124979,5447205,0.3789092646172299
1124979,4165575,0.3770552096823518
1124979,3810789,0.3756235724308423
1124979,5757748,0.3750150733550002
1124979,891823,0.3729729398636606
1124979,2239594,0.3693445249296675
1124979,444176,0.36369914356519745
1124979,8638791,0.3624183179515553
1124979,2507138,0.36220138881579367
1124979,3948496,0.3599138822791896
1124979,8638788,0.3578050263243712
1124979,7504298,0.3574763626001584
1124979,1360646,0.3565622668012926
1124979,7846600,0.355452125425513
1124979,4165576,0.3551185700420932
1124979,3392144,0.35026645866316375
1124979,3948497,0.3500434829297077
1124979,1434376,0.34872587853544096
1124979,3948498,0.34609942142294575
1124979,1567391,0.3416406050919056
1124979,245409,0.34100305227648636
1124979,550260,0.33919838230967697
1124979,4423307,0.3371857397292594
1124979,4691773,0.3321213639733252
1124979,376032,0.33020514915555743
1124979,7569695,0.32999436407158156
1124979,6240386,0.32926728153738466
1124979,1132961,0.32898486692551887
1124979,8638786,0.32650043383047384
1124979,6840978,0.32628008757325105
1124979,1567400,0.32427119012288913
1124979,6788363,0.32104191190585046
1124979,4778057,0.31873020777422273
1124979,1150459,0.314785216803555
1124979,7247759,0.31268995992217885
1124979,8016251,0.30959795502855597
1124979,2114159,0.3055528485740404
1124979,6356346,0.3046385076247259
1124979,4103885,0.3013468035577574
1124979,582184,0.2976337828867785
1124979,1360653,0.293823769251314
1124979,3392148,0.29114600760302484
1124979,752191,0.2885942661760478
1124979,2604960,0.28539403234167476
1124979,3901805,0.28472755073046524
1124979,3894500,0.2817407940195928
1124979,577874,0.2814367902490612
1124979,6442770,0.27761052587177343
1124979,5447203,0.277035476073395
1124979,2163412,0.27605476132649154
1124979,2370472,0.27328526272843523
1124979,8514754,0.2730013922817531
1124979,3392143,0.2730013922817531
1124979,5149912,0.2719679810909928
1124979,5841784,0.26911760860484746
1124979,6056315,0.2680953328901455
1124979,2114161,0.2676158433545735
1124979,844936,0.2624710980893249
1124979,560015,0.26228556184614427
1124979,6761383,0.2598525026567008
1124979,844935,0.2571622063492178
1124979,7482169,0.256711987285964
885490,4407503,0.6451121238582531
885490,8821100,0.5758610158693694
885490,2927840,0.4901566375990114
885490,7711419,0.4679865441291002
885490,2927843,0.4491071119627919
885490,2205266,0.4422639890786383
885490,1888456,0.4320532365392838
885490,4485270,0.41976220282334303
885490,4485265,0.4194043526688823
885490,2157777,0.4112990263954541
885490,8148615,0.4037774315306741
885490,8131449,0.3964949671382367
885490,8821105,0.39076064955273165
885490,3913494,0.3818512040478039
885490,7243270,0.37599250315835203
885490,3003040,0.3714105864589633
885490,3913497,0.36941401154238585
885490,5655815,0.3669532847089998
885490,5383142,0.35976977183949305
885490,4445228,0.35086862213751957
885490,3401433,0.35008758927279965
885490,2702522,0.34998520370766745
885490,3859911,0.3494224360580891
885490,2927849,0.3462013809628014
885490,1188063,0.3434525407519599
885490,8369607,0.34277120775076253
885490,3283564,0.3422349813855562
885490,562095,0.3422026060064052
885490,1359461,0.3420290111254756
885490,391161,0.3420290111254756
885490,4458705,0.3401986102820509
885490,8821104,0.34002997715229444
885490,7243272,0.33975407088500603
885490,4032147,0.33704836145496114
885490,773341,0.33610013939602784
885490,3963549,0.33529928857082114
885490,4032148,0.3335380239096292
885490,1300569,0.3329521695985254
885490,7711417,0.3323909062065669
885490,4032151,0.33203381430813517
885490,3955886,0.33125021363674967
885490,3763929,0.33077250481246695
885490,8323863,0.3295134966156054
885490,2551936,0.32766451575186434
885490,7281792,0.32713655037435396
885490,489622,0.3261612959971875
885490,6925176,0.3253249195260319
885490,3878628,0.3241777495814251
885490,2551932,0.3235634652853875
885490,942453,0.32263518473179037
885490,4296943,0.32263518473179037
885490,391157,0.3218427844917389
885490,8614003,0.32015780025592233
885490,8369601,0.3199770408680109
885490,4032146,0.31658168480563775
885490,4032145,0.3162555980119046
885490,664481,0.31581352622462683
885490,2642410,0.3142149778726487
885490,5091444,0.31374186262318615
885490,6337071,0.3134469739493217
885490,6337072,0.3129766158562228
885490,830384,0.3110816116681456
885490,2642406,0.31063381027664233
885490,664480,0.3098091423120245
885490,2551930,0.30973187267251384
885490,3878625,0.3092870206146847
885490,8546592,0.30871535342462014
885490,7711411,0.30812000954809926
885490,2715344,0.3066673798132497
885490,5077553,0.3064540500185548
885490,8359187,0.3058565302389474
885490,3878629,0.30568354438236806
885490,8821101,0.3047637478606397
885490,4121763,0.30356927564673913
885490,7243271,0.302876118495198
885490,5994936,0.3027815394961278
885490,1359456,0.3024601818498948
885490,2754893,0.3022069608081811
885490,4962156,0.30192279070033545
885490,4713675,0.3012206037787797
885490,2827108,0.3008264171274902
885490,5091442,0.3005441291203763
885490,1359458,0.30003277065918754
885490,1359455,0.2994513631536898
885490,1508728,0.2994051074843594
885490,830385,0.29845379097791924
885490,6337075,0.29840923302622585
885490,2551937,0.29839501327792284
885490,2937992,0.29819955651709673
885490,7711410,0.29786488401567
885490,7558666,0.29714654131606844
885490,6779398,0.2965315643679887
885490,2551933,0.29636910813191236
885490,3978695,0.2955252651692196
885490,8130415,0.29538610467231496
885490,6337074,0.2944147583669685
885490,3468160,0.29430304206075913
885490,8546584,0.2936099414488089
885490,6911517,0.29206816677059455
885490,1888451,0.291447188380951
1119827,8067974,0.5905742347728269
1119827,8067976,0.5175406490986013
1119827,1526423,0.4719878004788312
1119827,1526425,0.4689390823003251
1119827,7642598,0.46044838658895587
1119827,7642594,0.4523540251771027
1119827,1526424,0.4503234306217891
1119827,8723724,0.43470589783399083
1119827,7662631,0.4309131740595193
1119827,8723726,0.42152222545603796
1119827,5604318,0.4182466749486415
1119827,7854698,0.41778406334409895
1119827,7983082,0.40283805252932753
1119827,7430204,0.3989692753970849
1119827,463435,0.39242795750188825
1119827,6815255,0.38751198126539793
1119827,4844313,0.3867045472858651
1119827,2233603,0.38441143791328386
1119827,7642599,0.38382599574290194
1119827,5604317,0.3798596313768944
1119827,5604315,0.37903025753120195
1119827,5819842,0.378393320847404
1119827,5819835,0.377785294605303
1119827,6286060,0.37765107118310465
1119827,84721,0.37686225641994076
1119827,4844319,0.36508491290998807
1119827,8067978,0.3605300402683986
1119827,998046,0.36042287945836504
1119827,7484880,0.36016710950390357
1119827,8067975,0.3578795339087595
1119827,1886149,0.3531246581313478
1119827,976649,0.34944637914061716
1119827,998049,0.3493500290484634
1119827,7642596,0.3492311018016447
1119827,5732145,0.3444176556275994
1119827,5710074,0.343023292369843
1119827,2873704,0.34023843750926147
1119827,21953,0.3382880040415647
1119827,2873709,0.33812789716749714
1119827,5604323,0.33599015608725763
1119827,5819836,0.3353034036466769
1119827,1649521,0.33488096355858865
1119827,7983084,0.33316881324356523
1119827,4980537,0.3322433499628481
1119827,5819837,0.3318483091056141
1119827,1016954,0.33038479031389134
1119827,5604324,0.3290258141636931
1119827,5819841,0.3281098132921749
1119827,467581,0.3236198284166358
1119827,3380187,0.3208116649688382
1119827,4980536,0.3185340576811151
1119827,7004692,0.31847454308934936
1119827,7289868,0.31818052518067486
1119827,3289136,0.31817692081832805
1119827,2015498,0.31617301099583683
1119827,4844312,0.3151004794191174
1119827,4131774,0.3135197549835091
1119827,3247245,0.31278650872589797
1119827,1059457,0.3115011809749621
1119827,4980533,0.30955222294505585
1119827,645834,0.30892708511591793
1119827,6652825,0.3060855422198871
1119827,2749195,0.3039422710299356
1119827,5604320,0.30387420574812246
1119827,5604316,0.3019847008437017
1119827,4076744,0.3010782213859167
1119827,1181667,0.30077334527584215
1119827,5133558,0.29971251989932934
1119827,7374392,0.29669638825953343
1119827,8164172,0.29669638825953343
1119827,8067980,0.2964368568123231
1119827,2779840,0.2964076615630126
1119827,1479695,0.29467227424192705
1119827,2233605,0.294165633983272
1119827,448109,0.2924707530269617
1119827,6786051,0.29151234499216144
1119827,8417343,0.2905640348274626
1119827,1366541,0.2904427202205073
1119827,6914476,0.2899041924531304
1119827,667804,0.2898402853626961
1119827,2303634,0.2898402853626961
1119827,7430201,0.2884786977572538
1119827,8321087,0.28785374602119024
1119827,6786052,0.2871075883902111
1119827,6286059,0.2870482385862418
1119827,8735883,0.2867792623452468
1119827,7127358,0.28618026683960907
1119827,6314926,0.2858386752709987
1119827,7407716,0.285632913675671
1119827,5255494,0.2854099234259775
1119827,5133562,0.2852078015232455
1119827,5030290,0.28504365760537836
1119827,7352759,0.28470472075283293
1119827,520826,0.2839608672740143
1119827,1606808,0.2830648923611585
1119827,3112538,0.28299555406356613
1119827,4183495,0.2827496015598991
1119827,4980532,0.28243307829563397
1119827,5604319,0.28125091193111706
1119827,7642601,0.2812213897535764
190044,411230,0.6064169837019395
190044,668248,0.5428853737663254
190044,4060155,0.5289568597414032
190044,6779598,0.5278898407431247
190044,7435371,0.518252818754749
190044,1970763,0.516793342414528
190044,411238,0.515042347750123
190044,7435374,0.511689378331772
190044,7435376,0.5110593602538848
190044,1970765,0.5046241350777005
190044,1449018,0.497933468029624
190044,2234954,0.49663971062382334
190044,7354421,0.49426590109597823
190044,1353074,0.4843479682594138
190044,7435372,0.4780781448057552
190044,3014531,0.4743056611502326
190044,6412478,0.46757507758812245
190044,6478583,0.4628527803389117
190044,6818936,0.4625812281868791
190044,2234959,0.46113772523677815
190044,6412482,0.45621716132409623
190044,7478506,0.4537590132733002
190044,2027152,0.45180840253248183
190044,6412481,0.45066059469961073
190044,2074834,0.4484814023946959
190044,2277779,0.4481675525704613
190044,6412480,0.4474202626119748
190044,6779603,0.4471319396314211
190044,6818935,0.4445245827579066
190044,670024,0.4378498000133445
190044,1178182,0.43672293892988717
190044,8423,0.43571568764312263
190044,7662458,0.43527032054952963
190044,7662462,0.43166611885746164
190044,2600279,0.4286253559077565
190044,2585315,0.4261056567612111
190044,3386989,0.4250765499793598
190044,3781482,0.42384695797680755
190044,2417583,0.4219476900832572
190044,4281055,0.42127053926046315
190044,6401792,0.41942362257160576
190044,1353072,0.41941184466131637
190044,7765262,0.41841119172837926
190044,3277388,0.4131968801597485
190044,670018,0.41148865959421266
190044,4049059,0.4099498812327984
190044,1384739,0.4093533013878386
190044,8421,0.40846397956388253
190044,1107761,0.40425639961353
190044,6362865,0.4033321808706561
190044,402222,0.4024174493801974
190044,6408743,0.4021621646069008
190044,8410788,0.40162457422316683
190044,671303,0.40056763180848415
190044,6362862,0.3998871940796851
190044,2801342,0.3988663472329308
190044,2957424,0.39639966552351935
190044,4214517,0.3953591340687899
190044,4364752,0.3953333657453211
190044,7575350,0.3942327693740442
190044,4281058,0.39346479896250486
190044,7242128,0.3934353254838969
190044,6779596,0.39296265747319964
190044,6779601,0.39296265747319964
190044,8339439,0.3926891566893468
190044,7346876,0.39229167984382324
190044,2073150,0.39054891982167506
190044,682687,0.38903751009603843
190044,2393446,0.38863217940858663
190044,4981751,0.38863217940858663
190044,7242131,0.38684993713857735
190044,4196423,0.3868235998372768
190044,7354422,0.3862609205519775
190044,3781481,0.38525313938298944
190044,1842311,0.38477083863241457
190044,671302,0.38389577602543296
190044,2513538,0.3823883132722084
190044,2454575,0.3814878581705463
190044,2074833,0.3814878581705463
190044,6478580,0.38122112390511365
190044,4281056,0.37960389605028155
190044,6481728,0.37940487365615083
190044,668246,0.37855541407798937
190044,5863256,0.37630420591775915
190044,2600274,0.3761958693178925
190044,8305788,0.37608220519353164
190044,7342582,0.3759928803391317
190044,4782426,0.37549881189321627
190044,6362858,0.3741246961984337
190044,6478584,0.37384904361673493
190044,2173014,0.3699328233177342
190044,3334965,0.36952336874723807
190044,2565904,0.36943204946584873
190044,911374,0.3692913962886731
190044,2084943,0.3687971907139129
190044,2974186,0.3680444849201955
190044,1689451,0.36768286089199154
190044,4155424,0.367503524593779
190044,5889540,0.3673099484926384
190044,6650708,0.36716279137599667
500575,1256624,0.6687810194239001
500575,8553400,0.6290477771211734
500575,3021817,0.5817718189046457
500575,1312335,0.5375149769133212
500575,8115516,0.5297158973693497
500575,8322763,0.5268976241565241
500575,8824433,0.5101794525543993
500575,6377761,0.4983601943634987
500575,4057954,0.49497990141026443
500575,3775856,0.47794253141506016
500575,2791237,0.477296104049428
500575,145438,0.47382487392155165
500575,4766891,0.472608133857601
500575,1256627,0.4673482088210823
500575,708893,0.46398936488430903
500575,8553395,0.4622964023105549
500575,411060,0.45910110239375745
500575,3775854,0.4567334723269283
500575,3775858,0.4527665933177488
500575,6468757,0.44961086998089955
500575,5373877,0.447908807023455
500575,138326,0.44734927251691237
500575,391707,0.4456771605591086
500575,6377762,0.44362586894419903
500575,1232134,0.44211294863568434
500575,236034,0.44013108635969395
500575,6377754,0.43846197122389385
500575,7194499,0.4371204309378737
500575,1256625,0.4325266803445954
500575,5765629,0.43160138336969783
500575,4069258,0.4307575836202185
500575,8362334,0.4296668849325563
500575,1512973,0.4277770534741361
500575,8594050,0.42639119624272015
500575,1512976,0.42381541507710496
500575,8702023,0.42310139359196336
500575,2887512,0.42269558826768316
500575,3891332,0.4219206718222312
500575,4918377,0.4212978167474003
500575,1702111,0.4209491862374703
500575,7339314,0.4200309971895099
500575,4517437,0.41905946497438046
500575,7649408,0.41800891501380144
500575,2624365,0.4179318820979225
500575,961807,0.4179318820979225
500575,1632967,0.41715066643712945
500575,3891333,0.41417267172076827
500575,2289599,0.4140834480976066
500575,123118,0.41286376134727737
500575,6556888,0.412802063548588
500575,8171244,0.4092167560582031
500575,1193409,0.4073414095377679
500575,8252329,0.40697015310467544
500575,708900,0.40673108407728703
500575,7339321,0.4060444397879775
500575,5634295,0.4057726612893928
500575,1646727,0.4047863692014198
500575,2627681,0.40206031640718487
500575,2531201,0.40143089716349567
500575,3732120,0.4007080660986058
500575,6927185,0.399438466925163
500575,8007007,0.3987138846332413
500575,3242746,0.3986846758326353
500575,7473683,0.39849657304094815
500575,1167924,0.39824144708174863
500575,5293209,0.3977484460347692
500575,7814111,0.39480445428597594
500575,4182591,0.3944274527857801
500575,7339313,0.3930308150218457
500575,2925997,0.3917606846887309
500575,5003419,0.3917606846887309
500575,7496303,0.3916460036379062
500575,4262155,0.3908571337780194
500575,8392138,0.3908422470826176
500575,4840636,0.3905987812771207
500575,8622211,0.39004940557413326
500575,571998,0.3891430343100045
500575,8320753,0.3884318411078361
500575,1256620,0.3881738477066552
500575,626629,0.3875755122888008
500575,8644150,0.3870176464374937
500575,8362332,0.3869362335059649
500575,6268864,0.3867234025434762
500575,8480602,0.38670475575337176
500575,5097089,0.3866404322312999
500575,7629870,0.3865441981378223
500575,8651764,0.3861009399310221
500575,2786875,0.38560578757165015
500575,748063,0.38560487604661003
500575,4599309,0.3855952278366491
500575,7926791,0.3849860201713977
500575,7708514,0.3846884065995963
500575,1744540,0.38467477169696424
500575,522765,0.38442242887290984
500575,3735369,0.3807869642806988
500575,1790269,0.3789002798643879
500575,6394359,0.3788677389114983
500575,4149213,0.3784778436781446
500575,7664161,0.3780723636047086
500575,621381,0.377681518940547
883785,4650,0.562976595972868
883785,4645,0.5398504292045239
883785,4644,0.5331091965818363
883785,4643,0.5252788001752862
883785,4642,0.5117224243336376
883785,4648,0.46508401170720226
883785,3199576,0.4083983243985973
883785,901342,0.39599273777837696
883785,5156463,0.3930470661529195
883785,5148471,0.36933619622488223
883785,2648505,0.36709051804306014
883785,2796674,0.3576979226344751
883785,6901982,0.3512182190898026
883785,5413024,0.3421472273654913
883785,3195327,0.3398673613734628
883785,2641835,0.33828402459352397
883785,3833374,0.336641897131845
883785,5148475,0.3251884806800816
883785,2294140,0.3227310773988497
883785,6901981,0.32225068720798655
883785,1229549,0.3163920749112617
883785,4944076,0.31430721724653593
883785,2385475,0.3104545995260748
883785,2641832,0.31043822390167064
883785,5413026,0.3100109217176235
883785,8203025,0.3023938769585704
883785,1765844,0.29389200360840806
883785,6105389,0.2892814803352423
883785,2036905,0.2824529053490348
883785,1765851,0.28089683370819
883785,1765852,0.279515168214581
883785,6121810,0.27629494818007044
883785,4821067,0.2748206906661641
883785,1331744,0.27364349190829435
883785,8084741,0.268908180160998
883785,3439798,0.2649954524849198
883785,5091825,0.2634919993590216
883785,6121808,0.2622860975691544
883785,1500581,0.25987984157133015
883785,8521316,0.2588900410049925
883785,6262643,0.2576737707538864
883785,8640910,0.2569992394375152
883785,358901,0.2550700654531903
883785,6262638,0.25473300001803895
883785,709868,0.24630716761453014
883785,1878513,0.24425003435800516
883785,4646,0.24367548260917268
883785,3054362,0.24331864705764406
883785,8201718,0.242884221100185
883785,1956291,0.2408691520002419
883785,6821155,0.24075973419975727
883785,6586493,0.24027105117704578
883785,8084477,0.24015861470820732
883785,3816235,0.23994657118835455
883785,3054363,0.23878775314769182
883785,6262642,0.23832648587739014
883785,6957579,0.23770093311812998
883785,6121813,0.23684155355397693
883785,7783654,0.23673583142962112
883785,8697809,0.2360008930206915
883785,2221542,0.23412105416926
883785,3472831,0.23227181105659506
883785,3737216,0.22749437308154663
883785,558092,0.22666557918582086
883785,4651,0.22584159479901555
883785,8241289,0.22549273803705458
883785,6912278,0.22521505814051804
883785,8640913,0.22320476399112635
883785,4404361,0.2222229619810546
883785,4908423,0.22157493576593448
883785,2825053,0.22011332376289122
883785,3477233,0.22010811590481477
883785,4449969,0.22008124972849288
883785,764293,0.21934032275967993
883785,5678521,0.21895393042113892
883785,4649,0.21792426180685812
883785,1668256,0.21787303387864068
883785,7166679,0.21760820637886394
883785,1049721,0.21562767797171464
883785,2421654,0.21490023826050172
883785,6121811,0.21476957692892687
883785,1442671,0.2145526665567902
883785,7797296,0.21417474079843607
883785,8156047,0.2141575738260161
883785,5148476,0.21381205112731233
883785,6068893,0.21352440943228312
883785,6901980,0.2134952741422506
883785,2712216,0.21312114111305017
883785,6283700,0.21312114111305017
883785,812549,0.21192461038768406
883785,687377,0.20789995017161308
883785,3547456,0.2076870595949278
883785,1668255,0.20734052018917606
883785,6274901,0.20727633451842514
883785,4545949,0.20711913087142475
883785,8712935,0.20707274553816746
883785,2825055,0.2070032862935762
883785,4587879,0.2067100867987566
883785,5463954,0.20670783732701817
883785,8462646,0.2065826360272815
264403,7071191,0.7139725395030565
264403,6073638,0.6724466439767264
264403,4845723,0.6706913296382643
264403,1908222,0.6695074160650945
264403,3706613,0.6630644362397813
264403,6073642,0.6523618936398937
264403,6021493,0.6506080020237256
264403,3300080,0.6500442583482545
264403,3706620,0.6252807697662595
264403,3837446,0.623959791346929
264403,1168347,0.6133349781651909
264403,8121445,0.6065359594769113
264403,8654296,0.5942579390182482
264403,3706614,0.5808106169667973
264403,1317554,0.5673697337950513
264403,6073645,0.5566368190741738
264403,7071190,0.546733511759303
264403,3191753,0.5347543589878554
264403,3147479,0.5317660065669623
264403,3837442,0.5262726524955103
264403,1908228,0.5261454630568152
264403,4790421,0.517404653220151
264403,8313915,0.5127467584098255
264403,5818638,0.5093825509075401
264403,68738,0.5090002026492146
264403,667552,0.5064569466985069
264403,5054743,0.4980871692811561
264403,8654297,0.49565699834408083
264403,1718251,0.4891212334122518
264403,1168345,0.48788100178953503
264403,7322054,0.4847136885306051
264403,3147475,0.4846964872456966
264403,6499956,0.48168867321114645
264403,68744,0.47552292592504675
264403,1317553,0.47280268851460616
264403,3837445,0.4688212914137765
264403,733011,0.4656508293670321
264403,3738083,0.46474871282634583
264403,3837439,0.46430708454630576
264403,5846801,0.4633678853050717
264403,3706615,0.4615183122053604
264403,733014,0.46116834143274016
264403,6154308,0.45973933023232777
264403,4790420,0.4551636992974515
264403,2123061,0.4528501245088212
264403,667554,0.45175371048137636
264403,3706611,0.45175371048137636
264403,7630835,0.4515522513559552
264403,8123397,0.44740390640178873
264403,7071184,0.44420374329822804
264403,8121447,0.44046382527297684
264403,3706617,0.4389923021086217
264403,7544021,0.4382684472397325
264403,6799206,0.4340706551784354
264403,7587608,0.43367509735771526
264403,5771737,0.43336474584406137
264403,1911724,0.43303439443671754
264403,2197406,0.4329232128944332
264403,8313913,0.4314974760427554
264403,7135867,0.4304276133646139
264403,4859815,0.4293436151393188
264403,2197411,0.42903500748045287
264403,490401,0.42747418952769306
264403,6073639,0.425948883452415
264403,1317548,0.4249818030844231
264403,606265,0.4238545002229347
264403,5054741,0.42378032054887577
264403,5587127,0.4211631278997768
264403,1168342,0.42078708561491723
264403,6217762,0.4160229786002246
264403,8310969,0.4134629407942697
264403,5943808,0.4126160400611846
264403,8430951,0.4123538901011334
264403,852189,0.41230006927147794
264403,1322478,0.4121247536098097
264403,4202506,0.41185569492868307
264403,1168346,0.41054383815901785
264403,667556,0.4096935713772719
264403,2271679,0.4065054270564913
264403,7364045,0.4064920999944592
264403,7501439,0.4064517240919902
264403,6499962,0.4057838537127263
264403,4236459,0.4047797206986461
264403,6269879,0.40330708474714544
264403,329141,0.40133669757819995
264403,3837440,0.40082638293210093
264403,6300135,0.39839164877859345
264403,6300138,0.39747270308863236
264403,5357953,0.3972593365742599
264403,7364041,0.3961069345636617
264403,1079451,0.3956907807766108
264403,2472495,0.3955364296399894
264403,8070732,0.39550484556481547
264403,4202507,0.3953949809064759
264403,5216076,0.39476041509273957
264403,5462057,0.394463978941619
264403,4236458,0.39416428869710646
264403,2850497,0.39321031126767264
264403,8793911,0.3930392431450014
264403,5060054,0.3910420294941548
1108100,4407761,0.5621641450695585
1108100,2562649,0.4100180093213581
1108100,4407757,0.4056710286401617
1108100,936345,0.37853490430187486
1108100,7138737,0.37199777027438236
1108100,4927906,0.36848250491416634
1108100,2055724,0.3574274491129821
1108100,8180319,0.35709727260641566
1108100,4407756,0.35558948004759855
1108100,4407759,0.3396552955993688
1108100,7249703,0.32991323710848525
1108100,283567,0.32503332644217336
1108100,5829961,0.3245025225558515
1108100,7249701,0.32402293260029713
1108100,2562652,0.32332969459843
1108100,1128213,0.3142589475568464
1108100,8299381,0.31183728066365235
1108100,1128215,0.30926194612518554
1108100,6616809,0.30865094217929956
1108100,2055732,0.30502696199756574
1108100,2541285,0.30185899567144225
1108100,5971601,0.30148970361061816
1108100,2142135,0.3005146561819311
1108100,6202764,0.2999809000248741
1108100,5372994,0.2975763583520592
1108100,395937,0.2972668075031272
1108100,6616805,0.2943394554359741
1108100,3307113,0.2942885951528211
1108100,4062816,0.2925755958222218
1108100,338301,0.28892005575938307
1108100,7138745,0.2872513456673054
1108100,8825444,0.2872296865979402
1108100,6202765,0.2861386291633244
1108100,970905,0.28513712869758195
1108100,736814,0.2834666202053538
1108100,3507754,0.2808385768308123
1108100,2119468,0.28082091254189273
1108100,4584069,0.2795032388148473
1108100,2393190,0.27873511081806596
1108100,2551629,0.2781428560923504
1108100,3843959,0.27798677775594194
1108100,4624840,0.2775690477941359
1108100,3468456,0.27704637420820727
1108100,1401507,0.2769118145737939
1108100,5569578,0.2767892004216121
1108100,4210168,0.2757684184007081
1108100,5991969,0.27465849583656715
1108100,1151843,0.2734614475715277
1108100,4584072,0.27315675623798025
1108100,8800768,0.27269492437160536
1108100,2973519,0.27263694166443275
1108100,1676800,0.27246650793926597
1108100,3274806,0.2719288384621679
1108100,6330097,0.2718259923202047
1108100,5072276,0.2717669975125591
1108100,3803682,0.27039624190878364
1108100,7252840,0.2703893019662181
1108100,5980383,0.2701913677265277
1108100,936344,0.2700723577333129
1108100,8831416,0.2700010406161648
1108100,4922025,0.26997721083786946
1108100,1230839,0.26946943734171863
1108100,6652482,0.26917628368938645
1108100,2145606,0.2679833730491809
1108100,936347,0.26745296123125206
1108100,1151844,0.2672251375420676
1108100,7058110,0.2672119422175405
1108100,480105,0.26674993529372404
1108100,6944137,0.2666127179271503
1108100,3076228,0.26513429757569806
1108100,8322298,0.26478204042514286
1108100,2055956,0.264499891045464
1108100,6645962,0.26362257217626284
1108100,2973520,0.26165211158942575
1108100,7188046,0.26040171858803013
1108100,3988904,0.2600930488545978
1108100,7517449,0.25992257375616223
1108100,1386153,0.2596407767150307
1108100,8366906,0.2566398275678455
1108100,2658253,0.2563869711570299
1108100,8075622,0.25595545962379523
1108100,5307267,0.2547117773483315
1108100,7343216,0.2544171088634198
1108100,7108653,0.2542070768223622
1108100,3468453,0.25378903282535015
1108100,3972179,0.2537255078955162
1108100,4159022,0.2521601046610664
1108100,7249702,0.25165414261749885
1108100,8609233,0.2509777379627946
1108100,692137,0.2508957573543419
1108100,480098,0.25063453049898365
1108100,2055939,0.25056138163358
1108100,600005,0.2502177570773333
1108100,66888,0.2494966547056539
1108100,3059360,0.24837165788514115
1108100,3062065,0.24733799673707943
1108100,6616810,0.24701527762135433
1108100,4558981,0.24555823389380121
1108100,788023,0.24501721383919747
1108100,4743103,0.24455343097622503
421756,7670998,0.40037287447784925
421756,5792667,0.3970012164293001
421756,5792671,0.3928074162338192
421756,2270056,0.3856493995532353
421756,6100777,0.3828274596216156
421756,8492519,0.37824878098063447
421756,8562273,0.37195246676579297
421756,907226,0.37064088574355863
421756,994811,0.35068027725401457
421756,3139721,0.346535714077711
421756,994810,0.3463180557637818
421756,3139719,0.3398616669965522
421756,6100779,0.33768330539460445
421756,6100780,0.33768330539460445
421756,7333485,0.3335714680623029
421756,7180453,0.3310667794723465
421756,1853123,0.32433758576827537
421756,8521640,0.31967356882337433
421756,8521639,0.3187555765165253
421756,6652784,0.31549275742879995
421756,6646363,0.31502962966909465
421756,6361847,0.3094127582778153
421756,6436365,0.30690447506415613
421756,907228,0.30559780334039194
421756,75210,0.30449414163897537
421756,8492513,0.3003304690162115
421756,3139713,0.2983693699455078
421756,2963690,0.2970507028516576
421756,7375640,0.2932591533448273
421756,7359740,0.2923549164905328
421756,2097305,0.2919726554722847
421756,8579796,0.29079265923435765
421756,6661567,0.2888404625036064
421756,8425928,0.28140543329585777
421756,4867259,0.28006923598459393
421756,5785263,0.27491327473222094
421756,3255938,0.2748002092231092
421756,149085,0.27479375750944945
421756,6100783,0.2719943383876181
421756,7947760,0.2711565766046636
421756,2181879,0.27087621535174433
421756,5117248,0.27005318978794973
421756,1824197,0.26955264054424777
421756,6361845,0.2650150759205732
421756,5357521,0.2644567086130813
421756,5556420,0.26137949456368453
421756,3036363,0.2589651008491168
421756,6652785,0.25807824580156014
421756,8543350,0.25679356431373684
421756,3784457,0.256572000518953
421756,8454100,0.2549871842203551
421756,8157855,0.2549516292699497
421756,6981602,0.25317295734408124
421756,4121221,0.2530569243368257
421756,7359739,0.2517346221033721
421756,1292676,0.25154030029156954
421756,2481513,0.2502081235809361
421756,6154853,0.2496666525143039
421756,4782808,0.246288284200557
421756,408072,0.24611162246405804
421756,6329795,0.2451371714407704
421756,5882715,0.24340115114133043
421756,6366491,0.24018817906171638
421756,2169764,0.2393603508717612
421756,5311314,0.23874005817683072
421756,5556416,0.23769131639246363
421756,6981599,0.23598212717184822
421756,6436363,0.23461629081744656
421756,6361843,0.23395210427405305
421756,6348027,0.23355825068098215
421756,2273492,0.23113170697967628
421756,6056012,0.2305427277210446
421756,6100778,0.2305200650128822
421756,4150297,0.23014644081147564
421756,8562277,0.23010867894695014
421756,5010015,0.2296325285132249
421756,1851582,0.22757250687570316
421756,5860754,0.22753220397644305
421756,8521643,0.2274666881474926
421756,5583378,0.22724991797868274
421756,8306825,0.22643590506911232
421756,2778290,0.22572263180020183
421756,4264412,0.22432546602984396
421756,1396981,0.22230811114778912
421756,5556415,0.22190551895669375
421756,8521642,0.22183856907952967
421756,6331738,0.22181507115678692
421756,2314550,0.22149268776086786
421756,4330079,0.22089812149381924
421756,6268336,0.22031890770023108
421756,5916114,0.2198023100279281
421756,5692511,0.21957359501997448
421756,8661599,0.2194890501846277
421756,5010014,0.2193843532068712
421756,5854401,0.21735189820601064
421756,3081828,0.2172970502753959
421756,8398936,0.2169388454020266
421756,818425,0.21621033428671202
421756,5442342,0.21608849820251325
421756,2863597,0.21545901150813765
1108307,8178550,0.46511931443187543
1108307,2469721,0.44270530936073077
1108307,6229921,0.43821826343287684
1108307,3647650,0.43203468955500723
1108307,5404931,0.41942516010771874
1108307,3154394,0.41628821286198875
1108307,3416127,0.40159314701028426
1108307,2290457,0.3980572368629323
1108307,3604627,0.3899991450278964
1108307,5830943,0.38569495186435615
1108307,2104955,0.378876674232968
1108307,1211081,0.3781044567726459
1108307,6494895,0.3753679669375829
1108307,8187314,0.3741658113464492
1108307,5668581,0.37041342532130717
1108307,5418833,0.3699000448928618
1108307,5855275,0.3637340954405414
1108307,6184540,0.3632940095118432
1108307,4105440,0.363128690834498
1108307,4511393,0.36241762663253985
1108307,1820258,0.36113781306981346
1108307,2766059,0.35937042669545943
1108307,175203,0.3586715860640678
1108307,536603,0.3552329984366056
1108307,2290464,0.35486768216206094
1108307,1705372,0.3537260429419594
1108307,2766060,0.3507921375766741
1108307,600667,0.3502547508481697
1108307,2766066,0.3486250464308639
1108307,8837854,0.34715234042108095
1108307,1876740,0.3465316604606431
1108307,8178554,0.3463862702148887
1108307,3336181,0.34468710272835046
1108307,8187316,0.3417121924690321
1108307,81374,0.3415754616538945
1108307,1820255,0.3392141627742969
1108307,4549826,0.3337005384584858
1108307,6215675,0.333314692103621
1108307,81378,0.3306400221315403
1108307,3873830,0.3284597719220383
1108307,4105441,0.3284597719220383
1108307,5170915,0.3282155114645582
1108307,3416124,0.3277278238234148
1108307,6215678,0.32744007701741323
1108307,1177929,0.32686672462945376
1108307,2895836,0.32543945933626217
1108307,6184537,0.3241246521292877
1108307,7034461,0.3237218485674786
1108307,8178548,0.3236611777445919
1108307,81375,0.32360106582469916
1108307,4467942,0.3235350193762836
1108307,1650948,0.3229677634439818
1108307,5423622,0.32149055062378984
1108307,5404935,0.31885219998119024
1108307,7949442,0.3184960707599823
1108307,6215679,0.31776486284804023
1108307,8178546,0.3167064638100328
1108307,3376167,0.31596130136916906
1108307,3950422,0.3139685872993273
1108307,3484415,0.3138986824470202
1108307,5170913,0.31338648510872386
1108307,4555845,0.31302943114874365
1108307,7393052,0.31253548634778777
1108307,2376757,0.310504171879083
1108307,6184541,0.31045601100144776
1108307,3307480,0.30982119752633064
1108307,8050248,0.3095634705054007
1108307,5323570,0.3094369325879568
1108307,2988983,0.3053474607995077
1108307,1554519,0.30474420130343827
1108307,5170918,0.30465537750421007
1108307,3108611,0.30395966773866473
1108307,3674982,0.3037630298464989
1108307,1211087,0.3020235165739834
1108307,536597,0.3017544827026295
1108307,1554513,0.3011199976036552
1108307,8837040,0.3006932049822708
1108307,6184542,0.30026488662277256
1108307,6215680,0.2998008505108801
1108307,3139905,0.29973178409149714
1108307,1681472,0.29946651837582633
1108307,1318945,0.2977453329649331
1108307,2766058,0.2972086155853591
1108307,1650945,0.2968807342773916
1108307,2766064,0.29659615992660693
1108307,5436770,0.2958607675319684
1108307,2376754,0.2957869749999209
1108307,8609706,0.29563438794695074
1108307,1820259,0.2952814560090126
1108307,4639742,0.2949296129929595
1108307,1650944,0.2948385255431134
1108307,5591778,0.29393693605695875
1108307,3376160,0.2938298062321165
1108307,5409602,0.29347196583204466
1108307,7393057,0.2933984079360663
1108307,536604,0.29324880085781696
1108307,1820262,0.2927297744620598
1108307,6906388,0.2923310240821984
1108307,38319,0.2917558174441722
1108307,3674988,0.2899780684999858
966413,7051671,0.6359070867336307
966413,320945,0.5665782953432218
966413,757115,0.516344974919387
966413,2588722,0.5120458585996418
966413,2758357,0.48723077543286336
966413,363249,0.4768106032456917
966413,3398708,0.47150716820793315
966413,4650631,0.4702275769838012
966413,2588719,0.46939510683057384
966413,363250,0.46574852464078054
966413,2518496,0.4641757228657657
966413,2758355,0.4604031004173828
966413,757122,0.4588232761433299
966413,1732514,0.45327003554128337
966413,7557221,0.45282769182938876
966413,7734296,0.45247849387147765
966413,363242,0.4451441373630162
966413,8837418,0.4449444149817927
966413,3379682,0.4444319355847638
966413,6424653,0.442011642278088
966413,4297951,0.44138456303898743
966413,6338689,0.43959024946419445
966413,2905884,0.4383449327070837
966413,2905888,0.43267588973173593
966413,474737,0.43050502819878367
966413,4722311,0.43033571768105566
966413,3172507,0.43013813108357385
966413,2588723,0.4275192753724455
966413,3379677,0.4252779970446253
966413,6239882,0.4237081090658459
966413,5634828,0.4231377276865794
966413,6548088,0.42285156461589646
966413,2758356,0.42207308237174196
966413,867908,0.4213879371867788
966413,3793421,0.420553885315083
966413,240971,0.4204801052129915
966413,3674095,0.41899371303011973
966413,5824785,0.4187770015176121
966413,1886101,0.4131305636216609
966413,1653643,0.4130707384747578
966413,7557218,0.41226584586551185
966413,3318856,0.41222100485505425
966413,2963158,0.4112049270143538
966413,3172508,0.4111877440039059
966413,3398700,0.41011349101551114
966413,5764716,0.4094240166160335
966413,3379683,0.4064293917103945
966413,3615887,0.4049911475015317
966413,2588726,0.40408267539809556
966413,8766762,0.4024309661568875
966413,8207439,0.4014283658653219
966413,5459706,0.4002873483836962
966413,5824789,0.3995133474566333
966413,5030633,0.397972244349
966413,5566204,0.3973966870711052
966413,3615885,0.39737419011488573
966413,297451,0.39469300897027837
966413,2033026,0.3946578327889578
966413,3615886,0.3935543764952931
966413,7506830,0.3914141926899071
966413,738281,0.39098092433482734
966413,320949,0.3894033988960983
966413,1886099,0.3883590555824312
966413,363244,0.3877487788350451
966413,8755854,0.38719524895426566
966413,2406509,0.3859625617950115
966413,8047636,0.3854851628156432
966413,8351005,0.38399328575560154
966413,2758359,0.38269482464396615
966413,6239890,0.38252295224415095
966413,6601176,0.38241642279170907
966413,5459712,0.38224269936745664
966413,3301059,0.38093980393707677
966413,1732519,0.38050789804769003
966413,4650634,0.3792567864872885
966413,1812393,0.37877961254473325
966413,320947,0.378613269978104
966413,573743,0.3782379608035509
966413,2758358,0.3782032572049273
966413,2278372,0.37793134510429777
966413,297448,0.3769053428152783
966413,3793420,0.3756250029416968
966413,3768833,0.3753821940859532
966413,436644,0.3746890069969467
966413,8474376,0.37389336218147967
966413,8029905,0.3731641404604289
966413,1812385,0.3721664456099239
966413,5824783,0.3709294984165466
966413,1567615,0.3699004105906417
966413,2588717,0.3691770802254438
966413,7681664,0.36915009817758243
966413,6273820,0.36797507763983267
966413,8567235,0.3679044561957217
966413,3788813,0.3668295771157807
966413,363243,0.3665003731835295
966413,7681662,0.365957645901358
966413,3615888,0.3654801048664777
966413,757120,0.3653411504508179
966413,6424656,0.3648337065397901
966413,6668564,0.3638867754355081
1111546,947307,0.5401965798495615
1111546,8339597,0.5183945721742977
1111546,4118433,0.5132231986987295
1111546,1141026,0.48972039747632834
1111546,8147312,0.46869460401730023
1111546,1141032,0.4638882341077093
1111546,8147311,0.46364632074072765
1111546,8147315,0.45034945773607316
1111546,1141031,0.44706972094490216
1111546,6538059,0.41587742928245974
1111546,6481152,0.4054437751680202
1111546,5034459,0.39879347496478257
1111546,6724396,0.39182518349651924
1111546,1958760,0.38596394435475573
1111546,1143394,0.38350552443550145
1111546,6963364,0.38347569451060115
1111546,2068095,0.37716855783976694
1111546,7584261,0.37577911875995196
1111546,1864302,0.3742432258581694
1111546,7314933,0.37358380343093744
1111546,228689,0.3691889926996283
1111546,6688700,0.36791522926231685
1111546,899976,0.3657403998395078
1111546,3573961,0.3653623902917816
1111546,2238282,0.36353500864749483
1111546,2994879,0.36302466866457883
1111546,1981520,0.3615640549623875
1111546,4986414,0.361117568610424
1111546,7013581,0.3595226582447432
1111546,926120,0.3573533425825215
1111546,8718029,0.35672376240596104
1111546,821725,0.35545099495029386
1111546,3143230,0.3539783317897908
1111546,5965875,0.35381500829840024
1111546,5489458,0.35214215100121654
1111546,1697051,0.3509745909598393
1111546,2144213,0.34983423242572637
1111546,1199599,0.3495600536876324
1111546,6920081,0.34933771363174776
1111546,7018418,0.34933771363174776
1111546,481305,0.34911012676349085
1111546,7314932,0.34791705652108773
1111546,926122,0.3421886165006369
1111546,309464,0.3416502994470196
1111546,7245429,0.3384978107639283
1111546,6537154,0.3379756309982914
1111546,5471455,0.3377300623092874
1111546,2144443,0.3375728822514331
1111546,4741853,0.3375386484729646
1111546,1789612,0.3371901911317494
1111546,1141028,0.33654081064222136
1111546,2320858,0.33615577473322455
1111546,8087630,0.3349297019128895
1111546,8441430,0.33466207629581973
1111546,3606158,0.33450754917945613
1111546,363868,0.3335086832099711
1111546,5704783,0.3326641489547598
1111546,6222892,0.33227742720860376
1111546,228691,0.33107439270111616
1111546,8340296,0.33078226037379466
1111546,8060597,0.3300367691438346
1111546,5183549,0.32935529626348076
1111546,1199606,0.32920438157159754
1111546,3267970,0.3283920650078699
1111546,8165491,0.3282439116000503
1111546,2238278,0.32502036272862206
1111546,8636954,0.32484225730454525
1111546,6688704,0.324124362851961
1111546,7003169,0.32400079142576493
1111546,5171439,0.32391211138897685
1111546,5172454,0.3236137803355596
1111546,4059624,0.32273064255893363
1111546,2867422,0.3219275947684518
1111546,5809959,0.3215910288582146
1111546,2649125,0.3213083118336506
1111546,3456299,0.32079996816075185
1111546,3639262,0.32003695854853054
1111546,4540076,0.31983167811462543
1111546,1317879,0.3195973719111132
1111546,4769406,0.31872016349450955
1111546,3064177,0.3186253145613579
1111546,804241,0.3185740359883786
1111546,8516232,0.3180495271560511
1111546,5117494,0.3174292060128567
1111546,850453,0.3166801576254918
1111546,1148513,0.31664349447391876
1111546,2144211,0.3166101539055008
1111546,3521919,0.316540285158667
1111546,947306,0.3159680762912215
1111546,1561269,0.31503242830621503
1111546,6295092,0.31428881780428286
1111546,4693568,0.3134737061839261
1111546,6648162,0.31263574409296735
1111546,5623308,0.3122017266100159
1111546,8035015,0.31185548601597246
1111546,8516233,0.3117417694153682
1111546,8087625,0.3114031864071936
1111546,6203168,0.3111695388744414
1111546,7131924,0.3104010471526547
1111546,4880774,0.3088184635411624
156493,8182166,0.60158839787342
156493,6139386,0.5988562656453645
156493,3288600,0.5748313140894314
156493,3288596,0.5735115479377373
156493,8182161,0.5679395786619029
156493,2259183,0.5608963417700683
156493,8182165,0.5425984749153663
156493,4940228,0.5423680994240907
156493,6983822,0.5413323854642274
156493,2616515,0.5231745396438916
156493,3288597,0.5230177954903222
156493,1960255,0.5227757876011696
156493,6464089,0.5099388654817513
156493,994482,0.5096078476024725
156493,627307,0.5076524417183536
156493,3288601,0.5059764746215295
156493,7663272,0.5050855664484541
156493,95514,0.49168001591873983
156493,1960260,0.47148042540116536
156493,6524745,0.464095217039762
156493,2612492,0.46212181635984456
156493,5437919,0.45695783393081496
156493,6983825,0.4564336272758546
156493,8029433,0.45406282790196534
156493,2927968,0.4531278507029665
156493,95515,0.45172194753663486
156493,2949801,0.45011716553695336
156493,2616513,0.44991466198228036
156493,7371078,0.44823082274504517
156493,2317807,0.4477973516330457
156493,7371077,0.44681104892554
156493,349638,0.4443564202819381
156493,8273019,0.4443564202819381
156493,6983820,0.44115321253601364
156493,1960261,0.4382128736822438
156493,2411918,0.43771973745273746
156493,885944,0.4369874469343784
156493,2403232,0.43628324305149707
156493,3053015,0.43609199790409503
156493,1347264,0.43413994400769357
156493,1277720,0.42962197984418676
156493,3288598,0.4281081695309218
156493,6859023,0.42652781505628323
156493,1341654,0.42644903438702864
156493,7371079,0.42584462019896735
156493,8264672,0.42233988177338444
156493,4400818,0.41977391780580187
156493,1277726,0.4194518246359371
156493,2949802,0.4185830109218233
156493,1101609,0.41499278269296713
156493,6139382,0.4143354720302391
156493,7610587,0.4128930715766818
156493,4588174,0.4126451221864521
156493,95513,0.4117219021604016
156493,8376847,0.4108078725322484
156493,6614669,0.40900448273386464
156493,3288599,0.40632815689995505
156493,1277725,0.4062874880133602
156493,2259182,0.40543641608015657
156493,627306,0.40435764093603455
156493,1939300,0.4037706551173402
156493,2259180,0.40088948089011583
156493,4583221,0.3982449499247488
156493,5059020,0.3968165239476584
156493,8182160,0.39610513217395926
156493,6859025,0.39610290570472034
156493,6859028,0.39539316089395576
156493,1861642,0.3936068923631856
156493,1277727,0.3932467373124362
156493,4527708,0.3928874600423652
156493,4527706,0.3914781600739264
156493,6859031,0.3889997441209138
156493,4623707,0.38696719697151594
156493,7808494,0.38658155023701263
156493,5022725,0.3863538403429348
156493,7371081,0.38595328151287905
156493,1172287,0.3846670878102685
156493,3180514,0.3846390048407042
156493,7663273,0.38316908889093493
156493,2941211,0.3827131543111448
156493,2373354,0.380533715462997
156493,2259184,0.37917914240390144
156493,2141935,0.3777114056277371
156493,7529416,0.3776164699792051
156493,6357270,0.37760048756336706
156493,2708309,0.37742778943633726
156493,6776182,0.3766535861614465
156493,1277723,0.37575970483751875
156493,5406908,0.3747963682470677
156493,8820534,0.37466208831496745
156493,8182157,0.3743271225226075
156493,2598786,0.3737527368986338
156493,5009744,0.37247921416609403
156493,349643,0.3721999097378086
156493,6983819,0.36968263701909165
156493,1790122,0.36933238699807847
156493,2708304,0.36843836063285107
156493,1101607,0.36616814588324265
156493,6859027,0.3660631682918169
156493,994488,0.36476805425423864
1124145,2802373,0.4399395956830813
1124145,4647826,0.38115669908923194
1124145,963808,0.3742082773183773
1124145,7702580,0.3497303302533689
1124145,8730384,0.34916270053746856
1124145,8255879,0.34837040732281993
1124145,7997599,0.34717694604778726
1124145,8730388,0.34553084112827526
1124145,606138,0.3445851634186268
1124145,7997603,0.3427737014724866
1124145,8666691,0.34079234486136334
1124145,187285,0.31797469249293697
1124145,7051451,0.3176843284100938
1124145,8489496,0.310121003708515
1124145,1092135,0.30289550081899724
1124145,7087848,0.286167267121264
1124145,2802374,0.2840158602326057
1124145,7727165,0.2831829087525755
1124145,2553344,0.2825990056114848
1124145,4644798,0.2769322120350799
1124145,3518339,0.27059410238321235
1124145,8027395,0.27051984862420053
1124145,2924861,0.26657749749301746
1124145,4644797,0.26654274703837727
1124145,7142224,0.2644036203698461
1124145,5017255,0.2633272462965119
1124145,7727158,0.26250466642976167
1124145,8149618,0.25981605823713544
1124145,8149619,0.25981605823713544
1124145,3938573,0.25975567736492217
1124145,3253649,0.2570029320269225
1124145,7684506,0.25545860372775486
1124145,8149615,0.25213757454698704
1124145,7782104,0.24997947757066194
1124145,6816623,0.24825789901877446
1124145,6759156,0.247124351989044
1124145,6759157,0.2469433214228426
1124145,6759159,0.24648746981120026
1124145,5290523,0.24638593193001157
1124145,6759154,0.2450890123242117
1124145,8077956,0.24267164138180383
1124145,5613239,0.24257164853554733
1124145,2779459,0.24050529486236596
1124145,7139910,0.23958878248537402
1124145,8019957,0.2390997314364199
1124145,6079383,0.23859803521886513
1124145,4992241,0.2368802380727841
1124145,2647176,0.2364893347133631
1124145,8149617,0.2364893347133631
1124145,645276,0.23625536348649281
1124145,2647171,0.23329935098247112
1124145,8149620,0.23329935098247112
1124145,5865767,0.23295018205267684
1124145,8698769,0.23231850563597967
1124145,4434295,0.23213211318900165
1124145,2647178,0.23170369444471398
1124145,8718244,0.23031604373012465
1124145,7560494,0.22715442057412158
1124145,7560489,0.22645418591877597
1124145,521003,0.22573268671526517
1124145,2365010,0.22546523845867628
1124145,2257752,0.2246979615033624
1124145,7556400,0.22222797528927596
1124145,5626302,0.22190944800673643
1124145,8462502,0.2218725100668175
1124145,3728357,0.2210052825344177
1124145,8589237,0.2204844691468017
1124145,922334,0.22014283189146006
1124145,1562825,0.21887296803299133
1124145,8023290,0.21822453645230802
1124145,554540,0.21787959643395785
1124145,2229525,0.21763218323542688
1124145,8071280,0.21753645385725945
1124145,541397,0.21667486470381406
1124145,8802293,0.21667486470381406
1124145,756518,0.2164969096035975
1124145,7455087,0.21647196752135822
1124145,1468688,0.21613961648157978
1124145,8398598,0.21606059782631368
1124145,6541909,0.21583656279523525
1124145,2494523,0.215813116314626
1124145,8027180,0.2156193554668462
1124145,8087825,0.21510028085485908
1124145,444369,0.21442709071253452
1124145,6160178,0.21424890139605368
1124145,1731607,0.21414646489467135
1124145,2802381,0.21356148996050203
1124145,3586244,0.21340413458106489
1124145,161660,0.21222007795335995
1124145,8401289,0.2121336224931228
1124145,8722845,0.21184519334686003
1124145,8082800,0.21128238626880003
1124145,5473944,0.20952059325030603
1124145,1273882,0.20890144449037626
1124145,8207763,0.2074904146858287
1124145,8110829,0.20741441363877608
1124145,8438838,0.20615488440517601
1124145,2642442,0.20605496447918506
1124145,1418468,0.2058803304352905
1124145,2802380,0.20563188427073933
1110199,167601,0.5005487671959846
1110199,3838645,0.4998687846098662
1110199,398442,0.4924347799185315
1110199,1176155,0.45215708966553236
1110199,6161016,0.4516464442032121
1110199,1809283,0.45153469961420045
1110199,4511137,0.45147134802573835
1110199,167604,0.4395044562086533
1110199,7619547,0.4379052832849867
1110199,7628036,0.43574883581596247
1110199,4464203,0.4341251114768709
1110199,8757996,0.42842420529484476
1110199,1957395,0.42806308908944957
1110199,3471551,0.415710796163924
1110199,1592478,0.41426613707178656
1110199,699976,0.41292722589099734
1110199,557610,0.4072847582464098
1110199,4385006,0.4036972357829433
1110199,4870681,0.40117015793285804
1110199,8747520,0.40113185739016965
1110199,7628031,0.4007727667440857
1110199,972980,0.39994483694086125
1110199,1592474,0.39952653715303743
1110199,5701619,0.3987427385706871
1110199,2347591,0.39852709921647517
1110199,1592482,0.39790431193116
1110199,4487656,0.39732099730790865
1110199,6392463,0.39561015392011695
1110199,1295212,0.39389466920736155
1110199,6573364,0.393645646580492
1110199,1449344,0.3931091498015207
1110199,5313571,0.39006526955071996
1110199,5279606,0.3881536340575181
1110199,5313570,0.3855780772025563
1110199,972983,0.38464682600275796
1110199,4511144,0.38426232025090346
1110199,4496262,0.38282512750940556
1110199,5099754,0.3826869649215941
1110199,5099760,0.3818820927421341
1110199,6995609,0.377217464853367
1110199,6142164,0.3767439235238029
1110199,4597572,0.37585842860259033
1110199,6811355,0.37466273121586846
1110199,1144985,0.37222889814095345
1110199,959862,0.37191445896630637
1110199,6383464,0.3714369550885424
1110199,6484481,0.3712760809857338
1110199,1712497,0.3708616015939788
1110199,5701617,0.37083819835303833
1110199,1809286,0.3707422492461617
1110199,2992958,0.369328434982303
1110199,3763368,0.36820367386923103
1110199,1144989,0.3672802996218864
1110199,4489659,0.36683811941950517
1110199,3428056,0.36680898803759376
1110199,3270581,0.365636407016767
1110199,7057684,0.3652421438735083
1110199,8747522,0.36522529802407266
1110199,863987,0.3633825224983897
1110199,8160520,0.36157046022802863
1110199,1454027,0.36114574331956484
1110199,919271,0.35981020284864773
1110199,1079807,0.3577594643765611
1110199,6382102,0.3573128393803767
1110199,2087420,0.3568636978898236
1110199,5227454,0.3567177636386535
1110199,7490610,0.35604839557587503
1110199,5613980,0.354832277859977
1110199,554521,0.3548279457559414
1110199,4489656,0.35353499694677626
1110199,728252,0.35305744855962773
1110199,8542978,0.3527645153779442
1110199,3673952,0.35263403435530594
1110199,4218460,0.35241349609454653
1110199,2252302,0.3521644432989376
1110199,7891043,0.3513814770428442
1110199,7170712,0.35115327749576253
1110199,4575877,0.35099373113311655
1110199,699973,0.35028103031923635
1110199,7038440,0.35027280509857556
1110199,8759140,0.34982799932496617
1110199,4250511,0.3492353744368507
1110199,4181876,0.3491942965065568
1110199,7457334,0.3483515909309994
1110199,5067541,0.3466558363687401
1110199,3038572,0.3465768510563241
1110199,7837443,0.34648638612897514
1110199,1215714,0.3460782351631267
1110199,1240452,0.3460639331484368
1110199,3138654,0.34511316572806394
1110199,4152748,0.345072546685684
1110199,549756,0.3444052404295095
1110199,6478158,0.34423826484911785
1110199,5857922,0.34372942550211305
1110199,5719120,0.34346066700671035
1110199,8160523,0.34331775054217867
1110199,1622904,0.34248284592428857
1110199,3324444,0.3421536121191927
1110199,8404305,0.3419783786072827
1110199,1755978,0.34142069546038634
1056204,6693226,0.5046866616275982
1056204,1996042,0.48481395770432517
1056204,6486837,0.4666863311930212
1056204,2328993,0.46475185750124376
1056204,1746962,0.43778599825047876
1056204,6686044,0.4365212283575454
1056204,244778,0.43422000640764297
1056204,5875536,0.43382966077006657
1056204,5875537,0.42682884902955853
1056204,5514147,0.4227111772949449
1056204,679718,0.4212896252674756
1056204,6693224,0.4157021188067779
1056204,244785,0.4152599875153841
1056204,894494,0.4108144572831385
1056204,8676395,0.40856266898706867
1056204,3807546,0.4067369724669514
1056204,4847355,0.402328698251119
1056204,5948613,0.4006121192762353
1056204,7005143,0.39964548744619743
1056204,1930224,0.3987546457616723
1056204,833571,0.39554375798805735
1056204,2328990,0.3927583446895114
1056204,8755000,0.3911475391027309
1056204,955522,0.3894326335376476
1056204,1834684,0.3852172970330994
1056204,5128113,0.3849475887894759
1056204,3614103,0.38380527036866563
1056204,3353406,0.38344812167119074
1056204,3176708,0.3834315261230326
1056204,3343479,0.3827124736434466
1056204,2328988,0.3822938604995994
1056204,7600093,0.3815411508147611
1056204,8070276,0.37928327951262736
1056204,57928,0.377731071508679
1056204,2053688,0.3767415115675049
1056204,3770916,0.37631791925751773
1056204,259081,0.3761947256674373
1056204,8255942,0.375870747450544
1056204,679724,0.37567406160036115
1056204,5644103,0.37425067550054936
1056204,3614101,0.3720107257131152
1056204,5199835,0.37011567683717445
1056204,1964706,0.3698571741102486
1056204,1907477,0.36977763391196883
1056204,2576980,0.3690578200479989
1056204,468561,0.3688550050335429
1056204,6613306,0.36856075721653386
1056204,2431042,0.3684818696146013
1056204,5643824,0.36847170933750106
1056204,5972080,0.36771857049859463
1056204,5433504,0.3667458237543694
1056204,955516,0.365433243141531
1056204,5643823,0.36524014572227903
1056204,1072328,0.3643297225249577
1056204,1923172,0.3633830493598377
1056204,5327357,0.36304159109328343
1056204,7600092,0.36263510173777286
1056204,5761224,0.3616734108173048
1056204,4161798,0.3613997415593103
1056204,934144,0.36131864854019635
1056204,4161799,0.3608264302972121
1056204,7758874,0.36047609989083684
1056204,4121392,0.3590908552718228
1056204,5948607,0.35902417743870935
1056204,4756322,0.35834941208726795
1056204,6039460,0.3580246694410787
1056204,635534,0.3557210882946847
1056204,6394937,0.35549668143165386
1056204,7973176,0.35518638441901984
1056204,57932,0.3551708551070347
1056204,7820117,0.3550891045308403
1056204,5761221,0.3548973920561387
1056204,5643822,0.3544137008103326
1056204,5086590,0.35357992893579304
1056204,3973390,0.35343320760071173
1056204,5643825,0.35338011986233453
1056204,6675179,0.353100682157604
1056204,1743787,0.35298637582443704
1056204,8705594,0.35285250204201113
1056204,3553853,0.3525604951913201
1056204,4099676,0.3523130637240538
1056204,2836114,0.35199278529925504
1056204,2113454,0.3513929183017364
1056204,6503871,0.35081376210401
1056204,1793149,0.3502456430374303
1056204,2912041,0.3491206599251236
1056204,2537365,0.34869141324264213
1056204,4014636,0.3485751374418559
1056204,5136201,0.34854053928054496
1056204,4548009,0.3480965150881937
1056204,1376004,0.34791238628941507
1056204,5432494,0.3478035693356614
1056204,2037245,0.3473188624018882
1056204,7854934,0.34719576948619724
1056204,4920650,0.34709714153683147
1056204,5643820,0.3470569242751443
1056204,5086589,0.34646600261383614
1056204,5761227,0.34623159188831215
1056204,6039459,0.3461390199842297
1056204,616368,0.3460857007947406
199143,5056759,0.4828890252284984
199143,5056755,0.4487158239259332
199143,8311587,0.43550489065354814
199143,8311584,0.43171382112447704
199143,6046857,0.41689181693938526
199143,1401032,0.4139310341093749
199143,8311589,0.39729376202170125
199143,4278134,0.3927490746098628
199143,8311586,0.38966452548904096
199143,7592619,0.38730684552622596
199143,7122645,0.36636933608874606
199143,5624761,0.35807470422326276
199143,6425705,0.3551824228996213
199143,8311590,0.3537689481358948
199143,4130994,0.3519740993047747
199143,1695301,0.350299374927423
199143,2293544,0.34997464495690095
199143,8557032,0.3487388551650112
199143,2639428,0.34836480750292925
199143,5056753,0.3465837899174036
199143,3447653,0.3430299136962782
199143,1647793,0.34034316112474056
199143,8444918,0.3387102481634318
199143,1130927,0.33795183694772185
199143,7557853,0.33780521107530215
199143,4373269,0.33691977708457177
199143,1476277,0.333646514772318
199143,7828951,0.333250071451503
199143,744762,0.3292102202377469
199143,1453355,0.3287301985597163
199143,239931,0.3287301985597163
199143,61211,0.3268046777778538
199143,5056758,0.32544997856617364
199143,1800802,0.3251481225672909
199143,5157543,0.3243123348750514
199143,7661354,0.32420637694224963
199143,7267993,0.3235094724677138
199143,3199172,0.32248816209131465
199143,2639432,0.32223063517885303
199143,8311588,0.32219916087186495
199143,5250846,0.3214275131003198
199143,1247002,0.3180087766113747
199143,557203,0.31686428338996925
199143,6780981,0.31373242248445765
199143,3269700,0.3134227834603013
199143,7625945,0.3133241330751789
199143,8338248,0.3113856918941338
199143,1095529,0.3113445836543255
199143,7426524,0.31112234002489453
199143,3456443,0.31046649115263936
199143,1218668,0.31024266358594893
199143,4960723,0.3095127870732901
199143,4875580,0.3076034859638554
199143,8330291,0.30645955634024674
199143,7996118,0.3058851946133975
199143,7996117,0.3057803376332564
199143,2726266,0.3053819256495999
199143,3863274,0.3053609090371638
199143,939843,0.3049811912469758
199143,5402599,0.3049334008788809
199143,7985445,0.3027992343016372
199143,4829146,0.30257533138232307
199143,7233903,0.3007729709595392
199143,1401035,0.3005791549376482
199143,7837844,0.3004360636495896
199143,1053134,0.29920338918086586
199143,761029,0.29832469583027255
199143,2185840,0.29832469583027255
199143,665811,0.29824490670610665
199143,2640010,0.2976094049028108
199143,1095527,0.2974156742782154
199143,8557031,0.296984751205275
199143,2888166,0.2955483101877614
199143,3500137,0.2948255500053728
199143,7044826,0.29433538149732985
199143,6553937,0.29381951981855126
199143,8806901,0.2918746464942526
199143,5574529,0.2917342285431613
199143,1572614,0.2914604256528595
199143,2418122,0.29104387459914505
199143,1647788,0.29101362738533393
199143,8311583,0.2900320863126816
199143,5656308,0.2893285679435975
199143,6478066,0.2888777494066903
199143,1847359,0.28864662215654463
199143,6404954,0.28715087845504855
199143,1329408,0.28688835400385393
199143,2687763,0.2861832601166988
199143,6943190,0.2861498005356913
199143,2641193,0.2855153868784941
199143,6145961,0.2855153868784941
199143,8296447,0.2851650087376729
199143,6603205,0.28459822401797924
199143,1961146,0.2841328537129004
199143,3128494,0.28396268106220957
199143,2456950,0.2835046194002058
199143,8586908,0.28285633739682575
199143,3357393,0.2825399597562253
199143,7233908,0.2825399597562253
199143,5624760,0.2815090995117136
835929,7210707,0.5912078785269106
835929,5131821,0.5400016764986658
835929,4633097,0.5267691134445447
835929,4317208,0.5222723374161425
835929,3205505,0.5202956053672234
835929,6048146,0.5045463575275081
835929,8815042,0.4991012332959485
835929,2886168,0.4970157509336849
835929,1717204,0.4958943683654702
835929,2676901,0.49491961086766245
835929,8319697,0.4929403069670268
835929,1459392,0.49219975677480693
835929,4633102,0.49219975677480693
835929,5603019,0.4916430855048575
835929,1957173,0.4873802434354299
835929,14747,0.48711965304682003
835929,1459390,0.4867029058568561
835929,1459391,0.4841208484298689
835929,5603022,0.4841208484298689
835929,8815038,0.4826016224160857
835929,9461,0.4819698430184954
835929,82561,0.4799779305758466
835929,4289607,0.4797998367023786
835929,6479285,0.4780531139732214
835929,5301437,0.4772059250089554
835929,1459393,0.47565386310849045
835929,610526,0.47286478403236754
835929,1103757,0.4679501813863542
835929,3423607,0.46728242763206873
835929,847088,0.4648459762681211
835929,2649800,0.4639268965003215
835929,3205501,0.46287958039076116
835929,5603020,0.4616038314538568
835929,5240836,0.4605363871852989
835929,1250865,0.45886202526794556
835929,5146729,0.45422096204309587
835929,6111282,0.4537013899228392
835929,7841138,0.4510900422952249
835929,7348700,0.45011036720581943
835929,234631,0.44787146058223215
835929,847090,0.4462631122957869
835929,926947,0.44498724684338853
835929,4907588,0.44442068480072977
835929,3740334,0.4432872265904737
835929,5324458,0.4390949701485753
835929,4572261,0.4389769652009078
835929,9457,0.4387512087579884
835929,3629176,0.4379400777795016
835929,1684151,0.43785833339931507
835929,7062129,0.4374171801649302
835929,4565960,0.43647752725549543
835929,5324455,0.43579778630434873
835929,5444528,0.43569510120256366
835929,5444522,0.43569510120256366
835929,4864024,0.4347433778730789
835929,8319696,0.4334875719358902
835929,2886169,0.4324200402957805
835929,9462,0.4324200402957805
835929,7211864,0.428235673158806
835929,4572260,0.42725747287437804
835929,6048145,0.4268157754702981
835929,610528,0.4261670074859873
835929,4806603,0.42524285619212054
835929,3018491,0.42344979917763614
835929,555654,0.42237042327514496
835929,2894435,0.4212687687529254
835929,2856850,0.42040574221658816
835929,4692086,0.42027625028611065
835929,4572256,0.41833852187680903
835929,8815044,0.4182870091550675
835929,7879282,0.4180122272802418
835929,8566563,0.41708154161195937
835929,2807153,0.41699663792558167
835929,1297689,0.41403024409924155
835929,4216182,0.41381954105398094
835929,4216180,0.411918340591074
835929,8707839,0.411124283370963
835929,126874,0.4104720433591266
835929,2631977,0.40789066953322733
835929,610527,0.4078481665490465
835929,6966334,0.40699423291535913
835929,2251948,0.40647237398582914
835929,3205502,0.40516358162332305
835929,7476918,0.40438258081011647
835929,8522000,0.4033882404313115
835929,7294733,0.4028700562678498
835929,7936139,0.40138596372150664
835929,3018495,0.4009547522403694
835929,1908268,0.40054693769893884
835929,2131459,0.39884353297474723
835929,6906462,0.39773313965368323
835929,3740332,0.39740718596138974
835929,578381,0.3973818054006946
835929,2953365,0.3967658651735537
835929,2894436,0.39675194858088714
835929,4245704,0.39577220569930593
835929,941008,0.39436988941455153
835929,5808718,0.3929878403505592
835929,3644891,0.3920377355317037
835929,6581762,0.39040950949343656
1063750,7778351,0.4719938182216132
1063750,6436703,0.44602083687979854
1063750,2868845,0.39373036477761375
1063750,7218365,0.37580046070099493
1063750,2997653,0.34560185562297113
1063750,5142567,0.33307868676179314
1063750,8689799,0.3247943676014199
1063750,4482518,0.32348066751466037
1063750,4844353,0.3209640618401502
1063750,2886379,0.31616512751909925
1063750,5624425,0.31616512751909925
1063750,4856744,0.31616512751909925
1063750,1002181,0.30849932744099445
1063750,2886387,0.30806386941354374
1063750,4856740,0.30806386941354374
1063750,4513925,0.3077045915469932
1063750,4751661,0.3034280177715015
1063750,2981566,0.30261172792821706
1063750,7560580,0.2992318721208831
1063750,45598,0.2988200698214341
1063750,8689678,0.29377160014368325
1063750,3641790,0.29349858756298813
1063750,793080,0.2925589652419876
1063750,5746663,0.2869633327550911
1063750,4619817,0.28338496190744483
1063750,7646179,0.2809393052895328
1063750,7720965,0.28034368007799126
1063750,6666451,0.2786058121408372
1063750,6105393,0.27834343182958593
1063750,6073708,0.27781398509345445
1063750,6098651,0.27781398509345445
1063750,4788295,0.2752324147204964
1063750,4619815,0.27388038982905916
1063750,2737817,0.27338415385661136
1063750,7649717,0.2718475268128078
1063750,8157238,0.27132127495575004
1063750,8378776,0.27092074992805715
1063750,4435158,0.26834601996842494
1063750,4414266,0.2660925000775908
1063750,196730,0.2653662838446094
1063750,4164404,0.2652132948972065
1063750,2321282,0.2622637728314517
1063750,705753,0.26134327196924545
1063750,3462045,0.2612165475450016
1063750,2877339,0.26066166981391353
1063750,3388270,0.25871282389390815
1063750,8264764,0.2556179657626357
1063750,5659951,0.2552440094584902
1063750,4315159,0.25422014105870044
1063750,6394854,0.25412937067021363
1063750,393492,0.2533429685477538
1063750,7107016,0.2518265612536218
1063750,5216534,0.25078535488327247
1063750,5329975,0.24881166381420317
1063750,7466281,0.24824938804040367
1063750,135237,0.24805986467926436
1063750,5643018,0.24616004409198455
1063750,6223622,0.2456493827999691
1063750,8573542,0.245489600000371
1063750,4096516,0.24427459660245932
1063750,4490688,0.2437797268232061
1063750,5177242,0.2432057340412261
1063750,8093228,0.2421351255915098
1063750,1747824,0.2417728485392214
1063750,4025363,0.24158200222776605
1063750,2250780,0.2413465520595028
1063750,135233,0.2407479688576794
1063750,1767926,0.24026483927969947
1063750,7571426,0.23991312342944315
1063750,3388267,0.23894934340248244
1063750,5881435,0.23843724025858665
1063750,176079,0.2382678049881437
1063750,4382433,0.23823044583529537
1063750,3866883,0.23775602901106072
1063750,3745064,0.23692172154339874
1063750,1861025,0.23552636484876865
1063750,4435152,0.2351606735338994
1063750,4149362,0.2348958631879221
1063750,4944185,0.23460720556926906
1063750,6075774,0.23363461588988818
1063750,3045442,0.2335173294390259
1063750,369237,0.23310764196991077
1063750,1585932,0.23273158124142315
1063750,2047790,0.2325681215555811
1063750,8825936,0.2322930986087364
1063750,7409961,0.23147538210298854
1063750,8048329,0.2299015952199928
1063750,3865261,0.22942959092889248
1063750,5859941,0.2293393387417771
1063750,1767925,0.22933179794381772
1063750,1469163,0.22865252083430826
1063750,5580129,0.22777063323984037
1063750,5177240,0.22703832350455905
1063750,7711363,0.22609048971013532
1063750,1180528,0.22598988761671635
1063750,8366384,0.2257154133133103
1063750,3952795,0.22569466309336977
1063750,6353245,0.22560560116212283
1063750,7031380,0.22555535443577704
1063750,3934498,0.22537325952448517
1104031,7108118,0.46126216644930945
1104031,2695192,0.444635238681568
1104031,8217771,0.4404664105064971
1104031,2695195,0.4277462079161415
1104031,5732314,0.4211194864282053
1104031,339122,0.4184620076179364
1104031,361215,0.41772667909846756
1104031,2385743,0.416785136893045
1104031,8631011,0.4143524606759695
1104031,2073003,0.4136524142842014
1104031,2213467,0.4121601475219742
1104031,869752,0.4109151311140513
1104031,1310998,0.40680015150675713
1104031,7020203,0.4060957738883183
1104031,66965,0.40160329948026735
1104031,6796841,0.39958707235407637
1104031,2727013,0.3994387875538014
1104031,4782234,0.3984623114349988
1104031,4782230,0.3925343816426889
1104031,726890,0.3884339194987513
1104031,1786347,0.38756577919658697
1104031,6243964,0.38687227489022463
1104031,2695189,0.3862452664110558
1104031,8270131,0.38160168170740627
1104031,5452585,0.3799500698836246
1104031,7594103,0.37948712163348997
1104031,630823,0.37945835805560246
1104031,2072997,0.37835592858485717
1104031,4406933,0.37781234564450433
1104031,8030249,0.3745367159649911
1104031,1665280,0.37385494555139254
1104031,1712588,0.3736138211096935
1104031,66964,0.37322955101186306
1104031,8270139,0.37322955101186306
1104031,1061235,0.3725446295581565
1104031,7916046,0.37121415664243695
1104031,4419509,0.3710458294899155
1104031,801864,0.36962689108947666
1104031,6034161,0.36940432488107444
1104031,3689297,0.3684304081650115
1104031,2096712,0.36839555145157477
1104031,6243959,0.36831805325157313
1104031,4689798,0.36771824297696665
1104031,465848,0.3670259913226669
1104031,1786343,0.36593117905837247
1104031,7986564,0.36539004568884864
1104031,7305053,0.36469709238374437
1104031,4137852,0.3634186705212704
1104031,3934678,0.36308919261549266
1104031,7458753,0.3608445975361305
1104031,6149760,0.3606793362923041
1104031,2494329,0.3593313523645808
1104031,630818,0.35860145301247826
1104031,4473010,0.3585702561848327
1104031,4137851,0.357233329212825
1104031,7595693,0.35407456088602074
1104031,8770397,0.35284081682815366
1104031,6509161,0.35231615299243685
1104031,5885356,0.3507955536340748
1104031,7950733,0.35040983628561756
1104031,7184804,0.350345722269248
1104031,7911924,0.3501639103104855
1104031,1809425,0.3498353799701976
1104031,1809430,0.34856751691449367
1104031,5580363,0.3478073493044674
1104031,2420861,0.3449130304902561
1104031,3416274,0.3399035835286663
1104031,5182641,0.3397111829761824
1104031,1975834,0.33964876304199076
1104031,2800925,0.338513238993255
1104031,6669853,0.33795708396601226
1104031,4022522,0.33775133649473577
1104031,7579783,0.3377407634606855
1104031,546328,0.3360303523832307
1104031,2728393,0.33527579541248065
1104031,3875610,0.33472476952606844
1104031,7018408,0.33468970103143586
1104031,2800923,0.3338399566231984
1104031,546323,0.3328175499467624
1104031,2798224,0.3325813142249186
1104031,5539314,0.3322722441996984
1104031,8382213,0.3319696677664777
1104031,937936,0.33192521070612285
1104031,7018407,0.3318520419528564
1104031,2304484,0.33144503596891617
1104031,5028279,0.33038457525590154
1104031,7351916,0.33036550624202615
1104031,3947798,0.3290037321327076
1104031,1852656,0.3265625848185766
1104031,5771560,0.3265625848185766
1104031,4260118,0.32641659711888354
1104031,6149764,0.32531033630227507
1104031,6362623,0.3246553425299687
1104031,8044883,0.3231931177581156
1104031,8790844,0.3231894530523771
1104031,4542008,0.32304351922451907
1104031,4542010,0.32257078911457027
1104031,2313646,0.3217318557457414
1104031,3112903,0.3217203466321258
1104031,2213470,0.3205441473338808
398483,487271,0.5899278836448448
398483,2172138,0.5044379471243202
398483,440729,0.484813219352533
398483,487269,0.4777144452833376
398483,1126181,0.47717554500815207
398483,1306065,0.4735934944039527
398483,5631974,0.4519357980405913
398483,7751969,0.4497874375032039
398483,7673789,0.44059747849215003
398483,7673790,0.4278688168182653
398483,1999513,0.4205050293640311
398483,1509223,0.41730912298802775
398483,7771241,0.4156526678444183
398483,1259721,0.41439833891139227
398483,1708541,0.4141336885611062
398483,8620840,0.41353883144733283
398483,763420,0.41242316978490806
398483,42181,0.4122262731885057
398483,7319307,0.41080950470822136
398483,7673792,0.41076798208753984
398483,7151978,0.4042196425024151
398483,3145412,0.40392054511445113
398483,7751968,0.40327925093486106
398483,755515,0.4000627652833872
398483,1983559,0.4000627652833872
398483,1499205,0.3964743697749132
398483,1472132,0.39614011557852485
398483,8314661,0.39606892468263427
398483,7041750,0.39423060095151374
398483,5832644,0.39381983530659626
398483,3678885,0.39302332725994443
398483,5747185,0.3910599114988646
398483,635618,0.39001055858462175
398483,7212587,0.38678905914914335
398483,8343045,0.38328433267639805
398483,8257728,0.3827104661847334
398483,1075457,0.3790337903681547
398483,5631977,0.3774271687729163
398483,8567680,0.37525977179373476
398483,2718139,0.3735344316103419
398483,1373717,0.3725145186755738
398483,6077862,0.3722454860750371
398483,7029125,0.3718168401314099
398483,8261719,0.3695795054880779
398483,580325,0.36840054921829524
398483,8003601,0.36622297632209416
398483,2454539,0.36574818966373746
398483,2102533,0.36556450406050867
398483,908769,0.36483602148938393
398483,8416582,0.36408697760701186
398483,6937688,0.36383342326073365
398483,6563406,0.36368976798387326
398483,5208161,0.3633033496733593
398483,2619668,0.36231422426901067
398483,6817509,0.3620183814143931
398483,764366,0.3614051089551839
398483,8416583,0.3582647273630366
398483,6254329,0.35818927604239326
398483,6497751,0.3572419395650376
398483,3347749,0.35595440144621193
398483,2577674,0.35439704398240873
398483,3658028,0.35393564308123054
398483,1717730,0.35228436413670405
398483,735350,0.351962932307666
398483,5990728,0.35124573811211557
398483,712044,0.3505573873971179
398483,6494730,0.34841700834207634
398483,7202454,0.3478370153893927
398483,4800783,0.3471415031447722
398483,316938,0.3464093202249351
398483,124431,0.3446217756946579
398483,144324,0.3444252721923642
398483,5245228,0.34370702118899366
398483,1843417,0.3425347660246126
398483,2997678,0.3412332809524685
398483,3829029,0.3398828890994328
398483,5545769,0.3394320418469753
398483,6954099,0.33913912211042746
398483,589997,0.33570307999525767
398483,7040302,0.3342480935350422
398483,6156344,0.33245417819198647
398483,8731939,0.3323895939210663
398483,6993450,0.33214710850364937
398483,85970,0.33162003225852427
398483,8620735,0.33149393412561423
398483,2959213,0.33128508790455186
398483,1296376,0.33084671403062993
398483,1347667,0.33069584635910004
398483,42182,0.33051000893405613
398483,7151973,0.3293245399402961
398483,2718137,0.3283861482761013
398483,5738870,0.3278147914542318
398483,325296,0.3278057609734746
398483,8610523,0.32733703346239773
398483,2355490,0.3272939635182649
398483,8151255,0.32683216234322193
398483,7771244,0.3260543310779739
398483,54845,0.3255020815663285
398483,5577030,0.32534189701292704
398483,3755250,0.3253074829321958
432930,8410596,0.6802567240753727
432930,8410594,0.6082075181380582
432930,3889512,0.49375385990000964
432930,7427093,0.4672724340623905
432930,4397480,0.4597801018034107
432930,6641740,0.4386347347795844
432930,8410597,0.43182514948407913
432930,7546502,0.42784102625011083
432930,1377675,0.4270276182486605
432930,4831142,0.4238780365544315
432930,7802759,0.4208669869868572
432930,3889516,0.41265122483555916
432930,965239,0.4104296692515839
432930,3341379,0.4101817107753436
432930,7427095,0.40619065856002157
432930,1010715,0.40587072982289035
432930,2155962,0.4048456599793983
432930,1042892,0.40465541723098336
432930,7205658,0.40411408577446767
432930,8410598,0.40235169714714647
432930,6453553,0.39593271687362885
432930,3889514,0.3958989770544112
432930,5584201,0.3954388783615283
432930,4043555,0.3939570402968968
432930,8410602,0.39294633685736297
432930,3946504,0.38982879806784965
432930,6931446,0.38489904974117795
432930,2662960,0.3840613943616879
432930,7348596,0.3819969871219725
432930,815786,0.3772480217711832
432930,4863309,0.37599852833532826
432930,3341382,0.37239501781436807
432930,5105678,0.3711313288184835
432930,5063425,0.3706793793451583
432930,6324322,0.3706691577771963
432930,7646202,0.36760297520584273
432930,7185746,0.3672411120711832
432930,6512240,0.36529989021358206
432930,8373891,0.36529989021358206
432930,4863311,0.36150173605606806
432930,8173803,0.35582530406061397
432930,3743319,0.3558250691987403
432930,1486450,0.3544166956961836
432930,5304659,0.354143688282725
432930,1468371,0.3530172989299852
432930,5798167,0.35278933212475316
432930,614547,0.35272613314985285
432930,4399259,0.3524323176353473
432930,3802646,0.3520319067417034
432930,7858685,0.35134212484209815
432930,5212365,0.3509045112368829
432930,7646208,0.3505182702354988
432930,7205653,0.34972170466512753
432930,5784992,0.34889064392099606
432930,563695,0.34814452482439845
432930,6957944,0.3467160327573032
432930,815785,0.3457006368686418
432930,1269352,0.34413651791245403
432930,1963215,0.3440893592040718
432930,3147121,0.34382986506256
432930,1266271,0.3437819541166975
432930,5172306,0.3437504388214399
432930,6831073,0.3433525743328367
432930,838840,0.3433035530515289
432930,2749051,0.34183459344499045
432930,1294443,0.34164307324149273
432930,3994940,0.3407955553465672
432930,206689,0.3405610526648833
432930,2145264,0.33960022673051576
432930,941841,0.3390308650558503
432930,1294444,0.3388546394504753
432930,8620527,0.3385758958931361
432930,7500077,0.3367540362289374
432930,6760493,0.33651282885920497
432930,2749059,0.33500694356441246
432930,513224,0.33459786757336435
432930,2694991,0.33429301884375684
432930,1847681,0.3338516738394643
432930,4698565,0.3332493507124127
432930,8615689,0.3328130116049003
432930,6907036,0.332505767115602
432930,1146732,0.32852759645852914
432930,1963219,0.32852759645852914
432930,5020866,0.32846211616274845
432930,4863312,0.3276929614574936
432930,5162877,0.327659512670043
432930,5680750,0.32687125826238855
432930,7730617,0.32656385133074145
432930,7835740,0.3263110848122332
432930,7277775,0.32627376272552283
432930,482136,0.3250075103492327
432930,7646205,0.32468732122091304
432930,3977886,0.32308616075769825
432930,6516619,0.3229534756105815
432930,3474538,0.3224527259489893
432930,1783312,0.32212687532456524
432930,3977890,0.32095764057356074
432930,2610427,0.3208367223703086
432930,2745677,0.32011374041991164
432930,880709,0.31999726357848707
478605,3736270,0.7304978242741248
478605,8404575,0.5940182336700014
478605,3736269,0.5855854763333151
478605,8755204,0.5679365668163396
478605,5378651,0.5646171027026489
478605,3736272,0.5614988746275018
478605,5378650,0.5613794003156433
478605,8404582,0.5543663998507826
478605,8755202,0.5302469355960914
478605,5378652,0.5280957121182982
478605,4886229,0.5116982890582682
478605,1918756,0.502039847526438
478605,8557801,0.4992394258365377
478605,908951,0.49434191232476327
478605,284421,0.4920788108063957
478605,8404583,0.48967013353433353
478605,2146428,0.48883675201441457
478605,4189319,0.4873259549630945
478605,1904730,0.48655213846131495
478605,2146432,0.48155318997644414
478605,293324,0.48034200988564424
478605,6765,0.47993171181723704
478605,8623486,0.4794026943392448
478605,8623491,0.4773092380877553
478605,8623493,0.47729919523216946
478605,2146431,0.4736374963687736
478605,5453133,0.4707060541497548
478605,218541,0.4678385531094911
478605,8755198,0.4644619302188961
478605,2146424,0.46420690164815936
478605,478492,0.4564834023914417
478605,2679799,0.4553040771175647
478605,8557806,0.45255854252321065
478605,2679797,0.44440871087208
478605,5372948,0.4419072289123604
478605,5527592,0.441033946861699
478605,1122653,0.4380818587741253
478605,6935974,0.43533499414672727
478605,6797454,0.43407405524493603
478605,5909751,0.43398190466191144
478605,1504010,0.4311368676776522
478605,6797457,0.4307882197624993
478605,1109280,0.430485992561118
478605,705721,0.4298497637676198
478605,8623492,0.42959812685895654
478605,2349342,0.42875552743192397
478605,3807173,0.4278221295637237
478605,8404578,0.4259853876900672
478605,3807169,0.4255473372256722
478605,3736274,0.4254132941249026
478605,1904737,0.4207292183767602
478605,6813840,0.4171918633701174
478605,6800536,0.4168049944920779
478605,8623489,0.41500914313931714
478605,4886226,0.41282486253678996
478605,2146430,0.4111552246860025
478605,6140746,0.4100111372257739
478605,7753313,0.4092432954811735
478605,1123536,0.40880671079953607
478605,8623488,0.40637505639723615
478605,204250,0.40501873609986827
478605,1122649,0.40484242745768634
478605,7479809,0.4042220330309164
478605,8366301,0.40080366914689564
478605,4886230,0.39945129300979176
478605,6157915,0.39920957060092543
478605,1109278,0.3974996254065216
478605,1574232,0.3965748924006542
478605,2314740,0.39528384700649694
478605,4531166,0.3947865135274441
478605,481763,0.3938388338666343
478605,1575330,0.3928364166550155
478605,1567620,0.3923937711182394
478605,6066109,0.3922622068144821
478605,3160837,0.39197486729051034
478605,8466767,0.39176597747212594
478605,1126709,0.39150487971028064
478605,5023005,0.3904597359137741
478605,7012995,0.39045298800483774
478605,8700958,0.3880956765298649
478605,1400153,0.3880131636744831
478605,6618095,0.3876449451768195
478605,6787721,0.3876449451768195
478605,1358470,0.385689258354922
478605,1101729,0.38474253828267524
478605,1574240,0.3796275830975343
478605,7926626,0.37872195500265554
478605,5378646,0.37844341152945943
478605,7871705,0.3781325183144883
478605,563747,0.3764109053305263
478605,7652691,0.37625432511701584
478605,2146425,0.3761883919854728
478605,3617173,0.37616413894130313
478605,6346160,0.3756085031120377
478605,1036686,0.3749344051035087
478605,3839441,0.3734791394864271
478605,1920079,0.373305846354128
478605,7053446,0.3729950501386776
478605,4886227,0.3726061086571437
478605,6800542,0.3678924778165745
1044797,1795108,0.6106364687983457
1044797,1795106,0.5798062799575938
1044797,7357592,0.5603206115308353
1044797,5148739,0.5458448278360444
1044797,1795101,0.535105391102488
1044797,4111252,0.5150931721002312
1044797,8679694,0.508833463668227
1044797,8679696,0.4625552097670746
1044797,8253958,0.4567169183933789
1044797,8679690,0.44451609042594825
1044797,7493441,0.44213137128638097
1044797,1795105,0.4289719188822601
1044797,3235003,0.41607922365626177
1044797,2488906,0.4054313366004086
1044797,8243231,0.4038604019390032
1044797,4643997,0.40195718544381065
1044797,8457794,0.388411583725307
1044797,6340625,0.3786078355407539
1044797,2118256,0.37487217437962184
1044797,5507366,0.3668518383472058
1044797,8679692,0.36648619760096046
1044797,5658896,0.352910928494438
1044797,6479724,0.35127460889080714
1044797,3385499,0.34986510817760036
1044797,8425090,0.34530537348664425
1044797,125058,0.3379893878486133
1044797,2952950,0.3363590837177684
1044797,7106137,0.33564526032382386
1044797,5446916,0.3350407856725984
1044797,8145811,0.3313587810217029
1044797,2946598,0.3304466291182761
1044797,4749216,0.3301606134464994
1044797,1784714,0.3293026656454649
1044797,2509648,0.3285235992559754
1044797,473632,0.3278078921770875
1044797,125060,0.3274960609557425
1044797,5076735,0.32412254157225695
1044797,4977786,0.32395021069510443
1044797,1357963,0.323811319210268
1044797,5874948,0.3216464060300216
1044797,858286,0.31953678658736745
1044797,2358040,0.3180476577621699
1044797,2946601,0.31724051665237485
1044797,6645006,0.3169463572150881
1044797,4001869,0.31574809571607826
1044797,2188780,0.31502638788265147
1044797,8457797,0.3095238159840355
1044797,125065,0.3084516290995211
1044797,3564981,0.3075933529230006
1044797,8145812,0.3065357424186439
1044797,2210790,0.3063156880850455
1044797,8367340,0.3004297433502654
1044797,3547098,0.29959604135322626
1044797,798246,0.2989371794654211
1044797,6645002,0.29815071610151506
1044797,6057755,0.29697137234813253
1044797,1546577,0.2933804911249337
1044797,5507363,0.2933804911249337
1044797,1784713,0.29327932038537163
1044797,3235002,0.29099304008798155
1044797,3440306,0.2902298968531697
1044797,2205403,0.28901720163073935
1044797,8797344,0.2887968423564365
1044797,5859727,0.2886346498338787
1044797,4727401,0.2871397148223731
1044797,171758,0.28655162010790636
1044797,1477286,0.28619732745837645
1044797,8318264,0.2853986874449662
1044797,7244334,0.28441963113954866
1044797,5171665,0.28363028726948597
1044797,285774,0.2830195772996191
1044797,3196897,0.28227096460274953
1044797,7984682,0.28219467753435873
1044797,1887770,0.28213367667312533
1044797,1965113,0.2818843343304552
1044797,835748,0.28175404965694806
1044797,1565723,0.2817503405203505
1044797,931500,0.28161929176737177
1044797,1234649,0.28141273583433485
1044797,7295787,0.28138672046671975
1044797,5754185,0.2812447823142618
1044797,5761888,0.2812052830549377
1044797,8679693,0.28048798175169426
1044797,7546366,0.2803819375198531
1044797,380427,0.2795610475712773
1044797,7018104,0.27946847292333654
1044797,4541284,0.27946847292333654
1044797,3037751,0.2792992944691539
1044797,6823859,0.27851019083898815
1044797,2059143,0.2779906221602613
1044797,1792675,0.2777407044818203
1044797,858284,0.2774647959419186
1044797,1737808,0.2774097260356801
1044797,1917516,0.2773096786553359
1044797,5535073,0.27678024297826964
1044797,1718777,0.276340532987767
1044797,5412821,0.2760975144089515
1044797,4330259,0.2753128349473303
1044797,3768555,0.27515013911918207
1044797,1506697,0.275138490035506
1124464,5157556,0.6438067204399482
1124464,4141773,0.5596790144886639
1124464,2637864,0.546049765282613
1124464,5093165,0.5097714534967154
1124464,5093156,0.49183005213133457
1124464,538633,0.4769165403923518
1124464,5093157,0.4746926973942822
1124464,5093158,0.4746926973942822
1124464,6442352,0.4666193286962159
1124464,308401,0.4469426842905885
1124464,1619783,0.42152268735167153
1124464,1017070,0.40982666663406997
1124464,4297871,0.40775772506253666
1124464,5213992,0.4059592120601325
1124464,6442358,0.39981889006506943
1124464,8024104,0.39620330795790737
1124464,8024101,0.3960790181932192
1124464,5093162,0.3936318696824634
1124464,8220319,0.3914203249593794
1124464,1439490,0.3903991847097697
1124464,5093164,0.3902205220715637
1124464,3503125,0.3900086400944238
1124464,1553683,0.3899265841812972
1124464,550947,0.3897752884919704
1124464,7084158,0.38713414976501187
1124464,5157558,0.3833083997529857
1124464,7699123,0.3801040420226223
1124464,3595377,0.3790406441299888
1124464,8095094,0.37660250721343197
1124464,4907723,0.37439768404754364
1124464,8093837,0.3717621133204911
1124464,8024110,0.36896736816410264
1124464,7084162,0.3657991830738367
1124464,538639,0.3655516359327193
1124464,5128378,0.36439143024027926
1124464,4135217,0.35813377540589175
1124464,5029634,0.3574285384247551
1124464,2047914,0.3560648805615422
1124464,4907721,0.3552178738315753
1124464,7253292,0.354246268962859
1124464,3034202,0.35328896936268156
1124464,7496226,0.3519235133144324
1124464,1623004,0.3503173355286845
1124464,6842570,0.3500267957049546
1124464,7253290,0.3497127293919899
1124464,647251,0.34903198612775843
1124464,1456372,0.3485849742638921
1124464,5796192,0.34772336146759814
1124464,8609666,0.34533714403760607
1124464,51497,0.34426969902652005
1124464,5936315,0.34408547101646486
1124464,3595378,0.34390219642461706
1124464,4096734,0.34345710402566154
1124464,4629616,0.3422369782152723
1124464,7253287,0.34111514723816216
1124464,5029633,0.34037647100128715
1124464,4907725,0.33857143568434256
1124464,6762324,0.33669991698993523
1124464,8024106,0.33324158743997884
1124464,7781340,0.33313728739333553
1124464,3166715,0.33207962598837704
1124464,3636562,0.33116814645999365
1124464,1593566,0.33097200388442805
1124464,3985772,0.3308244649597951
1124464,6442355,0.3307123296458471
1124464,5178268,0.3305692572233952
1124464,727515,0.3301151220058398
1124464,8024103,0.3297709527441422
1124464,8528838,0.3278590883260091
1124464,1091681,0.3272665223280518
1124464,6583298,0.3267023804151899
1124464,7781337,0.32482941626112866
1124464,3595381,0.3233133366868588
1124464,3034204,0.3233133366868588
1124464,8231987,0.32280126410984994
1124464,7084164,0.3220692124758034
1124464,4297876,0.3218000388330485
1124464,1949052,0.32171417237532013
1124464,3595376,0.3213519826086882
1124464,5093163,0.3204890187041177
1124464,3796061,0.31823393904787217
1124464,6967610,0.31795576955894256
1124464,6967614,0.3178251048558898
1124464,4060954,0.31761598305005684
1124464,918912,0.3172442703113205
1124464,5178272,0.3158149790144567
1124464,550949,0.3156845229903547
1124464,3796062,0.31552552153012475
1124464,3245331,0.3148075356174606
1124464,855587,0.3115376941617961
1124464,4331463,0.31148058921947985
1124464,4297874,0.3109362413212047
1124464,441959,0.3101151147984076
1124464,1512959,0.30987673614139927
1124464,7152312,0.3096252049178943
1124464,906090,0.30936365377740965
1124464,7728688,0.30543964629390796
1124464,1091687,0.30479058924882274
1124464,1623450,0.3013485293693487
1124464,5035142,0.301094535042778
1107988,986930,0.5385135700725956
1107988,986927,0.3632338825055872
1107988,6498091,0.3147039479511495
1107988,5805017,0.30691211443320204
1107988,1694164,0.2783060389307005
1107988,5805019,0.26867017293589696
1107988,3413508,0.2660517199965656
1107988,6883482,0.26351432918579976
1107988,352069,0.2514870609078252
1107988,3985203,0.25090856046516874
1107988,8181272,0.2474719480337022
1107988,7821729,0.24382859893618522
1107988,352071,0.2396121677170993
1107988,6414850,0.23920646694444425
1107988,6727974,0.23782931428260518
1107988,5734202,0.23668742564103226
1107988,5734196,0.23389180291624342
1107988,1241580,0.2292787867246841
1107988,5734199,0.22905575840446282
1107988,7131249,0.228984030017463
1107988,352068,0.22859896222861828
1107988,7131248,0.2274938242093589
1107988,1018881,0.22286726914883973
1107988,596363,0.22224616947948
1107988,3875608,0.2216137778084836
1107988,480838,0.22084372995050708
1107988,462170,0.21945804822832696
1107988,8181274,0.21881271346937264
1107988,8795289,0.2181666073317278
1107988,5546363,0.21603263001734996
1107988,1018878,0.2141617406431069
1107988,818642,0.2134766702034428
1107988,398509,0.21257516515515681
1107988,986928,0.2121159423290674
1107988,3969000,0.21045069734082583
1107988,362037,0.20903868082302438
1107988,352064,0.20306264288716355
1107988,3817726,0.20199265252143758
1107988,6394605,0.20160413767379118
1107988,6883480,0.20111717565094658
1107988,431931,0.20107392295062093
1107988,7131251,0.20107392295062093
1107988,1594479,0.20029999511405727
1107988,1964655,0.20021534288503592
1107988,5948256,0.20019691511621035
1107988,3411180,0.19948811285424048
1107988,685993,0.19866838063141798
1107988,5898742,0.19812012433770332
1107988,2955268,0.19748595322378568
1107988,3358195,0.1949584396477852
1107988,3358201,0.1949584396477852
1107988,1754231,0.19343841453377486
1107988,2599242,0.19293814916560656
1107988,3026278,0.19220881658985092
1107988,2216560,0.1916164845761436
1107988,5734198,0.19144342632430572
1107988,1018879,0.19136269064817774
1107988,3594323,0.19094091877580327
1107988,8231803,0.19089855165655756
1107988,2580670,0.1899978797613702
1107988,7223484,0.18973397408692969
1107988,8387567,0.189362335777926
1107988,5278326,0.18798339667583264
1107988,261105,0.18795995657099504
1107988,3087184,0.18790366188355218
1107988,462166,0.18747913702823074
1107988,5738241,0.1857265822188592
1107988,2681117,0.18556920702425037
1107988,606329,0.18536948567443848
1107988,5805023,0.18381145504787497
1107988,2612932,0.18344077017545804
1107988,2819051,0.1830624301318922
1107988,3284030,0.1830265733016105
1107988,6058703,0.18204415660253898
1107988,8313078,0.1819089806958368
1107988,6978226,0.18023879091511566
1107988,462172,0.17956163336102476
1107988,3818456,0.17951741467119067
1107988,6493919,0.17947760534690377
1107988,2966572,0.1785438478302587
1107988,1963595,0.177950414482154
1107988,827237,0.17753589696855554
1107988,6978231,0.17699743801920556
1107988,5805290,0.17682817971936549
1107988,5644203,0.1768193493747257
1107988,1018885,0.1766928136983786
1107988,352070,0.17666063682360458
1107988,6395073,0.17579123061353683
1107988,7659117,0.17576129116469597
1107988,3382882,0.17544127738742182
1107988,8734686,0.17543386269679537
1107988,3417694,0.17520885353847174
1107988,1649894,0.17487762312689398
1107988,4368420,0.17486807945577418
1107988,5803858,0.17450912135917712
1107988,1068976,0.1741850897860898
1107988,1967525,0.1741381461110379
1107988,1695459,0.17329349022051893
1107988,4394241,0.1727384153847443
1107988,309941,0.17272342645613348
130510,7125239,0.6309542140363977
130510,1494936,0.6192041985166182
130510,7501563,0.5740695078554487
130510,8612906,0.5371332080528204
130510,1494935,0.5319786852566767
130510,996732,0.5203163045637624
130510,996740,0.4980455872659426
130510,799647,0.49130380627925
130510,2282531,0.4343815586986781
130510,1494930,0.42766465642836415
130510,7708723,0.4263236451116131
130510,1114289,0.41987958684234733
130510,1494938,0.4161673969521984
130510,1445210,0.41465171055144623
130510,5981951,0.41348866921563066
130510,1114280,0.4126091322963824
130510,2407063,0.4120619357756764
130510,4329884,0.4119814140360109
130510,7717234,0.4100248761972826
130510,8650779,0.4080853233198772
130510,1049779,0.4060930549023667
130510,1049781,0.4042865738803709
130510,1221427,0.40345055857148626
130510,6623073,0.40148526632446335
130510,5741269,0.39970043103257685
130510,7445095,0.39416789195870267
130510,7001681,0.3924774438536188
130510,6311867,0.38939296112567323
130510,993112,0.3885929071127493
130510,6832807,0.3867737714317388
130510,1848366,0.3854181074242495
130510,203721,0.38436775930063605
130510,5981953,0.37965226569897353
130510,1049782,0.37874245827433856
130510,6881820,0.37806159873479256
130510,6881818,0.37662075763799663
130510,580205,0.37638166408531687
130510,8436671,0.37479868936363714
130510,2825109,0.37443098271452274
130510,8436670,0.37287485414525173
130510,7476127,0.3727680087696361
130510,6412172,0.37090911582265834
130510,1047773,0.3708517930185897
130510,319552,0.3701446152197055
130510,3913778,0.36848913390431143
130510,8095866,0.36498610211380667
130510,471937,0.3640812857444692
130510,6162832,0.36356900569443806
130510,4653478,0.36306841205232904
130510,2825114,0.36081141641105857
130510,1139027,0.36048850576293967
130510,859662,0.3595377085725684
130510,7356623,0.35898548944735054
130510,7717228,0.3572568527276168
130510,5870861,0.357162529040041
130510,799005,0.3569381349008242
130510,2236891,0.3566710001579864
130510,5508459,0.35609448219649775
130510,1523994,0.35588512779073367
130510,7615630,0.35567451071650485
130510,3663457,0.35566706107622137
130510,3748241,0.35559083105990025
130510,4384078,0.3548388625579724
130510,1327722,0.35302580175618586
130510,1316418,0.35177493886887384
130510,6253500,0.3517056855759805
130510,1047769,0.35094148481187337
130510,8578517,0.34926648744148
130510,5685710,0.3491453881990894
130510,8614562,0.34875994379972636
130510,3862547,0.34845646192055046
130510,1110766,0.34765414815346896
130510,617859,0.3464114130305635
130510,4089773,0.34569301182893264
130510,6832799,0.3455467540060609
130510,8464352,0.3439138044958763
130510,2191826,0.3435993902384792
130510,687886,0.3435482743599272
130510,2191828,0.34336547287707697
130510,7001682,0.3428645402600766
130510,8650780,0.34254249890687244
130510,7777480,0.34188587262775566
130510,7777478,0.34188587262775566
130510,1494932,0.34170661120530504
130510,8612909,0.34114176193323537
130510,364955,0.3375536267451962
130510,1316421,0.3372322279122678
130510,8315833,0.33534669172515286
130510,1047775,0.33529583187823164
130510,6601237,0.33494213695288505
130510,4979635,0.33451359598810043
130510,3582790,0.33447087724544927
130510,4329889,0.3344480177052393
130510,3663460,0.3327605683402822
130510,5685708,0.33193326991622996
130510,6162830,0.3317233633052649
130510,8578518,0.330984745311082
130510,5668908,0.3307759814100171
130510,6471662,0.33041715652705833
130510,2959128,0.33040491502984937
1127893,8698945,0.7896497364874957
1127893,8698940,0.7756507333922467
1127893,8698938,0.6707702967713449
1127893,8698941,0.663751221886784
1127893,6497777,0.6310383931372309
1127893,8698943,0.5823416559389382
1127893,8698946,0.5818110824115679
1127893,6497780,0.5316067475730318
1127893,3711749,0.48533206800107775
1127893,787350,0.4573895423078286
1127893,6497775,0.45265366242817956
1127893,1073903,0.44718240358696465
1127893,2773885,0.44290451577405904
1127893,8698939,0.43456159606370615
1127893,8698942,0.4291375847368847
1127893,5244189,0.42891921341869005
1127893,6497774,0.42287767453808706
1127893,76632,0.42222079243465666
1127893,1816373,0.42157247642914547
1127893,3003195,0.41682251069336657
1127893,8518448,0.41444500745886664
1127893,5357945,0.4141226497560459
1127893,8148845,0.3944687597766598
1127893,2152960,0.39286437612203784
1127893,809382,0.3925412924591637
1127893,363565,0.39066448237499773
1127893,8120218,0.389915277443068
1127893,6545202,0.3897898558661487
1127893,8040366,0.3895151587894082
1127893,849179,0.38925444193841097
1127893,1487479,0.3889447873571328
1127893,1783665,0.3888782454695329
1127893,8037444,0.3883617636720917
1127893,7679170,0.3871747629389034
1127893,8020360,0.3871061866387825
1127893,5244192,0.3870694751680287
1127893,6788279,0.3865116481232549
1127893,8067186,0.38596878831779685
1127893,2152966,0.3854531810819546
1127893,8025175,0.3845573596571244
1127893,8446815,0.3843337266302262
1127893,7642723,0.38385166004121446
1127893,5700797,0.38354694587599747
1127893,1064932,0.3824842212635214
1127893,1064928,0.3822897824589256
1127893,7171278,0.3815139119792215
1127893,8602161,0.38122008884931596
1127893,6350830,0.38074500447400395
1127893,7464022,0.3807260908671741
1127893,7184814,0.38037971128905074
1127893,1232072,0.37967294947799163
1127893,931823,0.37915949329995285
1127893,3355517,0.3789339539181957
1127893,833602,0.37891758995179775
1127893,8104039,0.3783097943445304
1127893,1572680,0.3779000765498716
1127893,7373720,0.37767057202072957
1127893,6350834,0.3776700097820282
1127893,844366,0.3769867550850897
1127893,7187154,0.375569386753787
1127893,8446820,0.3753202413842429
1127893,7090495,0.37504252356506057
1127893,7679165,0.3749009978875965
1127893,3952975,0.3747896075865445
1127893,663236,0.3747680944957844
1127893,8147130,0.3745526100059693
1127893,6167825,0.37439082679825053
1127893,7414916,0.37357522445544794
1127893,6704790,0.3731141308742405
1127893,500938,0.3730520002026633
1127893,8719451,0.3727718317637951
1127893,2123092,0.37248485572535966
1127893,8025178,0.37248437372069554
1127893,7955999,0.37248164172189424
1127893,5710637,0.3723674037941315
1127893,3256098,0.37225636855156147
1127893,4128267,0.3720466632142744
1127893,731671,0.37125603354128384
1127893,511824,0.37086496396731233
1127893,5741931,0.36929973676222333
1127893,8222137,0.36856925487855924
1127893,1237792,0.3684735097274244
1127893,3215929,0.36763646385864196
1127893,2152961,0.36763162677153266
1127893,1781651,0.3671226441549188
1127893,6763811,0.36711304109153636
1127893,833605,0.3660357163242801
1127893,3684853,0.3654889784640161
1127893,783365,0.36486133584254404
1127893,1374231,0.36442465882102426
1127893,7089515,0.3606470901858378
1127893,7770340,0.3605329078060991
1127893,2099394,0.35896431302717874
1127893,7691064,0.35751428761372245
1127893,7691065,0.3555868760594077
1127893,1649981,0.35474340701909707
1127893,6782248,0.3520704792574063
1127893,2099395,0.3518644101635922
1127893,8681189,0.34819866294667867
1127893,6788282,0.3476591713467905
1135377,8053974,0.8454749488892409
1135377,8053973,0.8425958512595626
1135377,24581,0.7283400907531118
1135377,7267011,0.6496081950386268
1135377,7445171,0.6400768411924526
1135377,5674594,0.6382325298904247
1135377,6888417,0.6125611469625286
1135377,762503,0.6047459027504263
1135377,5674600,0.5732965381570244
1135377,5674601,0.5626766429500625
1135377,5674598,0.5230428085299959
1135377,5674597,0.48156954557746184
1135377,24584,0.4704298236171682
1135377,296056,0.4577296128762337
1135377,6740607,0.4428605918386073
1135377,1831787,0.4427023206052793
1135377,6740604,0.44089584129752185
1135377,5674603,0.4400663426939809
1135377,6888421,0.43444195871287433
1135377,6864973,0.4337786991975073
1135377,8053970,0.43235168107797894
1135377,5395223,0.43127783865595837
1135377,7806932,0.4301566092321729
1135377,6081149,0.4280741068946189
1135377,6081151,0.4219182611988307
1135377,8599511,0.42158009159264226
1135377,8599509,0.4155258309346977
1135377,800486,0.40772243417959875
1135377,4603346,0.40618700105232636
1135377,254353,0.4028924421047825
1135377,8599508,0.4020683673372102
1135377,296055,0.39552240565038094
1135377,8053975,0.395406709007839
1135377,24583,0.39390873349440336
1135377,5983334,0.39314217644707716
1135377,8053978,0.38689168188128165
1135377,6740605,0.38654278297971606
1135377,480484,0.38411634766521213
1135377,8599512,0.3804075288147434
1135377,4311894,0.3769883597226645
1135377,4451167,0.37486590634161276
1135377,6177653,0.3726568478242799
1135377,3020618,0.3715875245521781
1135377,3776299,0.3668909312556988
1135377,8427967,0.36426245144206487
1135377,545635,0.3627450059050566
1135377,832417,0.36137445655157246
1135377,3051965,0.35931509771640174
1135377,8599513,0.35850448895845666
1135377,6177649,0.3583180006557201
1135377,2852804,0.3567618172689944
1135377,4453033,0.3555217647449622
1135377,8314064,0.352597522144925
1135377,2793800,0.350859438782614
1135377,8053977,0.3505859904556774
1135377,6177652,0.3489567507416317
1135377,5708371,0.34844014089865344
1135377,1389973,0.34742932567697893
1135377,5457151,0.34607181631763734
1135377,6613771,0.34567530779919253
1135377,6302867,0.34321287294591346
1135377,6864974,0.3426089538861019
1135377,6948042,0.3414126147097661
1135377,8243094,0.3412913722215223
1135377,3567691,0.34111779356963323
1135377,5674595,0.34043272901717964
1135377,6888420,0.33877492087261124
1135377,5457150,0.33601797363942887
1135377,6993085,0.3349915860721477
1135377,6313945,0.3321683256445574
1135377,3202806,0.3321683256445574
1135377,8388483,0.3321683256445574
1135377,296060,0.3321062190458494
1135377,6613773,0.33160709024890156
1135377,5787754,0.33141816291392584
1135377,2085364,0.3290262046443738
1135377,5578360,0.3287229352732419
1135377,2376530,0.3287071779734485
1135377,1033996,0.3282830874189211
1135377,2772843,0.3278289189487142
1135377,583399,0.3270932300151247
1135377,2505021,0.32675560207040066
1135377,7601002,0.32617427515515757
1135377,3468489,0.32576053162705937
1135377,6962942,0.3254893275899585
1135377,2861006,0.3242630011197435
1135377,5215556,0.32353110624566295
1135377,357620,0.32353110624566295
1135377,5703756,0.32353110624566295
1135377,8786679,0.32352997271987066
1135377,8310513,0.32352997271987066
1135377,6864977,0.32151591678822716
1135377,5728207,0.3202562787661748
1135377,6062983,0.32015430195052696
1135377,2220607,0.3200207256107626
1135377,2425683,0.3198026144236151
1135377,4728617,0.3195074151161373
1135377,7267017,0.31872516344977825
1135377,2878463,0.3174832028913579
1135377,8820732,0.3168835948223357
1126206,8143158,0.6448236363552681
1126206,2538121,0.6080017816987924
1126206,1242141,0.5760855510623943
1126206,2382881,0.5513098563490855
1126206,2100767,0.541453148892552
1126206,4040784,0.540644353533992
1126206,2263547,0.5389897657480335
1126206,2263540,0.5386523503856508
1126206,1242146,0.5281901363867444
1126206,6265029,0.5249370639973232
1126206,1242148,0.5246526626172658
1126206,7617219,0.517499731210826
1126206,8049273,0.5173361754971525
1126206,8835213,0.5133959949147403
1126206,3543549,0.5102275515603999
1126206,369962,0.5089755607277987
1126206,1200863,0.5089755607277987
1126206,369963,0.5089755607277987
1126206,1242144,0.5078673596288719
1126206,2382882,0.5060087437752108
1126206,5678210,0.5058923131562149
1126206,2538123,0.5053422183204073
1126206,2100770,0.5032257643566248
1126206,4040783,0.49868802045708055
1126206,3825044,0.4964364356898563
1126206,1242147,0.49492061753790584
1126206,8143166,0.49429374670644494
1126206,5678204,0.49295528652126036
1126206,4934505,0.4890247316754642
1126206,4040779,0.4849577845094028
1126206,8131522,0.4843520094251295
1126206,8131525,0.4843520094251295
1126206,7979003,0.4826738960499185
1126206,7644241,0.4811987246396119
1126206,3084653,0.47985665170470454
1126206,7905969,0.47967953281265774
1126206,8131521,0.4795001678767202
1126206,8701016,0.4777429413814022
1126206,5747927,0.4751027045363054
1126206,8131527,0.4738865013410413
1126206,5984494,0.47002459529228235
1126206,4040782,0.4668021526708956
1126206,96677,0.4665139026672043
1126206,8131524,0.4661221606836576
1126206,7467497,0.46572929574134253
1126206,7105401,0.4654657450598751
1126206,7617222,0.46503990231715703
1126206,6030934,0.46230273171545694
1126206,5939653,0.4610983740089881
1126206,1242140,0.46068156010083033
1126206,2884331,0.4600536580282116
1126206,2382884,0.4592808672570758
1126206,4591259,0.4592808672570758
1126206,4050787,0.45762809631603973
1126206,8129122,0.4571057577565846
1126206,4290828,0.45664155871677947
1126206,6889618,0.4561691512695971
1126206,5948394,0.4500535064450393
1126206,6188821,0.44990498469556134
1126206,1161970,0.4491974575219426
1126206,4813078,0.44881805392756297
1126206,1161969,0.4481017528131662
1126206,5241729,0.444488181139016
1126206,4875806,0.44309839863424366
1126206,2795763,0.4408052563617911
1126206,2547468,0.4395890483261717
1126206,5948392,0.4395890483261717
1126206,6278529,0.43828544940303954
1126206,8163136,0.4376304154695407
1126206,2538127,0.4372690990347708
1126206,8395600,0.4370986881525539
1126206,3811273,0.4358234369458347
1126206,5322075,0.4354075585445017
1126206,3902729,0.4339586259119539
1126206,1568858,0.4338298764642081
1126206,7657597,0.4328965627247151
1126206,2272981,0.4316650137120108
1126206,3825039,0.43148206461833305
1126206,7270708,0.42971773510308797
1126206,2694102,0.42823113853399525
1126206,148449,0.4273028979806124
1126206,52177,0.42639707658241144
1126206,2884322,0.4263494434334864
1126206,1200864,0.4259121112045342
1126206,8223728,0.4257675234882897
1126206,4934502,0.42412272567359877
1126206,2884325,0.4237903138701464
1126206,7657598,0.4235272158191556
1126206,5564254,0.4223660982933268
1126206,7214854,0.42003487612314666
1126206,8223727,0.4198187029764713
1126206,4835940,0.4195851352555675
1126206,5448438,0.41845379404978283
1126206,148450,0.41754881167762786
1126206,4118979,0.41752140264124277
1126206,4764935,0.41460286596282886
1126206,1479193,0.4141709130543732
1126206,3641428,0.4139114269226776
1126206,1242142,0.4123518654842783
1126206,4875805,0.4118014198063039
645693,8078496,0.5542058995359931
645693,8516620,0.5010083895870063
645693,8516621,0.5010083895870063
645693,7023523,0.4281616908117752
645693,2474132,0.4172255847783569
645693,4923901,0.4086004686358031
645693,3112254,0.38874880805308765
645693,2474129,0.38206844816079605
645693,7902799,0.378247174851091
645693,8014708,0.3604790190366244
645693,529206,0.3578469920349843
645693,8642816,0.35316702918362747
645693,8516618,0.3496890573807916
645693,2123516,0.3458939714746551
645693,6671903,0.340174056796411
645693,2992339,0.3395127831506459
645693,7842588,0.338801361308633
645693,6038603,0.338663737352127
645693,2614213,0.3374065173362908
645693,3802226,0.3374065173362908
645693,8238975,0.3372836685052989
645693,2474130,0.33653914599539425
645693,6984495,0.33621549642959797
645693,526789,0.3351464303573681
645693,357733,0.3334495213616121
645693,5926613,0.3299556310805914
645693,109590,0.329930495985411
645693,7457395,0.3287557892592049
645693,6780528,0.3271571363558226
645693,2289939,0.3264661099578963
645693,2924050,0.3264661099578963
645693,1953993,0.3262496555893356
645693,7172725,0.32503814806778003
645693,5929214,0.3230531061232664
645693,8807964,0.32301676532293644
645693,411498,0.32160843179083504
645693,4951265,0.32122481984074047
645693,3788039,0.3191848659264254
645693,8568488,0.3191499273028004
645693,5236445,0.31906354761563976
645693,7107634,0.3186684649395199
645693,601162,0.31855394273081483
645693,5926608,0.3184741971676203
645693,372026,0.31816169593835303
645693,5007041,0.317690868356463
645693,340443,0.31692905074049893
645693,529204,0.3164134718236196
645693,529203,0.31581631905870167
645693,7039703,0.31484079180503993
645693,2947872,0.3135764465083015
645693,2200171,0.3134114036357681
645693,4318222,0.3126434767667787
645693,8207115,0.31225405859941174
645693,2234609,0.31176298480164194
645693,4475831,0.31147976552375206
645693,4318218,0.3114720529404887
645693,4146339,0.31140207138034925
645693,8126187,0.3113810856946897
645693,3919221,0.31092981685220106
645693,1364149,0.3102994518492703
645693,5650918,0.31008729174185606
645693,596563,0.3092907466255075
645693,7107633,0.3086804201155473
645693,7413394,0.3082959207708996
645693,8840701,0.3072967880178789
645693,2935493,0.30687743345755236
645693,2234604,0.3061562484826069
645693,6205347,0.3061202049024166
645693,6038605,0.3054563080949187
645693,2614221,0.3053195684728165
645693,1049608,0.30447783266319334
645693,3802222,0.3036635544898436
645693,2614214,0.3036635544898436
645693,2200175,0.30332832716191105
645693,8807960,0.30234829517977857
645693,6998905,0.30164654877364266
645693,7894147,0.30114973753383606
645693,4938577,0.30074859488398736
645693,190103,0.30061033116049757
645693,4475830,0.30027108189118135
645693,8840696,0.30011377888772006
645693,8582362,0.3000542608277901
645693,4190416,0.2995845189374258
645693,8414264,0.2988053281960085
645693,11778,0.2985938278501695
645693,2614219,0.298299849920103
645693,4249768,0.2982083553207509
645693,5236447,0.2980733260301467
645693,1911043,0.2973940976247682
645693,2614212,0.2971186933140233
645693,4318221,0.296467856918916
645693,6725581,0.2964431119992882
645693,2200176,0.29589342018475323
645693,2935495,0.295337337357138
645693,4051837,0.29515459450530257
645693,3270523,0.2944087946820743
645693,975188,0.29254241014917676
645693,5007040,0.292445577652718
645693,5236444,0.2922214971603982
645693,157751,0.2921932340150703
1133328,8825526,0.5722421176571635
1133328,2680672,0.5694750564991771
1133328,6395115,0.5433763672401719
1133328,4223449,0.5430810574967825
1133328,4366726,0.5163978498997348
1133328,5393194,0.5064934288016253
1133328,7906344,0.5002127231125365
1133328,6548352,0.49168220100697263
1133328,1925200,0.49136087520835836
1133328,7066225,0.48342881973730323
1133328,2680673,0.47623377577234877
1133328,8241735,0.4761932490065624
1133328,2680668,0.4761932490065624
1133328,3717260,0.47595373470500413
1133328,7552619,0.4738507533105706
1133328,2680670,0.46472823717738565
1133328,2268101,0.46153875803933725
1133328,933779,0.45601387916079716
1133328,7944635,0.45338379715963995
1133328,7793495,0.44408507020272
1133328,1478998,0.4418449296872019
1133328,47178,0.4405750395489298
1133328,5127954,0.4373220611983695
1133328,2276562,0.4352554484174684
1133328,7793498,0.4350486124246525
1133328,5135639,0.43500179191072574
1133328,3717259,0.4189233672186641
1133328,5619691,0.41630956091077104
1133328,5515093,0.4072785087025618
1133328,6004627,0.4067351898272546
1133328,6395112,0.40531197429112137
1133328,2502965,0.4004547109402309
1133328,5607245,0.39912304814184935
1133328,5515094,0.3973352459730768
1133328,4366729,0.39277349080952945
1133328,3028406,0.391467495634387
1133328,1948304,0.38990405806719314
1133328,2693400,0.3891032763414031
1133328,1347796,0.3890545116295925
1133328,7509647,0.3876026877308811
1133328,2574751,0.38123973833469554
1133328,7099022,0.3800325173891432
1133328,5619692,0.3797410064303107
1133328,2744428,0.37871170506477414
1133328,8405728,0.37840474007734726
1133328,2468754,0.37523718943117085
1133328,6395113,0.37464928482228615
1133328,8267721,0.37418774082908407
1133328,74709,0.37222216863869345
1133328,2318026,0.37069929565654786
1133328,2276566,0.36753744898010254
1133328,997258,0.3672717922669152
1133328,997253,0.366571536828192
1133328,3664495,0.3665155764992292
1133328,1407791,0.3665155764992292
1133328,1141942,0.36255460309776644
1133328,3464418,0.36230703698065353
1133328,5498316,0.361362607505564
1133328,3283038,0.3606024043642073
1133328,2744427,0.3595427487594146
1133328,626519,0.3595399416987469
1133328,626518,0.3595399416987469
1133328,2372179,0.3589659240082953
1133328,2276560,0.3579304159946911
1133328,7906348,0.3576208097544513
1133328,2064654,0.35734680357239573
1133328,8665689,0.3542213766441988
1133328,5844208,0.3542135878764574
1133328,5607247,0.35399285754173593
1133328,74706,0.35384743549671777
1133328,2064655,0.35315876259657003
1133328,1817976,0.35242867456699506
1133328,5213266,0.35228832142088656
1133328,2372176,0.3519652329956423
1133328,3088000,0.3507088454485667
1133328,4342531,0.35068774077289844
1133328,7686684,0.35033263026154815
1133328,8053354,0.34963084591426147
1133328,7773043,0.34733182283485214
1133328,5127953,0.34681956168574785
1133328,8405722,0.3458647955713991
1133328,5654659,0.3457435679988845
1133328,4741212,0.3456529727978566
1133328,7686682,0.3455549712462196
1133328,5656354,0.34332236586641557
1133328,47173,0.3423747408481488
1133328,2372180,0.34186157574918413
1133328,1407789,0.34146344494470066
1133328,3431451,0.3413272416508996
1133328,2680674,0.3400331888358784
1133328,1479000,0.3397202779657488
1133328,3587984,0.3384915986398584
1133328,2276565,0.336874891741711
1133328,8825525,0.33610432467730295
1133328,2064651,0.3359350413420245
1133328,2468756,0.33550992566044413
1133328,2468752,0.33541739743114507
1133328,3822548,0.3352001023575328
1133328,1817973,0.3351732020332919
1133328,2699046,0.3349036088718531
646207,4643638,0.4192158938502104
646207,1471831,0.4100629781361377
646207,394743,0.39680477141223613
646207,2302746,0.39671589066371304
646207,3860622,0.3930297911111717
646207,7711735,0.3849284194858501
646207,7811971,0.370693064205497
646207,7200032,0.3533820588500771
646207,7200030,0.3517910589350382
646207,827724,0.342459210165019
646207,4327590,0.340964524711695
646207,4231940,0.328135845888091
646207,1254905,0.32396402976755345
646207,1787422,0.3151245944207635
646207,7279088,0.30568417480383453
646207,2749862,0.30230865604997736
646207,4231941,0.30000372141876785
646207,7278422,0.2970118389878097
646207,1981883,0.2951458147949285
646207,7636630,0.2940202591043773
646207,5404000,0.2900995770897012
646207,7761583,0.29001314157719504
646207,2777201,0.28779449574231364
646207,7555134,0.28667808765177283
646207,7188762,0.2835150601873771
646207,886145,0.2824617412870902
646207,7671056,0.28107446973351724
646207,1787420,0.27899535281914245
646207,6610612,0.27242933781853773
646207,1716250,0.2724096116695262
646207,1716244,0.2677829709164533
646207,1558378,0.2613829365436951
646207,539933,0.2613041830197984
646207,1877973,0.2594470594923889
646207,1558375,0.2584965681134622
646207,3826381,0.25702809253214415
646207,7671049,0.2531397265159859
646207,4509523,0.2530986403515647
646207,7116322,0.25164034107947686
646207,7636635,0.2509558809847587
646207,969196,0.2505046608339013
646207,8680504,0.2503639789333415
646207,7451527,0.24990778292648114
646207,7041130,0.2489324454480461
646207,8617424,0.2488464652095595
646207,7043142,0.24827406241303163
646207,445484,0.24560033462668748
646207,6776445,0.24289611994891896
646207,3679034,0.2411217204400782
646207,1716247,0.24059266391583592
646207,2038927,0.2394470227433639
646207,3656580,0.2390273856058841
646207,5703484,0.2370090971995084
646207,5961574,0.23509790200595432
646207,3587767,0.230530399889917
646207,655423,0.23035700993759148
646207,3629317,0.22972846775453218
646207,1024457,0.22957475994765905
646207,93918,0.22895316028629434
646207,539931,0.22876748249547058
646207,8659336,0.22807247332259686
646207,762809,0.22731904336565953
646207,156020,0.22561192538318003
646207,5420892,0.22509799565333843
646207,7901719,0.22465402863740444
646207,2699415,0.22325911835147075
646207,4509520,0.2228273644571431
646207,3052604,0.22278540492816065
646207,6343349,0.22230394874085357
646207,7244613,0.22151731571423755
646207,1677244,0.219701933164494
646207,7811848,0.21962812386485686
646207,5605066,0.21885054989665445
646207,3587764,0.21812455040845874
646207,7131872,0.21809995336547452
646207,910569,0.2175395850746284
646207,288236,0.21709452030997103
646207,735641,0.2162305547498483
646207,7531905,0.21610457291901683
646207,4643637,0.21517010570927214
646207,2608968,0.214042603094742
646207,4986154,0.213753655928298
646207,3537818,0.21326391630192565
646207,8617422,0.2127829921287625
646207,6966345,0.21275508777925692
646207,918902,0.21258159028154675
646207,5505452,0.21223430620630718
646207,4676005,0.21222218201088183
646207,4576670,0.21188002265555303
646207,2424063,0.21152073496486712
646207,8297147,0.21130297475419677
646207,1219401,0.21093041799557133
646207,7610760,0.21082441049997824
646207,7811841,0.21004207540388042
646207,819621,0.20867866004265545
646207,5898808,0.2085722572871437
646207,4643633,0.20815546007641117
646207,6966351,0.207596813451319
646207,8116324,0.20743231618848576
646207,4121254,0.20651365929096369
1012021,8682468,0.6248130551568597
1012021,2670865,0.5369738662357768
1012021,865129,0.5186918836999234
1012021,7318516,0.4841564058368176
1012021,1696678,0.4755316566449215
1012021,8684563,0.45971448253574826
1012021,2670871,0.4404670478079959
1012021,584502,0.43676331487469866
1012021,514191,0.433182307777556
1012021,2605614,0.4256615783316046
1012021,6985010,0.424888178878046
1012021,8682471,0.42257675134387745
1012021,7551375,0.4159826500058158
1012021,514189,0.4159826500058158
1012021,2842368,0.41579490211384806
1012021,2434427,0.41551602253428876
1012021,473548,0.41013839193540186
1012021,5832451,0.40893558724368234
1012021,5987983,0.40648347433164733
1012021,7349470,0.4057249575941224
1012021,2434425,0.40560255144608265
1012021,8223542,0.40364040221018144
1012021,3735779,0.40094741673136197
1012021,6090596,0.39819595154004844
1012021,8570329,0.396546378433048
1012021,6090597,0.39445488198991996
1012021,1036356,0.39418946293976953
1012021,3885031,0.3939638402476153
1012021,7828644,0.3938758881486151
1012021,5407367,0.3888552052696212
1012021,5181315,0.3876640935262682
1012021,5561356,0.384648144562573
1012021,5379898,0.3842570156012035
1012021,5426762,0.3839098552861537
1012021,8165874,0.3838871745958321
1012021,543788,0.38303893773657266
1012021,1909785,0.38289870671028264
1012021,1036354,0.3825507501696421
1012021,337166,0.381740833947628
1012021,781175,0.38000156897223414
1012021,6022467,0.37971318999569614
1012021,1086679,0.3777991664446835
1012021,2415401,0.3761843813228564
1012021,1888720,0.3750214795157209
1012021,1436447,0.3750100385056226
1012021,3735776,0.3741173015840651
1012021,1568380,0.3733865741407785
1012021,1088713,0.37323390851907406
1012021,1088714,0.37323390851907406
1012021,5686362,0.37213816072572786
1012021,4391989,0.3718141136520766
1012021,1568381,0.3706128768135741
1012021,2940457,0.36818882548111787
1012021,1941270,0.3681483687589299
1012021,1941271,0.3681483687589299
1012021,8001292,0.36773084812624196
1012021,7016043,0.3673682027545847
1012021,8684566,0.366249350868
1012021,7182634,0.36624499704402
1012021,4604782,0.36612887147285406
1012021,2006019,0.3658813594606808
1012021,3370598,0.36544134498214376
1012021,7592036,0.3649469788265961
1012021,446833,0.3637091296995034
1012021,942684,0.36268936282957287
1012021,3559059,0.36091112345310006
1012021,5561361,0.36067582183524344
1012021,781168,0.3600052046842938
1012021,3735773,0.3578978531102195
1012021,1389224,0.3569023189157796
1012021,3030731,0.35663692235910777
1012021,8523160,0.35655492678819334
1012021,7249660,0.3548253111595427
1012021,1086685,0.354586239456651
1012021,5683179,0.35390339498980244
1012021,4604777,0.3531255042470368
1012021,835874,0.3529969848392477
1012021,2034204,0.352681007171096
1012021,1811946,0.351043126691551
1012021,5379899,0.3509874762363844
1012021,3609893,0.34980858878645293
1012021,4550557,0.3489197368875037
1012021,6197944,0.34849749802027064
1012021,1483421,0.34778972310081707
1012021,7018667,0.34736354802434893
1012021,8570328,0.3469465763644202
1012021,3885029,0.34615817089797163
1012021,4648945,0.34594306566446414
1012021,1394577,0.3456318511447317
1012021,3915440,0.3450216790718334
1012021,3704757,0.34455600568107786
1012021,475756,0.34413194091459653
1012021,1094735,0.3439762992725346
1012021,8216284,0.3439750727270704
1012021,2193174,0.34396907279536537
1012021,8324555,0.343169194730909
1012021,2434429,0.34260185007577487
1012021,1947718,0.3416857760754761
1012021,1941273,0.34144466046539623
1012021,5693975,0.34103169388712923
489204,1310106,0.6750987724993676
489204,7358643,0.6670117901061938
489204,1310107,0.6420498599953395
489204,1310108,0.6413415284770242
489204,973923,0.6341181687257542
489204,1418931,0.6270383429572718
489204,678245,0.6260131156003665
489204,1310101,0.6235852132071996
489204,855969,0.6146873137811141
489204,8737051,0.6021738614268436
489204,7113153,0.6008727420066897
489204,1310103,0.5946155569127443
489204,114148,0.5927825353870578
489204,216492,0.5884966195405106
489204,4387756,0.5841003068722996
489204,7734612,0.5660994859266105
489204,3728444,0.5628771097387072
489204,8360196,0.5593743941944741
489204,855967,0.5463416699476277
489204,8737053,0.5390756384024742
489204,4917998,0.5360848972810706
489204,3744940,0.536015179883216
489204,6087671,0.5352651630273444
489204,6661536,0.5245583903004407
489204,535375,0.5225776768763802
489204,753265,0.5225453815713789
489204,1759357,0.5220980250709384
489204,4918001,0.5194548346091202
489204,1950269,0.5186240357969386
489204,1950273,0.507021179771366
489204,4029846,0.5062775170607574
489204,5583224,0.5035553047798967
489204,6652053,0.5027599632948614
489204,376300,0.4975124985976001
489204,4279451,0.497065390839815
489204,1479542,0.4947222773644235
489204,6327176,0.4929105941755959
489204,1051498,0.4886850409008531
489204,1759354,0.480750872452046
489204,8594276,0.4782948555025285
489204,8360190,0.47357669799772756
489204,8238825,0.4702973188405292
489204,2268657,0.46577437449254416
489204,3980122,0.4641591537169653
489204,1726674,0.4632678731579653
489204,8376910,0.4623484745078493
489204,2016623,0.4622560993442627
489204,2525903,0.45752352567757815
489204,1778458,0.45056489549488893
489204,8594274,0.4489723484016816
489204,8376906,0.44846221579037676
489204,8360193,0.4463288570797438
489204,3665912,0.4450150694205856
489204,5815958,0.444608619699862
489204,3012141,0.44402053509053346
489204,6461840,0.44177872465505863
489204,6051215,0.43885631497853744
489204,3778489,0.4376604728252894
489204,6133100,0.4360490526909232
489204,518997,0.43532151740461805
489204,7764983,0.4340625451046428
489204,4929953,0.4322979295748203
489204,3728441,0.43154156277764166
489204,855966,0.43113282646909895
489204,2053095,0.43058780058532053
489204,109650,0.42924297297826797
489204,5454858,0.4291799752501213
489204,3697170,0.42837723979248726
489204,1903980,0.42837723979248726
489204,5519177,0.4281239016322755
489204,6345480,0.4278291014206206
489204,2530014,0.4276911098632681
489204,8737052,0.4275815823326371
489204,5842848,0.42686709787040944
489204,420290,0.4265956068007037
489204,109651,0.4265066092562072
489204,4929960,0.4260696341976412
489204,152951,0.4255622535720948
489204,3004667,0.42419115995196827
489204,8141089,0.42156541910631085
489204,1759360,0.4208944854938401
489204,7334734,0.41889700098061744
489204,66437,0.4184841297217951
489204,7564980,0.41778691713121646
489204,5155014,0.4163261751818596
489204,6029721,0.415625362461371
489204,420282,0.4138789442036093
489204,7564977,0.41317125291345763
489204,7523739,0.4117746059865585
489204,6045495,0.41109130180274783
489204,5261291,0.40964981890776725
489204,4525080,0.4082353566047887
489204,3654140,0.4055235203413452
489204,2192635,0.4052757714994517
489204,3981853,0.40516246467841566
489204,956885,0.4049739465461733
489204,1759358,0.39958382139168136
489204,8083618,0.399475889609586
489204,4029852,0.39768409364617746
489204,6282108,0.39449399419376585
1119075,7133141,0.771370574369128
1119075,7133137,0.7528145294110584
1119075,2067687,0.7195850886175882
1119075,7105865,0.6673968748836913
1119075,7134112,0.6668302000105834
1119075,8165856,0.648562513968573
1119075,8075059,0.6132797105737595
1119075,1379739,0.6090102469002828
1119075,8075063,0.5795961461859309
1119075,6670854,0.5655049020499533
1119075,653853,0.5577809546592569
1119075,653852,0.5493335514635218
1119075,8075061,0.5434729384774557
1119075,7133139,0.5340188227095173
1119075,2492801,0.5308960893932225
1119075,6196343,0.5268132765249355
1119075,8075058,0.5222711130592506
1119075,3346258,0.5200351292828486
1119075,653849,0.5172139102456748
1119075,6982584,0.5156061210623144
1119075,6196347,0.5152147509772373
1119075,5890177,0.5111487704829761
1119075,16173,0.5080371256583908
1119075,7215260,0.500416689039407
1119075,7133138,0.4990153845532929
1119075,7133143,0.4958797846482541
1119075,16175,0.49560671374871207
1119075,7133140,0.49557094571194515
1119075,5890183,0.4932180571057355
1119075,2067685,0.4927438800451826
1119075,6670853,0.48336238012953187
1119075,6670859,0.48134538035485286
1119075,6670858,0.4762428409724547
1119075,7133142,0.47449840931734494
1119075,1379744,0.473818684153502
1119075,7215257,0.4635538923901161
1119075,16178,0.4556518287142297
1119075,6982582,0.4492252793795805
1119075,1379740,0.4489147998023455
1119075,16176,0.4474944877160332
1119075,8165857,0.4454777332410311
1119075,6196341,0.43876842398589777
1119075,6982585,0.43699276878561694
1119075,7105868,0.4332164843499906
1119075,7133144,0.427243250929665
1119075,2564262,0.42526643071725223
1119075,7215261,0.42388737006767696
1119075,6196344,0.4235485260619201
1119075,1379738,0.42286981499354626
1119075,16174,0.4209982506848282
1119075,5890182,0.41735061633091464
1119075,7215259,0.41649676339207437
1119075,653845,0.4162889597397316
1119075,5890184,0.4046209758128075
1119075,6670851,0.3978878427023944
1119075,6670857,0.39729702297526887
1119075,5890185,0.39199334872928904
1119075,8165862,0.39199334872928904
1119075,6196345,0.37784350031725156
1119075,5890179,0.37723026068239707
1119075,1379742,0.37636661904912083
1119075,16177,0.36980626899465235
1119075,1379736,0.3664970508803959
1119075,6670855,0.3601493393938252
1119075,7215258,0.3600659931026411
1119075,1379745,0.3587299067874097
1119075,2067684,0.35828824493864725
1119075,5160139,0.3542383479443787
1119075,6670860,0.3539162596310685
1119075,16171,0.35180782653164594
1119075,8165861,0.34726170526932315
1119075,6196342,0.3442244185342783
1119075,1379741,0.3433657350173821
1119075,1516867,0.34241373185846097
1119075,2067690,0.34067064336681624
1119075,7105867,0.34067064336681624
1119075,7105866,0.34067064336681624
1119075,653844,0.3403590233410857
1119075,1955506,0.33476827054852704
1119075,5890180,0.33387064557145774
1119075,1760640,0.33278086374944027
1119075,1379737,0.3254606450291552
1119075,6670852,0.32514058845010635
1119075,7146549,0.3127139870404327
1119075,7105864,0.3076645522166182
1119075,1760645,0.30753860175627135
1119075,7215263,0.30695655843196185
1119075,7215262,0.3013715654396607
1119075,7742343,0.299854444899605
1119075,3987175,0.29737794949063323
1119075,8165859,0.2967920926036595
1119075,1760639,0.2958638125840782
1119075,922011,0.2957534863708355
1119075,5890178,0.29329047275862435
1119075,6670856,0.2909101142573424
1119075,8075062,0.28641047306825107
1119075,7215264,0.28400475571482536
1119075,5833085,0.28098051784028194
1119075,653848,0.2768653234696172
1119075,1349236,0.274627821317833
573724,2417985,0.7446455456508966
573724,394136,0.6706474014037143
573724,394139,0.6556878166061179
573724,3365638,0.6499985700694906
573724,3365633,0.6450849494737708
573724,7199672,0.6417108700394346
573724,7199669,0.6359765970877658
573724,7104826,0.6240373372047148
573724,3365631,0.621245469922407
573724,5310530,0.6187023115838146
573724,7199675,0.6166609534240796
573724,8441642,0.6145329147734134
573724,1165129,0.6081532999179811
573724,5047796,0.6061573480447942
573724,7384328,0.5986346235442368
573724,3146238,0.5938518745531246
573724,8833192,0.5906048091013275
573724,3365636,0.5863958326084729
573724,1509942,0.5848806029156876
573724,5339620,0.5703980586778279
573724,7674858,0.5608628567020504
573724,7609928,0.5528135795431073
573724,87409,0.533248776795961
573724,2002448,0.5277894968743535
573724,7609926,0.52566416303118
573724,7199667,0.5242684127289365
573724,7609930,0.5207436302478632
573724,8444730,0.5203691987919994
573724,7384332,0.5083931164361273
573724,41433,0.5060065818250042
573724,3617636,0.5046760262084647
573724,2228057,0.5020641194624152
573724,87405,0.49965008484016993
573724,1816038,0.49260246604502655
573724,3365639,0.49128376752885855
573724,3146236,0.4851801660151727
573724,5962423,0.4781717468748523
573724,7134411,0.4769900081278231
573724,5384308,0.4694334333043339
573724,394138,0.467747383586459
573724,4360246,0.4658640254125465
573724,7104825,0.4651944312421884
573724,7384325,0.45828563998425287
573724,394142,0.4491663469397475
573724,1293333,0.4482781093214189
573724,7199673,0.44784504390012736
573724,1509940,0.44380997718019466
573724,3365632,0.442458474307332
573724,2133806,0.437800109320046
573724,5306910,0.4359634935724611
573724,7964601,0.43334858502068185
573724,8833199,0.4274811150106042
573724,1165128,0.4238673428228073
573724,5962419,0.42232866297283606
573724,226245,0.4194701197675294
573724,87404,0.4126774703683569
573724,4017883,0.4091265204658008
573724,7104827,0.4065010024841759
573724,3365637,0.40643180275276386
573724,2195078,0.4063471072618132
573724,2002445,0.4035915092312181
573724,7384331,0.4020758017426741
573724,6496777,0.3980794234587491
573724,8047166,0.39639108111023846
573724,104856,0.39634540318405154
573724,394141,0.39554353446011536
573724,5962426,0.3910458130214722
573724,7674859,0.39073471685042527
573724,2186124,0.3906740662364593
573724,7199674,0.3905100621511747
573724,8444728,0.38941626627362225
573724,1509939,0.3887407383194852
573724,3546092,0.3877092802998423
573724,8626956,0.38387580408305005
573724,8833194,0.3808685205169148
573724,7609927,0.38065839653769373
573724,3595409,0.3792878411762561
573724,5962424,0.3786971694955864
573724,3180499,0.3760000830320209
573724,5721831,0.37330590663067176
573724,3180505,0.36996521514571384
573724,5264969,0.36900552506370865
573724,5264972,0.36900552506370865
573724,6121093,0.368026547704037
573724,8441636,0.36378003924780755
573724,3059593,0.36301060784069317
573724,3059590,0.36233418951962737
573724,7275118,0.3620394998695041
573724,8382948,0.3614575405391498
573724,227722,0.3605954070683571
573724,7609929,0.3562670861013302
573724,7774149,0.35566649849746007
573724,1998597,0.35458847652145437
573724,8488412,0.3540746863438821
573724,305009,0.35248532204171684
573724,2186125,0.3501881297049831
573724,6776717,0.3499398093233155
573724,8343966,0.3493057103200875
573724,1509944,0.3486071478157668
573724,1113579,0.3485232869859286
600573,3924768,0.40055525984897183
600573,5623755,0.37949856267974935
600573,1883936,0.3771464312158479
600573,3172848,0.3716284749377938
600573,1048866,0.343399951360219
600573,1043673,0.34265971679630786
600573,7800461,0.34112937366567003
600573,7016914,0.33881850919912204
600573,304953,0.33714967893608927
600573,2135258,0.3305198824754161
600573,4394909,0.3254925593859687
600573,6268922,0.3222620673534513
600573,7340547,0.32118917334343783
600573,3071857,0.3167172439006995
600573,569268,0.3148418659565302
600573,7584269,0.31089827751458377
600573,6197299,0.3088725167650867
600573,3924769,0.30171901489672165
600573,3513512,0.29539759124371406
600573,6199624,0.29258967910984895
600573,4825973,0.2881928784795709
600573,6199626,0.2875614902314624
600573,2196128,0.2851271699279985
600573,141993,0.2843922018819091
600573,4145551,0.2843356025502481
600573,1947753,0.28178657244600364
600573,171859,0.2777957854538538
600573,2135255,0.2763012603563536
600573,4394908,0.27626744764032457
600573,3071848,0.27581519070200833
600573,2065519,0.271402192604153
600573,2573979,0.26832106125232924
600573,8778026,0.26797962543816484
600573,7785913,0.26754598862996243
600573,3675785,0.2671108460108913
600573,1155664,0.26621779368216886
600573,2718565,0.26553701270123725
600573,6312429,0.2646850179572683
600573,5030225,0.2642906988164579
600573,153156,0.26362618993170706
600573,4117500,0.2634943774549225
600573,4100445,0.26028874932945717
600573,2081549,0.2602782285828482
600573,5245053,0.25980391632930083
600573,7863700,0.25958253994778885
600573,4015557,0.2591924534004185
600573,4032730,0.25854871826956627
600573,7890139,0.2581040571932232
600573,4379761,0.25770143291607445
600573,6589684,0.2571630680756033
600573,8548609,0.25601335556548915
600573,6416485,0.2555208456243665
600573,4140572,0.2547912479979969
600573,6455050,0.2546115261491026
600573,1632971,0.25189982253016985
600573,765731,0.251898966316249
600573,1374642,0.25188903624896436
600573,4862692,0.25151968126448204
600573,3419485,0.2509230464671039
600573,8516012,0.24994668253938138
600573,4311447,0.24991570429170779
600573,8635828,0.24834885944005897
600573,8635832,0.24834885944005897
600573,8130774,0.24791000444111222
600573,4455572,0.2477637846850571
600573,7487162,0.24722287434364817
600573,5317861,0.24692967548803565
600573,5239123,0.24670322804367134
600573,4032737,0.24594109357006994
600573,458186,0.24592457662534262
600573,614204,0.24541538039272395
600573,6913952,0.2443096679987464
600573,7452054,0.2439076491593466
600573,1028485,0.24265864086958444
600573,8336924,0.24217860454331588
600573,7421873,0.24137004521739913
600573,3833727,0.24118033233022618
600573,7659274,0.2408996892008155
600573,956656,0.24036024232972605
600573,6023561,0.23979205493345893
600573,7138428,0.2396775841180682
600573,1821059,0.2385318818577539
600573,4212653,0.237691410631618
600573,6937495,0.23563471566081176
600573,7589012,0.23557151692870806
600573,5707671,0.23554411641347325
600573,94324,0.23540286653015957
600573,1312376,0.2348681378740365
600573,8336931,0.2347358830493651
600573,5508942,0.23424090578435616
600573,7053094,0.23407323211195222
600573,3678243,0.23350815527095642
600573,530424,0.23329988020481168
600573,6455045,0.2317993038247841
600573,2404469,0.23039270089162897
600573,3978047,0.23016730064239124
600573,3675791,0.22999658154984032
600573,1790844,0.22978194485473288
600573,1756132,0.22953376940341771
600573,1219141,0.2284516172436853
1120447,5664639,0.6892976099017939
1120447,5664635,0.635357343610506
1120447,815123,0.5999415919845628
1120447,8062202,0.5999415919845628
1120447,3809508,0.5681628666745607
1120447,3885801,0.5138092172044858
1120447,3885799,0.5120561183010461
1120447,7148039,0.5086721598056975
1120447,6981002,0.5073047594437117
1120447,1670842,0.5049771552740844
1120447,3789145,0.5040460333850365
1120447,815126,0.48373839020355414
1120447,4072704,0.4830891247625683
1120447,8062204,0.4820127490495313
1120447,7148035,0.46940931768607036
1120447,815122,0.4642849696036641
1120447,3809506,0.4638969708670287
1120447,4233907,0.463376989863991
1120447,1759494,0.4618401546907488
1120447,4072702,0.46150952394859673
1120447,1596861,0.4601910748355991
1120447,7778438,0.45400467110605686
1120447,2459204,0.4537046402879557
1120447,815118,0.4513227253428267
1120447,3885798,0.44896442319253094
1120447,815119,0.4419008878784272
1120447,2458314,0.44109464151333133
1120447,767501,0.4384979190615321
1120447,2735241,0.4367309310871448
1120447,7148038,0.43561121914159034
1120447,649440,0.4286111313120512
1120447,416113,0.4268011640018461
1120447,4866353,0.425694759587266
1120447,5662956,0.42524245303513347
1120447,6138608,0.42493529622123805
1120447,5664637,0.417893629273424
1120447,4541949,0.4178677472283759
1120447,5664641,0.4174386875131189
1120447,3475847,0.41578739676034504
1120447,8006856,0.4157425904436236
1120447,1302208,0.4144116405102148
1120447,1670844,0.413314595609221
1120447,7036820,0.411950067530644
1120447,7778441,0.40979631424781965
1120447,8753503,0.40514664615233215
1120447,2793355,0.4018132947124093
1120447,5952658,0.4014384232504668
1120447,4416185,0.3999098713766127
1120447,3043524,0.3993571234740401
1120447,8647324,0.3981240868601916
1120447,8320715,0.39623094611434145
1120447,4537805,0.39532874321967876
1120447,5879329,0.39479035527347933
1120447,3885802,0.39418731077721475
1120447,808699,0.393625008364342
1120447,5236509,0.39289124712302453
1120447,416108,0.3926713165022422
1120447,4711434,0.39080886961278605
1120447,5167198,0.3899198982841342
1120447,7763556,0.3881609382003905
1120447,666381,0.3831369855651333
1120447,5409309,0.382103832310993
1120447,5150549,0.38178483772588767
1120447,6484794,0.3797450526019016
1120447,1670846,0.3788480060140251
1120447,826796,0.3788480060140251
1120447,6031974,0.37858329285717723
1120447,2707515,0.37751498525521704
1120447,5014446,0.37581000979016366
1120447,67840,0.373676081317912
1120447,4202140,0.3735972014653224
1120447,8419464,0.3733465565158073
1120447,2697614,0.3721876258936684
1120447,8089050,0.37144747570686526
1120447,3419072,0.37120141927520506
1120447,6092652,0.36981311624413776
1120447,7469408,0.3697777357936002
1120447,7260241,0.3695194423640789
1120447,3043527,0.369087080531427
1120447,3809511,0.368830812074641
1120447,6349548,0.36633509350914717
1120447,7634102,0.36626963643678834
1120447,1757973,0.36383055664125064
1120447,4036642,0.36277381503985895
1120447,8632385,0.35964148785059463
1120447,1629967,0.3594044611473973
1120447,5952659,0.3578005860873853
1120447,3043521,0.35776888373773824
1120447,7110359,0.35760080658830157
1120447,213427,0.35643344858472953
1120447,1108903,0.3562828179500562
1120447,1622935,0.35512787689883446
1120447,731295,0.3549243890924075
1120447,223002,0.3548721550828991
1120447,6383181,0.35455533390459903
1120447,3983078,0.35362738152793444
1120447,808695,0.353262988408263
1120447,3312121,0.35204288378079784
1120447,8062206,0.3519579658573997
1120447,6897857,0.3519454688509219
574575,16605,0.48753110981717546
574575,2317838,0.4795024342321278
574575,3964152,0.46533303693531824
574575,2571056,0.4627970965179594
574575,7105789,0.46000659301470875
574575,6827226,0.44679782360043946
574575,590546,0.43704205389334083
574575,5833476,0.43563858918275866
574575,4927764,0.4338096796237833
574575,1342105,0.4331586319162005
574575,2264492,0.42606833283302753
574575,4641572,0.42571648582802146
574575,1222556,0.4248836640346823
574575,5191271,0.42471358499955725
574575,1222557,0.42391842277238956
574575,1222551,0.42380386179244245
574575,5241409,0.4216391200783948
574575,7935743,0.4185349698443
574575,4808955,0.418217937885935
574575,1925805,0.4171021854334208
574575,5289625,0.41542737896919313
574575,3723087,0.4074339976602563
574575,2828791,0.4043451094250028
574575,1629302,0.4006287956399584
574575,6711504,0.3989686606634793
574575,2571059,0.396643744911276
574575,4639585,0.3935896323601345
574575,2264491,0.39201596254057075
574575,6100546,0.39158400850027786
574575,6183647,0.38765508944860494
574575,1615724,0.3867173094311628
574575,6883339,0.3861041608278622
574575,7266276,0.3859805789228096
574575,1924817,0.38422371470149863
574575,5115727,0.3829889990977803
574575,8713961,0.38249773728039094
574575,2555892,0.38235298198209194
574575,1222554,0.38215600960137536
574575,345097,0.3814457703379904
574575,5289620,0.38069700110620025
574575,3118411,0.37872995310630075
574575,4369620,0.37858692576830677
574575,2571061,0.37285870895734613
574575,4799585,0.3720438778029893
574575,8574206,0.36938941961042393
574575,5191265,0.3687275936769201
574575,1615722,0.3682549028014866
574575,6161786,0.3679453621493252
574575,7212303,0.3675316355094866
574575,2995291,0.36644269643604144
574575,7266282,0.36567382904549134
574575,4927765,0.3655488574087079
574575,2435991,0.36484008666445866
574575,1222553,0.3622571626514661
574575,2780376,0.3604713859956881
574575,3321363,0.3603317091303324
574575,4188039,0.359601823049975
574575,4639591,0.3595482242528576
574575,8585376,0.35898836015835983
574575,7275883,0.3578512840140036
574575,7418891,0.35693541483352403
574575,2960680,0.35581214781736603
574575,3839974,0.35348496495666343
574575,3643758,0.3518566678935786
574575,5289619,0.35126880390561693
574575,749672,0.3498079930870248
574575,6417490,0.3486937252986523
574575,5241407,0.3485757517833608
574575,1416540,0.34771975211227224
574575,4639586,0.3475031992123759
574575,4783971,0.34616810812317944
574575,3151733,0.3459884735707222
574575,7266280,0.3454081952855051
574575,1934986,0.34437429690163424
574575,4666352,0.34363175635860155
574575,3153028,0.3434032914538587
574575,8574200,0.34271919495258246
574575,1318595,0.341734973356768
574575,2032642,0.3400896292639586
574575,1007725,0.33619365906614723
574575,7740131,0.3361673672558926
574575,4320649,0.33521248399526044
574575,5178979,0.3344981876475548
574575,4356463,0.3339735568763059
574575,8602234,0.33293849426816163
574575,3241862,0.328624398891421
574575,5241405,0.3280984759511185
574575,3529313,0.3279911261798276
574575,8574207,0.3275113971096163
574575,242756,0.3267681884229204
574575,2828794,0.32548529754030453
574575,8161021,0.3231417701715374
574575,7883300,0.32293549373906416
574575,4639584,0.32267115528857515
574575,7266278,0.3214958847566287
574575,33816,0.31905109047976477
574575,7217847,0.318070129830522
574575,4639588,0.3166260369276234
574575,8545133,0.3157662847272345
574575,345093,0.3153500082935937
1055865,7427204,0.4893308695558181
1055865,8654371,0.48496088615550054
1055865,499079,0.4783017951906755
1055865,8654373,0.47497188424316666
1055865,95942,0.4634847989506863
1055865,3318413,0.45381109522262414
1055865,3319396,0.4498232400508009
1055865,8508990,0.43685841129273706
1055865,3753625,0.4306453426915992
1055865,2685498,0.426934613429364
1055865,7469179,0.4258916746579498
1055865,95943,0.42183572621872617
1055865,8508991,0.4184790566413458
1055865,95940,0.40969408252276474
1055865,6419591,0.40674201789346
1055865,3158313,0.4024126089897895
1055865,6621202,0.40219183042841883
1055865,3588294,0.39747029149984053
1055865,8542391,0.39386100644240507
1055865,8654367,0.3891554622926329
1055865,6332669,0.3869743242346716
1055865,6104684,0.3866505635092475
1055865,8654369,0.3781435781150106
1055865,2226706,0.37752332867686217
1055865,5569488,0.37517314106371297
1055865,6541019,0.37372884721893873
1055865,8254716,0.37315045119350737
1055865,7918577,0.3709275287465641
1055865,2836569,0.3684109318455166
1055865,4365993,0.3652868580910595
1055865,7258631,0.3650736756922908
1055865,3870372,0.3639223850139051
1055865,72323,0.36364642071342024
1055865,8508989,0.36237128874496466
1055865,4981341,0.35998936902402473
1055865,5315247,0.3593141435744744
1055865,2741230,0.3585490480515823
1055865,7090968,0.35657430877704877
1055865,1284006,0.35440811945220496
1055865,4397373,0.3532082635603681
1055865,72326,0.35197123349955023
1055865,72327,0.3498219589870075
1055865,3158312,0.3483551662558444
1055865,8254715,0.3478035137279495
1055865,7471144,0.3475050734040794
1055865,1928614,0.34499879957708973
1055865,7847456,0.3437173166554076
1055865,8654374,0.34230570820256656
1055865,3870371,0.3422327281520754
1055865,4587730,0.34140415293030574
1055865,5058299,0.3404847014844906
1055865,8231151,0.3388867675973296
1055865,7009012,0.33646027761725866
1055865,499081,0.3355680957663141
1055865,2102882,0.3355274357322204
1055865,3421935,0.33549401873392304
1055865,8837068,0.33535545441774867
1055865,2410103,0.3351524845418037
1055865,3584430,0.33257397927282706
1055865,4773183,0.33252187173119674
1055865,5217897,0.33210251833392523
1055865,3863428,0.331443280940175
1055865,4219216,0.3295860759255403
1055865,3863425,0.3291720988707448
1055865,5405925,0.3289074162283426
1055865,2670528,0.32887257106965523
1055865,4542539,0.3287809363320273
1055865,6875242,0.32702407518528653
1055865,2899787,0.326480456376079
1055865,8197392,0.3261063783690108
1055865,8197395,0.3261063783690108
1055865,8808015,0.3240238045470051
1055865,8090671,0.32306154888621424
1055865,5230993,0.32304610332824185
1055865,96328,0.3225301044352583
1055865,5294832,0.3214472343981391
1055865,2492343,0.3202468388254207
1055865,8161941,0.3201914882938277
1055865,7469177,0.31890620996472235
1055865,8667390,0.31809128065817194
1055865,5294834,0.31764823019813704
1055865,2429845,0.31751956733653725
1055865,7292577,0.3173224344095565
1055865,3870370,0.31703186057055766
1055865,8654372,0.316881707718876
1055865,6130441,0.3168406303825679
1055865,3753622,0.31658313685886175
1055865,2957365,0.31655715530486056
1055865,4507869,0.31569733514779363
1055865,264220,0.3134493742026707
1055865,7427200,0.3132687532515792
1055865,7090970,0.3106371517867534
1055865,3247501,0.31051180696993913
1055865,2975132,0.31044642507034387
1055865,2796422,0.3084526677806242
1055865,4683259,0.3080833768245198
1055865,3642666,0.30688777613990514
1055865,414162,0.30594146460350347
1055865,4231641,0.3055915178743032
1055865,72322,0.30524364492490674
494835,6660619,0.44208177520829484
494835,6660622,0.4153363392543655
494835,4254836,0.3606224441909774
494835,8519713,0.3108885217539422
494835,1621582,0.28256504716663394
494835,1941266,0.2756323381799825
494835,8479967,0.26836624259868946
494835,3884881,0.24540293885114114
494835,97739,0.237539519309488
494835,6477396,0.23211850104317192
494835,3884882,0.23096680422790472
494835,511513,0.229023618702125
494835,2284101,0.22882747256804117
494835,6694981,0.22645219073979864
494835,8198790,0.2263447379108857
494835,8479968,0.22610795611095177
494835,3159911,0.2240860931671149
494835,4479437,0.22377386416824896
494835,8011619,0.22325423737388236
494835,2135122,0.22304189923680173
494835,2213812,0.22228926227990445
494835,8146334,0.22186323013397385
494835,5056232,0.2217556909427152
494835,20073,0.21968574719153114
494835,5758247,0.2186361847788652
494835,8321820,0.21806517453241783
494835,947067,0.21767191905316555
494835,37595,0.2152986548222516
494835,1721919,0.2152986548222516
494835,2333348,0.2152613387245213
494835,8146836,0.21476160540840672
494835,6958665,0.21476160540840672
494835,2009826,0.21476160540840672
494835,8339485,0.2141592582834921
494835,4165838,0.2141592582834921
494835,373498,0.21374434665634673
494835,1725357,0.21347398153642708
494835,8090240,0.21287074150906968
494835,6767150,0.21267992252446116
494835,3983276,0.21267992252446116
494835,8609679,0.21267992252446116
494835,4659772,0.21267992252446116
494835,4335375,0.21267992252446116
494835,332773,0.21267992252446116
494835,836259,0.21267992252446116
494835,7272856,0.211736956550964
494835,3219547,0.21057779382371009
494835,418065,0.21057779382371009
494835,5430008,0.20907618025457594
494835,4843649,0.20907618025457594
494835,317313,0.20907618025457594
494835,8050441,0.20907618025457594
494835,996938,0.20907618025457594
494835,3363729,0.20694853608794614
494835,1857666,0.20694853608794614
494835,1618969,0.20694853608794614
494835,5371380,0.20694853608794614
494835,385859,0.20694853608794614
494835,4840263,0.20694853608794614
494835,1935431,0.20694853608794614
494835,5630800,0.20694853608794614
494835,6087979,0.20694853608794614
494835,8083366,0.20694853608794614
494835,452117,0.20694853608794614
494835,7781503,0.20694853608794614
494835,6249757,0.2060624454558729
494835,2726248,0.20486893835484707
494835,208011,0.2040804549209996
494835,7700680,0.20376488533927858
494835,8074471,0.20329057395527889
494835,617668,0.20329057395527889
494835,3152904,0.20329057395527889
494835,1114080,0.20329057395527889
494835,1331326,0.20329057395527889
494835,2476773,0.20329057395527889
494835,2942442,0.20329057395527889
494835,7792356,0.20329057395527889
494835,2178330,0.20329057395527889
494835,7370319,0.20329057395527889
494835,7466871,0.20329057395527889
494835,5227680,0.20329057395527889
494835,6546266,0.20329057395527889
494835,526577,0.20329057395527889
494835,5484838,0.20329057395527889
494835,499216,0.20329057395527889
494835,8386260,0.20329057395527889
494835,1762465,0.20329057395527889
494835,55905,0.20329057395527889
494835,5680352,0.20329057395527889
494835,4262451,0.20329057395527889
494835,6349699,0.20329057395527889
494835,186957,0.20329057395527889
494835,8072547,0.20329057395527889
494835,949720,0.20329057395527889
494835,6962231,0.20173989923565785
494835,2716615,0.20158928741018184
494835,6660618,0.19982786621223964
494835,4058385,0.19936634256673735
494835,8753477,0.1990479263506921
494835,3032115,0.19758579756020342
1126814,8783828,0.6245506912946501
1126814,8783832,0.6210127840951789
1126814,8783830,0.5376931863475589
1126814,8783833,0.5329252741349125
1126814,2065085,0.37673384790781306
1126814,8783831,0.32428860950074445
1126814,8783834,0.3151788380668866
1126814,8783829,0.2937589923990758
1126814,1771172,0.2919862097082529
1126814,8783827,0.2909039137597117
1126814,8783825,0.2869233587648096
1126814,1771170,0.28568434660777037
1126814,6977530,0.2833075360683495
1126814,2913157,0.2630829468631689
1126814,1969019,0.2587977514700391
1126814,8134594,0.2585211107544268
1126814,8783826,0.25528021429386866
1126814,3839701,0.2543157219612662
1126814,1969015,0.25421614660972147
1126814,300276,0.2531599222458881
1126814,2955076,0.2509032949538015
1126814,1630935,0.2501225214471386
1126814,1169456,0.2485198335177142
1126814,275139,0.2481078135003775
1126814,8359691,0.24568360646427748
1126814,4418188,0.2439786682776476
1126814,1171271,0.24275915906319692
1126814,2110587,0.24240405034790782
1126814,3593957,0.24083878145455032
1126814,6585233,0.23924284190711417
1126814,5040548,0.23909566345228966
1126814,978100,0.23786484549496895
1126814,3945614,0.23784434472071916
1126814,5376067,0.23753048835883034
1126814,1299339,0.2373986362230505
1126814,3016936,0.23730570434654438
1126814,1802937,0.2369992676855589
1126814,5660093,0.23666154275069864
1126814,524886,0.23639135251482724
1126814,3352752,0.23608828602940482
1126814,8019471,0.23556110511864498
1126814,2955078,0.23526641596807274
1126814,697722,0.23506808947526028
1126814,912760,0.23452671353488277
1126814,3105164,0.23427832595211023
1126814,2343178,0.2342461925578444
1126814,8217754,0.23328795224303167
1126814,310119,0.23317957709427278
1126814,5823547,0.23310134795011214
1126814,3839699,0.23299261211284078
1126814,4185107,0.2314468788302982
1126814,300277,0.2304876784055328
1126814,7448481,0.2303348884714718
1126814,6977527,0.22967285370395785
1126814,2701549,0.22936482998307867
1126814,8161002,0.2293262296773816
1126814,1668839,0.22844346979130267
1126814,3945606,0.22778864949985866
1126814,4390140,0.22753194033863797
1126814,6723661,0.22736120158762224
1126814,1237487,0.2266879593866851
1126814,6616533,0.22610877489995648
1126814,636442,0.22610077332335723
1126814,7726142,0.22474884472696416
1126814,362119,0.22463321298578667
1126814,1668842,0.2243953436305816
1126814,6168898,0.22437076235988465
1126814,5953406,0.22412107619626487
1126814,1574284,0.22402402692331447
1126814,275137,0.2237504130927401
1126814,7773888,0.22366505213487478
1126814,1141217,0.22352921583859287
1126814,4306564,0.2233133729587028
1126814,1171279,0.2228959507254798
1126814,3381436,0.2224940627124427
1126814,2955077,0.22204613296425132
1126814,4293233,0.22182862751641186
1126814,8511317,0.22181876808722192
1126814,4910471,0.22179237734626517
1126814,4561376,0.2216293953217176
1126814,2458831,0.2202763230032392
1126814,7473559,0.2201313771224402
1126814,636445,0.21938678159607614
1126814,5376065,0.2192928168328457
1126814,5965205,0.21920285133711287
1126814,6989842,0.21886794695915188
1126814,2946184,0.21886472299733764
1126814,5039942,0.21883060601911689
1126814,4068204,0.21815281557310487
1126814,8611958,0.21812781888557234
1126814,151980,0.21740484638127586
1126814,2955079,0.2172577327580244
1126814,4903487,0.21715711794407963
1126814,7301075,0.21636510874374285
1126814,8046476,0.21636510874374285
1126814,4467141,0.21636175580795639
1126814,228321,0.21620360117105453
1126814,5541909,0.21619228108564986
1126814,4762283,0.21585841121669885
1126814,8795796,0.2156419506225239
168216,3830857,0.6964343861601316
168216,1381477,0.6703785050252768
168216,13499,0.6144412634990205
168216,1735360,0.5829866013720364
168216,661750,0.5614549023769893
168216,3344828,0.5353644687942162
168216,8252763,0.5045351140080798
168216,2069992,0.5025790446686803
168216,1735358,0.4999654155652414
168216,6264731,0.49757451918845164
168216,2265772,0.49600867383011676
168216,6213322,0.48279535641292665
168216,1301466,0.4821181912897357
168216,4119829,0.47778538502868967
168216,1301468,0.4766899492505302
168216,6061726,0.47498504218152926
168216,6282561,0.4748924383465082
168216,3198680,0.4736197607079258
168216,3463556,0.47212271705074876
168216,8639630,0.46968351896054955
168216,1924800,0.46968351896054955
168216,4792582,0.4678703618754329
168216,1301471,0.4601577084627892
168216,8639627,0.4593582433058519
168216,1301467,0.4512914296173946
168216,3908774,0.44706486460047495
168216,6264733,0.4467785031591221
168216,3033359,0.44297712858711447
168216,8723467,0.44297712858711447
168216,2036279,0.4380514503607428
168216,3198689,0.4358178529498284
168216,8731623,0.43460761227399797
168216,1301472,0.43248359954794424
168216,2265769,0.43237757076665906
168216,8141128,0.4307690153482834
168216,8252764,0.42772428490890374
168216,7139368,0.42270955356405326
168216,3908777,0.42192618625191625
168216,6426638,0.4204430604146463
168216,1301465,0.4175371311741585
168216,6282562,0.41588086648720657
168216,3908776,0.41536696356319214
168216,8828338,0.4145707844364967
168216,290826,0.4144124251449487
168216,8731621,0.4139873257656764
168216,1301469,0.4139873257656764
168216,8185137,0.4125102502412573
168216,3908773,0.41125665743380585
168216,1301474,0.4105136555297936
168216,6299988,0.4093442421461625
168216,1696466,0.4084722607539927
168216,4792583,0.4084380872077923
168216,6249512,0.4084380872077923
168216,7904622,0.4075983729903155
168216,7492755,0.4054097215369202
168216,6061721,0.40535401207432176
168216,6213325,0.4050291701515446
168216,7337513,0.4031623949453219
168216,4324491,0.40315743034541507
168216,6061718,0.40297091012138503
168216,1183706,0.3995182281503136
168216,3947238,0.3945337839470275
168216,6329932,0.3939506430429683
168216,3344832,0.3896122312151455
168216,3681095,0.3811160103640422
168216,5935477,0.3799807562613478
168216,5568760,0.37919092761120526
168216,6282567,0.37796601808399266
168216,3528662,0.3771167249511721
168216,6903550,0.3717125287458937
168216,7745780,0.37125796063961075
168216,3174840,0.37072809299741916
168216,8731624,0.36970314736148757
168216,3399713,0.36839160902490703
168216,8639633,0.36767397450688044
168216,2790904,0.366556267322886
168216,6282560,0.36091507737616546
168216,3734580,0.36086947128769076
168216,6231568,0.3601520532090684
168216,8731622,0.36014428048584857
168216,6299991,0.35918534059999624
168216,746509,0.35797873493413374
168216,1508224,0.35797873493413374
168216,1766531,0.3576293804325859
168216,8048969,0.35582413065864704
168216,4656297,0.35459562408783846
168216,4324487,0.35409551247158383
168216,4123124,0.35367464697849993
168216,8252762,0.3529430368466184
168216,3947233,0.35143665317972506
168216,3061994,0.3510572005162304
168216,4498419,0.3504909776868411
168216,7337519,0.35043340089514835
168216,6221673,0.3492569024230713
168216,6643453,0.34893512084688877
168216,5880512,0.3485979664826015
168216,1090088,0.34855827355933405
168216,6426634,0.3483070177322358
168216,6299992,0.3466049733458188
168216,6606723,0.34628184390082123
100983,7198157,0.7993286403148435
100983,8326050,0.7944527116983622
100983,1841071,0.7939148730716159
100983,4486504,0.7646587114202207
100983,5011705,0.7323164386012188
100983,4563926,0.7306048450603932
100983,8720733,0.7175439737440998
100983,3124936,0.713814469786449
100983,4898751,0.7104484991705384
100983,5331078,0.7056283510621961
100983,5574827,0.7036367191330958
100983,1336317,0.7016279565611238
100983,5574823,0.6983748841064009
100983,5733378,0.6979943541966681
100983,3318277,0.697529546826366
100983,4902699,0.6888800301224521
100983,6013124,0.6859432856118425
100983,8720731,0.6761128772203141
100983,5801466,0.6718315411015311
100983,3112007,0.6701387784325593
100983,2460168,0.6680148037741179
100983,7704805,0.6663309597253655
100983,6782187,0.6660672686531209
100983,6648234,0.6654467789391993
100983,5331075,0.6647024908377795
100983,2242608,0.6611972937542836
100983,7704807,0.6609518809636247
100983,2820890,0.6596792938517704
100983,8720730,0.658923372807879
100983,7704804,0.6571954173148361
100983,2448814,0.6548371479813823
100983,117382,0.653871060818868
100983,4918879,0.653871060818868
100983,7858019,0.6532315204921795
100983,6990295,0.6524255097247736
100983,3318276,0.6519760687815984
100983,3319667,0.6496684206905927
100983,7192781,0.6451448359110445
100983,8367727,0.6427230864619954
100983,4681480,0.6414741994497833
100983,2460174,0.6384073298821887
100983,5281609,0.6369686469602455
100983,4472141,0.6369680301547889
100983,3426605,0.6359270387353898
100983,4486500,0.6336466346980205
100983,6515061,0.6295067688688034
100983,2853391,0.6292771378439087
100983,786237,0.6287133125432998
100983,4148506,0.6279425442393766
100983,5089965,0.6275671258257339
100983,3029371,0.6255891679628167
100983,8367729,0.6248528608018399
100983,1530225,0.624679098471263
100983,3029367,0.6195412708840943
100983,7192779,0.6192488418947127
100983,3112012,0.6125294499751536
100983,6990294,0.60999185771341
100983,4563925,0.6099792986215462
100983,7198162,0.6073493441833006
100983,613145,0.605325342039707
100983,4036596,0.6039036863750598
100983,5480789,0.6013692496018511
100983,7198156,0.6011479437331992
100983,786238,0.5997362649701444
100983,613141,0.5994097678419241
100983,6008894,0.5966630559687862
100983,2275501,0.5958915953691741
100983,6782184,0.5934533183996029
100983,8773779,0.5929091460308271
100983,1183962,0.5920692187064597
100983,6243168,0.5893013658328963
100983,8286067,0.5881869433136171
100983,486189,0.5877034554730881
100983,1183960,0.587322163752897
100983,6782185,0.5863739424212738
100983,6782186,0.5863739424212738
100983,3318273,0.5858948179678589
100983,5674350,0.5844835202288327
100983,880531,0.5838905998062198
100983,2820891,0.5832255383426924
100983,7198158,0.581377769457
100983,7192778,0.5811388310704292
100983,1815153,0.581111898112822
100983,769932,0.5809141945520667
100983,5756979,0.5807192536934795
100983,3276471,0.5801427014370248
100983,6396867,0.5777930412596033
100983,5418121,0.5774703459493293
100983,486188,0.5772626989496529
100983,5644251,0.5756080575424647
100983,8773780,0.5743911711989564
100983,2619208,0.5728301417926921
100983,2460169,0.5723298595158892
100983,3029373,0.5704014012675134
100983,4563929,0.57033357153825
100983,5464945,0.5698443478977263
100983,8234892,0.5687804442926019
100983,3318278,0.5680602548712886
100983,5574828,0.5671675232281865
100983,3426608,0.5628231987612585
194013,73080,0.810261302541158
194013,73074,0.7436534231610212
194013,2529058,0.5283766600529007
194013,2557801,0.47529820001742007
194013,73078,0.4673554124431528
194013,73076,0.4662909307260664
194013,4086704,0.448391674341014
194013,73077,0.44292347064451715
194013,8108372,0.4421273824942605
194013,4086698,0.4000390466006706
194013,4086703,0.384206213727595
194013,5670993,0.37763991413696113
194013,8199706,0.37176250348591083
194013,73079,0.3663512624979978
194013,1728631,0.3519349694096739
194013,8199703,0.3501114270959509
194013,3415029,0.3395984750953294
194013,1728627,0.33672980323686885
194013,1728625,0.3346134640052551
194013,2223328,0.33333610103117967
194013,3415035,0.332352862712915
194013,8199700,0.33220864098060193
194013,2936828,0.3298613828220937
194013,778206,0.3295477887751187
194013,1085036,0.3226485606716173
194013,443270,0.3225712763908729
194013,8199702,0.3197592721760734
194013,5276382,0.3148128199388066
194013,5431766,0.3147672653676513
194013,8574231,0.31324196745854643
194013,3060869,0.3087025720810902
194013,5431765,0.3063003959075743
194013,8199705,0.3060463913910564
194013,732217,0.3059191018768729
194013,6989478,0.3032691246161239
194013,436839,0.29994364728575995
194013,199036,0.2928793661323079
194013,6864296,0.2928572773676098
194013,6548647,0.29243009019841076
194013,4360212,0.29228329418221555
194013,1728629,0.29102162585475205
194013,61448,0.2907613232485954
194013,4614583,0.28966176498702767
194013,2936827,0.28907212072591626
194013,3018481,0.28859504783897283
194013,8199704,0.2874033391782761
194013,663364,0.2869119458499456
194013,894883,0.2862160701514405
194013,3964827,0.2824727254680775
194013,4650654,0.2806541490250286
194013,2071968,0.28055159220689646
194013,1617764,0.2796435202491651
194013,3256964,0.2793935053861925
194013,7149225,0.27897463953320284
194013,6640875,0.276319396805497
194013,8543647,0.27594890237404207
194013,6647513,0.27443820663233814
194013,3150306,0.27308542997794893
194013,3415032,0.2727457674531826
194013,5445336,0.27236832558025886
194013,3415034,0.2722935319051311
194013,5276379,0.27141032962224493
194013,7149232,0.27113171619278814
194013,3415033,0.27079889840577254
194013,7165146,0.2704375425676533
194013,8802106,0.2702238913714841
194013,3415037,0.26821023240073033
194013,5276383,0.2663118139800266
194013,3987153,0.2657838249099644
194013,2071969,0.2652362266147099
194013,6178171,0.2646416524825429
194013,3608096,0.26379271399461474
194013,5872227,0.26372482516753265
194013,2060872,0.26346411823081606
194013,4531274,0.2633345268726033
194013,1612160,0.2627734284990547
194013,7634029,0.26259000027641394
194013,2223322,0.26159482197228584
194013,7095054,0.2607095162371867
194013,6484335,0.260638245654127
194013,1002335,0.2606317059779196
194013,2776504,0.25993584427946115
194013,2223326,0.25959767696400604
194013,11938,0.2593690133912537
194013,4624101,0.25912969224971905
194013,7095052,0.25887861386298594
194013,1857407,0.2588120781932688
194013,7374905,0.25865664174131325
194013,3018490,0.25862621410185865
194013,2536061,0.2586082148027514
194013,590037,0.25828682955127774
194013,1994244,0.2579128380311954
194013,7635330,0.25783192277885547
194013,4009883,0.2573651576071844
194013,7833654,0.25667450028079075
194013,589862,0.2564265859305848
194013,1629416,0.2560896177598461
194013,1976330,0.25603798528389843
194013,2462154,0.25544285743392775
194013,6989477,0.2554351808984208
1119092,8074960,0.6033805896234502
1119092,8097019,0.5772252485985384
1119092,8353481,0.5600538415084559
1119092,8074961,0.5451459978872311
1119092,277150,0.5270928418378134
1119092,2302961,0.5217997544611399
1119092,277152,0.5177953967780846
1119092,277153,0.5080252682811445
1119092,8074957,0.49863482139244897
1119092,1071911,0.49060107337540126
1119092,3092949,0.4843775245157984
1119092,920942,0.4802863078733001
1119092,2649357,0.4644589897041
1119092,6996691,0.45777084335697066
1119092,6996686,0.45777084335697066
1119092,277155,0.44563140288354797
1119092,7152313,0.4436085842052363
1119092,8074966,0.4407639502021675
1119092,7177551,0.4369111450980189
1119092,3893739,0.4324390746757695
1119092,5402706,0.4297163820835404
1119092,1743693,0.42047925718428836
1119092,8353484,0.4191579618187086
1119092,277149,0.4115462986273678
1119092,8353486,0.40961568819674077
1119092,8748431,0.39844420171497574
1119092,4632999,0.3984006046323327
1119092,2302957,0.3964152899073816
1119092,5807699,0.39585692407431106
1119092,7395112,0.3934518035666644
1119092,4632995,0.39219137778309016
1119092,7101379,0.3911766662138371
1119092,4414573,0.3895871896851081
1119092,7152311,0.3866630877782575
1119092,494854,0.38397183461430107
1119092,1260620,0.38357981626333115
1119092,7101378,0.3805731899175331
1119092,2302959,0.38003972843797046
1119092,115252,0.37608351111912636
1119092,7932548,0.3747131951257247
1119092,3092944,0.3730919389487367
1119092,976831,0.3724663739624618
1119092,277148,0.3688299483833275
1119092,4243971,0.3682203683284762
1119092,1406136,0.368041935300053
1119092,4303523,0.36756624210543365
1119092,2942208,0.3670617181249859
1119092,1491948,0.3667068697669705
1119092,150368,0.36622505389345145
1119092,920944,0.3650596100361605
1119092,1025690,0.36380122848961677
1119092,1356796,0.36338973250843754
1119092,8097020,0.3607443426647922
1119092,5260609,0.35900131357067
1119092,5092392,0.3586314691644821
1119092,1680384,0.35829915524503964
1119092,115253,0.3579753044821887
1119092,3233871,0.35672750626739547
1119092,1198691,0.35481502451986274
1119092,8074962,0.35475542356051215
1119092,2547829,0.3535161700816156
1119092,494850,0.3513227602853962
1119092,6945353,0.3504670799520543
1119092,3910051,0.34929489015838694
1119092,4259424,0.3486752246233003
1119092,1294499,0.34841229625839415
1119092,2373898,0.34672566139870725
1119092,2547822,0.3446877053746767
1119092,7703044,0.34431336372828697
1119092,6957146,0.34430330882045235
1119092,7166733,0.34410064163710485
1119092,6996693,0.3436959344201362
1119092,3510704,0.34340328717635243
1119092,6945347,0.34268625731005503
1119092,7626329,0.3415114018483816
1119092,4754054,0.340914385194366
1119092,4367002,0.34086852941533324
1119092,8756868,0.3407648040801333
1119092,277156,0.3406343334272431
1119092,494846,0.34011958175479895
1119092,5092397,0.34002288965460914
1119092,3476056,0.3400058003595204
1119092,6897118,0.33981782143576167
1119092,1659854,0.3396844862679503
1119092,3083964,0.33774251787103915
1119092,1028739,0.33750297479075136
1119092,5522131,0.33714475498890717
1119092,3510702,0.33653573727487207
1119092,165390,0.33574778338434125
1119092,3710529,0.33532596267571513
1119092,5307104,0.33507309090863285
1119092,3020746,0.33451291071984446
1119092,1272639,0.3338748997743586
1119092,1272634,0.3338748997743586
1119092,7626326,0.33385472648734366
1119092,7082130,0.33355012960927616
1119092,5665273,0.33311593246130355
1119092,7925150,0.3330987038763526
1119092,8350204,0.3327694907754374
1119092,8090711,0.33271302654337676
1133167,5674622,0.7361883926269072
1133167,8160230,0.7203550265335025
1133167,8255705,0.6889129704932124
1133167,1883281,0.6823808488737109
1133167,190809,0.6808622846054502
1133167,8160241,0.6760159887869144
1133167,6467522,0.6759976569034134
1133167,3953805,0.6624837540196641
1133167,7093509,0.6498151890337418
1133167,5674623,0.6240267889725591
1133167,1142358,0.6015752284523884
1133167,7093512,0.5701650577647409
1133167,3964286,0.5591408089454135
1133167,4443375,0.5528086378937874
1133167,7236839,0.5479299217163668
1133167,2623303,0.5418945620568909
1133167,2611059,0.5384185892885497
1133167,1824488,0.5340802397030924
1133167,6299575,0.5338543507689849
1133167,3421900,0.5312252013137954
1133167,3964289,0.5295730686939977
1133167,1883280,0.5248350625370911
1133167,5475781,0.5212923379421468
1133167,2276678,0.5166364612429108
1133167,2613290,0.5089425721027825
1133167,823272,0.49374015039064006
1133167,1789857,0.49308763101065056
1133167,2611058,0.49038860578285637
1133167,6467518,0.4900691676514804
1133167,7793414,0.48935227536173315
1133167,190806,0.48593820213664857
1133167,4443370,0.47930607079814835
1133167,3964281,0.4724820026426569
1133167,2613293,0.46817723249274534
1133167,4830311,0.4665885668150852
1133167,1883278,0.4639837852235878
1133167,8033646,0.4632929231567311
1133167,6930277,0.460518950051439
1133167,7010343,0.4602763605353103
1133167,6142,0.45959007014567915
1133167,7218016,0.4588264142807092
1133167,761530,0.4443505966609085
1133167,4498479,0.4435869200608701
1133167,6710762,0.4371905716645474
1133167,4188779,0.4371905716645474
1133167,6112592,0.43555407655926826
1133167,8415744,0.43250630878142765
1133167,7486597,0.43250099670162606
1133167,1789859,0.426272361750974
1133167,4188780,0.42527040210301353
1133167,8415742,0.42008910583928966
1133167,4926204,0.4158299289538334
1133167,6360446,0.4111010173559036
1133167,2478183,0.41025623299438374
1133167,7621417,0.40864847883058025
1133167,6103289,0.4074649606301084
1133167,4625145,0.40550980459524877
1133167,1064355,0.4054074448432128
1133167,4712273,0.40528724454846826
1133167,7793409,0.4045361059058764
1133167,1883277,0.402130109491178
1133167,2491371,0.40033782606524504
1133167,8484845,0.39925621636129627
1133167,2613294,0.39468647936229884
1133167,3136507,0.3939025794737729
1133167,7091943,0.3936457046342844
1133167,6112585,0.3936388025670413
1133167,7734299,0.3934096858843286
1133167,4567915,0.3929506882538257
1133167,7942854,0.38817519837456504
1133167,8839920,0.38769830966371904
1133167,1824481,0.38735968397525017
1133167,2010281,0.3860891400030441
1133167,823279,0.3856770450427424
1133167,434126,0.3842215319042573
1133167,7486599,0.3837045520951816
1133167,977421,0.3830029978081276
1133167,6299574,0.38238135012738733
1133167,8250498,0.3814659649152805
1133167,8484849,0.38123199013230785
1133167,7835489,0.38078368739393215
1133167,8033645,0.38030239235443464
1133167,4625147,0.3773089064846273
1133167,4703847,0.37473868440592445
1133167,7091940,0.37442054718452855
1133167,5985458,0.3728087808979093
1133167,8250503,0.37133949157554
1133167,5145545,0.3713292964592398
1133167,4703846,0.37038361386422647
1133167,3421904,0.3699607404855065
1133167,7218019,0.36982180971515227
1133167,8191213,0.36936380661422424
1133167,8488056,0.3685012428039639
1133167,4926201,0.36770464207954817
1133167,7486594,0.36723250551545467
1133167,4443368,0.36600576132181084
1133167,823273,0.3659261590772339
1133167,6467519,0.36492494942234804
1133167,6360449,0.3643130636261566
1133167,8160224,0.3639318873037071
1133418,8235133,0.6138725365487341
1133418,8235137,0.6105820143106011
1133418,4268149,0.5781311053181276
1133418,4268147,0.5634486875796357
1133418,8235138,0.523109820454504
1133418,2590192,0.5207911886054369
1133418,4489642,0.5068957650271066
1133418,2590187,0.5049757106272167
1133418,5634114,0.4896755783927119
1133418,8120989,0.4803554098126076
1133418,7267087,0.4768230290570962
1133418,529677,0.472016353666309
1133418,5634109,0.47018294092643714
1133418,8731392,0.4686636573784665
1133418,2590190,0.4572082712569227
1133418,2590186,0.44941471421047163
1133418,8235129,0.4447789718068941
1133418,3140035,0.4341966020499777
1133418,8235130,0.4325770705274895
1133418,5634113,0.43178515558806535
1133418,4268145,0.42714455988044125
1133418,3140040,0.42594139138770193
1133418,5400969,0.4213579950690192
1133418,1046851,0.4176178826713705
1133418,5146828,0.4010886238276549
1133418,4823755,0.3995573239080951
1133418,6397517,0.39515345010099734
1133418,5868880,0.39169405762542153
1133418,7500220,0.3914304302442801
1133418,7500221,0.39093840259570767
1133418,4302831,0.3909050361342956
1133418,2388903,0.387970680924393
1133418,4302832,0.38496743782138404
1133418,4352730,0.3840270662122787
1133418,4268146,0.38339444152273744
1133418,4352734,0.3829638496693231
1133418,1891777,0.3804893661942376
1133418,6111058,0.37997962707788513
1133418,8038573,0.37775227565792574
1133418,4204915,0.37548341048377165
1133418,614101,0.37431513555725765
1133418,6925630,0.37354770467020204
1133418,7657812,0.3721660777326319
1133418,4268143,0.37208137168671473
1133418,4489637,0.372029952417905
1133418,8205581,0.3708003633031629
1133418,2388901,0.36515461434461394
1133418,7266114,0.3629710043454172
1133418,1776128,0.36197331433751584
1133418,548845,0.3606968522172989
1133418,1164214,0.3606213389326719
1133418,7460025,0.3604995751319652
1133418,8601385,0.35857700117102115
1133418,7973348,0.3577278367821552
1133418,8124544,0.357024799568027
1133418,8063064,0.35589202572318124
1133418,4352732,0.35489972348239396
1133418,532929,0.35365945009741556
1133418,196501,0.3533388041037346
1133418,5013348,0.3524196653433896
1133418,5621437,0.347770801920923
1133418,5621436,0.34761627507541887
1133418,4352728,0.34696425312043927
1133418,5621434,0.3467716333820943
1133418,6562485,0.34663480850817896
1133418,930484,0.3466209366690937
1133418,120398,0.34609113918527573
1133418,6832432,0.3451229419578313
1133418,7788589,0.34478771381626955
1133418,2888334,0.34467078429252185
1133418,7973344,0.34431250628841975
1133418,5334567,0.3423983867375252
1133418,6562492,0.33963898650248253
1133418,2172472,0.33917533784487064
1133418,428265,0.3385547582379498
1133418,7910580,0.3382641800277352
1133418,1971294,0.33775530792707226
1133418,5234842,0.3373903881008412
1133418,8237972,0.3373413814632943
1133418,1313973,0.33626284295881087
1133418,2388900,0.3342440272222587
1133418,316998,0.3341666225159775
1133418,1056306,0.3341466025683917
1133418,8839860,0.3331461872144534
1133418,1410584,0.33276303623952574
1133418,1999822,0.33169666293347444
1133418,2287930,0.3311941245616121
1133418,4871714,0.3304569019642697
1133418,5609551,0.33039389947625436
1133418,4726082,0.3293229725665932
1133418,2671088,0.3262421431636022
1133418,1744530,0.3262028777004742
1133418,433658,0.3259318359211433
1133418,852314,0.32565074844455255
1133418,4489640,0.3250541415811632
1133418,565903,0.3248470477264288
1133418,8601201,0.32465331390924973
1133418,8038570,0.3240490993393401
1133418,8235135,0.3216664617815828
1133418,7973346,0.3213740234902768
427578,2272738,0.4640539479146455
427578,5342170,0.46279568083344574
427578,2190824,0.44612142377459935
427578,5474220,0.4290003544113319
427578,290704,0.424861577844804
427578,2242180,0.4181039153788254
427578,320215,0.4140467804564695
427578,220778,0.40606678190537304
427578,4591908,0.4048987342729469
427578,6840567,0.39612804697760107
427578,4186402,0.3913484171397574
427578,1441114,0.3879975254271587
427578,1441111,0.38397604003703534
427578,7205367,0.37848795184902567
427578,4690829,0.3759744416901244
427578,5032043,0.375031100932609
427578,300752,0.3696856271348874
427578,1612888,0.3690228625027002
427578,5172415,0.36744571767674367
427578,2720858,0.36459112584941467
427578,5172417,0.3610853489906703
427578,4064990,0.36106618730083107
427578,3441519,0.3605039168506416
427578,1214442,0.36044381203503856
427578,4045384,0.3543267432724652
427578,1195746,0.3525878089448829
427578,991038,0.3520903388786386
427578,6621923,0.3520858953370775
427578,3360528,0.35181430884249487
427578,7760182,0.3507271518480031
427578,320210,0.344823893871364
427578,4004813,0.34459941304782465
427578,3360536,0.34367074494982514
427578,3009509,0.33973274553852545
427578,5474221,0.3388031401746188
427578,4086951,0.33866626262125066
427578,1790750,0.33828319394359707
427578,6413170,0.33700102130648435
427578,1034823,0.3346098143048917
427578,7071443,0.33368804402553615
427578,7717809,0.33312841861219106
427578,441179,0.33252660321068755
427578,3898911,0.33183477373774356
427578,1732744,0.3311925684455363
427578,8383570,0.3311835692099084
427578,2113455,0.33077367032400473
427578,4969009,0.33037229329363554
427578,4621653,0.32977776063066194
427578,5952589,0.32973865859120133
427578,6400831,0.32925220701670566
427578,5561946,0.3289386157802938
427578,6972695,0.32746932498298265
427578,2567622,0.327385216925159
427578,6577520,0.3266388565456053
427578,2272737,0.32659456654711083
427578,2266708,0.32645218062171605
427578,522948,0.3258829893205916
427578,486754,0.3255518066464983
427578,4724792,0.3252289761151075
427578,3177723,0.32506727693684156
427578,4269206,0.32506727693684156
427578,2574407,0.3249111063614239
427578,4128818,0.3206812157118203
427578,7929642,0.3196373816880145
427578,3360529,0.3175032719374368
427578,4724790,0.317017619867041
427578,7513640,0.3169014589321435
427578,2332136,0.3160636440321348
427578,8368446,0.3159029397520165
427578,8803985,0.31508255303363275
427578,8674045,0.3150175686609639
427578,8571835,0.3145701123888842
427578,4690825,0.3131361643797579
427578,8305867,0.3116910877455513
427578,5032044,0.31163991800545465
427578,2854554,0.3104583314989156
427578,2315696,0.30969966558266987
427578,7963671,0.30940024586702636
427578,4723236,0.3088903066299083
427578,2315691,0.30845771886303086
427578,3898910,0.30831921423237635
427578,7518536,0.3079761538671937
427578,465237,0.3076999054736005
427578,3360530,0.3068757364134868
427578,7588142,0.30677601203941374
427578,5262973,0.30593250646605125
427578,3011266,0.3057978307778147
427578,433389,0.3052674844455669
427578,4113000,0.305121234979632
427578,1108989,0.30478856795578885
427578,3358319,0.3042528682648352
427578,5241479,0.3039291522933594
427578,5115635,0.3029752772533982
427578,4128814,0.30272260915962895
427578,1612889,0.30171101640775494
427578,5686981,0.3015567806480765
427578,4113002,0.30103851597095077
427578,486748,0.3010304644471336
427578,6773626,0.3009287517112731
427578,4040233,0.2988652754122153
324211,625217,0.571903010618669
324211,7512300,0.5420425064284198
324211,7073895,0.5075054049291046
324211,1103528,0.4692014720280596
324211,7512294,0.4628508565906475
324211,8318356,0.4618058466414309
324211,6769411,0.4465060955070839
324211,3026089,0.42649293889865436
324211,6805367,0.42133505001498733
324211,1276098,0.4211340839063052
324211,4972176,0.4211340839063052
324211,6769412,0.4178711636852712
324211,6542185,0.41414011326222877
324211,6083562,0.4118708405189993
324211,6623291,0.40921781427702036
324211,4197627,0.4036129704833508
324211,719017,0.40098272099567545
324211,7422190,0.3989907728877675
324211,2815314,0.3978842745587809
324211,6984786,0.3938325363926946
324211,1481659,0.39220587377209293
324211,1280978,0.39039530463284483
324211,903747,0.39039530463284483
324211,2567379,0.3895931793424131
324211,3275009,0.3887382745582454
324211,3753287,0.38842239242832216
324211,1105802,0.3869080524170746
324211,4822831,0.38522503253384993
324211,5571189,0.38418260754226047
324211,7422195,0.3816450437211394
324211,156107,0.3809983238905096
324211,231088,0.37681829301128816
324211,6004840,0.3755211080516201
324211,6209325,0.3734002683439923
324211,231095,0.3734002683439923
324211,4146079,0.37326658014236247
324211,8318353,0.37254112469751144
324211,6623290,0.36924813033997517
324211,8522232,0.3652370437428884
324211,8521770,0.36327832077567707
324211,3059171,0.36166110832748716
324211,102611,0.36069070723214564
324211,107587,0.3594336757339463
324211,919280,0.3580660841652949
324211,3275017,0.35566256230714643
324211,2464492,0.3552511936637101
324211,8015827,0.35506978570344144
324211,2927386,0.35388366963599993
324211,4776223,0.3523302365231575
324211,1967856,0.3492768437002391
324211,3053851,0.34802069851897055
324211,3138636,0.3451117903231151
324211,8015822,0.34511166505094437
324211,3275012,0.34398150944067246
324211,1373500,0.34374940539634324
324211,2567376,0.3432998446608931
324211,6769410,0.3415589178948369
324211,6244566,0.3410608138344309
324211,5058857,0.34103064723272425
324211,5135365,0.3389639164281044
324211,1886149,0.33805801788262035
324211,3280187,0.3363348076300955
324211,3924536,0.33462315350222094
324211,3358821,0.33353691511622297
324211,4380388,0.3334299266816449
324211,4711337,0.3329936434452611
324211,4250541,0.33276899537287796
324211,4250547,0.33276899537287796
324211,7584824,0.33131745228931053
324211,6623289,0.3295228438605772
324211,4339911,0.3284815302262236
324211,7176070,0.32839206416203615
324211,5661556,0.32796922986822546
324211,3413995,0.3275060373181269
324211,3054539,0.32706228840050144
324211,6769414,0.3264248115784254
324211,231092,0.3260146775997557
324211,3413988,0.32515965744467357
324211,3413992,0.3251093310390315
324211,3413987,0.3239040086725691
324211,206082,0.32372730664100247
324211,231090,0.3234787408753063
324211,454179,0.3230498643786037
324211,1925370,0.32277504844873894
324211,7756367,0.32247685239158486
324211,3221351,0.31925532061533973
324211,4324992,0.3181446563605129
324211,1105798,0.317921059482412
324211,1487014,0.3178491012521823
324211,1046558,0.3172747406085421
324211,1984899,0.3172414301700946
324211,5797351,0.3172414301700946
324211,1984898,0.3172414301700946
324211,1103525,0.31591675210460834
324211,107588,0.31585016580052233
324211,1930222,0.31584782646252657
324211,1342790,0.31577541511586255
324211,7422191,0.3142233337271253
324211,4146088,0.3140981196377756
324211,4146081,0.3139927217735833
11096,8296001,0.6275289228480183
11096,4680203,0.5530762767665913
11096,4680197,0.5509081145674457
11096,8296000,0.5275082073534408
11096,5819658,0.4673925659663055
11096,2689149,0.465286978029845
11096,8296002,0.4622584444425204
11096,2689155,0.43563131717159714
11096,2568674,0.4330976446327347
11096,1391574,0.43176071322677545
11096,2713637,0.4298161623517033
11096,8790374,0.42862700499346534
11096,8296004,0.4260427392394292
11096,1528319,0.41886901330584797
11096,2689151,0.41712459652106987
11096,8606624,0.41639289067290547
11096,4296478,0.41597082620749626
11096,8296006,0.4136544846393476
11096,2942743,0.41359435348923446
11096,2689154,0.4128754652583027
11096,2689157,0.4128754652583027
11096,2689152,0.4126831073700086
11096,418058,0.41162397575571624
11096,7855288,0.4067002637517026
11096,4266266,0.40659058983889346
11096,2745661,0.4014081145427418
11096,5855684,0.40111472186876934
11096,1153329,0.39997619616835006
11096,5834728,0.3990010041516544
11096,2597275,0.395815117390834
11096,5623506,0.3936449409449958
11096,6348256,0.39259403104716795
11096,4328289,0.3915343381060183
11096,8606620,0.3911759010394199
11096,8606621,0.3911759010394199
11096,2241267,0.3888829789491251
11096,4296480,0.384820765376189
11096,2568676,0.3824538835628817
11096,4394901,0.38045178666074675
11096,1391568,0.37973358860133966
11096,7554213,0.3795383069698191
11096,5520075,0.3743180827316686
11096,5736596,0.37389549643599024
11096,699818,0.37184882742796516
11096,6348257,0.37046693959800314
11096,1808870,0.367078382170449
11096,1391571,0.36704554089040803
11096,5941966,0.36312012365020974
11096,5640446,0.363112856387237
11096,8227111,0.3629587861026311
11096,2277157,0.36286356379464335
11096,311066,0.36233077489136123
11096,4680198,0.36176869286889196
11096,6095083,0.3611042574706299
11096,5624375,0.36058434934777533
11096,2597270,0.35794089426715203
11096,1808871,0.35702681394267494
11096,6152054,0.3567406990863902
11096,1473140,0.35643993867285617
11096,4891514,0.3562720717160882
11096,5520073,0.35586502872974546
11096,5495289,0.3550802158335716
11096,5640452,0.3542244334671509
11096,6152053,0.35411838800573997
11096,5624376,0.353162866027409
11096,2578279,0.3531332214690854
11096,5640453,0.3522208844763557
11096,3807771,0.35212537677562733
11096,4103655,0.3520366281347514
11096,5736597,0.35162884697850133
11096,7412105,0.3501330791038524
11096,2182496,0.3500037414056253
11096,7199235,0.3499730600380158
11096,7199234,0.3499730600380158
11096,1868423,0.3491904987967015
11096,2265897,0.34888539556501474
11096,6029408,0.34816801554342103
11096,5941968,0.3476716149711862
11096,1528323,0.3476716149711862
11096,8125963,0.34699939756505166
11096,4296475,0.346751145122346
11096,6520910,0.3457958523066732
11096,1808875,0.3454576647948346
11096,4394897,0.34484373995702133
11096,2719750,0.3446978992943769
11096,2578277,0.3443025849313988
11096,1965607,0.34414099884456795
11096,4823991,0.34385818226317993
11096,4704735,0.34275928971285324
11096,5520068,0.3426360124946228
11096,5530072,0.3422408647695958
11096,264612,0.3413351257964628
11096,5734833,0.3408214466583973
11096,8167033,0.340414962058971
11096,2923083,0.3398774199009483
11096,8085890,0.3394419239015369
11096,116485,0.3391007915112236
11096,4680200,0.3383566765373173
11096,842097,0.3379635414737532
11096,2241262,0.33693294699300946
1134787,2552621,0.6397038327954219
1134787,3483782,0.5259349544330758
1134787,2351009,0.5147079995528709
1134787,5814760,0.49423356923028283
1134787,5840080,0.4872768589718274
1134787,4002969,0.48569468393294496
1134787,8645860,0.48273825236555945
1134787,7840223,0.48024744377305467
1134787,1579025,0.4781672817352363
1134787,5781220,0.4722587076010883
1134787,3860675,0.4690987282121938
1134787,790750,0.46903039484243747
1134787,303941,0.46126404007610294
1134787,927667,0.4601413333004225
1134787,4344454,0.4542843373566667
1134787,7126598,0.4531788575272468
1134787,3811016,0.4515589301075226
1134787,5304656,0.45040558558014393
1134787,5985558,0.4490731151873548
1134787,6520293,0.4480802546304731
1134787,6520291,0.44804744880370884
1134787,2362,0.44672920240935365
1134787,8460944,0.4448080186557848
1134787,8398864,0.4427380923603566
1134787,7014318,0.4416596877431445
1134787,5828295,0.4410919355642701
1134787,3860669,0.4408003415401375
1134787,1262946,0.43987308815979853
1134787,4247591,0.4396806509176505
1134787,169000,0.4378531328968867
1134787,1924235,0.43553749582833595
1134787,8108978,0.4350412901865154
1134787,1262943,0.4334277361240984
1134787,7014316,0.43093263276288046
1134787,8460950,0.4298270376310033
1134787,1874717,0.42772413502021156
1134787,5137641,0.426263745437397
1134787,1924234,0.4253561498592811
1134787,5501852,0.4237036631876787
1134787,339587,0.42263898645320264
1134787,669033,0.41718559417725626
1134787,2989434,0.41527195543522183
1134787,339585,0.41385415514663415
1134787,8374194,0.41338983317543687
1134787,2041220,0.4116860730956351
1134787,5724811,0.41062466718739277
1134787,2996997,0.4054437025271996
1134787,2719921,0.40389263855254137
1134787,4002965,0.40269967755585484
1134787,669037,0.4022430923608332
1134787,62734,0.4012103656605704
1134787,1573474,0.3977530580034183
1134787,2662173,0.39746341141841696
1134787,3629048,0.3963087319826845
1134787,62735,0.3950645401296037
1134787,1525576,0.3950096096139055
1134787,2351017,0.39454290541486753
1134787,1924233,0.3927195801254498
1134787,5385866,0.39175437519614936
1134787,7684390,0.3905734225953114
1134787,8134831,0.3893777476573622
1134787,3720362,0.3890372597327619
1134787,8107785,0.38894795909183644
1134787,8506615,0.38845124291540734
1134787,8365695,0.3881989875433868
1134787,6964939,0.38719939147370175
1134787,8365699,0.38541834857642043
1134787,4150750,0.3833531823181559
1134787,3089111,0.3827938288573157
1134787,29146,0.38234024429925345
1134787,5814762,0.3809545005439891
1134787,4150749,0.38089149886272833
1134787,1924239,0.37834419954385684
1134787,6553323,0.3781808369095191
1134787,1874721,0.37810532226281507
1134787,673848,0.37685634098513626
1134787,4002967,0.3765215048024761
1134787,5148636,0.3746322342519816
1134787,4651512,0.3733448733480975
1134787,2719922,0.3725051008880457
1134787,6390590,0.3693785974891043
1134787,83915,0.3689281515876722
1134787,5142636,0.36757688598696153
1134787,251612,0.3646096362068771
1134787,83920,0.3642072595326574
1134787,2144322,0.3615213842601192
1134787,6789319,0.3603172890792376
1134787,2857318,0.3602924275761987
1134787,1769409,0.3567654968927346
1134787,168999,0.356684249091904
1134787,4740953,0.35648912840698527
1134787,8686368,0.35344267125129847
1134787,5429414,0.35273209743760137
1134787,2296361,0.3526386898286812
1134787,1613646,0.35263823486395474
1134787,5840078,0.3510683797926147
1134787,1283202,0.3498129437332304
1134787,6553317,0.3493069852580313
1134787,1011048,0.34863457794428754
1134787,3811017,0.3480576705107763
89928,4544567,0.6375913168864735
89928,587526,0.6344724046268935
89928,1969727,0.6181582962403779
89928,6470041,0.618001764979066
89928,1984005,0.6179453259494682
89928,1387893,0.5935044206537012
89928,2454944,0.5935044206537012
89928,482081,0.5924099362950351
89928,3560543,0.5867274200700562
89928,5641536,0.5867006482187478
89928,5804236,0.5854601618583505
89928,482078,0.5799455564847688
89928,5641534,0.5753395326220636
89928,478892,0.5752116169993268
89928,2512023,0.5733616398362039
89928,378438,0.5710456751260325
89928,5641538,0.5648937619950005
89928,708199,0.5647674327397038
89928,16773,0.5636199418252176
89928,3400505,0.5636199418252176
89928,5527169,0.5586914009146605
89928,3560540,0.5488088387642289
89928,6559408,0.5458540175289008
89928,2202683,0.5448801103851166
89928,303961,0.5411010008304945
89928,8404962,0.5395552891456943
89928,236962,0.5393272211622046
89928,2704620,0.5375699106702889
89928,6438803,0.5341179400028507
89928,4064441,0.5336988206559109
89928,708203,0.532742312988351
89928,7892285,0.5274866316773802
89928,6438801,0.5259632003079824
89928,5082728,0.5246665714128355
89928,487852,0.5173114926123585
89928,454264,0.5161821381609448
89928,454272,0.5160108946346933
89928,7769374,0.5152216327374066
89928,487851,0.5138238315713884
89928,1341393,0.513693198092258
89928,1424367,0.5118363639431137
89928,3229912,0.5113368752934364
89928,303967,0.5101001114049114
89928,6438807,0.5101001114049114
89928,400626,0.5098745783061399
89928,956194,0.5083365202910995
89928,5337926,0.5076667722973164
89928,7326099,0.5076667722973164
89928,2704621,0.5060998188705215
89928,6703726,0.5060058451348902
89928,4017857,0.5051613972151647
89928,1700322,0.5039247545208431
89928,2596462,0.499330729905832
89928,7195375,0.4989185524939903
89928,7649209,0.49652375804459387
89928,236953,0.4955425660841028
89928,6617015,0.4955425660841028
89928,708204,0.49484583607025945
89928,920830,0.4935852815963149
89928,478894,0.4915283116688565
89928,5804238,0.4913960190627641
89928,2029370,0.48754728169741973
89928,3025228,0.48489775440582816
89928,8135804,0.4847316385377386
89928,3229914,0.4840217907539512
89928,1735624,0.4819362009855327
89928,956197,0.48141570428869934
89928,1924856,0.48140891321276486
89928,7034355,0.4805358284149263
89928,7379391,0.48017658811597236
89928,349843,0.47878539809848364
89928,3019937,0.47800111484811436
89928,5721803,0.47691568295201164
89928,8404959,0.4768670119668288
89928,956202,0.47681886166592913
89928,5850201,0.47658876005958356
89928,454267,0.4744724862260494
89928,487845,0.47437732684958334
89928,3019934,0.47356228483939333
89928,124056,0.473474567548054
89928,5622782,0.4706088584542211
89928,5804235,0.4703081011346131
89928,2815976,0.46891866823207484
89928,482084,0.4668049357552176
89928,5510567,0.46576336941463925
89928,5718328,0.4655120085737264
89928,6015540,0.4650364733035152
89928,5242644,0.4640365594829352
89928,6447010,0.4639348955664259
89928,4979732,0.4638788660879425
89928,3025115,0.46318633294033573
89928,3471751,0.46318633294033573
89928,2451349,0.46302945075403623
89928,3229913,0.4628580753461507
89928,400625,0.4626507338657222
89928,5860985,0.4624365680293542
89928,2587805,0.4622300367147842
89928,152593,0.4622300367147842
89928,8551687,0.46201560175540957
89928,124057,0.46127076614771095
499920,2806546,0.4757816423638794
499920,8462930,0.37924051894742233
499920,362805,0.37420418234262437
499920,2806539,0.3691761957787843
499920,168928,0.3419413502149104
499920,8462931,0.34153972145368205
499920,7971366,0.34017147394755676
499920,8462933,0.33120295739456157
499920,605551,0.32119783768698235
499920,988582,0.31686679136276097
499920,168926,0.2963865200772134
499920,988589,0.2961654885345432
499920,2683662,0.29323407429518994
499920,8487835,0.28848479692922213
499920,988580,0.28421249603123383
499920,2322551,0.2756528677864905
499920,1845024,0.27474832176258956
499920,168932,0.2635286917309918
499920,5408922,0.24999926061652536
499920,3491567,0.24972370805890576
499920,4057777,0.24666111898088852
499920,7931367,0.24611859793505855
499920,2683664,0.2454923006637075
499920,7971365,0.24392073966353045
499920,5317293,0.23597567263708988
499920,3138627,0.2342737544885133
499920,7421201,0.2299218751233725
499920,2981829,0.22388899642513505
499920,7947215,0.21925804583330655
499920,8373949,0.21701883634506128
499920,778122,0.213674464687437
499920,362808,0.2131583914613508
499920,7971367,0.21309222208718218
499920,5422762,0.20844467385511917
499920,7227656,0.20827834825459218
499920,6334551,0.2078736508160894
499920,1941628,0.2077695258855111
499920,6234172,0.20599831382700828
499920,7408344,0.20581107469163704
499920,3137963,0.20536946593974742
499920,7234277,0.20526422025228985
499920,7408342,0.2052598342401126
499920,4786963,0.20461415757664014
499920,1694798,0.20414225098825664
499920,2445126,0.20316410078902217
499920,4786961,0.20280848588864128
499920,1460940,0.20216087560587023
499920,4910561,0.20085162571573248
499920,3346849,0.19960026378490525
499920,3132223,0.19908996241693666
499920,1484152,0.1990470410156992
499920,8041769,0.198579509745761
499920,4050591,0.197748528199134
499920,7806596,0.19598269604939456
499920,5884945,0.19543299436751585
499920,3860286,0.19535700118546767
499920,712128,0.1953494564098951
499920,6491305,0.19516014766605416
499920,3335578,0.19498878299794256
499920,3060190,0.19482981817211176
499920,2985968,0.19467439374831305
499920,3563405,0.19395874062054214
499920,6189171,0.19351139048616223
499920,5887832,0.19328724895926927
499920,7709253,0.19286235399027524
499920,8128746,0.19189741549702832
499920,4802164,0.1918237790456243
499920,3629729,0.1915128550923478
499920,2165352,0.19043919740631357
499920,3034570,0.18810453805603852
499920,3381738,0.18778438794570593
499920,6627012,0.1873093023196458
499920,5818727,0.18678226270029397
499920,2359834,0.18670263506012755
499920,8646554,0.18666251615105522
499920,7529794,0.1862595002188331
499920,5297675,0.18595910239834917
499920,3675788,0.18574783017787733
499920,8027783,0.18531826167696946
499920,4922346,0.1852105594612992
499920,428056,0.18514374059919572
499920,4575936,0.18378024124872067
499920,2834408,0.18375416933029057
499920,917159,0.18333361692512987
499920,3132220,0.18287667370841043
499920,7462551,0.18229239680351936
499920,3319849,0.18227839988270034
499920,6097155,0.18203185243647096
499920,3112509,0.1816011082258277
499920,7529793,0.1814769467540539
499920,1035300,0.18129340476093644
499920,8364176,0.1807245986420297
499920,3996639,0.18069578787610813
499920,1772199,0.17960039101861547
499920,5310260,0.1794047980141854
499920,7408345,0.1786452015972975
499920,7408347,0.1785069421849973
499920,8671743,0.17785035491824736
499920,3860285,0.17686570465634632
499920,3220332,0.1759436479926529
527433,7105528,0.5792286751021162
527433,6186391,0.5683312698023573
527433,1212782,0.5640279448722005
527433,1101462,0.5321077692214043
527433,5466810,0.5311822934147087
527433,3774360,0.5289703172626158
527433,6897131,0.528108827054204
527433,269423,0.5232204827927797
527433,301243,0.5163829716348495
527433,2496224,0.5106718441642689
527433,1251475,0.5040089715402171
527433,7514088,0.5026228896153043
527433,7121927,0.5013498733280621
527433,1993699,0.4974387772765875
527433,7121922,0.49540084898418046
527433,1993691,0.4944127945117018
527433,4903731,0.4932248106729028
527433,269428,0.4876419357770393
527433,8322920,0.4869713681640132
527433,3973287,0.48611437022887083
527433,2004910,0.48031185864900394
527433,3786813,0.47608620176742533
527433,1007732,0.47285348908025804
527433,1187918,0.46926863995426943
527433,5629886,0.4667835917876632
527433,5501454,0.4593622894389089
527433,7105525,0.4585940246538045
527433,1212787,0.4579739910168913
527433,1212784,0.45781814516286634
527433,5629888,0.4572724202795547
527433,1251478,0.4478990213497178
527433,6743093,0.4478506371888606
527433,1542069,0.4451066983778348
527433,4046869,0.4447037609562624
527433,2018341,0.4444763470898522
527433,278402,0.4432521995359911
527433,8617275,0.44149114171565307
527433,5466811,0.43964547119268643
527433,1511552,0.43958665706174993
527433,278405,0.43886180553244136
527433,1101460,0.43753517020930877
527433,4958697,0.43588462163783726
527433,8617271,0.4356329350488243
527433,1721940,0.4347458615368848
527433,319844,0.431011425956894
527433,5466806,0.4305999656109132
527433,319839,0.4296865210417586
527433,7514089,0.4286684154196584
527433,8306451,0.4227289490495613
527433,2204102,0.4218329569644249
527433,4958696,0.42108781770628073
527433,269430,0.4184039329098344
527433,4046876,0.415397067560348
527433,269424,0.4153793908782037
527433,6038397,0.4151817440932348
527433,7347241,0.4150725931670031
527433,8371764,0.4135609069886898
527433,1753605,0.4130033737435394
527433,1537727,0.41199874705241485
527433,269425,0.41067938983007335
527433,2115119,0.40971815705833875
527433,91318,0.40971815705833875
527433,2845327,0.4096994614430881
527433,3786809,0.4096197774613625
527433,2045580,0.40938968540674897
527433,1212786,0.40904986327617765
527433,1079071,0.4084678477904959
527433,8306449,0.40743970553860226
527433,1101457,0.40615326655418416
527433,2981256,0.4060547649609905
527433,542041,0.4056878248163046
527433,1664518,0.4049246542426284
527433,6075068,0.4049163368070119
527433,4958693,0.40465195857547853
527433,3294600,0.40240985493173054
527433,6708081,0.4015376993597178
527433,6065681,0.4011074138278513
527433,1753610,0.3997009796823403
527433,1379240,0.3996801474162441
527433,4164075,0.3984892178622414
527433,1251481,0.39829522432919273
527433,301238,0.39823816547515134
527433,7607669,0.39791747125166815
527433,1379245,0.3960714045234727
527433,3973284,0.39533038640482276
527433,6038404,0.3952058864474117
527433,1379239,0.3940320761703837
527433,1317224,0.3939184780485256
527433,5603302,0.3924212672454839
527433,319845,0.3917635924212404
527433,4402995,0.39067011754361314
527433,6743092,0.3899359507825104
527433,3610972,0.3897407185772884
527433,1753603,0.3891853162842826
527433,269426,0.38744382501705893
527433,729489,0.38505282421320497
527433,5603301,0.3844286589807623
527433,4046872,0.38365731493141
527433,3466789,0.3829795032178309
527433,1317225,0.38222878861640425
40578,5462144,0.7616898941433684
40578,2627881,0.6966422490672193
40578,1471240,0.6694993809788816
40578,2276243,0.6648694595506015
40578,3808877,0.6648694595506015
40578,965329,0.6648694595506015
40578,1471242,0.6191531193547763
40578,597901,0.6152169610009952
40578,2208667,0.5957016235203957
40578,2627882,0.5705850900346051
40578,2208668,0.5677860777707002
40578,4645671,0.5662942846053883
40578,5462142,0.5619641820214328
40578,5489549,0.5588139087999486
40578,597905,0.5579794907305019
40578,2627883,0.5574737309682243
40578,1249073,0.5569569123350596
40578,41814,0.55070569434534
40578,597900,0.5416106184750498
40578,965327,0.5382701777192561
40578,2820143,0.5369269027456646
40578,6752471,0.5331413418884606
40578,6511213,0.5261817296364785
40578,3919066,0.5237137619137527
40578,2892822,0.5232958271654747
40578,41806,0.522826430056828
40578,3326790,0.506025489473035
40578,8602576,0.49738362393297564
40578,5756872,0.49738362393297564
40578,2892827,0.49572341629680516
40578,1844463,0.49476126244149493
40578,6184945,0.4937592357807633
40578,284725,0.4913647924010439
40578,965330,0.4913647924010439
40578,3326791,0.48821154655404253
40578,41811,0.48766896342998695
40578,4871462,0.4876066023110017
40578,126631,0.4864654911717597
40578,2627886,0.48607334067035735
40578,2898436,0.4834461549819391
40578,1249077,0.481439325663466
40578,335389,0.4811395309725824
40578,6660953,0.4785487359392654
40578,41805,0.4774342073499454
40578,4938029,0.47729814934093867
40578,1372108,0.4752694403175388
40578,6660956,0.4750337364096317
40578,5646119,0.4735101846993003
40578,5865248,0.47273622890437933
40578,2876756,0.47154251704136274
40578,402643,0.4714682583740686
40578,284732,0.4692989914832705
40578,1262649,0.4669383617248837
40578,4113339,0.46578682915333663
40578,1627010,0.4652753169012289
40578,87659,0.46523603128938196
40578,7352874,0.46335033965514233
40578,219063,0.46151529829427884
40578,5797937,0.46027117603088563
40578,5934412,0.4601204273856154
40578,5989589,0.45956861911278585
40578,5633864,0.45893641144531266
40578,375908,0.45843777726116947
40578,6857195,0.4580889080369409
40578,5194367,0.4578892155947445
40578,41809,0.4554344824406987
40578,4898841,0.454373565066562
40578,116729,0.45359141541545267
40578,6629653,0.4527453452997699
40578,2660524,0.4521582422827667
40578,2883122,0.452112634106888
40578,6167135,0.4474523702718058
40578,5089766,0.4474523702718058
40578,5462143,0.4472139042302452
40578,597899,0.4472139042302452
40578,4873684,0.4468802412859353
40578,1288091,0.4437311984722074
40578,7321132,0.44308961034900757
40578,5848863,0.4426426990621049
40578,4243618,0.4389699039367684
40578,5089764,0.43826082403736116
40578,1472711,0.4381903090009898
40578,2156598,0.4374420484493465
40578,8214568,0.4369631342146573
40578,1262648,0.43515202506753414
40578,295104,0.4350780138214226
40578,2373564,0.43456084525785255
40578,2373562,0.4339585409372112
40578,3076680,0.4339478978873932
40578,2338576,0.4334627621140141
40578,7999687,0.4322761700135525
40578,8244933,0.43196146058939416
40578,7999683,0.43065991343159193
40578,2414932,0.43045598568335314
40578,6929878,0.42993048291897407
40578,2876758,0.4286096286648064
40578,219066,0.4279648969387763
40578,8214569,0.4254590669670432
40578,17882,0.4252682816689967
40578,1519283,0.42435286918808907
694342,5565594,0.5526376319190368
694342,7206969,0.5071992182288148
694342,48240,0.49576093310152664
694342,4620143,0.4908437264459226
694342,1962164,0.4846718479673283
694342,383186,0.48442952381143406
694342,7206967,0.482866304548438
694342,6415305,0.45477035326357873
694342,544744,0.45431445699643436
694342,3242136,0.4515121273944328
694342,5348809,0.44771317114722575
694342,1043755,0.44360846410142124
694342,6305089,0.43632556600647426
694342,5348808,0.43350539682009986
694342,3242135,0.41906910237437817
694342,8617643,0.41043934932502985
694342,5348803,0.40747759066427613
694342,8069853,0.40451903377577586
694342,6415307,0.4043235405908106
694342,949864,0.400698826716695
694342,6562423,0.3942022391241499
694342,8069855,0.3842070816980298
694342,3242134,0.3840190370125299
694342,3504379,0.3838980307582739
694342,1291893,0.3784915381121057
694342,1291899,0.3692688721885413
694342,6881291,0.3606482225697214
694342,2886013,0.3591321506001243
694342,3522279,0.3577245475480324
694342,7567741,0.3566420719204057
694342,2103204,0.35424813285606277
694342,2103207,0.3520594008990432
694342,1291902,0.3500572380242541
694342,6278601,0.34988774746018103
694342,4631230,0.34843789444417483
694342,383192,0.34679068756659615
694342,2103210,0.3442334199674369
694342,7443555,0.34408378684980045
694342,3376745,0.3438309874402847
694342,383193,0.3437240777105816
694342,7567733,0.3407576872747113
694342,6816090,0.34014859158115185
694342,6305083,0.33860798298162814
694342,5461461,0.3359797001472452
694342,3549092,0.33338933350874167
694342,5348804,0.3318303522199787
694342,8154723,0.3315347437381927
694342,3242138,0.32751623749308045
694342,7490499,0.3259413922134563
694342,383190,0.32578506252124984
694342,3567714,0.3244024262714095
694342,1190386,0.324237789202327
694342,8113240,0.3205076893316771
694342,383187,0.3176769694496659
694342,3575298,0.3167048144162576
694342,6816087,0.3147704049535358
694342,1550226,0.3139739144412602
694342,1043753,0.313240638228309
694342,5133691,0.31103961297395427
694342,1100841,0.31096065721273924
694342,2247268,0.307926800965453
694342,7998776,0.30791275361515347
694342,938280,0.3061023272756123
694342,8121698,0.3038310216475013
694342,8168931,0.30285426024163115
694342,401013,0.30250954384030726
694342,7193460,0.3023223908651892
694342,48248,0.30227019953095113
694342,383188,0.3020071447611885
694342,5371920,0.2986799022894649
694342,5371924,0.2986799022894649
694342,3071466,0.29663959805464013
694342,7596907,0.29481902749270505
694342,6272578,0.2947871654465996
694342,3242139,0.2937659627646447
694342,5744253,0.29283629669811123
694342,7193461,0.29177623713891193
694342,5902573,0.29099254080707304
694342,7193465,0.2901612016834471
694342,5565595,0.2888712170823194
694342,7649586,0.2878115874313839
694342,2247276,0.2832310397449047
694342,725741,0.28042318065453664
694342,7800003,0.2795308693094461
694342,6816085,0.27874741821585214
694342,6816089,0.2711573045672334
694342,7567734,0.2711339910591959
694342,7206972,0.2710213108274189
694342,2117264,0.2682986569798594
694342,4316565,0.26676276438120955
694342,511638,0.26575064585269526
694342,7048339,0.263870343334361
694342,6816091,0.26373457228309366
694342,3504386,0.26133093428108156
694342,3911492,0.2599356396854805
694342,7206975,0.2597623643757097
694342,7464250,0.25706793928582766
694342,6278548,0.2565010972096671
694342,6749734,0.2562956441670358
694342,7193464,0.25536295887911764
1125225,2984532,0.6249960817661844
1125225,3101058,0.5972836433515591
1125225,4313512,0.5921012637693458
1125225,7643074,0.5864303858269219
1125225,4313511,0.5673091998405078
1125225,6310606,0.564403212102572
1125225,5932214,0.5632874298593123
1125225,5932217,0.5599851724380424
1125225,3915090,0.5524984277984883
1125225,4406282,0.5456447463267123
1125225,6192781,0.5447448583163429
1125225,6738498,0.5425867936234677
1125225,98239,0.5418003561992788
1125225,1549512,0.5404384813379052
1125225,7844959,0.5350123045310686
1125225,3435457,0.5197377280775417
1125225,1202649,0.5191061433522302
1125225,6738499,0.5185524601516244
1125225,6963061,0.5183769617254808
1125225,8554269,0.5160792551327484
1125225,3435452,0.5132328765789451
1125225,98237,0.5132201905474749
1125225,650797,0.5121624355835981
1125225,7099414,0.5121624355835981
1125225,2496750,0.5103624705806252
1125225,2678793,0.5092564563983863
1125225,1611666,0.5058332358599021
1125225,7516228,0.5056497004033975
1125225,6047636,0.5036680927576344
1125225,5506013,0.4989359093634834
1125225,586666,0.4988247761264509
1125225,6192778,0.4983589788355898
1125225,7419527,0.4922346231523796
1125225,631446,0.4901346804644771
1125225,2496747,0.48949064338257975
1125225,3435449,0.4891882718794095
1125225,3101056,0.4847810091781071
1125225,681074,0.48203699501929076
1125225,6201335,0.4815240015072715
1125225,4191382,0.48113149776803227
1125225,3989351,0.48049944858498955
1125225,4922909,0.48034805007449627
1125225,7162698,0.4771681792735558
1125225,4791453,0.4755283382119678
1125225,840576,0.47476545799604
1125225,5353892,0.4746446502200771
1125225,3546820,0.47445081530947103
1125225,4406287,0.4733044556149417
1125225,4406279,0.472912174770423
1125225,3913465,0.46890655566570516
1125225,3101055,0.46877261264215286
1125225,3546817,0.46770582271487376
1125225,8710448,0.4667520761081719
1125225,681073,0.4661011021855059
1125225,4449583,0.4658070284147457
1125225,8387259,0.4643284991192623
1125225,1963669,0.46373701367895637
1125225,661025,0.463525956001352
1125225,6738497,0.462880028200749
1125225,1478499,0.461771389343108
1125225,8292316,0.4609926184177454
1125225,1905955,0.4599585307348377
1125225,7516231,0.456244554151099
1125225,6201336,0.455098630152747
1125225,7516230,0.4539498496401211
1125225,2428605,0.453724901691919
1125225,3546821,0.45296957623479867
1125225,5831487,0.4525932019730292
1125225,2460323,0.45216953603506016
1125225,8337950,0.45176964710783984
1125225,4922901,0.45130319364719657
1125225,7802940,0.4510917552735368
1125225,5779086,0.4507273279158251
1125225,2496748,0.45065653105113945
1125225,3159827,0.4505250297876586
1125225,7362767,0.45029340558844033
1125225,6962270,0.44848585069369634
1125225,840575,0.4463020483590411
1125225,1875616,0.4462473806281476
1125225,6287916,0.4462341500880847
1125225,8620457,0.44608606786685256
1125225,1147429,0.44553672493210783
1125225,2926716,0.4453336417114779
1125225,1675637,0.44503796243851634
1125225,7273358,0.44217383478093275
1125225,855375,0.44167108492591356
1125225,3362188,0.4395324095209559
1125225,8292320,0.4394401561244813
1125225,3922365,0.43887424126151087
1125225,5797541,0.4382426712698677
1125225,7141904,0.4376309578070838
1125225,7162696,0.4373013763995386
1125225,3518653,0.43649675074088556
1125225,1531262,0.4350776248152278
1125225,5785871,0.4348835657199092
1125225,681072,0.4348367777115512
1125225,7616385,0.43473536705323906
1125225,5276884,0.43433644349144784
1125225,7515659,0.43429883459065344
1125225,6545709,0.4339280123097222
1136427,2239906,0.46981377786950546
1136427,1367555,0.4667128425560986
1136427,8025604,0.46512594696288084
1136427,1290234,0.4471464530693107
1136427,2381167,0.4438933817976053
1136427,494310,0.4367151477774746
1136427,2239911,0.43520516069620996
1136427,2239909,0.4342747196592452
1136427,7612575,0.430919152328712
1136427,2239903,0.42080537528809736
1136427,7885838,0.41729546115634575
1136427,7612574,0.41578662781410963
1136427,494311,0.4150783324276511
1136427,6394664,0.4080487515762135
1136427,1287837,0.40393575482211885
1136427,7885842,0.40365740103063735
1136427,5512736,0.4032211399182157
1136427,5585681,0.4015582108819734
1136427,5819147,0.40145541860640443
1136427,5234048,0.40112390345073085
1136427,5712693,0.4007925548413512
1136427,2028152,0.4004875736228931
1136427,1664701,0.39926300696136846
1136427,5149215,0.3972636741066557
1136427,5030462,0.3963147306190015
1136427,4407613,0.39546215991638084
1136427,4405192,0.394710848446463
1136427,4565927,0.39303282369025083
1136427,8289444,0.388842138610205
1136427,8036171,0.38650800256143764
1136427,4407610,0.3861589135104918
1136427,1250190,0.3853286541990998
1136427,6720511,0.38476049562420506
1136427,4374274,0.38348245128541947
1136427,857645,0.38185893653826214
1136427,8242462,0.3815374795916171
1136427,8135882,0.3809162160682307
1136427,5901095,0.3806616823248855
1136427,1664709,0.3805383585436302
1136427,3529048,0.38042071634495367
1136427,4257386,0.3795415866924059
1136427,494315,0.3786537098340939
1136427,4405193,0.37839900477951427
1136427,8804702,0.378023621587238
1136427,6720506,0.37778977389031393
1136427,5161652,0.37762883892818383
1136427,494313,0.37669414055469613
1136427,4565929,0.3766470819110603
1136427,4585346,0.37585762935021116
1136427,8723553,0.37548950670486764
1136427,2061892,0.3751301506174316
1136427,560551,0.37428142943940257
1136427,4585348,0.37421417765085985
1136427,519777,0.373638331735901
1136427,2573000,0.3734697541415405
1136427,8306667,0.3730908698085746
1136427,6125336,0.3730391024714667
1136427,1038891,0.3729124482492888
1136427,5049939,0.3725171767060416
1136427,3529045,0.37230384788886023
1136427,7943916,0.37188260966060366
1136427,221481,0.37121508097328915
1136427,5044255,0.37121379430044305
1136427,1038885,0.3705621373331735
1136427,5149214,0.3702886834755849
1136427,7783846,0.37005207540952156
1136427,1513844,0.36912899552382045
1136427,5049940,0.3681964711886465
1136427,3529043,0.3679904755218244
1136427,5407541,0.36718864889690817
1136427,5030466,0.3667865946773155
1136427,3242160,0.36676675628247185
1136427,1872378,0.3662782792676509
1136427,5149213,0.366044180204474
1136427,5472100,0.3659551974378562
1136427,1564238,0.3652879942715903
1136427,4028724,0.36490998327488905
1136427,4424578,0.3646966761693029
1136427,2842000,0.3645931479108409
1136427,1664706,0.3642947433946506
1136427,4585350,0.3637152498530461
1136427,560558,0.3633018360980706
1136427,5200146,0.3631214825245398
1136427,5483572,0.36301934835610666
1136427,3495827,0.36301830952528696
1136427,8723554,0.36269750704569337
1136427,5804699,0.3626459941287791
1136427,2518272,0.3625151882267858
1136427,1872377,0.36216868124922474
1136427,1728590,0.36185665083002694
1136427,3699839,0.3614744428343736
1136427,6566160,0.36130385211134497
1136427,1564230,0.36121126973572026
1136427,6006872,0.3608772726551949
1136427,4028725,0.3608457615804523
1136427,915136,0.36075293508806283
1136427,2841999,0.3605393862686677
1136427,7017883,0.3588884189303458
1136427,3912300,0.3588371776509562
1136427,3242154,0.3583758751952965
1128856,8618712,0.7346213636444519
1128856,8618711,0.6389623089048639
1128856,8083043,0.6009496982710615
1128856,8083040,0.520834594021218
1128856,8618713,0.5200068325175754
1128856,5778787,0.5151022697331397
1128856,8083037,0.49766712535477686
1128856,313935,0.4790993495694979
1128856,851542,0.47714293874270747
1128856,5933016,0.4737085297970494
1128856,158699,0.47067274616244076
1128856,6220408,0.47064083589389966
1128856,5595878,0.46875387486883574
1128856,695606,0.46344611228813837
1128856,8618714,0.46290303034355385
1128856,7683879,0.46212726512840374
1128856,482433,0.4571065009644557
1128856,8618710,0.4550886681420056
1128856,6734611,0.4484457463224149
1128856,3585203,0.4477970551303422
1128856,6074459,0.44657004174680376
1128856,6220403,0.44408272453862696
1128856,8618708,0.4360427632333818
1128856,5062339,0.4333004888545921
1128856,1319095,0.43038139913531903
1128856,8083038,0.4291655095591522
1128856,3744607,0.42694358859684606
1128856,6533869,0.42372586334817636
1128856,1319096,0.4202141169587453
1128856,5879554,0.412952639913934
1128856,8618715,0.4128996401131937
1128856,5933017,0.39995671090767315
1128856,5579681,0.3960944798046603
1128856,7806932,0.3922266033763971
1128856,4129668,0.3902643861371615
1128856,5500415,0.3885292133599347
1128856,6533867,0.38180264436121397
1128856,8618706,0.37772299266547643
1128856,5933022,0.3740244756609716
1128856,4715949,0.36581715445498064
1128856,5933021,0.3658145737325479
1128856,5933018,0.3656374010072791
1128856,4311092,0.3623429872509441
1128856,4871105,0.3534050308530656
1128856,480484,0.3502460432143581
1128856,851541,0.3444752679300225
1128856,5933025,0.34418324881621215
1128856,1616310,0.34329112891462843
1128856,7095560,0.3432895783396169
1128856,7395547,0.34272447572059955
1128856,6177653,0.3397970099959117
1128856,2355781,0.33813098320288393
1128856,5875954,0.33486767116082256
1128856,3070488,0.33271371318348886
1128856,3711791,0.33248979785569827
1128856,7505425,0.33078356237675927
1128856,832417,0.3295094684078455
1128856,127081,0.3289835972298015
1128856,7855447,0.3278948382052915
1128856,3051965,0.3276316980709117
1128856,372285,0.32731468707035904
1128856,6177649,0.32672252223831016
1128856,4453033,0.32417285058390183
1128856,5445652,0.32383028841592354
1128856,5933020,0.32156055371103043
1128856,8314064,0.32150645951180257
1128856,2793800,0.31992163547573543
1128856,6177652,0.3181867211408575
1128856,1389973,0.3167939801433633
1128856,5457151,0.3155561721598556
1128856,1058815,0.31457677112349014
1128856,1058813,0.3142906303145654
1128856,6948042,0.311307805909333
1128856,8243094,0.3111972542443623
1128856,4299302,0.3108689789453784
1128856,1616312,0.3073854325234591
1128856,5807079,0.30693482812505196
1128856,5457150,0.3063888491897557
1128856,6756799,0.30429658655344016
1128856,1058812,0.3038099203875471
1128856,7437865,0.3038099203875471
1128856,6313945,0.3028786523804624
1128856,3202806,0.3028786523804624
1128856,8388483,0.3028786523804624
1128856,5787754,0.3021946368998206
1128856,2887588,0.3016996591935081
1128856,5578360,0.2997370668889387
1128856,2376530,0.2997226990237387
1128856,1033996,0.2993360035873412
1128856,2772843,0.2989218824216851
1128856,2505021,0.2979432076216421
1128856,7601002,0.29741314048673495
1128856,6001757,0.29717317019489203
1128856,3468489,0.29703587970493595
1128856,851537,0.2970148984450182
1128856,4911816,0.296561178629587
1128856,6001755,0.2964036938102669
1128856,5933024,0.29591509225404866
1128856,2861006,0.2956703972463833
1128856,4082974,0.2956048533371735
719381,151258,0.5721696501729346
719381,981072,0.5648493354378042
719381,4588267,0.5564783558513892
719381,160655,0.5519032224672982
719381,5605716,0.5518948180109301
719381,4588270,0.5485443452793575
719381,7689804,0.541717355224686
719381,6921271,0.5384402534136352
719381,4588271,0.5355171089991295
719381,7132597,0.5228398591091548
719381,4588272,0.5105142045228476
719381,4012955,0.4981795545169156
719381,7605008,0.49783920991129516
719381,1234558,0.49122714866938405
719381,5117472,0.48742192044088545
719381,7016787,0.48173524794909
719381,8105171,0.4801571870464297
719381,8094127,0.47605611586403856
719381,4261712,0.4759035981691242
719381,314514,0.4751503994121575
719381,239637,0.4751113578962626
719381,5874333,0.4749736774661326
719381,282642,0.4740691071919655
719381,7899946,0.47404129799355316
719381,1156185,0.47358085754820034
719381,863708,0.47103368362641557
719381,5321345,0.4704935506598171
719381,1774937,0.4677850086191796
719381,282645,0.4676996547951149
719381,4960464,0.46670282999758445
719381,7174079,0.4665032922854371
719381,427422,0.4631727302064921
719381,7219524,0.46126403347967815
719381,7580035,0.4599348999184231
719381,4960459,0.45924127209031435
719381,3569291,0.45792590979224856
719381,1914317,0.4542806879269307
719381,5117470,0.4532815703479274
719381,7689808,0.4511586039937492
719381,2854135,0.45038125395719364
719381,2036372,0.4481788310191527
719381,5250974,0.4480735067964077
719381,7605011,0.4478497606091983
719381,7162494,0.44774394715082727
719381,5348901,0.44767517636557974
719381,3383428,0.44742289368433735
719381,5114684,0.44716359482608503
719381,1510233,0.44674650034922925
719381,3285359,0.44270710791012924
719381,2194520,0.4424279055938625
719381,5349076,0.4422978902945339
719381,4854368,0.44158435776438737
719381,6682341,0.4412134204826191
719381,569140,0.44106778102961963
719381,7463372,0.44023658076160144
719381,3699370,0.43976924332083706
719381,4075221,0.43963161025638875
719381,1623955,0.438128471265377
719381,7898433,0.43679293282030485
719381,6569717,0.435937231352797
719381,7691212,0.43439553622372024
719381,7121634,0.4336203610033688
719381,1064918,0.4329075964126815
719381,220952,0.43270049840293345
719381,220953,0.43270049840293345
719381,8667947,0.4303021151699264
719381,6717312,0.42881765112326437
719381,4652584,0.42803956219179445
719381,7310659,0.42695881152077714
719381,168352,0.4248210290005199
719381,8801550,0.4225157266630177
719381,7936766,0.42147425751374057
719381,1354854,0.42109439513833313
719381,481342,0.4205749177806206
719381,4449518,0.41996025059105413
719381,4588269,0.41956576551446756
719381,1782334,0.41860957452889674
719381,1623950,0.4186030916367689
719381,7605007,0.41817248970767035
719381,2133242,0.41684037126336776
719381,778328,0.41684037126336776
719381,8597103,0.41591151793326286
719381,5424464,0.41535716139289475
719381,3818844,0.4146707889885972
719381,4934750,0.414057923613252
719381,2617907,0.4137830295997054
719381,3505457,0.4130382215518928
719381,6558227,0.41245663566622354
719381,7016786,0.4120468971622702
719381,3068286,0.4105823840290506
719381,290076,0.4105732512962321
719381,8644208,0.4105234369899661
719381,2397528,0.40907659049111095
719381,5231317,0.40849819809454085
719381,2907372,0.40770607892766125
719381,5117468,0.4065887626608934
719381,7306950,0.4059855985891685
719381,7463371,0.40530336128664635
719381,6297801,0.4029157057246012
719381,3923586,0.4026120837055551
53175,2348436,0.455864067510843
53175,4474059,0.43168985156178924
53175,2451720,0.38776617653081263
53175,3575633,0.36843864773414753
53175,1270423,0.3665157825549978
53175,6062289,0.36373622747503626
53175,3575632,0.34816642238515155
53175,479863,0.34217547813512517
53175,3575631,0.3397472294214818
53175,1058435,0.3350913791069455
53175,479864,0.33410925469275915
53175,7489592,0.33132644269441647
53175,2235344,0.3295256521214149
53175,6636482,0.3279637553792054
53175,2646417,0.3274500164496341
53175,1058432,0.3217311657816275
53175,7811556,0.31819754656157995
53175,1203854,0.31485297709040583
53175,4535659,0.31407581079349345
53175,6636483,0.3123703459413289
53175,1410837,0.31236510596575945
53175,479865,0.31142998786483117
53175,4478435,0.3105954947590415
53175,5103808,0.3105008423550613
53175,5925084,0.3072614474155307
53175,3235092,0.3049481772274619
53175,2331805,0.3045822437365479
53175,4474060,0.304489983024834
53175,6621349,0.30403144163529466
53175,2027057,0.3020363836389078
53175,8565386,0.3019167156478856
53175,3564381,0.3018553912049916
53175,479859,0.3009915673941905
53175,5925083,0.2968809486977385
53175,8565385,0.29677552603032736
53175,4868178,0.29449244408206726
53175,579789,0.2926520285387506
53175,8480596,0.29227378308074364
53175,5652638,0.29161997834804826
53175,5652641,0.29161997834804826
53175,5513454,0.29075803676222933
53175,6414764,0.2903504652874602
53175,4277117,0.29029372474761506
53175,7266601,0.28970119299865654
53175,5513452,0.2874944660855141
53175,2591237,0.28654241391423474
53175,8565384,0.28444092343143923
53175,5016007,0.2831072455053775
53175,583924,0.2830032953725538
53175,5925091,0.28252477462427367
53175,6922739,0.2802381051069727
53175,2348438,0.2800642826855048
53175,4128309,0.27973297407857234
53175,6911521,0.2778059396081175
53175,7253483,0.27771038783142
53175,5864891,0.2765026841584475
53175,4128312,0.2757262500881691
53175,5925089,0.273828703332048
53175,2325225,0.2734373333112332
53175,2426515,0.2717650979954729
53175,5144137,0.27169212625717104
53175,836090,0.2714094822100823
53175,5512759,0.27099512673398424
53175,5512760,0.27099512673398424
53175,7403381,0.27008718692210576
53175,7069117,0.2680028322638221
53175,3735095,0.2676356071820529
53175,468175,0.2671747456179925
53175,5358488,0.2654262961969955
53175,5872109,0.2639915860723472
53175,5775590,0.26364142857262374
53175,147858,0.26349746571492055
53175,6598,0.26341409167791824
53175,7773599,0.2624855697778819
53175,8143800,0.2616164032977057
53175,71828,0.26088374174052875
53175,3452829,0.2606195118898627
53175,3311577,0.2597995329910101
53175,2954510,0.25909988317703114
53175,7906704,0.2590718751933728
53175,4523936,0.25877880081668125
53175,3013080,0.2579925542835447
53175,4714569,0.2579192462181117
53175,1218403,0.257476938625672
53175,2945354,0.2568988832906642
53175,6593772,0.25657329597053774
53175,3411066,0.2561931569028686
53175,6740997,0.25519861580188774
53175,7828157,0.25519624517512035
53175,2786677,0.254554975937207
53175,7253484,0.2544017581309454
53175,5405761,0.25425680587920346
53175,5209185,0.25423342819777084
53175,7090733,0.25389642412233293
53175,3034362,0.252899934241082
53175,6363818,0.25257760811205404
53175,3269086,0.25248097164521177
53175,7078309,0.2523625968637325
53175,5435316,0.2522309336622372
53175,2786676,0.25190638818592986
131651,8334290,0.5779591385089223
131651,4599676,0.5168974686737767
131651,7825212,0.4926369992739239
131651,6983085,0.4842475176365259
131651,7895096,0.4785261992365704
131651,6983081,0.446695900054223
131651,5658050,0.446695900054223
131651,3695982,0.44645260378021867
131651,4599679,0.4340536761266025
131651,2551848,0.4339079083650837
131651,8724468,0.4277047244813367
131651,974425,0.41998272147670657
131651,1490196,0.40918351781318646
131651,2062607,0.39924726333974264
131651,4254836,0.3987118535623702
131651,3816120,0.39291165800903977
131651,867563,0.38857190905553474
131651,4599675,0.38285746906152684
131651,974426,0.38097400580422364
131651,7322143,0.3740837824985224
131651,4386031,0.37056098180393415
131651,3169272,0.3695014898836197
131651,3169274,0.3695014898836197
131651,4386032,0.36883943795199414
131651,5658054,0.36577492314950033
131651,8137502,0.36402467205997696
131651,7124341,0.36187882202868954
131651,4636782,0.3599544564079118
131651,6983084,0.35085252113668486
131651,2062600,0.34989793485139387
131651,2062602,0.3498210919010621
131651,5658048,0.34772382598536034
131651,1370551,0.3473713692771428
131651,2133746,0.34420794218505407
131651,1502650,0.3423406761772935
131651,974420,0.3423406761772935
131651,677176,0.3420113297497259
131651,3169276,0.33736399189456084
131651,3169273,0.33736399189456084
131651,3816122,0.3361813202671731
131651,1941266,0.3347433803947521
131651,7571050,0.3328914841548604
131651,578718,0.3328282236600014
131651,1370553,0.33247903413134183
131651,5382171,0.33206920491020364
131651,974428,0.32551494651174934
131651,8771425,0.31988318167399504
131651,1994086,0.31914848281652314
131651,7012970,0.31804271043362176
131651,3493842,0.31700563935252735
131651,6583817,0.31408724447899533
131651,184783,0.31255521722022556
131651,4527148,0.3125219952472862
131651,4903242,0.31040775411787586
131651,8334292,0.30792081713004654
131651,228040,0.30757758746142233
131651,4527150,0.30696187769259037
131651,7554989,0.30670456081214736
131651,626271,0.3065386838565708
131651,8195113,0.3045116474678844
131651,455055,0.30287108597793044
131651,3350619,0.3013023687217832
131651,1502647,0.2992592100646132
131651,2133752,0.29626256863533895
131651,7628608,0.2962533886481315
131651,4527154,0.2958751477715811
131651,1658452,0.2939180761639288
131651,7571052,0.29371396838626523
131651,5585471,0.2930872049338364
131651,4599677,0.2921115960642835
131651,2133747,0.29108172898427703
131651,353984,0.2905716034269137
131651,32616,0.2902532081817187
131651,6583821,0.28330058773370653
131651,2698689,0.2825194762750886
131651,7554990,0.28116683558331923
131651,6803548,0.2782453854895818
131651,5585478,0.277778653151062
131651,3884881,0.2739310602356968
131651,4386033,0.27338083289300535
131651,677184,0.2701060529504092
131651,6478038,0.26737675348988094
131651,4421235,0.2663536618042599
131651,7564256,0.26626316941774586
131651,2551853,0.26480027047024285
131651,2551851,0.2642871587229905
131651,8043566,0.26401198192752584
131651,8127857,0.2637927913727872
131651,2133749,0.2633972660137122
131651,97739,0.26262875082740056
131651,2584586,0.26089615497356994
131651,7554988,0.2606825491090989
131651,7004624,0.2600742201304676
131651,6897563,0.2599364394206459
131651,1658449,0.25724746767645196
131651,6418061,0.25502990736331105
131651,3350624,0.2543013029935962
131651,4248337,0.25361307860780735
131651,974421,0.2528025355399283
131651,3968174,0.2525297738161752
1037798,4296396,0.4815705361038983
1037798,8451820,0.4724160501699953
1037798,8760867,0.4539289258150265
1037798,7019991,0.4491880890583573
1037798,4978171,0.4422399075163907
1037798,3498562,0.42130828375196955
1037798,8760873,0.4162414560500422
1037798,2540690,0.41593997738826577
1037798,5888975,0.4128495608230789
1037798,8451823,0.41122707509863354
1037798,1639088,0.40683481736240845
1037798,7081475,0.4032937450720803
1037798,2027587,0.39996511503765986
1037798,5280267,0.3986867392487205
1037798,256796,0.39554256001594706
1037798,2027591,0.39269922542751956
1037798,8451818,0.38854109326060643
1037798,930052,0.3884769637454962
1037798,2027590,0.384112539780155
1037798,2403951,0.38220582945146775
1037798,8402857,0.3804622496974355
1037798,7854017,0.3802367703632552
1037798,8760864,0.38007765432256824
1037798,8402860,0.37995585064129095
1037798,1720808,0.37598245789480755
1037798,4729710,0.37542565421876833
1037798,3620983,0.3749691850597645
1037798,8224675,0.37382360327731634
1037798,7952248,0.3702398759635668
1037798,4916597,0.36970040808094906
1037798,8446652,0.36942943099867764
1037798,408448,0.3681641343332611
1037798,3150376,0.36803072991112284
1037798,304381,0.36766125454074805
1037798,4092426,0.36749956954889673
1037798,8224672,0.36479987888243826
1037798,8780808,0.3638573952526219
1037798,3641634,0.3638308732982577
1037798,5904351,0.3637566491504887
1037798,4092424,0.3635063094982446
1037798,6279828,0.3632055363135143
1037798,8385580,0.3626434104894246
1037798,131115,0.3610745153000179
1037798,5732889,0.35941565262067326
1037798,1487601,0.3583958833793307
1037798,4375824,0.3581635065995192
1037798,2213411,0.35693808598446547
1037798,8402859,0.3560457607865318
1037798,5732886,0.35578060744450285
1037798,1787250,0.35555961183659157
1037798,835829,0.355304416102938
1037798,1482667,0.35439407325517985
1037798,3141054,0.3531665860928649
1037798,2157456,0.3516389333288015
1037798,4297405,0.35142260616871074
1037798,1604410,0.3511613537556233
1037798,6921843,0.35012337724577863
1037798,5888968,0.3492531725262494
1037798,156414,0.3480615375311388
1037798,8198476,0.3465752327180961
1037798,3624951,0.3456583083684943
1037798,6378122,0.3456200140549351
1037798,2254133,0.3454325780968599
1037798,8164160,0.345413466737234
1037798,7081469,0.34529865993790987
1037798,8402862,0.3450434747707461
1037798,8402854,0.3450434747707461
1037798,7164330,0.3444440935728746
1037798,7081470,0.34361340512419675
1037798,6155141,0.3430957539176794
1037798,8510914,0.34186081089307874
1037798,2592348,0.34061129226346964
1037798,6131643,0.34057004615827086
1037798,3926205,0.34048071390103174
1037798,5732893,0.3403013129873679
1037798,8676394,0.3401686786800929
1037798,744919,0.3398521152447701
1037798,408449,0.33944700167928626
1037798,6948715,0.3394290639017831
1037798,4788859,0.33886930542530325
1037798,4387163,0.33836881388236917
1037798,5280262,0.3382647480896614
1037798,5768059,0.33806132334383393
1037798,1808575,0.3377691927204406
1037798,6943532,0.33749647665377597
1037798,3681010,0.3367251389168129
1037798,8417092,0.3361454365799814
1037798,224776,0.33518530423358656
1037798,4931981,0.3349146129494683
1037798,8760866,0.33369792481479804
1037798,7854013,0.3311188595053729
1037798,5280265,0.3305123909441245
1037798,452036,0.3301496022364488
1037798,1208969,0.3296515187369776
1037798,6526051,0.3280141822192012
1037798,6412269,0.32692484685536055
1037798,6155139,0.32648912146690695
1037798,3150377,0.3264688648045533
1037798,2634474,0.3257491607024332
1037798,4075483,0.3248253958592226
915593,1396707,0.5927816289945723
915593,6923052,0.5857692037830674
915593,3538164,0.5105240200027438
915593,275732,0.5050421659581352
915593,1772930,0.4984555317707842
915593,7837084,0.488594743073494
915593,1396701,0.48044218781520776
915593,82109,0.4793480043074969
915593,82113,0.47933221648664537
915593,82107,0.4558916099950093
915593,5931265,0.44313525549541577
915593,8178998,0.4358096751975291
915593,3538166,0.42553653448109785
915593,3538165,0.4250059209800128
915593,2210598,0.42235720644502595
915593,6761343,0.42096459882079484
915593,3573479,0.4178983836863696
915593,6923055,0.41681174812512023
915593,3890492,0.4092796286568245
915593,8455301,0.4048319042856031
915593,5931270,0.4036058653675737
915593,7742098,0.40145334373574515
915593,3452684,0.4002038697884963
915593,5931271,0.3974990240302652
915593,3523599,0.3948854062080206
915593,2210591,0.39077344471326075
915593,7885529,0.3900614194611199
915593,5931269,0.38934812720759354
915593,3538163,0.38575722197100265
915593,8103065,0.383736434648994
915593,5272079,0.3760717111149838
915593,3485338,0.3745533051851557
915593,8178996,0.37336938370480127
915593,210379,0.3716089965085256
915593,3573480,0.3704543975641712
915593,6832718,0.3695849769351565
915593,6761345,0.36929565049963936
915593,8029530,0.3691448703805747
915593,2210593,0.3676849989639129
915593,8103067,0.3676244647359998
915593,8402972,0.3671772091204079
915593,2923496,0.36479624642481406
915593,8178999,0.36448494053255936
915593,4566819,0.36198943949934625
915593,82111,0.3612419913812912
915593,8179001,0.3593147435178506
915593,5931264,0.3588906680172916
915593,3538162,0.35873526168816083
915593,8029533,0.3581502183542335
915593,7837086,0.35620907485876
915593,4691129,0.35178090254352634
915593,2923497,0.35080469562817196
915593,3538159,0.3502679462452797
915593,4566824,0.34917053973174045
915593,8178997,0.34912404724882956
915593,1396704,0.34690408229070385
915593,8179000,0.3403285066158334
915593,3357360,0.33799449842914114
915593,2923494,0.33789950105557365
915593,275728,0.3363618374897618
915593,3523602,0.33068932864593853
915593,4566816,0.32896924079073636
915593,6278477,0.3289386722688519
915593,4566818,0.3281331887236171
915593,6923050,0.3274338698996278
915593,82105,0.325960833046128
915593,8455302,0.3253048903725988
915593,1772932,0.32516125774927745
915593,8005414,0.3251439254685909
915593,5931266,0.32078974269295957
915593,7861749,0.31925956149719936
915593,8103063,0.3170759206885605
915593,5931262,0.3143865921299094
915593,8455304,0.31308340603184687
915593,3573471,0.3115157889428953
915593,2210594,0.31001895337073754
915593,2210595,0.31001895337073754
915593,6761346,0.3095448683436121
915593,3710119,0.3086840471933939
915593,2923498,0.3084569694229636
915593,3452683,0.3083919311550395
915593,9981,0.30808034517260857
915593,4566823,0.30743208701064006
915593,8402973,0.30525699862264993
915593,8103068,0.3049069167468575
915593,8002853,0.3046569414554568
915593,8455303,0.3046098731829877
915593,2744909,0.30381314543404075
915593,3450898,0.30371348940603043
915593,7099873,0.3035887714577449
915593,7861756,0.3014283232828936
915593,2210597,0.3009128429512182
915593,6923053,0.3008805181902784
915593,5931263,0.3000289838440137
915593,4566820,0.2997512532850245
915593,8455306,0.2984513330001206
915593,8029524,0.2981444681284725
915593,8005407,0.2978157203543
915593,7861750,0.2973065914967216
915593,3143377,0.2966047972042514
264014,1610712,0.6769659513130007
264014,6641238,0.6713638709980051
264014,6337909,0.6229212160914929
264014,4834547,0.6139502207587028
264014,1610714,0.598492640417913
264014,4834544,0.585543413168819
264014,96854,0.5800939284198747
264014,1473907,0.5440423935357657
264014,2873068,0.5406289660398845
264014,1804644,0.5242591705673324
264014,6501723,0.5191718976951475
264014,1610709,0.5149287209665552
264014,96857,0.5001725085712727
264014,7326934,0.4981500066319395
264014,528372,0.4980437111667288
264014,4955829,0.4976120214140025
264014,2572557,0.4871189044985091
264014,3666584,0.48594845567304645
264014,7317297,0.48117425228344285
264014,5328095,0.4772459304715505
264014,5611210,0.4768968941591054
264014,1313260,0.47685116835043495
264014,5688722,0.4724893998295868
264014,6413950,0.4694209640437896
264014,7133241,0.4659788666386211
264014,5583426,0.46501770225375605
264014,96852,0.4630969797471421
264014,5849270,0.45768729429711025
264014,5269173,0.45640960349824133
264014,5371877,0.45337471329473916
264014,4239610,0.44741214213967423
264014,323597,0.4372818757143362
264014,2498166,0.43639795456189945
264014,6105572,0.4357585309284614
264014,8531389,0.4320959213036765
264014,3577344,0.4319450998738575
264014,3338827,0.4305578855543473
264014,1313263,0.4242962297724793
264014,5950723,0.4218666932012095
264014,3988255,0.4207057719912351
264014,2616296,0.42018804022050893
264014,2223171,0.4196607721789424
264014,6000988,0.41796003588602176
264014,96859,0.4157571008251062
264014,5635519,0.4151348493207183
264014,6333839,0.4131677569324793
264014,2991665,0.4131171118719244
264014,8332119,0.41163087721453523
264014,375287,0.4091859146756054
264014,4825858,0.40809955170302326
264014,8332120,0.40809955170302326
264014,5950726,0.4062676891635322
264014,1890054,0.4055592340419303
264014,935825,0.4055485049860757
264014,4018134,0.4042152544133864
264014,276896,0.40379489135537117
264014,4513481,0.40267614486379977
264014,276898,0.4014174166581091
264014,8527486,0.4004562087650581
264014,2991050,0.40030052161115265
264014,276903,0.3998665804951668
264014,96856,0.3964275270302252
264014,6337908,0.3948039662900107
264014,1716850,0.3946873677362113
264014,5251485,0.39218005780221904
264014,7836967,0.3920248165716237
264014,2341245,0.3916157110806452
264014,4239616,0.39058438865622946
264014,8434175,0.39048698105635743
264014,1953596,0.38992280633387943
264014,1444280,0.3897244180728604
264014,2261411,0.3884733064263637
264014,4637979,0.38735532396522687
264014,8529563,0.3868315983088615
264014,2645231,0.38669099527044476
264014,5098726,0.3855329892189207
264014,1610707,0.385436389487155
264014,2616292,0.38348195153176257
264014,8332125,0.3828198727475694
264014,2472890,0.38122722276869186
264014,6877916,0.379750644951905
264014,1679655,0.3790480492664899
264014,5635521,0.37848193043550693
264014,7196300,0.37821722555477905
264014,2493623,0.3774500016362763
264014,2701931,0.37720679066647317
264014,2616756,0.3764360383572094
264014,5611214,0.37567883502512306
264014,5855691,0.3744333914088763
264014,6288386,0.37317773832986484
264014,2420367,0.37262536080426545
264014,5896177,0.37235884744224423
264014,61091,0.37199807754102854
264014,4016011,0.37117317094824864
264014,684617,0.3707710585540268
264014,6073171,0.3691504589864134
264014,5855687,0.3675139184312089
264014,717308,0.3667140238658593
264014,101089,0.36631778857505753
264014,2645229,0.36482604143671865
1121402,182370,0.7337389855481314
1121402,182373,0.70418546853334
1121402,5189913,0.5555221175768456
1121402,188217,0.535922651023275
1121402,6717342,0.5338807706519728
1121402,188215,0.518036251143378
1121402,188218,0.515646824917113
1121402,182364,0.5009042292646765
1121402,8052622,0.49189375433291627
1121402,182368,0.4869097731597538
1121402,7125983,0.4693088703439829
1121402,6717338,0.45564200788442794
1121402,3785310,0.4481358591355904
1121402,8052619,0.4297727470977117
1121402,7125978,0.4138081361778941
1121402,188214,0.4089515650762522
1121402,8052621,0.39385067173770494
1121402,188211,0.38558845388421065
1121402,1623219,0.383704555243519
1121402,6717336,0.37834346230685373
1121402,182365,0.37724890325359445
1121402,1623225,0.37624263667460905
1121402,188213,0.37138898460951386
1121402,182372,0.3670315018839252
1121402,182369,0.3670315018839252
1121402,8052624,0.3661700622043585
1121402,2741628,0.3646082775505264
1121402,1623224,0.3632248647309381
1121402,752297,0.3593213699061359
1121402,188210,0.35760795103401055
1121402,2614504,0.3550524148641968
1121402,7125985,0.35484537639796493
1121402,7125981,0.34944490753180846
1121402,4305982,0.3467029243880723
1121402,2741622,0.33688138503717796
1121402,6683285,0.33296771296332944
1121402,167779,0.33047592752531507
1121402,6392404,0.3294868751036659
1121402,1679028,0.32943745149754095
1121402,8487132,0.32657063586263596
1121402,3708987,0.32392246381163103
1121402,188209,0.3232686028666918
1121402,1679022,0.32138815709938195
1121402,4305985,0.3206765574351682
1121402,8644866,0.31988620154867464
1121402,4305983,0.3197358688424063
1121402,188216,0.3150705646703467
1121402,4177840,0.3120401243474793
1121402,5576722,0.30764186954718215
1121402,7477360,0.30630291178484903
1121402,5614621,0.30531780424540855
1121402,6683287,0.30506472919283567
1121402,8453588,0.304545895441803
1121402,6392398,0.3031771458719617
1121402,8487134,0.30247018038955575
1121402,8052620,0.2991682495603096
1121402,6717337,0.2918757881845788
1121402,7011506,0.29051832461902977
1121402,1702461,0.2878010780049674
1121402,96452,0.2872362155039787
1121402,5786863,0.2863898769508554
1121402,1702465,0.28562914813569706
1121402,8487136,0.2839306495703019
1121402,5816919,0.28339816937556944
1121402,6371843,0.28322705140817506
1121402,1471445,0.28193846204069756
1121402,5405183,0.27853814989587555
1121402,8795122,0.275323761934098
1121402,5431399,0.275323761934098
1121402,6929298,0.27502562741896114
1121402,4042707,0.2724473588241226
1121402,1702462,0.271889453721298
1121402,5614623,0.26887166179480515
1121402,6392396,0.26872556979728474
1121402,752294,0.2681221557796831
1121402,6392403,0.26598453440870157
1121402,8487133,0.2658604322640685
1121402,4673199,0.2657828621133326
1121402,4893520,0.2650975998002826
1121402,5614622,0.26461509009976886
1121402,6900252,0.26373720145939406
1121402,5993274,0.2627924361235159
1121402,3785306,0.26269076643697997
1121402,7572311,0.2591050792348974
1121402,8487138,0.25800619571398403
1121402,4727103,0.25732305807288286
1121402,7142994,0.2565086031693999
1121402,1905694,0.2491139583292025
1121402,8235730,0.24547053594735427
1121402,4727099,0.24298630409892877
1121402,1623218,0.24108567229591907
1121402,5614619,0.23604191328164462
1121402,6900259,0.2342976543559276
1121402,5538763,0.23056501631474707
1121402,501405,0.22978216903699888
1121402,7378389,0.22860577989961936
1121402,1104099,0.22814557379990144
1121402,4387583,0.226787500280564
1121402,3785309,0.2250036464408286
1121402,4974876,0.22361140000005694
962179,8689054,0.5897934135479583
962179,4309122,0.5807876877554397
962179,5773189,0.5476313674040882
962179,1006866,0.5047736208083249
962179,5773184,0.5019122053032783
962179,6898290,0.4976142512614694
962179,1006868,0.49585552303240976
962179,1006860,0.48810292869330774
962179,8811426,0.4873204897778696
962179,5653652,0.4831836744673908
962179,8689053,0.48063613199869243
962179,4606389,0.47362451491493407
962179,6898292,0.47238184649203246
962179,8689058,0.467937383683718
962179,3150561,0.46714185845377615
962179,372500,0.46714185845377615
962179,8785370,0.45385709965980897
962179,7126025,0.4451869092826052
962179,8785368,0.44298983629503963
962179,5427070,0.44106869526253767
962179,1006859,0.43930600778746043
962179,1006867,0.4370465752200924
962179,2929465,0.4311861911929638
962179,6980697,0.42957736108204814
962179,4606390,0.4292422424030724
962179,3705165,0.4292070656474105
962179,5919341,0.4266522952677306
962179,372501,0.42608165769922696
962179,4511498,0.42373263131454586
962179,6327380,0.42242796300805
962179,4511501,0.41972328546509957
962179,372499,0.4185453777178985
962179,8785373,0.4172020598893329
962179,6898295,0.4168215374963538
962179,4511504,0.4155327785046749
962179,5320368,0.4150279558404963
962179,5653655,0.41147954703550144
962179,2978870,0.41144216612187945
962179,6904865,0.41049033595366036
962179,758944,0.4093261427918836
962179,758947,0.4093261427918836
962179,348555,0.4093261427918836
962179,8689055,0.4082868856136769
962179,302865,0.4075164284258224
962179,3484529,0.4050469163753359
962179,3982060,0.40425847406006227
962179,8689056,0.40377139407463575
962179,302861,0.4008101014855374
962179,536178,0.3993151953701796
962179,5983917,0.3951600380930581
962179,8310476,0.39120662002591605
962179,4606388,0.3910697993194968
962179,3150562,0.39005247792326014
962179,6575567,0.3884406672026327
962179,3173623,0.3860635987849409
962179,2929469,0.3860026305199072
962179,1645080,0.3857618725764044
962179,2131893,0.38496411936637787
962179,6675261,0.3844918963374172
962179,5919338,0.3830402383915316
962179,2632688,0.3807924107481142
962179,8689057,0.378410832946229
962179,380356,0.3760902394233715
962179,5083983,0.3752100298013346
962179,4717426,0.37360140196083014
962179,1455225,0.3731560351241482
962179,2519265,0.3730512797805493
962179,7740715,0.37160366929479294
962179,529450,0.37081897134964853
962179,8159293,0.3706717133540339
962179,6575560,0.37032591877372684
962179,3422318,0.36952875499033183
962179,4146178,0.3667455564287747
962179,348553,0.3663871470292941
962179,4257873,0.3661782251715715
962179,306388,0.36554026595403993
962179,3828686,0.3654951220554566
962179,2610510,0.3645371631660037
962179,3442671,0.3633681267004447
962179,3422317,0.3628538802522159
962179,6214656,0.3598702390408883
962179,6222621,0.3597018536496726
962179,3033200,0.359638111737908
962179,5642479,0.3572556295556992
962179,6214660,0.35706861615865415
962179,3412884,0.3561963469860874
962179,5572865,0.35566946711500874
962179,4869975,0.3544749144885783
962179,5247211,0.3539607860071041
962179,8679221,0.35393948261278285
962179,2480390,0.3532162173109966
962179,931124,0.3527577303827501
962179,8768354,0.35238639019603285
962179,4864386,0.35154724475359045
962179,1101128,0.3507433302223479
962179,1006865,0.3484045164614498
962179,7826810,0.3483492735386968
962179,8785375,0.3477806010542757
962179,3139219,0.34636015528846276
962179,5931179,0.34620955838567796
1117099,103429,0.6227758876058495
1117099,6858988,0.5265379212450491
1117099,5699286,0.5155059706651784
1117099,114509,0.514913707697109
1117099,1854343,0.5071401696945423
1117099,5699291,0.48280263367717724
1117099,7278716,0.48050218579135145
1117099,3427785,0.4691904838487858
1117099,3427786,0.46579029578114345
1117099,5817491,0.46579029578114345
1117099,8144476,0.46559740231690094
1117099,2867224,0.4636374892620166
1117099,3973316,0.4636374892620166
1117099,3960678,0.4635094272321982
1117099,1542027,0.4633320838192959
1117099,7172078,0.4572658578339754
1117099,5597127,0.4560700756867544
1117099,6940549,0.45399111303017725
1117099,2194893,0.4461579359001635
1117099,3784399,0.4446260496067432
1117099,769819,0.44307428233006274
1117099,7278719,0.4376528119452903
1117099,7610601,0.43466120495211674
1117099,2109695,0.43242579358987177
1117099,2109699,0.4301052800330642
1117099,8019448,0.42807029745793684
1117099,5020960,0.42596128566219976
1117099,7431540,0.4247228715447859
1117099,714985,0.4237994159911124
1117099,6858994,0.4217227409400677
1117099,1632948,0.4207472659507091
1117099,1542023,0.4177226089412857
1117099,3019333,0.41765400217840715
1117099,951903,0.41294290885557106
1117099,5885776,0.4095950906689285
1117099,3104266,0.4052242158093597
1117099,1013796,0.4045388968018966
1117099,1013792,0.40314505354262536
1117099,4457444,0.4023043377450261
1117099,6858991,0.4012664635910705
1117099,3186369,0.40060004618500206
1117099,4001647,0.39904640047149886
1117099,8019449,0.39671999531298574
1117099,1013797,0.3965435629941244
1117099,5602219,0.3926336948910016
1117099,1257728,0.3911581198238382
1117099,5891131,0.3891328257279127
1117099,7610604,0.3877905283503041
1117099,2789022,0.38774312540792183
1117099,1850882,0.38709854107683916
1117099,2109696,0.38634517277954095
1117099,297115,0.3851574826421197
1117099,4001644,0.3818476452018988
1117099,2109697,0.37873327321677225
1117099,3135383,0.37819787937037325
1117099,1013791,0.37803794585633077
1117099,1692843,0.37787651742528505
1117099,5912490,0.3778706314130286
1117099,7317445,0.37681939598645786
1117099,4927902,0.37664941799317164
1117099,5795851,0.3756963124455697
1117099,7135561,0.37566979693145947
1117099,514314,0.3752934650997759
1117099,5699289,0.3750507860195744
1117099,2620705,0.37363881270516647
1117099,1721190,0.37363881270516647
1117099,3125343,0.3724419781676004
1117099,1123494,0.3721838399964295
1117099,3125344,0.37134568382465555
1117099,2292112,0.36937758218349953
1117099,3186367,0.3685655349220556
1117099,2128237,0.3664180609178794
1117099,5793496,0.3662310184860459
1117099,6622231,0.3662310184860459
1117099,1013790,0.36513717570996757
1117099,6411704,0.3645779352215158
1117099,6171068,0.36371432207057836
1117099,1620746,0.36343451964591006
1117099,8019445,0.362142368088136
1117099,5874020,0.36207346707752874
1117099,5354867,0.36159580317540696
1117099,4040437,0.36147423189108885
1117099,2292116,0.3607415580343302
1117099,5891129,0.36047465182131583
1117099,1445087,0.35973081921821604
1117099,3019334,0.359288226711434
1117099,671897,0.3582534837161202
1117099,1187172,0.35772596881785124
1117099,5602216,0.3567560537708745
1117099,6691414,0.35529548378532466
1117099,3200891,0.3540960026652815
1117099,47819,0.3534442920980095
1117099,1602606,0.3518684441259106
1117099,1187170,0.35155374584392424
1117099,3104265,0.35079048510537836
1117099,3833637,0.34995547295011786
1117099,6398909,0.34983551589033013
1117099,6858993,0.349591653629616
1117099,3125345,0.34953585021337846
1117099,7188819,0.34836760288895796
744366,8597232,0.5047569810870832
744366,8597234,0.4642776420735638
744366,1286409,0.44559979765180074
744366,760507,0.4166580360714187
744366,8318774,0.3589306439198004
744366,8318773,0.33419481002059526
744366,8318775,0.2759696462563359
744366,2110902,0.26216967145170494
744366,1485836,0.25368205269541444
744366,6214375,0.2454790084310385
744366,8318779,0.24178018945877008
744366,8318776,0.24091225339617206
744366,2110901,0.2355197819233617
744366,8597238,0.2322283186614858
744366,5335826,0.22452341300192719
744366,2110896,0.2104708373738728
744366,3152828,0.20997015982189945
744366,1485842,0.20939634861085143
744366,5335825,0.18923642592073028
744366,8597235,0.18550007210704758
744366,7219555,0.17743657862501233
744366,8318771,0.17068567423161507
744366,2110903,0.16685473461713982
744366,3410315,0.16153605145877858
744366,6214370,0.15381893682310413
744366,3410313,0.1456059944662066
744366,6214367,0.1431820484670591
744366,6214366,0.1410233187286064
744366,3410311,0.13386698321088777
277780,4840387,0.7702605562391232
277780,4840391,0.7056369547423554
277780,4840389,0.66376297716921
277780,4840388,0.6567491110032541
277780,4840386,0.6515550510093336
277780,3730468,0.6020521836362676
277780,7197373,0.5483137014132448
277780,1162122,0.5301626650586175
277780,3983028,0.5086638047745555
277780,5507433,0.5082592112149565
277780,5912313,0.5082592112149565
277780,302366,0.4991327655385741
277780,8042974,0.49843423463598363
277780,2529668,0.4934151149814108
277780,8013188,0.4856746382420217
277780,6548937,0.48057165383832373
277780,917777,0.47513205698324473
277780,7417835,0.47284600982507685
277780,803915,0.47054579597125
277780,6616820,0.46632247815543465
277780,803921,0.4639398211349006
277780,552785,0.46340260265731703
277780,5912314,0.4530166003470446
277780,4109615,0.451459812995686
277780,4251012,0.4471424768120145
277780,6839342,0.43316577371954507
277780,6616823,0.4313607973380534
277780,6410048,0.4229006778949906
277780,6005000,0.4193176087102104
277780,7457806,0.4182453277366453
277780,6001075,0.41651821531018124
277780,977267,0.4131642714856456
277780,977268,0.4131642714856456
277780,3714487,0.41309417372083607
277780,6531773,0.40952634746623395
277780,8013190,0.40868346113244863
277780,6810441,0.40652116607468647
277780,7286767,0.4045522598048534
277780,6600967,0.40249020970866234
277780,2101025,0.4010599284116037
277780,5265550,0.40046107578824514
277780,7695726,0.39877203470264005
277780,7423352,0.3986809451532417
277780,1350042,0.3986809451532417
277780,3730469,0.3965805071937833
277780,5150244,0.392898736869827
277780,8523731,0.3906214242576212
277780,5852844,0.38924699377478267
277780,977270,0.38836323566416553
277780,7080153,0.38804374622854565
277780,4306012,0.38736122194154793
277780,5072847,0.3847961169214364
277780,4540252,0.3825903533306709
277780,4840393,0.3819067885126814
277780,8013189,0.381783351267447
277780,6312963,0.3805209336000674
277780,5441965,0.37989967445774186
277780,8663126,0.3795360927325496
277780,4186575,0.37942917988018
277780,6581123,0.3753660659701916
277780,3235104,0.37447068214239476
277780,8038168,0.3730892988963643
277780,5786691,0.3724874312116565
277780,6839339,0.3722884019761502
277780,5999246,0.3676982608988826
277780,6018365,0.3671236951597798
277780,8323341,0.3660460376477753
277780,4131748,0.3618475015009403
277780,5545561,0.36143297431545224
277780,665205,0.3609948600958869
277780,8038171,0.3607304996421423
277780,1853981,0.35682538680705156
277780,4055324,0.3567136434259932
277780,7675942,0.3539868903075361
277780,5431051,0.35346168506351844
277780,5342822,0.3533960626095829
277780,6839338,0.3533857998555389
277780,158153,0.35297645816954343
277780,4881954,0.35274345873603236
277780,5431057,0.35179674488066287
277780,2737636,0.35137077547288564
277780,8013191,0.3495236486887712
277780,6645093,0.34924420086688934
277780,360355,0.3489325391114473
277780,5540893,0.34834825056223534
277780,6207446,0.34669853861873606
277780,4404302,0.3464334473794688
277780,303266,0.3459577548252338
277780,739076,0.3455447204682885
277780,6531766,0.34490875515663316
277780,1853985,0.3442238180271972
277780,5999238,0.34333939039274763
277780,6790291,0.3421390562340898
277780,6001072,0.3406685583631969
277780,5947264,0.34059754827538
277780,5632277,0.3396483645528619
277780,6552530,0.33950558814496745
277780,3582168,0.33917671891449497
277780,6001961,0.3391547455747539
277780,2673910,0.33907692838486786
1114563,6867488,0.7423095110059391
1114563,8118044,0.7407897133811842
1114563,8118047,0.6222101935020458
1114563,8118042,0.5991172985512446
1114563,8118043,0.5210664947848157
1114563,8118048,0.5057294287280443
1114563,7233221,0.46956936105463787
1114563,8118049,0.46405643867786633
1114563,8118045,0.45798076410463545
1114563,2980153,0.45686274886633166
1114563,8617314,0.4350826266540889
1114563,7488460,0.4271125506205115
1114563,6956251,0.4261027143858945
1114563,2875785,0.4226022996914434
1114563,7039502,0.42130730435367286
1114563,3116846,0.42093338139487296
1114563,4985658,0.42089774372120786
1114563,3992795,0.4201266626568301
1114563,1099892,0.415040532616635
1114563,6867493,0.41341809849698785
1114563,8527547,0.4112962277916521
1114563,1864288,0.4091256296541722
1114563,8117407,0.40551969818554146
1114563,673869,0.4011282895225888
1114563,6739268,0.3978257094986156
1114563,8617315,0.39774746234195557
1114563,574997,0.39573201003700076
1114563,452445,0.3956162257747213
1114563,6130244,0.39496147753494215
1114563,6130246,0.39496147753494215
1114563,8472128,0.39464917206232186
1114563,6130245,0.39123685085105464
1114563,6130248,0.39123685085105464
1114563,6130247,0.3902641514533159
1114563,6130249,0.3902641514533159
1114563,3220711,0.3884484057458005
1114563,8118046,0.3870464191756473
1114563,7488468,0.3846490190226757
1114563,4749400,0.3800826538764375
1114563,7845841,0.3784840758344651
1114563,8118041,0.3758482787067015
1114563,6130251,0.37530865294707666
1114563,5803884,0.37140261770937943
1114563,157851,0.37075755854490083
1114563,7764799,0.36999997475116525
1114563,6146904,0.36912589715281247
1114563,4852377,0.36912589715281247
1114563,8090689,0.36890681178784096
1114563,8354373,0.368126460008103
1114563,5497003,0.3673583161606785
1114563,7149403,0.36584581289117574
1114563,1088168,0.3627096211198157
1114563,6867489,0.3585333296166216
1114563,6867491,0.3585333296166216
1114563,2301976,0.3537757665619249
1114563,6089335,0.3537338226694099
1114563,924689,0.35357818191948626
1114563,5675008,0.3512320736031299
1114563,748871,0.35052252092760555
1114563,6961178,0.34481150472909333
1114563,3100653,0.3438931585519032
1114563,8214703,0.34386321140398646
1114563,7991857,0.34384224727079965
1114563,574996,0.342813301423493
1114563,5075441,0.34209408086367504
1114563,5943400,0.3411856209924931
1114563,7643856,0.3405397419172296
1114563,3634828,0.3405397419172296
1114563,8514017,0.3405397419172296
1114563,1708134,0.33869192163982
1114563,7149402,0.3374888811904527
1114563,488661,0.33736571206418814
1114563,1708135,0.3368256274920733
1114563,5489497,0.3353749424876252
1114563,5032534,0.33431763210624077
1114563,6030562,0.3332599331991711
1114563,6433608,0.3326695102097927
1114563,1708138,0.33132761614582645
1114563,6315750,0.33090338946214204
1114563,71729,0.3306389358299162
1114563,6014003,0.3301943850780563
1114563,6089327,0.32937729067121113
1114563,5489495,0.328527385882723
1114563,6875690,0.327978793828258
1114563,1893242,0.3274457162735785
1114563,5089624,0.32667730113767995
1114563,1758932,0.3265074008702353
1114563,6140819,0.3251365282027304
1114563,7149406,0.32460334229815435
1114563,7804126,0.32460253664924305
1114563,5261916,0.3243183018634838
1114563,3429153,0.3241002229745968
1114563,3047393,0.3237407007407375
1114563,1893241,0.32144646177165
1114563,4904110,0.3208451315751367
1114563,5119447,0.31970278782857875
1114563,7476156,0.3192864049807011
1114563,7681266,0.31919006299168784
1114563,3676709,0.31857183377619563
1114563,5497000,0.3182177802114873
1014126,6028962,0.7834851187812767
1014126,7754005,0.7427794742349021
1014126,3340638,0.6854758580937049
1014126,7514802,0.6766209714546584
1014126,2707791,0.6738775696927901
1014126,2434214,0.6670494719405274
1014126,4297300,0.6670494719405274
1014126,5404297,0.6575613495403355
1014126,7652173,0.649624125733996
1014126,2197889,0.6495064133343592
1014126,3581450,0.6361801504545543
1014126,7320797,0.6255798660850682
1014126,6608991,0.6229788778437991
1014126,966207,0.6185873813940226
1014126,2665735,0.6126594301847016
1014126,2804919,0.6120046991573075
1014126,8407170,0.6060926921939499
1014126,2379306,0.603549896535933
1014126,37950,0.6021456785224386
1014126,3822766,0.6003104700197015
1014126,3534084,0.600185898072955
1014126,6514699,0.5980786509760752
1014126,4970792,0.5954362808207752
1014126,5896207,0.5926571065138873
1014126,7859616,0.592282663438633
1014126,6984123,0.5910677563310496
1014126,3581451,0.5908914238585304
1014126,3340637,0.5888084613510332
1014126,2968301,0.587261805785519
1014126,6028959,0.5858132364154729
1014126,8589064,0.5855462590842756
1014126,178080,0.5831682978004983
1014126,6028964,0.582099961046949
1014126,848261,0.5770100456480003
1014126,5461798,0.5765966246356521
1014126,3587542,0.5751695944925684
1014126,1419328,0.5745599221855445
1014126,1744987,0.5720284423704542
1014126,3822763,0.5708161653157695
1014126,4096649,0.5706472006567103
1014126,4970791,0.56581021325759
1014126,4970794,0.56581021325759
1014126,6919890,0.5653685295926753
1014126,4238979,0.5624643896081964
1014126,8604281,0.5620066980710156
1014126,8407171,0.560531351288751
1014126,5404302,0.5572892011031768
1014126,2160418,0.5515787603074102
1014126,7859614,0.5509726689148648
1014126,770223,0.5508417287201898
1014126,566147,0.5497812227781147
1014126,2999701,0.5489607509410875
1014126,2849275,0.5469499802293335
1014126,7939951,0.5468246905788428
1014126,2468998,0.5465597508911764
1014126,726858,0.5431720351447629
1014126,7754002,0.5430450544532879
1014126,8282782,0.5429577900838889
1014126,4987928,0.5415560156014921
1014126,1539558,0.5412924883652963
1014126,8202028,0.5401745483742969
1014126,2707795,0.5376123698115
1014126,7048189,0.53758642698202
1014126,5800907,0.536847721252373
1014126,2197891,0.5368057462110531
1014126,4380253,0.5364249226636837
1014126,4750857,0.5363835313872035
1014126,4970798,0.5357004702776051
1014126,1419326,0.5351037052094337
1014126,1053042,0.5343569635165188
1014126,4189307,0.5325638001660457
1014126,3296680,0.5320548648481179
1014126,178082,0.53174142971875
1014126,1049755,0.5312583513632936
1014126,916119,0.53103940782809
1014126,6537554,0.5305965095933423
1014126,4896626,0.5303199502283331
1014126,3340639,0.5255107366243262
1014126,1539557,0.5251005143198685
1014126,37945,0.5230833866949678
1014126,3614113,0.520762531913798
1014126,7643802,0.519924496990949
1014126,8140570,0.5174197527136253
1014126,6028961,0.5171768512643323
1014126,5697293,0.516299402230621
1014126,7556553,0.5154817278825726
1014126,7061355,0.515154148434772
1014126,2188648,0.5148602115322195
1014126,7939948,0.5144540711038581
1014126,4970793,0.5142025234692515
1014126,4684737,0.5136946544260957
1014126,4380247,0.5113457308747222
1014126,1579191,0.5109178426701425
1014126,8202031,0.5093974701991124
1014126,8604280,0.5093815888207102
1014126,2707789,0.508680094073056
1014126,6216990,0.5085042671910376
1014126,8140571,0.5084215185269997
1014126,5134405,0.5071949782149222
1014126,6393016,0.5048921018018043
1117346,8091627,0.8706487071943829
1117346,8091630,0.7916108302301387
1117346,8091629,0.7838089610451412
1117346,8091632,0.6010696100246358
1117346,8091625,0.5255505387763436
1117346,8091626,0.5064240649119438
1117346,8091628,0.48674503627885446
1117346,8091624,0.42486092587516794
1117346,8517839,0.325459708494338
1117346,3311039,0.3201492057774214
1117346,97605,0.3063781889326902
1117346,8047654,0.3051910602983621
1117346,8378167,0.30257311059939035
1117346,4029781,0.30120043505659244
1117346,702127,0.30120043505659244
1117346,3251776,0.30026077300837944
1117346,4858539,0.2956831044417509
1117346,3871794,0.29389154920194005
1117346,4876041,0.29230562955197714
1117346,8622681,0.2921577638102924
1117346,2612436,0.2907762449233517
1117346,602649,0.29004810725852187
1117346,1781590,0.28466063842639155
1117346,3871790,0.28371204495379587
1117346,2372513,0.2835881944795161
1117346,2208585,0.28313773348654253
1117346,6730466,0.28237659009122884
1117346,1890,0.2789212410884499
1117346,3170549,0.27833964525763655
1117346,8378170,0.278113459098495
1117346,4876043,0.2769704108418384
1117346,2372517,0.2761956351113528
1117346,2128735,0.27513387784736365
1117346,5651390,0.27496019942517214
1117346,3275218,0.2727173815587095
1117346,1374568,0.2727173815587095
1117346,8020380,0.2727173815587095
1117346,815679,0.2727173815587095
1117346,5504949,0.27236663068815636
1117346,6711059,0.2718127744502476
1117346,7537974,0.2717404962309659
1117346,1882,0.27023159422747656
1117346,1083474,0.26727126144962726
1117346,5900001,0.26711794887028467
1117346,4543099,0.26697046595425533
1117346,2207948,0.26664297269331083
1117346,2372097,0.26664297269331083
1117346,2019156,0.26641688109772366
1117346,702129,0.2661610813555108
1117346,2299914,0.26518422086898913
1117346,1009793,0.26510642488529357
1117346,8651233,0.26465413587152004
1117346,3311043,0.2635921044564798
1117346,703100,0.26141245243005584
1117346,2493593,0.26068293078524457
1117346,5155155,0.2602093804627416
1117346,3774456,0.25956311276295085
1117346,8378169,0.25927149408032585
1117346,1889,0.2586449684867755
1117346,8263749,0.2573079733341974
1117346,1216449,0.25579966251566566
1117346,6553405,0.25537638651020567
1117346,8193412,0.2549250705515201
1117346,3372102,0.2527924342190437
1117346,1374566,0.25265030406326866
1117346,2128736,0.2517831416303803
1117346,1468893,0.2516303836262328
1117346,3854316,0.2516123300166689
1117346,3871795,0.25132582171405926
1117346,6639469,0.251262937148198
1117346,2205996,0.25079564819697003
1117346,1509039,0.25079564819697003
1117346,3539472,0.25065018896128005
1117346,4669052,0.25063614499991305
1117346,1215735,0.25053545333676824
1117346,3122704,0.2504354354828788
1117346,2263420,0.25041182985281546
1117346,6393034,0.2500160993975222
1117346,6095815,0.2494200947163644
1117346,7034567,0.24850657726986378
1117346,815680,0.2478539858991902
1117346,324573,0.2455438309890752
1117346,2299910,0.2444540171540639
1117346,3153866,0.24444059816423339
1117346,324571,0.24423566003111194
1117346,6283879,0.24411410088020025
1117346,2818970,0.24336856901490242
1117346,2299913,0.2433564512780371
1117346,4372941,0.24312324978375283
1117346,2206112,0.24297310443123896
1117346,8193411,0.24254775347797455
1117346,2454649,0.24209745243387082
1117346,6745020,0.241688850432867
1117346,6527867,0.24092859940010158
1117346,6639470,0.24035253996943573
1117346,3691721,0.24029633047911234
1117346,1509034,0.24025337502137267
1117346,2019157,0.24006980220599738
1117346,367182,0.23990438833926822
1117346,3275217,0.23929959073935164
148538,8283527,0.6163639739794806
148538,5077707,0.6068901524810965
148538,985493,0.5906697820945785
148538,7407803,0.5809972831711421
148538,985488,0.5677329376474228
148538,985491,0.5652375742805109
148538,7529434,0.5498405665930173
148538,4539657,0.5449038699159947
148538,3701822,0.5437027251534381
148538,5588137,0.5361576294175302
148538,4447659,0.52802876822374
148538,5809605,0.5274659725476343
148538,820312,0.526780973154123
148538,1311204,0.5257942464450143
148538,3138645,0.5218440655662377
148538,8730430,0.5199568292555127
148538,4264129,0.5170458488838509
148538,8080460,0.5161047677125759
148538,5588133,0.5141543143878458
148538,6543859,0.5076201801842027
148538,4607267,0.5066386522863334
148538,4185812,0.500390882705705
148538,1950977,0.496994558838343
148538,4539660,0.4965099266160821
148538,5305311,0.49643442193650666
148538,5077704,0.49192650994895326
148538,615406,0.4896318339122272
148538,1950983,0.4879691745695239
148538,820313,0.4855585145925426
148538,2368185,0.48303903370471524
148538,7696609,0.47577656483577996
148538,2419541,0.47433773086589276
148538,231455,0.468599877334694
148538,8283532,0.4621308675906513
148538,7696610,0.4621061406481027
148538,748726,0.46156992038456285
148538,615405,0.4600689373294504
148538,1950978,0.45885818092593755
148538,2745488,0.45731099491218624
148538,5171603,0.45656980316384166
148538,1039926,0.4554319414750322
148538,1311206,0.4523642599822534
148538,4185809,0.4494980010400065
148538,5450246,0.44846856967755516
148538,615401,0.4478697785178565
148538,6377909,0.4477352568052403
148538,2033793,0.44642480140886637
148538,3557943,0.44386195489368857
148538,1950976,0.44084766713556583
148538,3918785,0.438940813801839
148538,4976409,0.43796439912066476
148538,844359,0.43719423659645257
148538,5844625,0.4343042457878293
148538,6499829,0.4329355421225849
148538,339842,0.4321569160143168
148538,1950979,0.4301456682004636
148538,820304,0.4291976825578241
148538,231453,0.42916996239555655
148538,3973518,0.42827565155933367
148538,8265468,0.42701698533187116
148538,283691,0.42643505010840277
148538,2951883,0.426200421964893
148538,5324936,0.42562929199899047
148538,1147043,0.4245866057052269
148538,5606202,0.4236866005971945
148538,844360,0.4227034227574662
148538,1046521,0.4222754250922984
148538,2368186,0.42188306689042404
148538,8730434,0.4216029889942389
148538,1039925,0.4208266021488422
148538,7133944,0.42056977659739675
148538,4660638,0.4189506266881471
148538,2033792,0.4188976656516286
148538,1392971,0.41789374240585037
148538,748723,0.41707359031868313
148538,1969520,0.41609384781851994
148538,2368187,0.41520013076795076
148538,6006382,0.4147763125642548
148538,8283529,0.4143007784872039
148538,748730,0.4140499540803722
148538,2368184,0.41204175896458267
148538,2731875,0.4111898325030368
148538,3353303,0.4089048260925794
148538,7696602,0.4084805638048319
148538,6499828,0.4082961417583762
148538,6567030,0.4079850395551061
148538,5679985,0.4077746521339363
148538,748721,0.40772657143513535
148538,4976402,0.407624129758784
148538,4976410,0.4068657742550173
148538,1384448,0.40680833910446457
148538,4959637,0.40613425253267904
148538,451561,0.4054122500398522
148538,5693670,0.4050405698925105
148538,4539654,0.4039601403378777
148538,1039918,0.40140903014965323
148538,1039921,0.40140903014965323
148538,4264123,0.4010423184050609
148538,615402,0.3997180911705186
148538,3693077,0.3989309814327933
451602,2482418,0.5812072087849254
451602,5475308,0.5748814410638525
451602,1640289,0.5143528251532232
451602,8390518,0.5123154756742487
451602,1277290,0.5015172872602813
451602,3177691,0.5002273242652031
451602,8540468,0.49753578181445773
451602,4487185,0.4683830488965589
451602,2176455,0.4634324603112774
451602,2458495,0.46325941893128925
451602,2176453,0.46178014127892003
451602,3090666,0.4606156524069888
451602,5179251,0.45947806506476535
451602,1277289,0.4573511578250866
451602,2176450,0.45406274787420586
451602,8383465,0.4496457351407782
451602,2502379,0.44837642963927604
451602,96224,0.44352354361460433
451602,7792099,0.4391465749467387
451602,5110342,0.4376535411763974
451602,2244882,0.43522889959027344
451602,3177692,0.43424050920318324
451602,7864188,0.43321192228463035
451602,3908165,0.4326181181312505
451602,1543406,0.43081346042055585
451602,905791,0.42957585914757523
451602,2084909,0.42317649090062787
451602,4676523,0.42267286448563635
451602,1277287,0.4214950974670737
451602,6972742,0.41986224989134374
451602,5010815,0.4196668410626093
451602,7056146,0.4192518416833224
451602,3090663,0.41860883106437685
451602,905789,0.41823058155122134
451602,6972743,0.41780123125224206
451602,8125705,0.4173355214170079
451602,2922145,0.41644930473577035
451602,5259332,0.41578546249315396
451602,5110340,0.41578546249315396
451602,7377325,0.41554629279175453
451602,5110344,0.41543354493519247
451602,6245463,0.41537429135207243
451602,4250894,0.4138815973696509
451602,8831508,0.4138815973696509
451602,2626271,0.4128495684696357
451602,2670484,0.411058991973553
451602,5035956,0.40996960458662707
451602,7440660,0.4095162400622942
451602,325251,0.4087752257909159
451602,4719759,0.4084963215607586
451602,5538936,0.4081980321982906
451602,2947380,0.4068932725582149
451602,1334345,0.40659087933694665
451602,812439,0.4063604753978792
451602,4687264,0.4063604753978792
451602,5655356,0.40440366095292424
451602,2610680,0.40371339627010316
451602,647672,0.40250128975745453
451602,7841036,0.402428396562913
451602,4687266,0.40191497508838653
451602,2642166,0.4005491030963528
451602,6286036,0.400414463242505
451602,4112601,0.400412284005223
451602,1543412,0.40024004749244496
451602,2104905,0.39904083954455843
451602,4408672,0.39903880881112475
451602,6691161,0.39872543242762865
451602,6849642,0.3981406832809465
451602,1728204,0.3978724335743355
451602,7326276,0.3972879438715863
451602,6395206,0.3969082472193827
451602,1534136,0.39677912925091935
451602,4484692,0.39556404491923797
451602,4937388,0.39556404491923797
451602,1394600,0.3947016821904348
451602,6972747,0.39424100671439183
451602,916207,0.3930378514387508
451602,241962,0.39274806532435114
451602,4779,0.39141603690922877
451602,488472,0.39090654571753497
451602,2352102,0.39059957054965744
451602,7403454,0.3900927533154131
451602,8485136,0.38924055520276124
451602,7315074,0.3886284169137308
451602,5123540,0.3885044159666228
451602,605465,0.38805739082373253
451602,1403282,0.38773504631824085
451602,7769920,0.3870421851933476
451602,6495466,0.38704155329601153
451602,2244879,0.3860736090719503
451602,27312,0.38593955588887685
451602,5018391,0.38569360231385214
451602,4453605,0.385099214267644
451602,7966445,0.3836148427461811
451602,3739376,0.38351834366491194
451602,5721359,0.3807105110859176
451602,1078134,0.37961869018372235
451602,3203587,0.379538684348057
451602,3090672,0.37908347591636965
451602,6286982,0.37895728102857257
474735,1740069,0.8348118388863327
474735,1039490,0.794759655669516
474735,8443459,0.7895400154322778
474735,3501855,0.7800492297880232
474735,6959173,0.7522409888600236
474735,3501858,0.7305502273438021
474735,1565529,0.7150279392334425
474735,540118,0.7115634032904545
474735,1565526,0.689611368166113
474735,540116,0.6630649277443443
474735,6959169,0.6593752321063531
474735,7437211,0.6533201496408069
474735,340480,0.6506747787231831
474735,3501854,0.6382398790829715
474735,1565530,0.6147689160961
474735,469604,0.6144853492667178
474735,852335,0.6122824927678286
474735,1565527,0.6113785380095993
474735,1039489,0.6113785380095993
474735,1740068,0.6053161813718205
474735,5086558,0.603720856113351
474735,8160762,0.5983216386840339
474735,6737962,0.5925241690325844
474735,340478,0.5881746292130527
474735,1134756,0.5871890167149953
474735,384919,0.5870341759457702
474735,4533248,0.5835863452282902
474735,6403354,0.5795540199123653
474735,1895272,0.5778663491121058
474735,340479,0.5765069723340601
474735,6094237,0.5750334270125658
474735,1039494,0.5698440825239023
474735,1341980,0.5632837516544182
474735,4428988,0.5630799391444943
474735,5836642,0.5512897227136214
474735,6860081,0.5509866794837012
474735,7897865,0.5500049404636088
474735,1973057,0.5498005032319893
474735,8619464,0.5497326862294869
474735,8619467,0.5460662367717113
474735,4058283,0.541412921653709
474735,5309449,0.5395254877886019
474735,469603,0.5394641838500513
474735,625071,0.537046596641875
474735,4058281,0.5354034775758318
474735,7151790,0.5352628748398854
474735,4752160,0.5350782462025393
474735,6959171,0.5340801646021925
474735,7962379,0.5333111659841553
474735,6959170,0.5331158440270328
474735,1205411,0.5307415072844306
474735,813257,0.5297047819296838
474735,5606239,0.529684738941745
474735,6011045,0.5273679323391653
474735,5609978,0.5242565304768626
474735,813265,0.5228199873991194
474735,325503,0.5219427251743948
474735,5823624,0.5214631689565502
474735,3049711,0.5162928233353188
474735,8426122,0.5162798953988784
474735,31414,0.5158126733753787
474735,3901022,0.5149216163366452
474735,1447184,0.5124091024245543
474735,6085458,0.5111784256052962
474735,3407759,0.5101241268164677
474735,4040104,0.5100975383967136
474735,514824,0.509762927852738
474735,3436707,0.5094863014326844
474735,755080,0.5063711627538077
474735,1244108,0.5057285999135291
474735,7146789,0.5033999495779437
474735,7644512,0.5009412317841911
474735,6023111,0.5006545738396702
474735,7087452,0.49661574273541714
474735,6319326,0.49657754720581077
474735,5632731,0.49576956564884284
474735,4837701,0.49541049395185893
474735,5522632,0.4951816793830623
474735,2492992,0.49516297735197384
474735,705873,0.4947197086255241
474735,1935507,0.49368026134248294
474735,837723,0.49256272099842885
474735,8141354,0.49171114722453746
474735,397457,0.4904340532099305
474735,1745014,0.49023616134147463
474735,5075154,0.4889939427104474
474735,540121,0.4885560591506171
474735,1745016,0.48822539191341646
474735,7861392,0.4868750294522039
474735,8619461,0.485386820948943
474735,4708019,0.4851076474706863
474735,397458,0.48430765671707277
474735,249251,0.48402503684151915
474735,1756202,0.4833556579996006
474735,8739702,0.48169988407612924
474735,7670429,0.48002084814253426
474735,6085459,0.4758389494224387
474735,4708014,0.47554560525294615
474735,8092529,0.4752050194153362
474735,1499368,0.47376295562255116
359349,576629,0.7843895181069467
359349,68653,0.6946256816702062
359349,68647,0.5624148903638317
359349,68649,0.5609370203493697
359349,2293820,0.5483636018130039
359349,2826510,0.5449223265412213
359349,3223833,0.5449223265412213
359349,3176541,0.5370452495613095
359349,6108721,0.512807314562344
359349,3176542,0.5121400774044034
359349,943229,0.5049762664145507
359349,4020472,0.5019684114874836
359349,5615181,0.5017599856106425
359349,4020479,0.4780659954438185
359349,3223831,0.4713111553655406
359349,4020478,0.46855451237750395
359349,576628,0.4537210105671834
359349,457673,0.4529353332000855
359349,576635,0.45081611640221875
359349,68648,0.429232918116691
359349,4020476,0.4184991176646528
359349,3900185,0.4153815096489228
359349,3193824,0.4105601975220985
359349,68650,0.40364906823794927
359349,2259899,0.40361247836932257
359349,2964479,0.39525468306885236
359349,576632,0.3935924700158382
359349,6834174,0.3921120706745364
359349,4013719,0.3888685738191211
359349,6834178,0.38717454301082654
359349,15807,0.3806463767255559
359349,8058870,0.37832953745910347
359349,6834180,0.3762858120353585
359349,4087265,0.3736378367593348
359349,943235,0.36915778655190457
359349,1830509,0.3616850293188924
359349,6113314,0.35483756406960837
359349,15799,0.3519359191560002
359349,5773714,0.3519359191560002
359349,5806110,0.34813003061010195
359349,607033,0.34249180787666356
359349,5615187,0.34096050964160823
359349,576627,0.34082200074999064
359349,1979830,0.3367339590368757
359349,3176543,0.33488789128866553
359349,8058875,0.33420803356061274
359349,8058867,0.3301593051114407
359349,1830517,0.3286718276286829
359349,3900183,0.32788114237453664
359349,2826513,0.32777227312749146
359349,4551556,0.3271730265750659
359349,1830512,0.31861464171467246
359349,3215627,0.3183938030113478
359349,1935183,0.3163111371227031
359349,5773718,0.31610295577175734
359349,6834175,0.31508027623440743
359349,8398217,0.31442059494841834
359349,8016168,0.31442059494841834
359349,6440030,0.3143717710196415
359349,8398223,0.31307371423243524
359349,576630,0.312897137441028
359349,2229871,0.31200564477513026
359349,4087264,0.3115076486215966
359349,8748954,0.31089766366930416
359349,2229869,0.31048287138643477
359349,8588959,0.30980210000454383
359349,4013724,0.30821746876708495
359349,2293821,0.30401879395378456
359349,15803,0.3017023050507788
359349,6113313,0.3007945271210895
359349,8826986,0.3005099365512586
359349,15804,0.3004995131586831
359349,2259900,0.2983246993613406
359349,943230,0.2981965339821672
359349,1979828,0.2958799548298136
359349,8398222,0.2930947733572828
359349,2849692,0.2930324946363306
359349,4344098,0.2917131222477579
359349,4013723,0.2906108685336851
359349,6440028,0.287823548020551
359349,2259896,0.28720233061235556
359349,709712,0.28582551552048957
359349,1830516,0.28568349266545634
359349,4013720,0.28556360503837624
359349,3900186,0.2840310487297723
359349,4013725,0.2833194770839468
359349,7706937,0.2832326406611355
359349,4474872,0.28222414449795663
359349,4551557,0.2821582942564923
359349,15802,0.2816249740087811
359349,5773719,0.2816249740087811
359349,4551559,0.2775168683832014
359349,4474866,0.27738932393740345
359349,5615180,0.27735928380031954
359349,7062669,0.27729657047650746
359349,4881617,0.27728702923047926
359349,4344100,0.2752295533589391
359349,607027,0.2718056832184789
359349,4344101,0.27144487942030915
359349,7579883,0.2699731832247118
903469,7547138,0.5058935205982392
903469,2586307,0.4654888118628302
903469,3585452,0.46283467489384966
903469,5601741,0.4605251110001336
903469,3452834,0.46025818509616206
903469,5189962,0.44786927577694563
903469,3046421,0.44570796917952743
903469,1065154,0.44544916700097853
903469,937496,0.4433970380367658
903469,7783020,0.4373772242436991
903469,5809722,0.4372113088929795
903469,434418,0.43577060874796764
903469,7156104,0.4356859202445836
903469,1093381,0.4338140059688372
903469,2098577,0.4325353706940422
903469,4032237,0.4324300743291868
903469,5972295,0.42963335146978204
903469,3820725,0.4285017653852305
903469,2921739,0.4272112152451464
903469,2098571,0.42345705082633056
903469,7888359,0.4229323404317939
903469,6425468,0.42177337350556854
903469,2668214,0.4185939663548854
903469,7014285,0.41794614984943784
903469,838151,0.4177711966276873
903469,865772,0.4167187037779424
903469,8722641,0.41670866012670177
903469,6688394,0.41414574453013836
903469,470767,0.41414574453013836
903469,8678781,0.41287925724993374
903469,3494922,0.4100891691937205
903469,4067739,0.40934736503505686
903469,1724530,0.409303400862831
903469,246102,0.40577564018447587
903469,7133189,0.40570147692561176
903469,838157,0.4053077837277084
903469,720090,0.40480468140265724
903469,6779602,0.404482054408481
903469,6340623,0.4043921449551282
903469,813861,0.4040206401487523
903469,1343754,0.4037276294789609
903469,4347559,0.40340131684904296
903469,4032236,0.4013982952728058
903469,3966055,0.40067253827204313
903469,5886489,0.4002875878360626
903469,398659,0.3986963299623522
903469,1672649,0.3986195286148976
903469,1066384,0.3955339041251863
903469,3804813,0.3942411973407346
903469,7528965,0.39387749319078635
903469,3326349,0.39237439068128566
903469,2986823,0.3912550456691207
903469,5507360,0.3894633545761519
903469,1181833,0.3886954541496272
903469,4470195,0.3870474703422208
903469,1802904,0.3833192586668513
903469,84575,0.3825934459029816
903469,693330,0.3824043264586021
903469,720097,0.3810457744056417
903469,4541743,0.380341840984369
903469,3810879,0.3799677240646793
903469,5603767,0.37873240278493575
903469,7735195,0.3784049458828314
903469,6281646,0.3782518022170362
903469,4629811,0.37786588676869487
903469,4579404,0.3772906450543247
903469,3876166,0.3757571038804941
903469,398655,0.3754455481612417
903469,8436639,0.3733837845685848
903469,5613592,0.3729766618504441
903469,1970804,0.37244278837017913
903469,5305534,0.3708430138516775
903469,3051418,0.3708078068283625
903469,6327100,0.3707735862316933
903469,676585,0.3707735862316933
903469,6659391,0.3706290982592563
903469,903818,0.3696047358566253
903469,1305778,0.3694298716673517
903469,963158,0.3692461238732386
903469,2499957,0.36768467384590686
903469,7855874,0.36742793006662594
903469,1305779,0.36555080594488687
903469,627183,0.3653326071877669
903469,7407529,0.36532822259690817
903469,8092326,0.36500406947261316
903469,8381660,0.36464429622736017
903469,2454399,0.3646004001253245
903469,7546707,0.36384135049066335
903469,7956846,0.36323166172167215
903469,496905,0.36286045824385244
903469,2424285,0.36263179344695123
903469,4813856,0.3618803814465708
903469,2817881,0.36046895345565516
903469,7492821,0.36033787143461493
903469,6958203,0.3578847754699925
903469,5601737,0.3577786441433663
903469,2939542,0.35718738641520925
903469,300447,0.3564217183231962
903469,4572685,0.35414467654648907
903469,1420768,0.3539579693738245
1115776,8106323,0.6024186233999632
1115776,4314171,0.5127809076125494
1115776,3081626,0.5104551575563216
1115776,8106324,0.4982545508167848
1115776,6934013,0.467982395667253
1115776,8106318,0.4549358727530581
1115776,1593008,0.44271471475101126
1115776,3575871,0.43762947430834104
1115776,6614876,0.43736334828829915
1115776,6934015,0.41932441434658335
1115776,7318317,0.4158731829998724
1115776,414967,0.41464707577815624
1115776,791578,0.41247108222421214
1115776,8345724,0.41097623431777064
1115776,7148875,0.4092293468951668
1115776,7840022,0.40839797879858786
1115776,7318320,0.4067517764587494
1115776,1593007,0.40048203913530117
1115776,848507,0.387882350278127
1115776,758999,0.38760097673073973
1115776,660826,0.3869716178928349
1115776,1440035,0.3859089814014658
1115776,194166,0.3843601057070189
1115776,3469363,0.3803254553015864
1115776,2510962,0.37874352885878565
1115776,2510969,0.3746040750566673
1115776,5121261,0.3745708837230288
1115776,4734263,0.3744115815397106
1115776,7129173,0.37227500206191017
1115776,4314178,0.37174524539328346
1115776,8706770,0.37068291288794697
1115776,4351142,0.3702089607105653
1115776,600966,0.3678987086056897
1115776,8447122,0.36651566852612244
1115776,8706766,0.3663547013428504
1115776,2054814,0.365345968584335
1115776,3927242,0.36182725207711336
1115776,6934016,0.36040879282247523
1115776,646506,0.35729881296807037
1115776,1551031,0.35685652832104275
1115776,2287326,0.35618008361530534
1115776,5232955,0.3561410212871217
1115776,7618006,0.3560024420366624
1115776,8054247,0.3556487865006503
1115776,3927245,0.3543013843249134
1115776,8078183,0.354057302348283
1115776,8106321,0.3538244375241587
1115776,7129178,0.3527386896436818
1115776,4675185,0.3522598918557196
1115776,3958242,0.35151590212285044
1115776,6005645,0.35024240210177343
1115776,4984390,0.34882328439436644
1115776,986665,0.348786140349015
1115776,8172089,0.34803958108181593
1115776,7945139,0.34754180920796474
1115776,2626289,0.3468981634013708
1115776,5756364,0.34541184003808656
1115776,7618008,0.3442459161027976
1115776,1310298,0.3437539948062359
1115776,4051141,0.34222580653219564
1115776,8099695,0.341818404405649
1115776,7650945,0.34107018491318497
1115776,6354957,0.33839103910485313
1115776,4734266,0.33570285909227726
1115776,499309,0.33563221187667536
1115776,4314169,0.33502417450694755
1115776,1440028,0.3344922731631569
1115776,4433473,0.33218483897652756
1115776,972405,0.33218483897652756
1115776,7442432,0.3289006248752726
1115776,8172087,0.3262925574046726
1115776,6150628,0.32607637042630255
1115776,2903177,0.3260642105988889
1115776,7625204,0.32467018102245704
1115776,455485,0.32410391161827434
1115776,3927247,0.3238490681270539
1115776,2514463,0.3234141507824357
1115776,7536755,0.32162909485554525
1115776,7654716,0.32077880813661375
1115776,2028311,0.318051085555154
1115776,2578935,0.31739401599033007
1115776,1826911,0.3159277987832954
1115776,5130842,0.3152905022456185
1115776,5826666,0.3147500570991515
1115776,23964,0.3146998651216307
1115776,4673194,0.31424324593017544
1115776,8819883,0.3134156836207807
1115776,4675184,0.3125833043315378
1115776,8355028,0.31192354902006814
1115776,5694906,0.31116456743086585
1115776,4734267,0.3091138325152155
1115776,6202144,0.3089624713977311
1115776,2510960,0.3082567109354994
1115776,4591599,0.3080181005033245
1115776,5756362,0.30794519772912193
1115776,6055284,0.3073383945381535
1115776,2028314,0.30642420506370255
1115776,4518339,0.3044615379408254
1115776,1333526,0.30437801051045293
1115776,2606097,0.302544233371427
1104492,8213722,0.7695920206804651
1104492,8213727,0.668187878608611
1104492,8213728,0.5203400384997513
1104492,5403173,0.4447497678396866
1104492,4528568,0.4330880948345103
1104492,6869953,0.426262246183275
1104492,266581,0.4130389315537779
1104492,7549267,0.411571663587234
1104492,392678,0.4077353212897562
1104492,266578,0.40751911234629834
1104492,3569072,0.40620237421659444
1104492,6616380,0.4058707926556499
1104492,6616379,0.4016493425738041
1104492,266584,0.3990215302757162
1104492,5633568,0.39544417619956146
1104492,8313190,0.3943383722758694
1104492,7192882,0.39051098475460283
1104492,93615,0.3862033677309898
1104492,507260,0.38591642512402646
1104492,365432,0.38572623600090683
1104492,610880,0.3833198292774744
1104492,8213724,0.37454209007313816
1104492,6448534,0.37414348626664923
1104492,7192883,0.36956291502799987
1104492,2142864,0.36816478938339325
1104492,5633564,0.3633224074209906
1104492,3934727,0.3606512954437216
1104492,266579,0.3599028323754246
1104492,5633566,0.35956121312416073
1104492,1703744,0.3566686529627331
1104492,8516254,0.3541044649621433
1104492,594210,0.3531786820874688
1104492,5043263,0.3518170391650417
1104492,392677,0.3510327630793998
1104492,2136073,0.35070735445718626
1104492,5196448,0.34884736661614035
1104492,1308134,0.3483122997438285
1104492,2373992,0.34665918267178697
1104492,563786,0.34629809166669917
1104492,934327,0.34467029251055575
1104492,507257,0.3445303163814381
1104492,627752,0.3388870513849377
1104492,1144384,0.33710499997801385
1104492,8668243,0.33579370342445525
1104492,8177749,0.3352179589855661
1104492,934328,0.3337003188917061
1104492,1260524,0.33295919439219923
1104492,1503213,0.3323924538963655
1104492,2805270,0.3321002051779905
1104492,278962,0.33126447429144923
1104492,7360122,0.3308089838328453
1104492,627753,0.33021018353085413
1104492,1029648,0.33004709258805426
1104492,799616,0.3288897116194492
1104492,3509113,0.3288793012982947
1104492,6763105,0.32692682038126486
1104492,6208797,0.32677547926565975
1104492,560685,0.32505134543969144
1104492,2674361,0.3241653941261965
1104492,2438227,0.32364487836659034
1104492,1830921,0.3235149125194549
1104492,8736153,0.323177876385052
1104492,5043259,0.32199316830760033
1104492,8609521,0.32017378386444806
1104492,7788788,0.31950005921217645
1104492,4936799,0.31922798488943194
1104492,5633571,0.3184139277999107
1104492,1959225,0.31681711031334875
1104492,1357196,0.3164852095220228
1104492,5633563,0.3162168992232983
1104492,2474623,0.3162035807328203
1104492,3208554,0.3140093568136981
1104492,8213723,0.3110395822987101
1104492,5591056,0.3098456767445974
1104492,7623468,0.3084821118917455
1104492,1080732,0.30739466791167497
1104492,4499547,0.3067242132039923
1104492,4673799,0.30637852215618
1104492,5006145,0.3061970347619619
1104492,7518616,0.3060916148875639
1104492,1482048,0.3056851112796718
1104492,7074583,0.3052147187018959
1104492,7669188,0.30501223939591543
1104492,1532790,0.3044844019495126
1104492,7844957,0.30321278012852015
1104492,5006141,0.30148400443946793
1104492,7844956,0.3014020915097687
1104492,2520773,0.3014009058244059
1104492,5779598,0.30107738854420824
1104492,2438231,0.3007448422733462
1104492,2020023,0.2992883241497596
1104492,7150528,0.2992245951332715
1104492,1528833,0.2983114038069174
1104492,2142865,0.2953666295492054
1104492,7916408,0.29535536931099055
1104492,3657737,0.29531381495194375
1104492,5850136,0.2938941354092887
1104492,7878750,0.2937117728435213
1104492,1236787,0.29370464932776863
1104492,1482054,0.2933314220870573
315637,4749626,0.5331382416691269
315637,8260527,0.5113562933401629
315637,2004049,0.5077220810780221
315637,2107434,0.4994654936263962
315637,5823649,0.49666902395907314
315637,4711233,0.4922649806187042
315637,693302,0.4762989867684779
315637,1716588,0.4738057859055368
315637,286306,0.47370624150723634
315637,2107438,0.4711354651842078
315637,1716589,0.4677105489033185
315637,4711234,0.46561010533051334
315637,6411882,0.4624205447032192
315637,4711237,0.4572290176864293
315637,4095988,0.45407359576105627
315637,4095989,0.44909473125292393
315637,4593900,0.4486600592810788
315637,1068940,0.44584674187761336
315637,4711236,0.44510845076033995
315637,8158147,0.4371040473522166
315637,861428,0.4320048606094569
315637,479198,0.4307250417182353
315637,1635105,0.4300845841295772
315637,6374274,0.43006114760201136
315637,2021240,0.42057777267085444
315637,7091165,0.41869551201868327
315637,7565413,0.41049309382162197
315637,4711235,0.4101916325392496
315637,8158148,0.3995504734046374
315637,893621,0.396506534268555
315637,560557,0.3960279316657631
315637,7451888,0.3913184266467907
315637,1716590,0.39100893824637895
315637,2628073,0.3900594707566884
315637,6169779,0.38902288145342223
315637,4859456,0.3860071088396162
315637,1464537,0.3857496976773973
315637,3049864,0.38436825921247614
315637,4242451,0.3841298453281844
315637,1075760,0.38294148972266195
315637,8242461,0.380451827315001
315637,8445723,0.3760022986869613
315637,319283,0.374686155321329
315637,3187944,0.37419871425120443
315637,8048860,0.3738259423608899
315637,1225763,0.37151981459082434
315637,6653393,0.3710031396061893
315637,4555216,0.3710031396061893
315637,1716587,0.3691281608611731
315637,7565407,0.3690821718257231
315637,1909753,0.3674595875185174
315637,1444987,0.36683304497838093
315637,414461,0.36571230027105484
315637,7473513,0.36409026063577477
315637,2107433,0.3640486112266857
315637,8756817,0.3639302739584239
315637,3049865,0.3608771528199558
315637,3878781,0.35831880533382054
315637,8765451,0.35689500136990104
315637,2704277,0.3542341074980172
315637,893625,0.35263348051614823
315637,4271831,0.35242956872334674
315637,6971489,0.35132529395444634
315637,6652549,0.3499446885540115
315637,1704485,0.3485688818619014
315637,4155314,0.3454302306857305
315637,4980709,0.3390615790263067
315637,607754,0.33722319886514734
315637,893626,0.3364387248540194
315637,5305637,0.33602531520553525
315637,1014789,0.335265980132795
315637,6283005,0.33493376592257024
315637,4468474,0.3338262081810542
315637,1716586,0.33231068903480804
315637,7830087,0.3317319349308392
315637,8530386,0.33167819836975654
315637,861423,0.3295820258830463
315637,5523785,0.32841519596373203
315637,6320049,0.32689246657241106
315637,8020689,0.3256411417969559
315637,1375775,0.3255303382020767
315637,3772713,0.32400310454931014
315637,2061891,0.323511121777297
315637,2822274,0.32302605870000156
315637,3049871,0.32257415872819845
315637,7565404,0.32139552528518156
315637,984795,0.3209469469489755
315637,1876760,0.3209347520059359
315637,4914975,0.31977366436220805
315637,3049870,0.3196686426715777
315637,7553961,0.3182267127769944
315637,1642949,0.31781982748123294
315637,8242460,0.317093125347122
315637,4609708,0.31674846738583584
315637,6831496,0.3166162214333204
315637,4749623,0.3164262576635406
315637,8158155,0.31589264346696333
315637,1996945,0.31551986007203914
315637,5586103,0.31523140233502644
315637,5702171,0.3143661870278503
1112341,6947370,0.5274508471132852
1112341,2096429,0.47416824190601675
1112341,5497171,0.43678601375768683
1112341,1675296,0.4336200778354332
1112341,2735215,0.4275497124775935
1112341,2596431,0.4265377089718618
1112341,1373648,0.4254289349197998
1112341,943110,0.41859292966999606
1112341,2096427,0.4090370377141653
1112341,5497172,0.40782134930708275
1112341,2735219,0.40618911566278626
1112341,4390803,0.4015810945923231
1112341,5497169,0.3940065490451085
1112341,7133242,0.39002669986658267
1112341,4595993,0.3848232263458654
1112341,4913848,0.38433648233195394
1112341,4977768,0.3810719010310107
1112341,7194372,0.37687201901656386
1112341,2596432,0.37495102944354225
1112341,508019,0.37327522768412646
1112341,7194370,0.368646684833978
1112341,999693,0.3672844419543333
1112341,5497168,0.3599628543946866
1112341,7880073,0.3587074119032587
1112341,5273535,0.3584960325399495
1112341,7880070,0.3558714235523138
1112341,943113,0.3549855807894706
1112341,550571,0.3477842187400677
1112341,943108,0.34643141482927325
1112341,6947373,0.3459073723941248
1112341,8139251,0.34222354622958223
1112341,7492851,0.33809093819332137
1112341,5890661,0.337224099096577
1112341,7516470,0.33663557209575284
1112341,3274670,0.33616494632934485
1112341,8139249,0.3355769207942232
1112341,6621942,0.33478085124306745
1112341,4775528,0.3333743399516696
1112341,6947365,0.33306283050237423
1112341,8624811,0.3293747357270835
1112341,7516467,0.32843376954472187
1112341,478766,0.3279299205449971
1112341,3408234,0.3267724251059342
1112341,1364360,0.32434227182881453
1112341,2830103,0.3241277516608154
1112341,3892555,0.32367057186581916
1112341,7194374,0.32354183030302563
1112341,5702667,0.3234930487509122
1112341,3015435,0.3231633272245743
1112341,2780681,0.32298449227230125
1112341,4775521,0.32263520153719644
1112341,2096424,0.3219950545575184
1112341,1288918,0.32198093901465435
1112341,3670748,0.3204262703085504
1112341,3015440,0.32018761918643635
1112341,1373647,0.31929314685599486
1112341,6478665,0.3182855498764709
1112341,6571757,0.31824963563819525
1112341,6973595,0.3174324623016122
1112341,6973598,0.3174324623016122
1112341,5693853,0.313493871440066
1112341,3892554,0.3130840943513131
1112341,8109657,0.3116976997094807
1112341,3291152,0.3114144262149287
1112341,4390797,0.3104189524763093
1112341,902602,0.30988326019040446
1112341,8139256,0.3092647359882507
1112341,4867304,0.3090918366896941
1112341,8038174,0.3089700792427179
1112341,1707315,0.30646156853156264
1112341,6747882,0.30488764195101214
1112341,2770214,0.3027192446475606
1112341,3892553,0.3027145287885486
1112341,6973596,0.30228042116000564
1112341,7597738,0.30221707881909227
1112341,3399889,0.30158887985633415
1112341,6571756,0.3005710863236488
1112341,6325840,0.29974612619247104
1112341,3408228,0.2993249687787632
1112341,3524227,0.2990128285163373
1112341,2015350,0.29899645164939553
1112341,7597740,0.29893581271196634
1112341,7194369,0.29808892364150846
1112341,6973591,0.2979246935069973
1112341,6102033,0.297590190057059
1112341,3892552,0.2975428956292765
1112341,2626925,0.2970647916376126
1112341,6740555,0.2966348805388635
1112341,1369482,0.2954027166986658
1112341,7880076,0.29330674438517945
1112341,3285412,0.29287582329368383
1112341,6740558,0.2905789347310503
1112341,1803786,0.28979066878906173
1112341,5502221,0.28885633540579214
1112341,1781302,0.28771484938379965
1112341,830215,0.2865033234157438
1112341,1998330,0.2841279628145629
1112341,6227261,0.2816478964174166
1112341,1373646,0.28146152623371884
1112341,6472989,0.2811662086856104
588587,6327366,0.54785391427231
588587,7904684,0.49405611115800746
588587,3439255,0.4909167471693495
588587,7728002,0.4718505411641756
588587,1740348,0.46957652656529103
588587,4450862,0.43454328729745756
588587,889946,0.4312753527862281
588587,627700,0.427514570743233
588587,5719741,0.425134116086912
588587,2652350,0.42445680155251225
588587,8339998,0.4207871853699745
588587,8470576,0.41808942482097516
588587,6093855,0.4095172984902792
588587,2652351,0.4093513801330378
588587,6244255,0.40385565626528463
588587,3975255,0.40357543711812927
588587,6112114,0.4031434274449308
588587,4450864,0.3989435726581285
588587,132216,0.39548573190922703
588587,7259455,0.39537254345930345
588587,8420479,0.3946255350661084
588587,4486058,0.3934409687355649
588587,3439249,0.3900953399309115
588587,4450865,0.3892570007321059
588587,3737795,0.3867777249492533
588587,1105054,0.38469504643398517
588587,7491511,0.3842180491534639
588587,8480960,0.3828282424233093
588587,3494599,0.37997937901364415
588587,6210601,0.37839076391525456
588587,1128208,0.3757872085659134
588587,8548223,0.37570658109951566
588587,1584008,0.3697092669438516
588587,4411102,0.36901783280267547
588587,6725550,0.3677198444373785
588587,3494602,0.3670961861440273
588587,3023284,0.36543105014505944
588587,6725554,0.3643092095723884
588587,2390935,0.3638084882518352
588587,3494601,0.36201894200537926
588587,7608895,0.35904754525366195
588587,2445529,0.3588650774142075
588587,275293,0.358701317568443
588587,5493916,0.35777125467965704
588587,4989838,0.3576961524239443
588587,2702471,0.3573844019658291
588587,4450863,0.3570951437750923
588587,5211933,0.3560553022705163
588587,2072582,0.3555579810463869
588587,7572460,0.35418676479614836
588587,275289,0.35418676479614836
588587,2445520,0.35100590902643386
588587,3785008,0.35100590902643386
588587,1128203,0.350965935472019
588587,8548224,0.3508405804266291
588587,1740350,0.34996269362931043
588587,7572461,0.3498003072395703
588587,4486057,0.34797304563635695
588587,824648,0.34756677561848276
588587,7818953,0.3465223112063857
588587,4635477,0.3459563369667143
588587,2277010,0.3453294199581053
588587,824652,0.3441993626288785
588587,3185484,0.34374814579902013
588587,5917030,0.3413919204179988
588587,1569267,0.33937979242179367
588587,3895549,0.33932417003340953
588587,5917031,0.3374155018676378
588587,5917032,0.3368091283823723
588587,2286578,0.3366145988822329
588587,7761359,0.3361719665649471
588587,1367488,0.335525176243767
588587,5210863,0.33550028615779287
588587,8480955,0.334437391373035
588587,8362962,0.3323048512626237
588587,4450867,0.3316970873682822
588587,6478454,0.3309219282641133
588587,4323948,0.330874728656638
588587,275288,0.3285505882127049
588587,2090419,0.3283198568417922
588587,4797597,0.32674297960765347
588587,2652354,0.3250331930242538
588587,513000,0.32420523823649183
588587,184603,0.32356022365961185
588587,905900,0.32195519711973164
588587,6413161,0.32028222771462334
588587,4104682,0.32005533975827133
588587,3379284,0.31892197898541125
588587,2072589,0.31749988796039735
588587,2651121,0.3162218197874073
588587,3829702,0.3151932251545114
588587,1865041,0.31494562910520074
588587,6478453,0.31457616869661054
588587,3494606,0.31456900918601116
588587,5654191,0.31446450308317075
588587,4486054,0.31190042055049183
588587,6209489,0.311882771950281
588587,3989038,0.311478718858535
588587,8480961,0.3112887289179616
588587,3404524,0.31076068489204334
706080,8207883,0.661005571431903
706080,7685226,0.6459935949657146
706080,1432129,0.609436549439099
706080,97888,0.597476225795555
706080,2181091,0.5829855195915806
706080,8186136,0.5796304750067286
706080,1432123,0.572640677835154
706080,793295,0.5689658370416839
706080,4226162,0.5659293451819544
706080,2082756,0.5534082622576215
706080,1589047,0.5436441252973739
706080,3463450,0.5432260953673645
706080,6242181,0.5381453612858629
706080,5496489,0.5253016519527338
706080,8642914,0.5213000207336046
706080,8603066,0.5122257475428689
706080,3697342,0.5121128303512271
706080,8433710,0.5105196128493109
706080,5496488,0.5100490875601884
706080,1374968,0.5092254995875669
706080,1589044,0.5077968028542854
706080,8207879,0.5069602906509755
706080,3136459,0.5063178338912715
706080,6825992,0.5044003111447378
706080,8603068,0.5028341167839336
706080,3697340,0.49996262386279466
706080,6800351,0.49967459865899805
706080,3083286,0.49900627239392525
706080,3239150,0.49867359869008354
706080,7188039,0.4985340479848583
706080,5197053,0.4965637088824624
706080,8603071,0.4955474140007992
706080,2112520,0.4891074567446924
706080,7427412,0.4883298299419762
706080,8138589,0.48367597318067945
706080,44050,0.48262574219295956
706080,3136458,0.4808719225065214
706080,5687324,0.4804300988299851
706080,5794468,0.4800596921089678
706080,1386052,0.4799383182888924
706080,2986063,0.47608906232077786
706080,6285097,0.47539477005870845
706080,1589042,0.4749214019503869
706080,974759,0.47458570058413413
706080,5687326,0.47159967299786554
706080,8433704,0.47114784615149297
706080,3239149,0.4686561919557556
706080,1765488,0.4677231333814287
706080,3962277,0.4677231333814287
706080,724528,0.46649414740087575
706080,7691348,0.46467533431770114
706080,816979,0.4644115711522575
706080,2729942,0.46308372356677474
706080,8093748,0.46279120013924196
706080,5149501,0.4625434734747211
706080,3123232,0.46092961548406364
706080,109694,0.46092961548406364
706080,3799295,0.4597923631365297
706080,1866386,0.4572852122884946
706080,2633022,0.45626283873567797
706080,1589041,0.45619413097053435
706080,3697341,0.45608719158475775
706080,6583273,0.4555487374638807
706080,972796,0.45519439057547445
706080,4414914,0.45481208878633306
706080,8418705,0.45430846479741294
706080,3697339,0.4533756871918592
706080,1575235,0.453140390767384
706080,8433709,0.4516864359734457
706080,7954270,0.4515365370117568
706080,2535999,0.4510049389931717
706080,4651421,0.45080050955300893
706080,8369429,0.4488734841555368
706080,724524,0.4487821118215297
706080,665982,0.44684595430971547
706080,6401153,0.4465418566054979
706080,6188337,0.446102734844006
706080,2074402,0.4458823345665539
706080,451255,0.44499699763121553
706080,1305077,0.4437489326629583
706080,1501056,0.4422457419215099
706080,954628,0.4422163642351706
706080,6305821,0.4408626671957288
706080,2811044,0.4406621537445608
706080,6599173,0.44003513358494867
706080,6305813,0.43999249872515767
706080,2082752,0.43964936633759055
706080,2582021,0.43941171086317965
706080,8433707,0.4385654659324698
706080,4988101,0.4374590163245135
706080,7791187,0.4373717956458893
706080,7135939,0.4373614241339836
706080,1355842,0.4353505864037536
706080,724527,0.4351571627371553
706080,6583265,0.43503021681887716
706080,164567,0.435027998205076
706080,641465,0.43450164534342
706080,3968938,0.4337388899661499
706080,7352443,0.43348895812920396
706080,1440426,0.43203103554806166
117831,3930689,0.5684846161928477
117831,6270416,0.4264217481400873
117831,6270412,0.4224697544007788
117831,6319389,0.39633401778467886
117831,6699897,0.39339701731944904
117831,6650998,0.3931388038345097
117831,6699898,0.3922682751608395
117831,3672136,0.3870562786743599
117831,5490903,0.37163979265434094
117831,1785018,0.36996483704108746
117831,2511437,0.3662178233362365
117831,1193879,0.3642581391656571
117831,2838747,0.3625986767262579
117831,7628460,0.3588423778212519
117831,8264635,0.3515575876147909
117831,5237562,0.34951428101167176
117831,5269853,0.3458442673150937
117831,2344062,0.3448685628710422
117831,1096440,0.34431504543810365
117831,4087075,0.34238572270706036
117831,5490907,0.33973443110712453
117831,4857320,0.3391321491033663
117831,2624570,0.337595673541414
117831,3930688,0.33636289579041806
117831,5098774,0.3349652116671729
117831,6270413,0.33173141336511913
117831,7549317,0.3243887134891679
117831,8740004,0.3238031287462814
117831,7372393,0.32128410362722487
117831,1606278,0.32098298417576693
117831,5594854,0.3168760816851616
117831,2344063,0.3149732207409662
117831,75847,0.3084106799016781
117831,2238837,0.3059728105241301
117831,8344743,0.29869941581592935
117831,2624569,0.29808298767318114
117831,7197993,0.29550355876045276
117831,2041222,0.29475552171760644
117831,5594856,0.2943356451542462
117831,7615110,0.29290779340321005
117831,29024,0.2907722575374141
117831,4195059,0.28939185104108345
117831,1325663,0.28583607279277584
117831,369415,0.28505333674006217
117831,1455281,0.28372738884232696
117831,5521765,0.28315740612952367
117831,3421717,0.27946373971465494
117831,1545343,0.27749412938438706
117831,7482099,0.2768828938752597
117831,4901260,0.2764219769166718
117831,7530369,0.27586552006812554
117831,7968795,0.27475757613053814
117831,5315018,0.2741974869765343
117831,75850,0.27376861886403825
117831,4311841,0.2729450576922547
117831,5199829,0.27278895972569217
117831,1193877,0.27270501790976076
117831,7658752,0.27235714006353334
117831,6959846,0.2720443074029872
117831,410397,0.2718673872539101
117831,2934579,0.2705928103276901
117831,4248887,0.2705866844933495
117831,7948212,0.2701286573096629
117831,8648235,0.269803333188276
117831,4935191,0.2683805867079496
117831,6270414,0.2676241217230593
117831,29022,0.26760572550725853
117831,3930685,0.2673976685532468
117831,4357831,0.2665784821250857
117831,70147,0.26630562575280325
117831,5114039,0.26571417556540106
117831,7530374,0.26531766758235575
117831,5247355,0.2651388947792405
117831,4657560,0.2645169121377533
117831,6332841,0.2641053495675967
117831,1225727,0.26384533145488603
117831,1716947,0.2634048594018013
117831,1311655,0.2625502399568749
117831,7170194,0.2625071835111914
117831,109993,0.2606367670453459
117831,5822787,0.2580231871814557
117831,3913521,0.2573301407765869
117831,6796475,0.25722508604199157
117831,3672797,0.25639933572082535
117831,614614,0.2554091962279523
117831,8667835,0.2554091962279523
117831,7530377,0.25462761842693393
117831,6674805,0.25413010630488286
117831,125200,0.25379009484260906
117831,3377980,0.2533259595443542
117831,8575328,0.25316675315934073
117831,29027,0.25216671196938323
117831,2824302,0.25154305627546847
117831,247717,0.2510796869651147
117831,8735677,0.25094714242008226
117831,2388713,0.25066049921231826
117831,2133928,0.2504642208381393
117831,7984053,0.2501172751612827
117831,61159,0.24995933815582264
117831,1593570,0.24921469448580316
1120868,1852164,0.6082468975532588
1120868,8057916,0.5005781422532171
1120868,8057920,0.48647535730197206
1120868,8512796,0.4795428641686639
1120868,6859285,0.4728419412740574
1120868,1433514,0.4702540398933876
1120868,8057944,0.4695921186433197
1120868,6709391,0.46611933807722145
1120868,3458826,0.4627334826677348
1120868,1852166,0.45029316617583376
1120868,5217385,0.4454045459697592
1120868,1852162,0.44486706676512056
1120868,8342741,0.44298913587331995
1120868,8057914,0.4429560522869683
1120868,8057912,0.4429560522869683
1120868,8264095,0.4426716834001571
1120868,5028214,0.44034338923243493
1120868,3738074,0.4371628958912737
1120868,5736731,0.43686842232494894
1120868,5758616,0.4362054877091589
1120868,1071303,0.43086078623302076
1120868,1774408,0.43086078623302076
1120868,6967375,0.4289947704401186
1120868,2258379,0.42763493456805973
1120868,8510714,0.42554692968445335
1120868,8342742,0.4251001791016081
1120868,1237611,0.4245657619214725
1120868,4211833,0.42346255233525626
1120868,8512801,0.4232013789465164
1120868,1433510,0.42316307554389093
1120868,2110886,0.42288705002737903
1120868,6207333,0.4180769644338883
1120868,7754981,0.4180202944271832
1120868,5053015,0.41782647442501875
1120868,8510717,0.4169648305920497
1120868,1335034,0.4142359476358724
1120868,6672065,0.41423065284748234
1120868,2556266,0.412346251694199
1120868,1774404,0.41143434848655097
1120868,3768900,0.4105785150756801
1120868,195478,0.40982416838428604
1120868,3834995,0.4095367708773335
1120868,8051926,0.4093444073210366
1120868,255805,0.40899279798118315
1120868,796881,0.4084543258748793
1120868,7632108,0.4082270854625064
1120868,7495695,0.40702487428575806
1120868,4880193,0.4064921951765038
1120868,8512794,0.40621952672321315
1120868,5490044,0.40562338944477844
1120868,7144160,0.40434045544055863
1120868,6681406,0.4032326576811533
1120868,1522844,0.40251649250134497
1120868,4382309,0.40174997620448544
1120868,4909809,0.3998947861507303
1120868,5564260,0.3980118252128853
1120868,148391,0.39701312695172625
1120868,4739532,0.39701312695172625
1120868,1869314,0.39657028290477453
1120868,7492568,0.39615371938840654
1120868,7531766,0.39314995188763563
1120868,1433511,0.3918214722731919
1120868,7605116,0.3910905546367909
1120868,1865500,0.3910905546367909
1120868,8051924,0.3908619258782196
1120868,7419259,0.3902333283686388
1120868,1289885,0.3900827848654947
1120868,5671539,0.38841425622557424
1120868,6769775,0.38713333945853623
1120868,4909812,0.3868773689322686
1120868,3648842,0.3865029044514772
1120868,1838064,0.3859049203926256
1120868,3648841,0.3849138788630364
1120868,5391784,0.3842576939323243
1120868,1301249,0.3832567110174566
1120868,175903,0.38278896811466645
1120868,8114547,0.38137986341588276
1120868,2785796,0.3805826505258841
1120868,1433507,0.3799403669448072
1120868,6851982,0.37976315141450406
1120868,7144161,0.37728476277721595
1120868,4200047,0.37714743405564133
1120868,355931,0.376798076363976
1120868,8377612,0.37540132866222486
1120868,488144,0.37526596129995565
1120868,7495699,0.37437381939598535
1120868,8648094,0.37393090183641986
1120868,8087469,0.3737184850092595
1120868,3210331,0.3735128205392029
1120868,148396,0.3732642427746523
1120868,6809386,0.37289368473229945
1120868,8297250,0.37213516201859614
1120868,5053010,0.3707816659617476
1120868,8204311,0.3705049143295216
1120868,8500879,0.3695870723436609
1120868,6038739,0.3690676962998423
1120868,6807743,0.36902679359668455
1120868,6217777,0.36823353915702883
1120868,5826278,0.3668038115004951
1120868,255804,0.36645268642706863
1111906,8143530,0.7023833085324723
1111906,8143527,0.5613840269318651
1111906,8143532,0.5414143647892302
1111906,8143533,0.5368905516017858
1111906,5275764,0.535277803902407
1111906,8143534,0.5114887064535307
1111906,8143536,0.5003463912722306
1111906,8143535,0.5003463912722306
1111906,8143528,0.44646949953535037
1111906,8143531,0.4460647407888399
1111906,8143529,0.42883253473999416
1111906,5275763,0.35435120029138023
1111906,8692710,0.3360035974331567
1111906,2156780,0.32492985404795915
1111906,6941751,0.3190793495412278
1111906,948872,0.31012330904437035
1111906,8587038,0.30628143165588456
1111906,2796695,0.3027570218440467
1111906,8587039,0.29464157808186786
1111906,3792167,0.29269501064128
1111906,8083535,0.2902073671838421
1111906,7115117,0.2901027015945673
1111906,948875,0.2847196822709977
1111906,2796692,0.2829740961984355
1111906,4232484,0.2827549749049467
1111906,3448634,0.28194257143964957
1111906,2102540,0.27960773584725523
1111906,1965112,0.27826661302879674
1111906,254027,0.27453535657624134
1111906,2090153,0.2738425042298151
1111906,447440,0.2728631239583991
1111906,7124470,0.2696426168648678
1111906,7195971,0.2694667680679902
1111906,8198581,0.26784587773903523
1111906,8692712,0.2668429759005545
1111906,5791780,0.26596143342418055
1111906,2090160,0.26596143342418055
1111906,6229057,0.26498189590262766
1111906,1688474,0.263538844429437
1111906,5335278,0.262689248145256
1111906,6323038,0.2598237992772658
1111906,6613033,0.25978497532041483
1111906,6060232,0.25830322675660555
1111906,1051816,0.25688082662392253
1111906,2090161,0.25463434213729447
1111906,1688469,0.25460453790651055
1111906,7115124,0.2534640251258686
1111906,6614829,0.2528930094681325
1111906,2974118,0.2526514912693693
1111906,3457810,0.2524691222791422
1111906,2738906,0.2523223022074914
1111906,5514476,0.2521700341555092
1111906,462435,0.25165952672052416
1111906,453252,0.2501670660086362
1111906,5791783,0.24949055043337168
1111906,7640271,0.24859794070885038
1111906,1991903,0.24704529668682967
1111906,1855121,0.24665068620040106
1111906,7435610,0.2458745215958731
1111906,3562930,0.24493613265082528
1111906,1751642,0.2445819551045556
1111906,6060234,0.24442440195190981
1111906,164881,0.2444111586073201
1111906,7115119,0.2442474107340893
1111906,1056663,0.24386644778013838
1111906,7983655,0.24362041713845464
1111906,5072373,0.24360741620305687
1111906,8001382,0.2428727524615686
1111906,3618869,0.24188855560422143
1111906,5851687,0.24177134378035708
1111906,7115116,0.2395770525881714
1111906,447447,0.23667546256618174
1111906,3734450,0.23637798060686582
1111906,1501941,0.23526934781352912
1111906,5297808,0.23511714448720605
1111906,4667864,0.23318035965016198
1111906,565937,0.23314664696227863
1111906,447448,0.23263788327663956
1111906,1123341,0.2313381168482085
1111906,8597487,0.23093551683895286
1111906,6229056,0.23074377180862848
1111906,2304930,0.22986229079760107
1111906,1051818,0.2290051708116352
1111906,6044607,0.22868452571511672
1111906,1051819,0.2282351122434352
1111906,5791782,0.2280918263893764
1111906,3757687,0.22798137098878204
1111906,8136045,0.22788509014241456
1111906,1855119,0.22734827711180677
1111906,6044609,0.22717119486030393
1111906,3700545,0.22693524700232542
1111906,8803962,0.22664444705315798
1111906,7640277,0.22650037616438842
1111906,2156776,0.22630824940133604
1111906,6153476,0.22622731860675674
1111906,500341,0.22607019555916177
1111906,456194,0.22575527838809026
1111906,5531071,0.22234865337604848
1111906,8692711,0.22221300873956568
1111906,2886957,0.2221448877207325
523270,8372979,0.7123059597074535
523270,8372977,0.6438979960257003
523270,8372982,0.6438979960257003
523270,2292971,0.6377452104248205
523270,1337589,0.6265307922247191
523270,2292976,0.6168686912894731
523270,7696363,0.6005233879073135
523270,3010424,0.5843927380061098
523270,5966287,0.5796714852739231
523270,1419104,0.5726173930565603
523270,7821242,0.5641492240135824
523270,8372976,0.5629224500624435
523270,1300609,0.5616591158535426
523270,6618496,0.561112107609162
523270,7540621,0.5539177874643382
523270,1119553,0.5532229937852338
523270,7096316,0.5488598836555154
523270,2292969,0.5457360689674847
523270,4859929,0.5443853968594162
523270,1300606,0.5299977285121656
523270,5765850,0.5191241365893681
523270,1376654,0.5172190102002407
523270,5966289,0.5118706491195633
523270,4893265,0.5086302975947794
523270,7696361,0.5022082095774821
523270,5966288,0.5012272338851372
523270,8718319,0.5010330037168784
523270,4100221,0.49890070555089044
523270,5765852,0.4918800959426414
523270,4859930,0.4859430840880647
523270,1046093,0.48421883522184406
523270,8718316,0.47999350053283596
523270,5966291,0.47457581937507926
523270,8372975,0.47203784880267197
523270,7696364,0.46441665546270217
523270,7540624,0.46303515215772134
523270,3027224,0.45763934005099677
523270,8433129,0.4547435606301527
523270,7696357,0.4522204891794056
523270,224336,0.4507660206400893
523270,5240283,0.44084133251290364
523270,4893263,0.43536319873461504
523270,4210674,0.43519071900222367
523270,5922225,0.4269980254963116
523270,3940166,0.42494170159407285
523270,413639,0.4209833308619427
523270,4100220,0.4181890673939615
523270,1300612,0.41800058348076785
523270,2292975,0.41563989596044804
523270,7696359,0.4138739689942775
523270,1119549,0.40787557012283
523270,1704872,0.40158241953376095
523270,3132081,0.40153693685802316
523270,7554011,0.39965133747385834
523270,3902836,0.39928401687744947
523270,3027221,0.3983921630141947
523270,8234936,0.3983719927186632
523270,7096317,0.3977974937036149
523270,1704866,0.3972007784393855
523270,5752990,0.3969876085984417
523270,4780287,0.39672275812543994
523270,1704867,0.393432265641018
523270,6777741,0.3930309862357404
523270,3010428,0.3926241209579397
523270,7391922,0.3921967714443397
523270,1951481,0.3910614017866508
523270,7096323,0.39040802475622177
523270,6618491,0.38962775929565824
523270,5765846,0.38895539030396203
523270,1419113,0.3889355958022295
523270,5323332,0.3889222008280722
523270,8372978,0.38594435618061834
523270,1419109,0.38564401158481587
523270,1419106,0.3847481282855098
523270,1952712,0.3846660810090513
523270,5672873,0.38426951164769585
523270,1350526,0.38368402558889675
523270,8538062,0.3810922478712251
523270,6787110,0.38090439257145886
523270,7235725,0.3793086464403241
523270,2626015,0.3783588992561396
523270,2726812,0.3777375103335468
523270,8542262,0.37702593999759193
523270,4143783,0.37678356567865157
523270,8025640,0.3730571141230499
523270,3826802,0.372401163479723
523270,6185188,0.37210072243380354
523270,4561737,0.37181855609959513
523270,7020821,0.3704745597931515
523270,2137928,0.3700232800498026
523270,4893266,0.36964677587915046
523270,4893268,0.3690370218627569
523270,5752993,0.36847452542791787
523270,8433130,0.3684714573289484
523270,7893046,0.3684215812143089
523270,8571395,0.3682558556386898
523270,4210680,0.3663231106056323
523270,4366633,0.3657048541976839
523270,8433125,0.3594069754574449
523270,4469454,0.3593723449229413
133358,8104531,0.7691648026188098
133358,8104526,0.6324511448461294
133358,8104530,0.5721803330834487
133358,8104532,0.4328592317768261
133358,7822666,0.3820670236974139
133358,4432669,0.3503518548688288
133358,879100,0.3495448170498597
133358,661882,0.34844573925275657
133358,8104524,0.3407535135796504
133358,838771,0.33691700490463716
133358,4432668,0.3336567087209664
133358,6882215,0.32681275685947564
133358,8120106,0.3195090166606096
133358,2606452,0.3177947963462492
133358,2436210,0.31540000144531216
133358,1498770,0.31099397452470495
133358,2357530,0.3102664920839983
133358,2642190,0.3077794229307347
133358,661878,0.30295779009754825
133358,8104528,0.2961787842094621
133358,7597292,0.29389241236086777
133358,838764,0.28269939428358354
133358,5244456,0.2773602819399428
133358,710881,0.27654048360753425
133358,4201765,0.2734188239988308
133358,2151253,0.26841018528970206
133358,2525442,0.2670435944579492
133358,1467836,0.2659933684969483
133358,2575724,0.2613001238440722
133358,4427959,0.26039627275986943
133358,4391397,0.2597429845916199
133358,1980214,0.25918641970209144
133358,501988,0.25765837239754996
133358,226291,0.25629667431088354
133358,7840807,0.2553836855232401
133358,1729579,0.24810391763876755
133358,4432677,0.24754470451451457
133358,8494371,0.2474119542259659
133358,6766698,0.24619806062906524
133358,562010,0.24486124640150744
133358,4427963,0.24373361728109413
133358,4427965,0.24373361728109413
133358,1390721,0.24317833474140246
133358,7107423,0.24273155206062913
133358,7107424,0.2419236499148947
133358,325637,0.24106071606881657
133358,1390719,0.2400983387933651
133358,8146663,0.23803838212048095
133358,3690751,0.23772918269448925
133358,3582433,0.2361324870536734
133358,6817498,0.23584403747820634
133358,1218472,0.23505398113816398
133358,662231,0.23384890277897943
133358,544457,0.23366537572246188
133358,544456,0.23366537572246188
133358,2668443,0.2333537209208907
133358,3252447,0.23279182844669938
133358,1907698,0.23231132636958657
133358,484172,0.23207649102959618
133358,1176064,0.23118081865562984
133358,2763589,0.23074069076193576
133358,4432676,0.23047393808316716
133358,8470630,0.22997062725346767
133358,6598490,0.22916931012060487
133358,5789136,0.2283696360405279
133358,3844446,0.22590444981811258
133358,1388862,0.225832418698776
133358,3195018,0.22526553977529584
133358,155763,0.22425904716489437
133358,7107428,0.22089156432404716
133358,1218470,0.22086994944864083
133358,1218471,0.22003285382976412
133358,2390540,0.21870305963667627
133358,6629871,0.21747201061069438
133358,8079710,0.21746235791325427
133358,322091,0.2157169368086137
133358,5756755,0.215037800221736
133358,501473,0.21374177658169302
133358,3690745,0.21325122899837215
133358,3999677,0.212266328861551
133358,3083087,0.21077911546105452
133358,158349,0.20964954272798256
133358,6468393,0.2092287961671159
133358,8579339,0.20888118262169356
133358,3750205,0.20782255949895165
133358,354660,0.2073266881212029
133358,4566904,0.20712828092451369
133358,4432671,0.20708437186016296
133358,1046755,0.2069625595574038
133358,1062412,0.20581562152924235
133358,818192,0.20513107393745983
133358,562018,0.20508742340887748
133358,8682923,0.20462794013252275
133358,8219038,0.20192087724535243
133358,6319360,0.20078384130933422
133358,6815037,0.2007656204334223
133358,6319354,0.19925433385555844
133358,703904,0.19899814134978208
133358,5448491,0.1989660329477087
133358,8439515,0.19882747434804302
67262,8326580,0.6381419788492582
67262,6973594,0.5717385191120171
67262,8326582,0.5103804286862974
67262,8326586,0.49156985735087994
67262,8326589,0.4750970920269293
67262,8326584,0.4709747971966107
67262,8326583,0.42853117175004674
67262,8326581,0.4284592296164135
67262,6973590,0.39812134895574414
67262,3787176,0.3837378903592246
67262,6973597,0.36713991438605104
67262,8326585,0.36435210376043065
67262,2386657,0.36156232655062304
67262,4828362,0.36101090866103847
67262,6973593,0.34561836519218286
67262,6973592,0.3357026034086332
67262,4644720,0.3280893588220175
67262,1330280,0.31834950459481726
67262,1330278,0.3114830403255956
67262,8326588,0.30824643412142966
67262,6973596,0.30729996432914736
67262,666221,0.3001697399458076
67262,3667793,0.29032981489399495
67262,3070244,0.2866987606894421
67262,7257184,0.28595098629492044
67262,3070243,0.2835866755037314
67262,3070252,0.2831145721802752
67262,3025455,0.28046795069128694
67262,4867303,0.27707504876733974
67262,7677346,0.27692420128119705
67262,1330282,0.27616444015817826
67262,4390804,0.27296748777938773
67262,4385338,0.2722774316052394
67262,1330279,0.26623537195091207
67262,8326587,0.264087386782718
67262,8700907,0.2639153563606252
67262,7447080,0.26296507586587864
67262,2916685,0.26268339654754486
67262,2406985,0.2626257046314801
67262,1330281,0.2620524643065936
67262,1715009,0.26145832157183674
67262,6564214,0.26112552563033375
67262,2626926,0.2601765054065375
67262,3116641,0.2579228190791122
67262,2190759,0.2558957876056223
67262,3670756,0.2549327135687899
67262,4644719,0.25429536735993324
67262,3070251,0.2529616778304998
67262,3070248,0.2517227864650529
67262,7708631,0.24899823929128648
67262,3566415,0.24343946683237178
67262,6087834,0.24055622745578426
67262,1165502,0.24016812295082257
67262,2663356,0.23368261367870374
67262,1035068,0.23289222879373028
67262,7088038,0.22994570925420912
67262,3838245,0.2287957686559683
67262,4828366,0.2274924368342634
67262,5005352,0.22707294486223017
67262,156591,0.22655744416939472
67262,7003248,0.22651789572117165
67262,8343895,0.2260150002519577
67262,3116644,0.2241308288474292
67262,4402305,0.22388580431681657
67262,2663364,0.22382433655822212
67262,545689,0.2237308267338983
67262,7708629,0.22188475863575297
67262,2916678,0.22143645092536132
67262,1267519,0.2207134134427891
67262,3795895,0.22030908637504693
67262,6459590,0.2180844872575893
67262,4937285,0.21797834092994356
67262,469815,0.21768356715452325
67262,4828364,0.2175263856970167
67262,2386652,0.21615818143569696
67262,4833308,0.2158214347076838
67262,5281894,0.2150311716618342
67262,6973595,0.21502949203647193
67262,6973598,0.21502949203647193
67262,4400232,0.21449523017460634
67262,2663358,0.21398445832026974
67262,2465204,0.2137624147197595
67262,5043404,0.21374654126797787
67262,6459594,0.21312181917199874
67262,6564219,0.21148234559008572
67262,7225431,0.21103990690659336
67262,1791521,0.20905968950906717
67262,4906669,0.2080057446388664
67262,3795892,0.20799862250034407
67262,4644716,0.20706909688877104
67262,5812188,0.20693675294052483
67262,8700911,0.20638123001817402
67262,3116648,0.20614598251560204
67262,2465205,0.2057251210523465
67262,469816,0.20442622530470922
67262,4657620,0.20436455835129097
67262,8397771,0.2041304905975944
67262,6459592,0.20386637895837628
67262,3566419,0.20374840307345238
67262,3116646,0.20246660133474717
1121166,3720789,0.5775056391872401
1121166,3249450,0.5469308075299842
1121166,3720796,0.5004138859578284
1121166,3249451,0.4743958083760419
1121166,4767948,0.4711416086050056
1121166,3249452,0.4692021406505419
1121166,77039,0.4668059930549283
1121166,5271678,0.46418737639893454
1121166,3872801,0.46325396662754814
1121166,8625228,0.45655355163121225
1121166,8378301,0.4543270193197328
1121166,8099788,0.45405749406106743
1121166,1483821,0.45248777217104846
1121166,1933184,0.44445143020109956
1121166,3722100,0.4421629309950468
1121166,1933180,0.43724483561209926
1121166,5499074,0.4294717324930878
1121166,77036,0.4264686495622085
1121166,1438877,0.4261743814501099
1121166,8054920,0.42615459962174246
1121166,8625223,0.42361945576902343
1121166,3817584,0.41298459961892575
1121166,8164170,0.41202000589674076
1121166,2288303,0.4099882791931837
1121166,7778074,0.4075720918490824
1121166,1999760,0.4063191379845208
1121166,4265479,0.4060906219123157
1121166,6439529,0.40566493847343815
1121166,6911531,0.4000928363189435
1121166,8054917,0.3995558716585514
1121166,8699880,0.3988139654436378
1121166,8699882,0.3953542892362643
1121166,8625226,0.3930889486008331
1121166,8625229,0.3930889486008331
1121166,8625225,0.3930889486008331
1121166,1905591,0.3909409247488068
1121166,4453797,0.390234718141381
1121166,8054925,0.3901362385614405
1121166,3087309,0.38868599941835075
1121166,4265478,0.37980855401562275
1121166,580767,0.37494840038908983
1121166,1139578,0.3735418000336327
1121166,5569030,0.3734956368203289
1121166,7200354,0.37150140274438637
1121166,8690614,0.37044087756306676
1121166,3872805,0.37010776388613326
1121166,6355395,0.36953583507859206
1121166,360240,0.36920142356138197
1121166,5987625,0.3678293378903272
1121166,3865435,0.36765840121045207
1121166,3394232,0.36515229581893305
1121166,5423607,0.3644841804128973
1121166,6065264,0.36381162213915097
1121166,3852124,0.3634142576233372
1121166,3112791,0.3618262913602743
1121166,385460,0.35994207624969976
1121166,8101453,0.3585559597641482
1121166,3817579,0.35811433460092357
1121166,5963619,0.3561116443079828
1121166,8773580,0.35565144339903976
1121166,8773578,0.35565144339903976
1121166,1735939,0.35550093455190873
1121166,2379541,0.3535266734687557
1121166,1327975,0.3526210057935021
1121166,8163227,0.3513362700526337
1121166,3112789,0.3508519967050339
1121166,6334012,0.34929358873244454
1121166,1791903,0.34901426208859276
1121166,360235,0.34864048010287274
1121166,4265483,0.34761889234381727
1121166,8139152,0.3474401232054812
1121166,4629499,0.3459254022092637
1121166,7959272,0.345800274155519
1121166,77035,0.34543708233562226
1121166,6389304,0.3442920417831509
1121166,6389305,0.3440580018240074
1121166,6911527,0.34403856553503986
1121166,5499076,0.3437274585895827
1121166,3817577,0.34216653498608446
1121166,4566703,0.3420882246552728
1121166,8326004,0.34181167362307574
1121166,8054922,0.34172127834549704
1121166,3415969,0.3412744265864234
1121166,3865434,0.3408126357606898
1121166,2977053,0.34054386471701936
1121166,5357991,0.3384660803844912
1121166,8280125,0.33825806038235107
1121166,686027,0.3382361099133456
1121166,1527549,0.33682622027341624
1121166,4265477,0.33633418726850434
1121166,2115744,0.3361104978689484
1121166,8456423,0.33608128762626327
1121166,313082,0.3357561646765548
1121166,7574069,0.33477600698106497
1121166,6483714,0.33443016016418675
1121166,7558724,0.3342484649735613
1121166,5569028,0.3342358351110372
1121166,7594614,0.33271373356946005
1121166,7551176,0.3308996498439846
1121166,3600620,0.3303782556156268
805321,8694709,0.6721820501173668
805321,8694713,0.6660738002055151
805321,8694706,0.5930773355637423
805321,8694712,0.4751460995050792
805321,7113258,0.47164969833802883
805321,5504785,0.46207454818711785
805321,4783002,0.399363706482437
805321,8694714,0.3914978336640712
805321,4315758,0.379092522465135
805321,7113253,0.3693561704463993
805321,3731060,0.3655230890451965
805321,5589460,0.3605436486689856
805321,4140614,0.3589903035352773
805321,1007722,0.35476394727877164
805321,1577075,0.3510429140319576
805321,1007721,0.3418354423502316
805321,7090102,0.34097242838822917
805321,8694715,0.33886858743828485
805321,424954,0.33789698590377504
805321,8694710,0.33758422208085515
805321,4315762,0.3367769978125074
805321,8257708,0.33507920889460197
805321,1369341,0.3336863089862064
805321,925361,0.33243118344642797
805321,3445569,0.3318047843743113
805321,8373426,0.33163340380425377
805321,8050763,0.3259495145354627
805321,4557969,0.3242585153235944
805321,2309454,0.321714140903909
805321,5697985,0.3211268213730132
805321,3445567,0.31886974681293295
805321,3805856,0.3179016194104322
805321,5130453,0.31755685477725537
805321,2045521,0.3157594640701245
805321,1369347,0.31310917832959845
805321,7489918,0.31269073248545387
805321,7268336,0.31257863769841465
805321,1931331,0.312012795161256
805321,7215302,0.3109294801594919
805321,8694707,0.3062403988848229
805321,8694708,0.3062403988848229
805321,5820750,0.30604929224450983
805321,8694711,0.30602386594423114
805321,4315761,0.30567211064424055
805321,3962293,0.30553541895093467
805321,5697981,0.3036187388261337
805321,2874940,0.30323357825881087
805321,7113255,0.30167303186820377
805321,7568641,0.3011935202360771
805321,2017193,0.300838483996231
805321,2347242,0.3005710625310092
805321,8696129,0.297017307267208
805321,1137824,0.29548682799464915
805321,8257710,0.29444598478420986
805321,4997085,0.2939669791397009
805321,7090103,0.293596831346643
805321,7843571,0.29359149238442994
805321,4262491,0.29245141251228957
805321,7709024,0.29227858941246826
805321,2296954,0.2922742437467462
805321,3571051,0.29203806471232807
805321,2336650,0.2918809364977519
805321,5319062,0.2918809364977519
805321,7789491,0.2915900088103705
805321,2874939,0.29157551820462646
805321,717506,0.29156488423100707
805321,7843578,0.290723803512453
805321,3962292,0.2884313849877479
805321,1931326,0.2876680495162055
805321,4597599,0.2851314947058307
805321,5879695,0.2851229559190735
805321,3731056,0.2850331046111133
805321,7489911,0.2847270534728002
805321,4536144,0.2839142475773844
805321,4316220,0.2832825713122823
805321,8063444,0.2826473295545367
805321,29930,0.2817039768552149
805321,5319066,0.2800153232808029
805321,5321896,0.27890001539298903
805321,8653605,0.27879939235520673
805321,3828500,0.2787087543737793
805321,931826,0.27546239323210014
805321,848655,0.27326807097051
805321,1090841,0.27237846567021795
805321,7076925,0.2723161371165587
805321,3306567,0.2712859740721446
805321,7048810,0.2712859740721446
805321,7302585,0.2712009901909361
805321,2858241,0.2701567368901688
805321,25256,0.26958867451915963
805321,2552996,0.26904506732364425
805321,6327095,0.268919149144087
805321,195581,0.2688238511351496
805321,6814131,0.26827432032660004
805321,2428626,0.268063389123719
805321,7489909,0.2671252257074797
805321,6122185,0.26687556498276305
805321,1807773,0.2667902483247465
805321,5500763,0.26489067970894903
805321,8395361,0.2646435202658304
1129828,7192672,0.5587144407848146
1129828,1486247,0.5587144407848146
1129828,7538223,0.5522570286342845
1129828,4503535,0.496793086912386
1129828,3723805,0.49025110563408064
1129828,8535899,0.48600242417269157
1129828,1486248,0.47888347272957066
1129828,7347977,0.47607571346675404
1129828,3820430,0.4726581040244281
1129828,2068100,0.4672922804977664
1129828,644146,0.46662936721332116
1129828,6423072,0.4654273242639196
1129828,2155145,0.46222810432145434
1129828,7468364,0.4614893282865782
1129828,8263235,0.4588569925918506
1129828,6460307,0.45691873760554214
1129828,6094915,0.4552316258397636
1129828,8754960,0.4496684826157777
1129828,5731633,0.4496624147622625
1129828,8680754,0.4487765289360973
1129828,3381087,0.44608484453665936
1129828,4683838,0.4448214500973394
1129828,4200431,0.44377587544870567
1129828,7708107,0.44244806374541035
1129828,637800,0.44192885925223907
1129828,3958404,0.4400367742625541
1129828,1190630,0.438860779334829
1129828,1338100,0.4339145452348725
1129828,3929621,0.4332345995218019
1129828,7503185,0.43233291968499443
1129828,8440713,0.4308438182220156
1129828,6730207,0.43078436066307546
1129828,1400900,0.43011028307189914
1129828,7839926,0.42574620444487316
1129828,159878,0.4250998845615591
1129828,159883,0.4234566361930765
1129828,2155152,0.4227043015660663
1129828,4503536,0.42194899097050653
1129828,6730209,0.42146681084460824
1129828,452423,0.42055577841133984
1129828,503504,0.419046608616462
1129828,8815661,0.41889880587236106
1129828,7708112,0.4163007694697376
1129828,7366577,0.4134818998837505
1129828,6417309,0.41283918742338693
1129828,4956721,0.4116291397536634
1129828,3698763,0.40962016595073697
1129828,5738059,0.4078741766983645
1129828,4011093,0.4062080905464504
1129828,7794397,0.4054441457355404
1129828,1229423,0.40537856004053385
1129828,6887456,0.4037253059166022
1129828,1370208,0.40296116463026554
1129828,6250492,0.40036335319706257
1129828,2744104,0.399200905838578
1129828,8815664,0.3981076458262452
1129828,8352500,0.3969785003794773
1129828,5878511,0.3958100730019619
1129828,8439821,0.3925318381324297
1129828,694093,0.391944483828685
1129828,7708113,0.39108822242716024
1129828,5878513,0.39097907697188783
1129828,5925140,0.3906341694789188
1129828,7708108,0.38956489482279355
1129828,4512426,0.38897090079219016
1129828,1834601,0.3882317761995371
1129828,2367447,0.38778417400549936
1129828,7708115,0.3867697615531616
1129828,4538076,0.3865971346268865
1129828,3913907,0.38563342225982195
1129828,2345519,0.38213353531709227
1129828,1622613,0.37909589979769087
1129828,4605311,0.3778759808575065
1129828,8439823,0.377082987293339
1129828,6500004,0.37630953645159393
1129828,7347979,0.37448362798277407
1129828,6966603,0.3738493121683118
1129828,544154,0.36997992242916444
1129828,7065760,0.36789971950954936
1129828,530804,0.3673856510030073
1129828,7708114,0.36663713800821496
1129828,7708110,0.36645875661383825
1129828,8603902,0.366394180936891
1129828,1859410,0.3663427996668736
1129828,1735406,0.36486910095573905
1129828,2303784,0.36275739032560017
1129828,544152,0.36187916669623954
1129828,2241230,0.3614572058713008
1129828,6479700,0.3613964471813381
1129828,5475054,0.36077001358334865
1129828,3754697,0.35943209383825453
1129828,7790664,0.35840986067319225
1129828,6120475,0.3582698134649074
1129828,8535892,0.3561731327582643
1129828,3789991,0.3554696976415347
1129828,2394037,0.35417765700054377
1129828,1780780,0.3537925900404481
1129828,5398276,0.352994222599202
1129828,157801,0.3519621684896495
1129828,8594048,0.35188335829434303
131843,985994,0.4500836732851493
131843,985988,0.3539896597858285
131843,8305156,0.3213867507353594
131843,985991,0.2995548008954376
131843,8305158,0.2858252737529292
131843,4254836,0.2726544861158283
131843,8305152,0.25960364896867993
131843,8710813,0.2479238992982988
131843,985995,0.2479238992982988
131843,8305153,0.2472154676271136
131843,985990,0.24399528831506995
131843,8519713,0.23595620701693368
131843,985992,0.21927409324869085
131843,1941266,0.20839632899711685
131843,7707868,0.19822784137677935
131843,985989,0.19812623368249854
131843,2041693,0.19639637890974596
131843,3884881,0.18732458489108963
131843,8305154,0.18125163300348132
131843,97739,0.17959563142229332
131843,3884882,0.17630498203551823
131843,6694981,0.17254746824036032
131843,2683747,0.1707947994690224
131843,3159911,0.17074459698333036
131843,5056232,0.1704428410762198
131843,2135122,0.16994896317453886
131843,2213812,0.1693754840618286
131843,8146334,0.16825180781352628
131843,20073,0.1673917101996425
131843,947067,0.16585725409387028
131843,37595,0.16404892213129665
131843,1721919,0.16404892213129665
131843,2333348,0.16397116108509102
131843,8146836,0.1636397120619386
131843,6958665,0.1636397120619386
131843,2009826,0.1636397120619386
131843,8339485,0.16318074776105757
131843,4165838,0.16318074776105757
131843,8305151,0.16303579512940627
131843,1725357,0.1626585944210357
131843,8090240,0.16260519220514122
131843,6767150,0.16205355336711366
131843,3983276,0.16205355336711366
131843,8609679,0.16205355336711366
131843,4659772,0.16205355336711366
131843,4335375,0.16205355336711366
131843,332773,0.16205355336711366
131843,836259,0.16205355336711366
131843,373498,0.16160490268011934
131843,7272856,0.16133505119306887
131843,6249757,0.1606748676806584
131843,3219547,0.16045181578159928
131843,418065,0.16045181578159928
131843,5430008,0.15930764659170094
131843,4843649,0.15930764659170094
131843,317313,0.15930764659170094
131843,8050441,0.15930764659170094
131843,996938,0.15930764659170094
131843,3363729,0.15768646724665242
131843,1857666,0.15768646724665242
131843,1618969,0.15768646724665242
131843,5371380,0.15768646724665242
131843,385859,0.15768646724665242
131843,4840263,0.15768646724665242
131843,1935431,0.15768646724665242
131843,5630800,0.15768646724665242
131843,6087979,0.15768646724665242
131843,8083366,0.15768646724665242
131843,452117,0.15768646724665242
131843,7781503,0.15768646724665242
131843,208011,0.1550400287728262
131843,7700680,0.15490038773965906
131843,8074471,0.1548992471148937
131843,617668,0.1548992471148937
131843,3152904,0.1548992471148937
131843,1114080,0.1548992471148937
131843,1331326,0.1548992471148937
131843,2476773,0.1548992471148937
131843,2942442,0.1548992471148937
131843,7792356,0.1548992471148937
131843,2178330,0.1548992471148937
131843,7370319,0.1548992471148937
131843,7466871,0.1548992471148937
131843,5227680,0.1548992471148937
131843,6546266,0.1548992471148937
131843,526577,0.1548992471148937
131843,5484838,0.1548992471148937
131843,499216,0.1548992471148937
131843,8386260,0.1548992471148937
131843,1762465,0.1548992471148937
131843,55905,0.1548992471148937
131843,5680352,0.1548992471148937
131843,4262451,0.1548992471148937
131843,6349699,0.1548992471148937
131843,186957,0.1548992471148937
131843,8072547,0.1548992471148937
131843,949720,0.1548992471148937
131843,4058385,0.15210496760237563
131843,3032115,0.15149957474059422
131843,571001,0.14982625151032716
104861,8575900,0.5247194367644165
104861,6351571,0.49188587426484404
104861,5703400,0.4802169430383539
104861,459676,0.4801380661415849
104861,1304632,0.4788930436465884
104861,5703401,0.47797556929346585
104861,8495099,0.4774380055278376
104861,5379458,0.4751482103750118
104861,459675,0.4740531729126651
104861,1811410,0.4685504115290335
104861,7204477,0.46503872422435427
104861,6658615,0.4641116042382014
104861,4583548,0.4573731156542157
104861,8260037,0.45054054305554664
104861,4095803,0.44752476029152416
104861,1821810,0.44752476029152416
104861,6491705,0.4441326480511211
104861,6436838,0.4423989213250995
104861,5667474,0.4387381228061161
104861,5150431,0.4353023050269587
104861,6670009,0.433752377117086
104861,5667475,0.43124103643773143
104861,125332,0.43021523106903087
104861,8454530,0.42815568864672904
104861,5801822,0.42807368982590355
104861,4864622,0.4279510591628723
104861,4019226,0.4255058709521519
104861,6159998,0.4223152621342011
104861,6346168,0.4223152621342011
104861,649740,0.42176529333955454
104861,8260035,0.42006766660092076
104861,6207614,0.4194641818950806
104861,5778054,0.4178972508677506
104861,5398516,0.4175193147928743
104861,7523515,0.41747136698805043
104861,5634657,0.416259879202995
104861,6169622,0.413745485387823
104861,8454532,0.41343070316149455
104861,5688415,0.41082479069180367
104861,4726633,0.40951417287388975
104861,3957221,0.4077571959875859
104861,7171534,0.4064632748811934
104861,6653835,0.40612093184452613
104861,5778052,0.40603015411276794
104861,8260038,0.405062309206436
104861,1400645,0.4037198109068323
104861,2908929,0.40364256063820547
104861,459678,0.40313161864198865
104861,1880723,0.40289105905737904
104861,1275725,0.40272072897213157
104861,7666364,0.40181554967296634
104861,6416000,0.3987070285931333
104861,1575458,0.3976915061556658
104861,5852550,0.3976915061556658
104861,6200735,0.3965013839846119
104861,5138474,0.39567147183432505
104861,3554529,0.39475345857708116
104861,6427379,0.3939235372844372
104861,1747873,0.39367582372192444
104861,459683,0.3931851548574231
104861,3509275,0.39294931856772813
104861,8400531,0.39291054304972844
104861,8388256,0.3916610808354649
104861,4446923,0.3908832605630038
104861,5677643,0.39087443928077414
104861,8259116,0.3901465697905352
104861,8528821,0.3892715035272787
104861,4017856,0.38893488430092044
104861,2807426,0.388803269428979
104861,7882079,0.3886287845045233
104861,8301180,0.38706734102543633
104861,4350441,0.3865672612300364
104861,5726891,0.38639043014342583
104861,8301177,0.3861460953035158
104861,5518548,0.38598432780874026
104861,4717134,0.38551213725118594
104861,544344,0.38541901256881245
104861,7527715,0.38469526973697166
104861,7523513,0.3846383825114396
104861,7462395,0.3843220974891117
104861,4883066,0.3843220974891117
104861,409268,0.38431278123087054
104861,1112961,0.38364611321156644
104861,2437813,0.3824735156388004
104861,6461526,0.38096314509482154
104861,5438822,0.38043887821048916
104861,2524023,0.3801850015881681
104861,5864693,0.37958937548477883
104861,5537884,0.37909044362243516
104861,5903856,0.3789485481472252
104861,5535956,0.3787967738013861
104861,8193918,0.37818417140643346
104861,3205828,0.37766257186856883
104861,5398518,0.37754242702378643
104861,6056678,0.37701692811947646
104861,8301178,0.37609517122383634
104861,7737529,0.3760775132714317
104861,1995989,0.3760495058057455
104861,5588576,0.3758782832055939
104861,1050559,0.3757893258416981
833860,5595071,0.5186069010983574
833860,1900578,0.5081408057774035
833860,1900582,0.5081408057774035
833860,5595072,0.48722899690227217
833860,1900579,0.48579598834961585
833860,1900581,0.48579598834961585
833860,7410123,0.4635439921237344
833860,6230229,0.4624497831845551
833860,5595063,0.4459087707926
833860,1900583,0.43103767692375394
833860,1524403,0.421780932653709
833860,5595065,0.417852078759744
833860,1642152,0.40368334274717865
833860,4779494,0.4034478166490141
833860,5595064,0.3972998241898303
833860,174720,0.3931031033351931
833860,1524406,0.39261376653145885
833860,3437288,0.3890234128383305
833860,1524644,0.38864102148393553
833860,5804546,0.3884612246283767
833860,6577519,0.3874881206462393
833860,6012471,0.3874881206462393
833860,5595067,0.3872264674625412
833860,8400012,0.38720691246646843
833860,7184644,0.386306362553928
833860,6230227,0.38382162823499716
833860,8400009,0.38076108665699604
833860,6013727,0.3790035309038895
833860,6013723,0.3790035309038895
833860,6012476,0.3764027594304723
833860,5595069,0.37632244420466054
833860,993463,0.3756539019071819
833860,993470,0.3756539019071819
833860,7193653,0.37435688315802984
833860,1634935,0.37375223123478657
833860,4345197,0.3729534419522398
833860,8189156,0.3720608882829851
833860,5804547,0.3709210363989883
833860,7086987,0.36727531200577124
833860,1642146,0.3657161019328046
833860,7410118,0.3653329768726548
833860,7508039,0.3639870680567876
833860,1168281,0.3614843186679116
833860,4166209,0.3610529923932181
833860,858688,0.36077154573573644
833860,5082859,0.35528050290787505
833860,1969741,0.355092901875696
833860,2192806,0.3548120413015194
833860,840451,0.3514930636797672
833860,2648239,0.3513359782043348
833860,5967458,0.3477830852663944
833860,5082852,0.34644617815873374
833860,5205847,0.3454990721405368
833860,115142,0.3453391857047847
833860,6577518,0.34481981013233504
833860,7026638,0.3436924368431891
833860,7508041,0.34090890928450346
833860,280004,0.340748940028466
833860,1626954,0.33955981563213194
833860,6230222,0.33887550376372655
833860,280002,0.33879297785202145
833860,3421950,0.3383042207571502
833860,8155437,0.3379710056558105
833860,6083482,0.33620158530053323
833860,2808055,0.3347502465071282
833860,7672708,0.33442188765382314
833860,4046129,0.33418605219936415
833860,2188108,0.32858369369581203
833860,4345196,0.32857851952124445
833860,8155439,0.3277750802895136
833860,2206193,0.3274460852266791
833860,1707380,0.3237153537551835
833860,2584789,0.32323371742570556
833860,3109621,0.3226710364704469
833860,7125486,0.32151597289920003
833860,1707378,0.32051441769624184
833860,174721,0.3203311576001419
833860,280003,0.3178501039313114
833860,456070,0.31572607966021565
833860,6285361,0.3144210342393304
833860,1229014,0.3140159051128802
833860,2829181,0.31286751718327344
833860,5684104,0.31216060326565886
833860,8284967,0.31200721432412915
833860,5127788,0.3112115680055955
833860,8683095,0.31056463011590935
833860,8234787,0.30801997426285493
833860,5167517,0.30618438425411715
833860,1707374,0.30558087789513216
833860,6230220,0.3055678842262108
833860,2192805,0.30419011835571647
833860,5867806,0.30393099146176494
833860,5867802,0.3036636237397873
833860,4110907,0.30340006598231883
833860,2698525,0.3030478545044433
833860,7153356,0.30271163234746407
833860,5097132,0.30208966602937104
833860,2866503,0.30201392122442705
833860,4046122,0.30144135785522586
833860,6230226,0.30012609593043443
207786,8273759,0.5774100652925316
207786,493420,0.545393974557379
207786,4759183,0.5403754442590445
207786,8273755,0.5376521438393446
207786,8651150,0.5280284024577666
207786,2051021,0.5114916668479248
207786,534183,0.5069140265580443
207786,4759179,0.506389030016195
207786,4181531,0.49845731895693146
207786,7941579,0.49632024001505315
207786,6763411,0.49494926373109294
207786,524449,0.4875062473421661
207786,4754012,0.48326868344437107
207786,5170140,0.4831995901028584
207786,4181538,0.48210261862655146
207786,493419,0.4815465550894945
207786,4759180,0.47630768687452807
207786,4900223,0.47464985165031415
207786,493416,0.4733450545644
207786,179042,0.4729226258511757
207786,795760,0.4694412126890635
207786,4181533,0.46711162745756524
207786,403538,0.4655917085561989
207786,2969229,0.46488167115309614
207786,4181530,0.46054583925805387
207786,493414,0.4600811030255892
207786,4900224,0.45734568071189513
207786,2440415,0.45659788439333526
207786,7643816,0.456371303488608
207786,6532291,0.4527044602515114
207786,6003360,0.452071145381186
207786,6003357,0.45028346255924956
207786,3632495,0.44783381747922685
207786,1667536,0.44363612854278206
207786,4900218,0.4414486633535897
207786,6786713,0.4384470706412255
207786,7016165,0.4354177123919288
207786,3648040,0.43503886799640984
207786,2051020,0.4329220988869574
207786,655407,0.43128952561437106
207786,5745786,0.43128952561437106
207786,8273757,0.4298815620077011
207786,4613063,0.42946784746017497
207786,4900219,0.4265068019261332
207786,818662,0.4235986827047711
207786,3912995,0.42082577315955366
207786,2969232,0.41853125137206604
207786,795752,0.4168870793236594
207786,5745781,0.4164467790003179
207786,1021446,0.4164084759299037
207786,4393128,0.41507032236294866
207786,2775840,0.4129405525818426
207786,493415,0.4124919464438754
207786,795753,0.4104132574544328
207786,3632499,0.4102665808899457
207786,4599409,0.4091672843754469
207786,493413,0.4069816920576835
207786,6822431,0.4031900917633622
207786,2763923,0.40128503283017697
207786,673361,0.4011145851474939
207786,3753001,0.39971101932322334
207786,2253663,0.39959561491664364
207786,2322023,0.3991781379960654
207786,403543,0.39864487755859507
207786,6763412,0.3983150806552893
207786,3308283,0.3982394459697785
207786,6882359,0.3962766908109969
207786,7080032,0.39581039813808633
207786,4823378,0.39498451315100386
207786,6041481,0.3947948077100877
207786,7869797,0.39368587789738246
207786,2775838,0.39283715955006576
207786,4823380,0.39254363416681587
207786,7643819,0.3925007663032362
207786,5093759,0.3924309932252942
207786,4998434,0.3924309932252942
207786,6532297,0.3919312529235426
207786,1361407,0.3916213912734197
207786,8651149,0.3914246087325529
207786,8273754,0.3897127796292385
207786,4137924,0.3876630794832026
207786,7643812,0.3846072167091535
207786,5598162,0.3838042437855938
207786,5297038,0.38215318614300486
207786,2051022,0.38102335971412993
207786,4134521,0.3804034189061495
207786,1211783,0.3797162281594453
207786,7668314,0.37964885002908316
207786,688349,0.3789448388706732
207786,7477679,0.37857984320308036
207786,5989435,0.37852322933257954
207786,5420873,0.3771533332495451
207786,2959985,0.37708016077652645
207786,2621350,0.375198641342518
207786,8185064,0.37508654194983654
207786,8415778,0.37355945238027966
207786,673363,0.37235830620718996
207786,655410,0.37217488869894394
207786,8532111,0.3708489998410574
207786,5879049,0.3706976531921197
691330,8490462,0.7901691390881471
691330,8490463,0.7850464957034959
691330,8490460,0.766788370588763
691330,443525,0.6549255466463804
691330,7626873,0.6374916146483114
691330,3692150,0.6036241685803001
691330,807730,0.5798506304128372
691330,1257011,0.5685335596512927
691330,8197717,0.562033795136781
691330,4579025,0.5581915396506114
691330,1257015,0.548627217949343
691330,5425396,0.5452294621850488
691330,5425399,0.5374763067094154
691330,8490461,0.5318458123380512
691330,2751554,0.5245586724505785
691330,6875222,0.5143393983293766
691330,3692153,0.5050476305399715
691330,4211863,0.49561263700151353
691330,8197722,0.4879119011336696
691330,807732,0.4820834198424471
691330,7004346,0.48138073777504203
691330,2376103,0.4634133694855645
691330,5311538,0.4615069755691492
691330,807723,0.45121529189180437
691330,3346773,0.4437450288062284
691330,5392691,0.4382547748253333
691330,4480251,0.4283248326678877
691330,6431709,0.42576846549657793
691330,3480390,0.42572034429303274
691330,3346767,0.4247916279423718
691330,6348193,0.4217717592241896
691330,896968,0.42124396356444344
691330,7336310,0.4208609390013708
691330,1208529,0.4189030000783408
691330,6348196,0.418439020535279
691330,3151199,0.4175113940687021
691330,1257017,0.4172748464765906
691330,2518448,0.41567772494249317
691330,355712,0.41420498270497297
691330,3398158,0.4132399671278507
691330,6185853,0.41266275993663376
691330,6431707,0.4126609257685597
691330,7659143,0.41262945197860074
691330,4999593,0.4081545056874942
691330,8104857,0.4071447649956412
691330,6794619,0.4065273608170672
691330,1949517,0.4054530664662345
691330,2700253,0.40423474066393394
691330,8149413,0.40418469014623376
691330,1579463,0.40376191807394807
691330,3184183,0.4019479101077912
691330,1042437,0.4000139228415751
691330,5392687,0.3978885627844947
691330,6348194,0.3978636545051713
691330,7564095,0.39600060543405846
691330,2077385,0.39578918767677573
691330,1830773,0.39575890307613404
691330,3480393,0.3956780865855468
691330,1282443,0.3938768540903028
691330,1012033,0.3934111311749496
691330,1920927,0.39327967916076384
691330,569561,0.3932538358970196
691330,984135,0.39024754176010573
691330,406826,0.3894759460144846
691330,8197721,0.3882517891293508
691330,7732037,0.3879961630006619
691330,3687948,0.3868413470652986
691330,412413,0.38547718280383964
691330,7117950,0.3852100707938431
691330,3398162,0.3849866373342025
691330,3406022,0.38473849705550506
691330,7249134,0.3846506700007342
691330,2751558,0.3846286547882576
691330,99607,0.3837661987611798
691330,6767862,0.38222600679907504
691330,2751562,0.38176509013776627
691330,5476147,0.3809442386618749
691330,1782479,0.3809442386618749
691330,1847844,0.3807853415345513
691330,1252117,0.3807700060480863
691330,412411,0.3806796879915686
691330,896974,0.38052872015563766
691330,913313,0.3805225172545283
691330,751199,0.379019130372746
691330,7117951,0.3789368638189018
691330,8441626,0.378213419217965
691330,6594849,0.37765700501723226
691330,2282634,0.37705368914698173
691330,1000371,0.3768832268592911
691330,72971,0.376715801959675
691330,6419412,0.37643131643749816
691330,1949514,0.37513487618289953
691330,3151203,0.3750120470514484
691330,3415148,0.37471858820933956
691330,5476146,0.3737150972964562
691330,6794614,0.37341229686529154
691330,7431167,0.37301378337241126
691330,5713946,0.37295683160704024
691330,1697832,0.3729087719441256
691330,1758722,0.37189816121687874
1103528,2758788,0.7766402167136643
1103528,2758782,0.7676453399438309
1103528,8223067,0.7060584861491851
1103528,2758787,0.5885714801460474
1103528,8223071,0.4938125819328563
1103528,8223065,0.48592438896444434
1103528,2758780,0.4755654090433566
1103528,8728323,0.4180822809719595
1103528,8223068,0.4067678010963706
1103528,2758784,0.3695435894965292
1103528,2758779,0.36887791093352207
1103528,2758783,0.3685439080486385
1103528,8223069,0.3640273657833558
1103528,8728328,0.358431238151475
1103528,2758786,0.23904878242851046
1103528,2758781,0.2191104444092206
1103528,2758785,0.18935599958803626
1103528,1050825,0.13290084573291697
1132213,5141323,0.4769746231259336
1132213,1085452,0.471923448761868
1132213,7229137,0.4711186946322994
1132213,2879508,0.4704407804213121
1132213,8334480,0.46638496751298897
1132213,3367509,0.45989240202393
1132213,8605525,0.45424023453925916
1132213,8165924,0.4509558712944272
1132213,3367512,0.44977834581354065
1132213,1030078,0.4483619599608969
1132213,1616866,0.4477841575954807
1132213,7131650,0.43963020461070523
1132213,8645165,0.4359905206031435
1132213,7530309,0.433283679565916
1132213,3832506,0.4286574975018971
1132213,577619,0.42631958432744277
1132213,7304815,0.42580780617261316
1132213,5212186,0.422099983336636
1132213,4061104,0.4220500916578246
1132213,130976,0.42046174144514276
1132213,6283052,0.4202093449729306
1132213,4878734,0.41995467578721807
1132213,1404410,0.41929870304532507
1132213,8111259,0.4186846031890922
1132213,1867331,0.4166575436063257
1132213,6283053,0.4165275453405918
1132213,1085450,0.41600598365025526
1132213,6571751,0.4127455965093007
1132213,2518602,0.4120387134784807
1132213,3930236,0.41180176138578345
1132213,8788327,0.4112120265189238
1132213,8641926,0.408903124943637
1132213,4380572,0.4064790128714362
1132213,6571744,0.4063334040328612
1132213,8641925,0.40609731734471183
1132213,5792525,0.4054668721972198
1132213,8335031,0.40490350537135616
1132213,7998251,0.4048746480400038
1132213,6474646,0.40472927426685296
1132213,1648043,0.40293116378714233
1132213,577622,0.4026428166402847
1132213,5212182,0.4017841316076912
1132213,7025009,0.4011461978870744
1132213,6940534,0.40105695116769174
1132213,4260397,0.3973772160643241
1132213,8581363,0.38849198358779136
1132213,2555119,0.3880613964888707
1132213,1359682,0.38748383864812597
1132213,130974,0.3866819097984221
1132213,4589265,0.3863095462800194
1132213,8504767,0.38512310645971937
1132213,1867326,0.38371274229956237
1132213,6560885,0.3827872275953281
1132213,7923704,0.3824573383994233
1132213,2422564,0.38214987852507337
1132213,8490883,0.38017294369414795
1132213,7025007,0.37830044043650746
1132213,5792523,0.3773714128559334
1132213,2452680,0.3772150658865016
1132213,7157551,0.3769289161660448
1132213,7798377,0.3766002918680361
1132213,1656015,0.3756250799114355
1132213,4584290,0.3747500908740532
1132213,7557414,0.3747046831230734
1132213,141077,0.37442907947498844
1132213,3101721,0.3740605081215353
1132213,6643549,0.3739528101594076
1132213,8618742,0.37353820867620396
1132213,8156291,0.3726459888035552
1132213,6518781,0.37261349132311633
1132213,1806412,0.3725778161321048
1132213,3608079,0.3724188396010747
1132213,4459534,0.37225690961442276
1132213,5591724,0.37202354916832375
1132213,8334473,0.37092271856843495
1132213,832043,0.3706931052088389
1132213,856465,0.37029296215529106
1132213,4523938,0.36938378213258893
1132213,2914416,0.3676685721682468
1132213,5636438,0.3675388077029341
1132213,531894,0.3667607885684538
1132213,936417,0.36617847573008616
1132213,2444696,0.36602087364768204
1132213,1885412,0.3652129124944447
1132213,8003997,0.3650362400122895
1132213,5636441,0.36445704862008815
1132213,1833857,0.36444678850117884
1132213,2723487,0.3642859038531979
1132213,6661965,0.36426423390175283
1132213,2581307,0.36361967059516886
1132213,5064231,0.36358234454454
1132213,6425291,0.36259227774294417
1132213,3703219,0.3625697333415142
1132213,5345878,0.3623371198122558
1132213,2776072,0.36165290992694066
1132213,2555124,0.36133339597985215
1132213,8504765,0.3600622266863669
1132213,8618737,0.3599329146789811
1132213,8441525,0.35976713911038277
1132213,7025006,0.3593944874905476
335594,3291967,0.43535210700611005
335594,3291970,0.38903298921604196
335594,6280311,0.37897578434970314
335594,780021,0.37558135358867106
335594,3291972,0.3662736695492842
335594,3291969,0.36321874730727943
335594,5791332,0.3604680078403477
335594,1583785,0.36011978370608827
335594,4166072,0.35833317053065633
335594,6280310,0.3568344197493823
335594,7899639,0.3519940881588631
335594,4864091,0.35050466829905513
335594,1583791,0.34944861260451027
335594,8457431,0.34720236988422165
335594,3489000,0.3457770941818137
335594,4166074,0.3448169228825146
335594,5704370,0.3401004965842769
335594,7734598,0.3396301705927357
335594,4166068,0.3355452829289172
335594,780022,0.3338938356847959
335594,4166076,0.33213697323266095
335594,4129232,0.3314366424280432
335594,3319017,0.32317786156170025
335594,7899632,0.3215957670363535
335594,2812493,0.31924283835125017
335594,7899635,0.3188743872726554
335594,7734602,0.3128682665979963
335594,6001032,0.3127664478332444
335594,4722772,0.31235383448091286
335594,68725,0.3118950411155809
335594,7734600,0.31126292861859234
335594,68724,0.3104865811584391
335594,3319021,0.30935894985497986
335594,6280306,0.3086999080372699
335594,2406068,0.30726365780986703
335594,6114043,0.3065383745908786
335594,2412515,0.30308428405496207
335594,3291968,0.30266572733647984
335594,8515794,0.30199949596254166
335594,3319018,0.2996087720391545
335594,2406063,0.29952934430502853
335594,68718,0.2918322262284658
335594,780025,0.29096889584012814
335594,1155677,0.290763717786483
335594,4754365,0.2903094402301413
335594,6751755,0.28996543793636104
335594,5704363,0.28895878878159603
335594,5791327,0.2878765377915967
335594,4125231,0.28734307829335665
335594,2406065,0.2865479606175525
335594,5791333,0.28202701603983305
335594,2412513,0.28064087329203663
335594,4166073,0.27998646475695643
335594,4722776,0.2767825265354224
335594,5109214,0.27673655998407715
335594,6280304,0.2746269895032386
335594,3135742,0.2732232807659757
335594,2406070,0.27274436770412647
335594,6280309,0.2708175993915756
335594,2494504,0.27070743030676936
335594,6280308,0.27007212858088364
335594,68723,0.2689697696109241
335594,7734599,0.26778661117124936
335594,4864090,0.26631471525184786
335594,1155680,0.2660910144782629
335594,5791326,0.2657475833429634
335594,936635,0.2645724266671483
335594,6001039,0.26045949102450455
335594,4166075,0.26002578276494237
335594,1155673,0.2581486363410596
335594,1155679,0.2578057873103243
335594,7734605,0.25621453036336134
335594,4125228,0.2552618197990883
335594,3420790,0.254581416076418
335594,68717,0.2534065238717464
335594,3319016,0.253379728587721
335594,5349241,0.250638102211578
335594,5588114,0.24989603482343967
335594,8358532,0.24850265046191214
335594,7899638,0.24828873021301065
335594,4166067,0.24265472180970385
335594,5588113,0.24029690283736027
335594,5791328,0.2398686292188796
335594,68720,0.23827767125557736
335594,2412512,0.23578759271275426
335594,7899634,0.23538568271539984
335594,5588115,0.23436528401246554
335594,6114039,0.2337055035851297
335594,3420798,0.23085080017859766
335594,7734604,0.22928119724377374
335594,3488994,0.2292444679357551
335594,1155674,0.22848398622656035
335594,742435,0.22667274024643377
335594,5704366,0.22644048885898707
335594,7734606,0.2260450013710539
335594,3319024,0.22577351510366145
335594,2412511,0.22485512323551968
335594,3420796,0.22432699295997455
335594,68721,0.22282577672965384
335594,3420791,0.22127714995932318
1134138,7145034,0.6225693832503812
1134138,963808,0.5291268531033195
1134138,7702580,0.49451527477653123
1134138,8730384,0.49371265189642116
1134138,8255879,0.49259235702104764
1134138,7997599,0.4909048144223535
1134138,8730388,0.4885772381266581
1134138,7997603,0.48467866955386135
1134138,8666691,0.4818770506371661
1134138,187285,0.44961311281240535
1134138,8489496,0.43850807349704446
1134138,7145033,0.4303712263332013
1134138,7145029,0.43005333744980806
1134138,7727165,0.4004178700553189
1134138,2553344,0.3995922367107641
1134138,7145026,0.3705757852276586
1134138,6759156,0.3494314226029503
1134138,6759157,0.3491754471485961
1134138,6759159,0.3485308774173254
1134138,6759154,0.34655347217500504
1134138,7145032,0.3435482751618944
1134138,8077956,0.34313533324791917
1134138,7139910,0.33877620084678944
1134138,7556400,0.3142281888550897
1134138,922334,0.31127981643462393
1134138,1562825,0.3094842413283857
1134138,8023290,0.30856736539982926
1134138,2229525,0.3077297837305513
1134138,8071280,0.30759442332382203
1134138,541397,0.3063761446670871
1134138,8802293,0.3063761446670871
1134138,756518,0.30612451789162926
1134138,1468688,0.3056193089030856
1134138,6541909,0.3051907939473878
1134138,2494523,0.30515764085256575
1134138,8027180,0.3048836649042649
1134138,444369,0.3031978141741961
1134138,3586244,0.30175136418493853
1134138,8401289,0.2999548724885494
1134138,8082800,0.29875123277258386
1134138,8110829,0.29328195721224387
1134138,35742,0.29198340308622384
1134138,548393,0.29040195458856216
1134138,110653,0.2774197286215231
1134138,2803364,0.26145882301892215
1134138,3929137,0.2514289186743236
1134138,1530862,0.2466016264412267
1134138,3543239,0.23936476695596995
1134138,5160384,0.2362804641160447
1134138,3060134,0.23305345835098473
1134138,1540024,0.2320022823541402
1134138,2797202,0.2312461593589896
1134138,8062888,0.2308191548042784
1134138,8694942,0.23013179406695494
1134138,7186683,0.22878104908088276
1134138,3455090,0.22662359681948907
1134138,7083751,0.2264338337783656
1134138,487623,0.2253702687079016
1134138,1103473,0.22513777551230052
1134138,1260354,0.22273644711651588
1134138,6056731,0.221156285163266
1134138,7610692,0.2198277797752124
1134138,6462692,0.21919319141679727
1134138,8043705,0.21904199777447184
1134138,3305938,0.21867685435593695
1134138,3324682,0.21512528864649266
1134138,487626,0.21155442713374284
1134138,4055145,0.21026066178795444
1134138,1832598,0.2090020460074031
1134138,1311431,0.20829452319832573
1134138,487620,0.2073711222123093
1134138,4291539,0.20729189523502559
1134138,4133542,0.20688584919819844
1134138,2789042,0.20686851059255099
1134138,3181081,0.2056639047995911
1134138,4441661,0.2033629429535632
1134138,2462886,0.20170791716358857
1134138,3497229,0.20157527184162402
1134138,7504521,0.2011695403556116
1134138,1311432,0.20065499486547794
1134138,3324687,0.19740264109157107
1134138,3244715,0.1960726593013464
1134138,6302376,0.19533620284615488
1134138,175307,0.1937913309410918
1134138,8639682,0.19263914118935638
1134138,3567523,0.1921382876922617
1134138,8084734,0.19207432726989376
1134138,7886130,0.1914808640098688
1134138,8131313,0.19085887099560328
1134138,2976309,0.18915516077150538
1134138,3397376,0.18901278412406572
1134138,8536809,0.18837263317858124
1134138,1986292,0.18688620309133866
1134138,3719925,0.18668135781020764
1134138,3953218,0.18646033709902005
1134138,1126706,0.1858820972256196
1134138,422737,0.1855673091881021
1134138,6613246,0.18550657020743605
1134138,2573741,0.1848833330855532
1134138,3129915,0.18481838018688057
138632,7719411,0.7079357809790059
138632,4217237,0.6433727386836143
138632,5415910,0.6067069668337656
138632,4173094,0.5859022399238457
138632,1345752,0.5552452958203176
138632,4499947,0.5368661377056178
138632,4173095,0.5360207402886504
138632,6350714,0.524334576954315
138632,119100,0.5223198885987944
138632,6350715,0.5144720421096131
138632,3114921,0.4910015476097951
138632,569253,0.47770656079154694
138632,7630355,0.4768487465705989
138632,1303036,0.4746386492407244
138632,3114922,0.4670986721728094
138632,136058,0.459521697806616
138632,3114918,0.45204890251021257
138632,119098,0.4475505775858439
138632,4254836,0.4407848104635869
138632,4765706,0.4338750912001116
138632,7630353,0.4248622921790448
138632,7126508,0.4248622921790448
138632,816970,0.42011293874813865
138632,119101,0.4171435617123105
138632,4217235,0.41451859291708815
138632,5152933,0.4111782095414676
138632,6476029,0.409710768045719
138632,2272898,0.40761710289765024
138632,2579932,0.4052069417329663
138632,3928408,0.4051204453317595
138632,7684088,0.40051109936632395
138632,4765704,0.3983278315444254
138632,4668221,0.3957060606238169
138632,418256,0.38901613066949503
138632,4765707,0.38202066828055575
138632,3545198,0.3793773369836378
138632,136054,0.3757947896789382
138632,6956942,0.37033794320206087
138632,8755058,0.369511595517924
138632,6509186,0.36947004838894726
138632,816964,0.36701630890482523
138632,136056,0.3623575557109079
138632,7728428,0.3600402115718115
138632,569255,0.35784987078424624
138632,6545283,0.35428318258772856
138632,569252,0.35385945308826394
138632,4929313,0.35381439808011556
138632,569256,0.35236173697807965
138632,7682385,0.35225101966933203
138632,1693158,0.3520157457164555
138632,4098623,0.35120970068969426
138632,2734525,0.3417515741298821
138632,5415909,0.34172849195031535
138632,3200573,0.3388499901471823
138632,1654827,0.33851151949120245
138632,4217242,0.3379369400823658
138632,1882555,0.3375024524689905
138632,1941266,0.33690234731468394
138632,7719409,0.3355540204001853
138632,7719414,0.3351054509235897
138632,8055612,0.33494943498245255
138632,6905442,0.3322461473567144
138632,6370303,0.33017027410635374
138632,3114924,0.3229363042098298
138632,569254,0.3218584602147931
138632,1879994,0.32125529489867743
138632,7345408,0.3208322757747832
138632,6370300,0.31993145542735163
138632,8628343,0.31930052012354965
138632,8809490,0.31805800624200414
138632,4000463,0.31790552018388624
138632,2061248,0.3178858056155012
138632,5415914,0.31729148478629987
138632,5913735,0.3160567174485034
138632,3835153,0.3141515774759752
138632,7682380,0.31279735923013685
138632,7304201,0.3116279797546042
138632,3545195,0.31103754968585307
138632,8183840,0.31037897410103965
138632,2484051,0.3087969322599416
138632,5805664,0.307849626891091
138632,3576331,0.306256613139628
138632,1693163,0.304105363534736
138632,8755057,0.30388537353986367
138632,3884881,0.30283687175905105
138632,2966699,0.30217020202632955
138632,3470047,0.3019735196924277
138632,5838218,0.30136003313583926
138632,4680572,0.30035706221268815
138632,7666009,0.2979793509360105
138632,1345754,0.29523495809557865
138632,136063,0.29500219211096845
138632,2272899,0.29442040302756806
138632,5415915,0.2932064520030592
138632,4765711,0.2926488891341439
138632,1693157,0.2910932268663711
138632,8096607,0.28984491556608194
138632,6350708,0.28790657199597686
138632,4689416,0.287804659196587
138632,1303034,0.28728038818032703
671071,594160,0.5577482177254479
671071,5092539,0.552587860577964
671071,5092543,0.5471124015170584
671071,2559410,0.5341781225433696
671071,2605963,0.5301580045925947
671071,3049333,0.5282588834872997
671071,4939858,0.5120710825338791
671071,253853,0.5058193834378472
671071,3957589,0.505462662214088
671071,8632272,0.5034697642431771
671071,8632276,0.5024934986341878
671071,77580,0.5024695072300971
671071,8009765,0.4980216841766598
671071,7615574,0.4956250084835632
671071,5875970,0.495246107044653
671071,514373,0.4941910676510964
671071,208813,0.49310940953697296
671071,8009762,0.4900595885372794
671071,5535987,0.4861198312675968
671071,8302976,0.479764711610329
671071,4912143,0.4796347527072966
671071,4756068,0.4789376297189409
671071,4958939,0.4778223386843522
671071,3529517,0.474229547038322
671071,5535989,0.4734844946098581
671071,4958937,0.47063761901926776
671071,948852,0.4701197915417673
671071,1426707,0.46886476465667243
671071,7615575,0.46772586259355814
671071,4756069,0.4656737203514458
671071,6291458,0.46245013991235284
671071,7425040,0.45957328146062815
671071,3121592,0.45910073685249025
671071,5547963,0.45843857546146066
671071,2837180,0.45702979959926393
671071,514369,0.4568900986654769
671071,8333109,0.45677689402315175
671071,3679749,0.45615326998055195
671071,5547962,0.45482176426545434
671071,7615582,0.45362894537980725
671071,7863994,0.45074991994644326
671071,1585073,0.4498367791297353
671071,3049337,0.44754523531245505
671071,8420530,0.4470163267860616
671071,8236758,0.4453997074319067
671071,8236762,0.4451409418572816
671071,2387222,0.4443642978319991
671071,7390078,0.4437454426531726
671071,4528960,0.4435292995991262
671071,8452013,0.44284263056875767
671071,2698465,0.44231692023365754
671071,8424869,0.4407337292640713
671071,253856,0.4384293189160761
671071,1640574,0.43832921891651794
671071,77577,0.4377696555950939
671071,7542611,0.4376045194440222
671071,5800910,0.43688876845408975
671071,6000829,0.4366127568760049
671071,3766517,0.4364922546309427
671071,7484389,0.4358364310758298
671071,4958936,0.4345785399892611
671071,7689449,0.43327031395884563
671071,1466106,0.4331691622708402
671071,4606207,0.4328846767915959
671071,2812541,0.4328469875519159
671071,1698728,0.43111010076554884
671071,8302980,0.43020264913790507
671071,5535984,0.4300367757339721
671071,6172684,0.42864887984687094
671071,4679103,0.42749641875048533
671071,3766518,0.426710797795133
671071,7632349,0.42660370231133754
671071,8333107,0.4265117550398113
671071,6547717,0.4261516343688346
671071,3766872,0.4246049460588795
671071,7542614,0.4242487595023082
671071,3632655,0.42229725575131516
671071,6172691,0.4218626040482565
671071,1813069,0.42180554511483576
671071,1904160,0.42046496008511147
671071,5403109,0.42038805794619183
671071,6090141,0.42027509163386684
671071,2698456,0.4197064623548437
671071,1904165,0.4196134374611413
671071,8266500,0.4187420486930127
671071,4606208,0.4185314047521304
671071,571893,0.41766895947761234
671071,4167140,0.41712126470966304
671071,8243038,0.4167452225753447
671071,1640570,0.41554141667969396
671071,8424872,0.415479423733841
671071,5403114,0.41476643942560487
671071,6547713,0.4147192439756064
671071,335368,0.41297947223557496
671071,7835157,0.4119918217683843
671071,4638537,0.4117731108317614
671071,8536390,0.41174988838386517
671071,5636766,0.41144686214008863
671071,8275783,0.41070346171564254
671071,7796881,0.41046079046654027
705609,6920153,0.5199492866771218
705609,794322,0.5157562545683769
705609,4803683,0.5150298629162757
705609,6920152,0.5117647813213033
705609,1881843,0.5065417613847554
705609,1294340,0.5059716834296768
705609,476871,0.4950669465317533
705609,8381808,0.4810441721984779
705609,7674484,0.4776786158829066
705609,6699169,0.4743378516144221
705609,2152205,0.47174394411456805
705609,4627124,0.46784566753446205
705609,193594,0.46738650206568616
705609,8424009,0.46390703412241774
705609,5348126,0.46375491559137355
705609,3745268,0.46191828910410815
705609,6699168,0.45374052976742746
705609,6927629,0.449671208805119
705609,8835084,0.44715628224709897
705609,6551706,0.4431883067456795
705609,6699171,0.44265605896098276
705609,2046951,0.44099137535400385
705609,1717691,0.438511469948982
705609,275863,0.43837443863100267
705609,2632123,0.4380557991253232
705609,1870917,0.43586693499483475
705609,1051490,0.43220855337908465
705609,7028133,0.43144110104472294
705609,6161909,0.42703746233258344
705609,3625821,0.42701394964267975
705609,1120322,0.4269572734395751
705609,422558,0.42694168915789427
705609,3944229,0.4266057800281474
705609,4969347,0.42571710403312796
705609,4387369,0.4246086386866848
705609,422159,0.42236084604157986
705609,2440976,0.42068308063853593
705609,3394215,0.42068308063853593
705609,3158316,0.4200622465943719
705609,4713882,0.4198967449119755
705609,6920146,0.41986215363645263
705609,2313393,0.41969284498326415
705609,3711348,0.4183272492018166
705609,456012,0.41670810520924256
705609,8831530,0.4158283202851026
705609,3582063,0.41546540354355843
705609,857137,0.41433008705550706
705609,6930734,0.41198861509822415
705609,6920149,0.4119492043018977
705609,3671875,0.41194747281724337
705609,5870734,0.41191400867360195
705609,7804842,0.41094236976798537
705609,1832813,0.40987274682213787
705609,1870918,0.4098500832878519
705609,2702251,0.4096817228207343
705609,295935,0.40953216283271676
705609,2434118,0.4094574026357301
705609,2255319,0.4088211104469796
705609,3186917,0.40744063777550493
705609,4332916,0.40738186818940303
705609,5505845,0.4073128640330444
705609,1139451,0.40682810197773966
705609,5441006,0.4064979329515979
705609,7345107,0.40547687327182486
705609,6622489,0.40490526336379573
705609,228668,0.40484569709647567
705609,3768182,0.4043676419015871
705609,7693384,0.4042325360657145
705609,5109785,0.4040960655943126
705609,8527506,0.4035556841706107
705609,2536447,0.4034547510256767
705609,4966073,0.40308175427194176
705609,2365227,0.40296747400306154
705609,4693564,0.40213441725810867
705609,7369836,0.4016348005611993
705609,6365076,0.40106648502509357
705609,6076731,0.40049454805927964
705609,2314301,0.3995111908458595
705609,2859661,0.39927828468250964
705609,6622492,0.3992421366940157
705609,5480667,0.3990902018640702
705609,6673611,0.398751553912997
705609,6534623,0.3982903705542392
705609,2092610,0.39824057566826704
705609,7624890,0.3976857360437444
705609,4892423,0.39755766543456966
705609,6565370,0.3973532824103552
705609,3503700,0.3972929125747305
705609,7159103,0.39690085968790534
705609,7174006,0.39674544882825297
705609,5352072,0.39669658075514197
705609,8791126,0.3965656882556578
705609,983487,0.396367851562838
705609,6671302,0.39618008424476725
705609,1022871,0.39604311223473376
705609,1615252,0.3958398416294542
705609,350566,0.39557549545017956
705609,6986864,0.39444804920306126
705609,8305559,0.39365694664398193
705609,3782976,0.393131770445275
1114819,1724528,0.5947995203364195
1114819,8754404,0.5853919230895348
1114819,8115440,0.5695511769895062
1114819,8022279,0.5667367509953399
1114819,8088109,0.5456740295013063
1114819,988373,0.5316253369605788
1114819,5521373,0.5122957675513494
1114819,8088111,0.5096345340819868
1114819,1724520,0.507462285503513
1114819,4890560,0.507269297580986
1114819,3906952,0.5043901300883358
1114819,1315998,0.5013822159076853
1114819,7132894,0.4983512568311041
1114819,6941478,0.4969141751579782
1114819,1419798,0.4954417585317123
1114819,5718417,0.4936376164467438
1114819,8480574,0.4895003351889169
1114819,8096824,0.4895003351889169
1114819,1419801,0.48545868613867565
1114819,5165249,0.4840990960988858
1114819,1816958,0.48359045381404736
1114819,1315993,0.48300903343077817
1114819,8022281,0.4711033784537505
1114819,8508255,0.46692441678569746
1114819,6900773,0.46602635270497356
1114819,8754403,0.46308224596209124
1114819,6900767,0.4585161905444736
1114819,2590453,0.4561482163315182
1114819,8115706,0.45486051338507266
1114819,2831393,0.45275565166088644
1114819,1568313,0.4520663510643325
1114819,8115439,0.4503912866534449
1114819,8115435,0.4503912866534449
1114819,1851540,0.44938738140771534
1114819,4699953,0.4451066738341033
1114819,4699952,0.4448130831078427
1114819,8754400,0.4402804235365292
1114819,344356,0.4393080883003233
1114819,3353671,0.43904241817817063
1114819,8336232,0.4385504054890519
1114819,6920591,0.43381301366290165
1114819,6900769,0.4330371800758246
1114819,694735,0.4330371800758246
1114819,8115703,0.4302389873043468
1114819,8579830,0.43002233867146
1114819,8754398,0.4283971748593029
1114819,5156171,0.42837571837194566
1114819,750446,0.42418704197305196
1114819,7132895,0.42371644456850077
1114819,6564169,0.4218058178470932
1114819,988378,0.42048016715094094
1114819,8754397,0.42017167341986056
1114819,8022280,0.41852939800195027
1114819,785027,0.4184216745243155
1114819,5019838,0.41778639163070524
1114819,8579832,0.4163999933371074
1114819,1568310,0.4148925209939697
1114819,344353,0.4129759597490032
1114819,988375,0.41269754883129234
1114819,5019832,0.4123713603867996
1114819,6202319,0.40985273324993726
1114819,8336223,0.40957971040236507
1114819,2192058,0.40875131988380364
1114819,4332977,0.4077225544586358
1114819,8336231,0.4066970943957702
1114819,7219494,0.40497494599895284
1114819,785028,0.4037732467833382
1114819,1852066,0.4036646732520175
1114819,3906954,0.40365810338699837
1114819,2590455,0.40294549237133676
1114819,4758674,0.4025346913842999
1114819,1816956,0.40208333853247963
1114819,8625086,0.4009793074342838
1114819,3781418,0.4000432418904319
1114819,5628952,0.39637376361039517
1114819,344350,0.39630394875442937
1114819,8115442,0.3902206709260059
1114819,5628953,0.38889306313724653
1114819,6900766,0.38806105253543893
1114819,3484458,0.38494019780898314
1114819,6920585,0.38312811208666486
1114819,8115700,0.3817091513949823
1114819,7156443,0.38076652000209205
1114819,3781419,0.38003998593180827
1114819,8601477,0.37806164953030313
1114819,1009500,0.3780079686383121
1114819,1738242,0.37794789118449285
1114819,5019830,0.3758257816182907
1114819,8022277,0.3745916524921248
1114819,6920586,0.37382767010293017
1114819,7803429,0.37349235323845825
1114819,344349,0.37290622386925165
1114819,2649053,0.37251473780226024
1114819,6202321,0.37066289331695645
1114819,988369,0.3687192565587806
1114819,8027210,0.368437275854805
1114819,1245292,0.36841936638065903
1114819,3104955,0.3684178593508983
1114819,1625836,0.3671119243095319
1114819,5521371,0.36579014733662546
855434,5597217,0.37628179348246105
855434,976067,0.36354480199216027
855434,8304504,0.3634074264378025
855434,3227489,0.35625086597386163
855434,4244547,0.35011072546446464
855434,4244551,0.33309750943410127
855434,5319318,0.33303564865239665
855434,7216822,0.32699497980768005
855434,4274684,0.31747281021328766
855434,1733038,0.316116114915625
855434,7144908,0.3150781963959666
855434,6473,0.3034949586061152
855434,6945960,0.30343427441265536
855434,3333345,0.3031296617360538
855434,5881151,0.2986077080539914
855434,5249600,0.2947510099102691
855434,2370548,0.29453873359040633
855434,5047158,0.29331194334630434
855434,2364465,0.2922640064067517
855434,8114761,0.2914549849208099
855434,4059253,0.29047962584502407
855434,790853,0.29023896321061493
855434,1829190,0.2885987075519484
855434,5435444,0.2884008140677118
855434,1635632,0.28789699975381305
855434,6546408,0.2871646168540391
855434,6101705,0.28667635715741907
855434,1829188,0.27922660522596443
855434,3846551,0.27702402793361014
855434,6208779,0.2763585184991096
855434,2009186,0.27431528475231937
855434,2384673,0.2741209326264619
855434,440062,0.2731081708603303
855434,8567136,0.27220879526638275
855434,2082699,0.27143964466024945
855434,4744744,0.2694366683603037
855434,2082696,0.2688526959849151
855434,6991086,0.26756207111901553
855434,6991087,0.2673011988724188
855434,3957341,0.2659975048192009
855434,7216825,0.2658896436378364
855434,6053309,0.2647017777949825
855434,4310792,0.2640381293624498
855434,1976658,0.26352687839550987
855434,7062933,0.26277210716772514
855434,1829194,0.26188699951568406
855434,3244591,0.26176756261049716
855434,5249601,0.26165929764611695
855434,3846547,0.26165929764611695
855434,5076547,0.2615249238539071
855434,6040777,0.25951156724915553
855434,2666763,0.2583839959135963
855434,440061,0.25714441357205026
855434,8510573,0.2566064141887338
855434,226563,0.25567227000216164
855434,4059254,0.25495652069477337
855434,6310391,0.2546125193904247
855434,6260943,0.25426737091722024
855434,5726813,0.254035175683752
855434,5255930,0.25390613944361057
855434,5022518,0.253772393177561
855434,2747097,0.2524710393611901
855434,3290422,0.2515594215942956
855434,5663076,0.25134014373954966
855434,6147467,0.2503676653998638
855434,3957337,0.24897189408133966
855434,5927609,0.2487702325500259
855434,330706,0.24666955268498109
855434,1074802,0.24660547314631778
855434,7216823,0.24660055689394023
855434,7216818,0.24656478986044386
855434,6857961,0.24634794794313045
855434,2481114,0.24611152071655992
855434,6260942,0.24587931103001776
855434,5255927,0.2456554574895228
855434,1990296,0.2451070248415688
855434,6741422,0.2449549894682019
855434,6457428,0.24427128707331913
855434,819757,0.2436182111042616
855434,5640142,0.24329006597941952
855434,7656664,0.2423720684473469
855434,3846544,0.2414299343667036
855434,3935056,0.2412882188596303
855434,1674687,0.24022080047394068
855434,844546,0.23992267535210077
855434,6522883,0.23983871423816233
855434,6040363,0.23832142382271254
855434,4059063,0.2379517137537787
855434,2426060,0.23741465386859217
855434,8041308,0.23702164848760005
855434,6947313,0.23589607625829884
855434,6738453,0.2357984173879991
855434,5663069,0.23508041943903016
855434,2448387,0.23500581930905418
855434,8409107,0.2350014381170185
855434,2376374,0.23487977476651076
855434,1251190,0.23462541291113384
855434,4594547,0.23456682090706785
855434,4507774,0.2338122976883704
855434,6137255,0.2334973464440883
1134463,8138506,0.6734564003595329
1134463,1040028,0.6577826475447833
1134463,8138507,0.5843783873152057
1134463,1928289,0.5505349237522911
1134463,5626882,0.539776833475445
1134463,8138499,0.5266655172926599
1134463,1040029,0.5190049364959947
1134463,8577979,0.50559288011451
1134463,1040034,0.5022064866200207
1134463,1040035,0.5012745812273854
1134463,4725423,0.4995069026713611
1134463,3117437,0.4943508066655148
1134463,1040026,0.48516741039216993
1134463,1040032,0.47906285936446613
1134463,8833320,0.47666429177113917
1134463,1889698,0.47114410281819474
1134463,4725426,0.4673761754166481
1134463,6391652,0.4626218837595401
1134463,6835507,0.4626130221261926
1134463,5557757,0.436885111573043
1134463,8138505,0.4269605235673169
1134463,2964555,0.4196464414553335
1134463,1889696,0.4085124218415534
1134463,8138503,0.4069579139617522
1134463,1889695,0.40250873941438337
1134463,8138501,0.3974457901434408
1134463,8138502,0.3950675519670386
1134463,1040031,0.39494113270101155
1134463,3413218,0.3923362820394279
1134463,6469512,0.39197387784178944
1134463,7596168,0.3809773336733346
1134463,5404197,0.3757564573714617
1134463,8384120,0.37484753206792065
1134463,8384117,0.3722180739319075
1134463,5843044,0.36576454172545275
1134463,5252467,0.3509336989658403
1134463,8686617,0.34997767008974795
1134463,4691362,0.3489393941829284
1134463,1921396,0.3411248126428609
1134463,7866020,0.3392805537090019
1134463,4184598,0.33480031302748176
1134463,2156811,0.33359237342328196
1134463,8779210,0.33075142721785994
1134463,8602280,0.32889524850224605
1134463,8710114,0.32734465363374904
1134463,8030653,0.3266747146424018
1134463,5252470,0.32591586727813826
1134463,5803816,0.32401617011347134
1134463,6693100,0.3239907255678503
1134463,5292361,0.32251491649913194
1134463,1784322,0.32233139075446504
1134463,1916488,0.3221017779322645
1134463,3584105,0.3208729031925496
1134463,1080140,0.3176674722758494
1134463,5268880,0.3176674722758494
1134463,790224,0.3139527491664209
1134463,5315101,0.31238499534877023
1134463,1938173,0.30438130449688905
1134463,7504845,0.30029450515209116
1134463,7451646,0.29856406652290934
1134463,4005526,0.29803487414882424
1134463,6091886,0.29754741142438307
1134463,1605964,0.297346478543175
1134463,5683795,0.29732447622497093
1134463,1243324,0.2970305671725396
1134463,3998912,0.29662240043521526
1134463,6074487,0.2954414247947975
1134463,2482117,0.29539647836567684
1134463,4554574,0.29528245902727546
1134463,3932832,0.29503421006917735
1134463,3164811,0.29427748312341956
1134463,4814903,0.2933169254471561
1134463,5315102,0.29320817187334247
1134463,3263233,0.2919145637840127
1134463,6351941,0.2914232497263292
1134463,1605966,0.29048188360480787
1134463,6237346,0.2902904889313135
1134463,8158146,0.2898096189306736
1134463,1876751,0.2897890362046548
1134463,6074486,0.28942209929300744
1134463,1671721,0.2887868570751173
1134463,3235171,0.28864757360807947
1134463,5683796,0.28851985609229874
1134463,2826663,0.28785419822964564
1134463,5212337,0.2877748553724201
1134463,2722335,0.28751196602160334
1134463,6237348,0.28723502836512027
1134463,329618,0.28675516198331735
1134463,4062865,0.2866824687948143
1134463,1876755,0.2866785525576525
1134463,4081367,0.2863519195721934
1134463,6129282,0.286114764182621
1134463,6351940,0.28609336712890854
1134463,4905859,0.28570522126927284
1134463,6512964,0.2856611711791548
1134463,1629225,0.28547784476438887
1134463,7451649,0.28532285425016063
1134463,3844361,0.28525797784302703
1134463,4814900,0.2850668335967885
1134463,555063,0.2849777996258207
747511,8429262,0.5346201456707455
747511,8429265,0.35078159912918694
747511,8429261,0.3075007237895705
747511,8429264,0.29682871354397217
747511,7173480,0.2514836074399053
747511,2703318,0.13964131364831972
502261,8420334,0.7706294187278706
502261,8420330,0.7350229912540602
502261,8420332,0.6985369361011194
502261,8420326,0.6548601250868255
502261,8420329,0.653618486043078
502261,8420331,0.6019748961768565
502261,7283070,0.5622754215780769
502261,5851451,0.5617300442949844
502261,641915,0.5493938295282749
502261,3974229,0.5398086726514798
502261,641910,0.5394656211668145
502261,1125600,0.5339509358325826
502261,7039200,0.5217416355830229
502261,6683758,0.5088236739141229
502261,1221622,0.5082436037461658
502261,4769235,0.5069199521849768
502261,3481136,0.505155894594585
502261,3740844,0.5044602293085727
502261,6787091,0.5044106821207299
502261,116828,0.503867355262771
502261,1164420,0.5023191118300112
502261,6775440,0.4976655008077472
502261,855268,0.4947821977473081
502261,7283069,0.4942087183851402
502261,1068913,0.49336644195954027
502261,1117586,0.49301022880534634
502261,6802347,0.49189684572431963
502261,1363478,0.4905089898714987
502261,7039197,0.4880170261425571
502261,2987380,0.4873787069213839
502261,7853394,0.4837447466534409
502261,3714294,0.4836079538745042
502261,5114320,0.48311422438267176
502261,5847793,0.48212234811199894
502261,1587591,0.47904553968278435
502261,7713132,0.4789526323900415
502261,8813397,0.47846420359747505
502261,7962888,0.47749870934661404
502261,1124803,0.47665698414683294
502261,816803,0.47555944901106845
502261,6802345,0.4748021553530117
502261,7717051,0.474491539254793
502261,6914726,0.47396784854645435
502261,7012570,0.47371791049084094
502261,2176463,0.4728476537240795
502261,8015338,0.47262706982128055
502261,8001870,0.472412806022166
502261,1221620,0.46911905065928144
502261,8367191,0.4675857739937408
502261,2200611,0.4674682094815065
502261,1221614,0.4666611286810911
502261,4099049,0.4663177518657866
502261,978398,0.46498697245354276
502261,8104362,0.46493849813488153
502261,2598530,0.4638624999235054
502261,7010712,0.4623448726551112
502261,1244668,0.46186659109088474
502261,7066812,0.46165646580587893
502261,5917411,0.4610020261579971
502261,2598539,0.4598913046488835
502261,6775437,0.4597102954193686
502261,155862,0.4585259672061148
502261,8661006,0.45833853564316857
502261,622073,0.45775798364600717
502261,155861,0.4573300799008392
502261,4819259,0.457176835527433
502261,2176465,0.4560530036313645
502261,7717052,0.4555438300262105
502261,416540,0.45553824938060417
502261,7991864,0.454932443651041
502261,8460636,0.45464362870607233
502261,5834407,0.45464362870607233
502261,7012566,0.4544716722746895
502261,7477714,0.45416295522820843
502261,1117585,0.4539989828474982
502261,5899353,0.4530084684232999
502261,6216986,0.4523901606414124
502261,2200615,0.45205384185416553
502261,5834403,0.4514343720944872
502261,978393,0.45109549127468285
502261,1221623,0.450839421610809
502261,5224966,0.4507051551193743
502261,5847796,0.4500243247605801
502261,6532586,0.4493479201918984
502261,7654429,0.44922607627952754
502261,7010713,0.4490634210903186
502261,1936233,0.4489956028602051
502261,1011493,0.4487050923397917
502261,7991867,0.4485358463810959
502261,8601781,0.4482046109689396
502261,1018251,0.44813388571631196
502261,5917415,0.44802785673322787
502261,6067473,0.44703741715662354
502261,8105742,0.4464903631090717
502261,7010716,0.4464444548911626
502261,7223499,0.4461872941965824
502261,1639380,0.44615094022982044
502261,3740846,0.44540272812080667
502261,6216989,0.4453671078960849
502261,6735997,0.44475225860174294
183378,4493915,0.4857409717776618
183378,424997,0.4768383864604861
183378,2796245,0.46105823115196765
183378,1147735,0.4425551981994134
183378,4803856,0.4405784673515021
183378,4493920,0.4380956435148539
183378,7298541,0.4265231108844166
183378,6121685,0.42146101720775986
183378,5534703,0.4214598423117821
183378,5534711,0.4214598423117821
183378,8701708,0.4199574044070858
183378,150250,0.4185548557107547
183378,6121683,0.4060980351920105
183378,7449751,0.4043030135457689
183378,8380722,0.40051976264685524
183378,5657856,0.39432833911063025
183378,4493916,0.3853280323378496
183378,4672893,0.3840358792414916
183378,3576220,0.3823865450002886
183378,3576225,0.3823865450002886
183378,4803850,0.38114847915633954
183378,1447041,0.37548304359147877
183378,5737332,0.3667609434681563
183378,324175,0.3658382923455473
183378,4493921,0.3656083832996064
183378,7677975,0.3642722258698459
183378,3093215,0.36351726069287066
183378,2549035,0.3601948669753146
183378,1461720,0.35924485763133895
183378,2366795,0.35771433742036984
183378,1144291,0.3562565581267873
183378,4727412,0.35600097268122244
183378,4386712,0.3550451349060731
183378,6002169,0.3519368867187776
183378,4727418,0.35061176949524314
183378,952906,0.3502088738326367
183378,3115817,0.3469921346207681
183378,2796241,0.3435139768468659
183378,5728400,0.34090113853662835
183378,8243761,0.339175899670026
183378,3138637,0.33779261052736065
183378,1261137,0.3367218232995369
183378,3773459,0.3366770424747795
183378,7467935,0.33639302461115034
183378,6850154,0.33559878652325603
183378,6859299,0.33514886503166624
183378,6850133,0.33475735453120686
183378,5391353,0.33419122449065575
183378,2206742,0.331819795969725
183378,5977999,0.33172853467594376
183378,7659175,0.3291051779684111
183378,6986995,0.32863605030750276
183378,7449750,0.3285982022514081
183378,3389580,0.32730533877437945
183378,1049219,0.3270145574837085
183378,5728398,0.3260704787815246
183378,3138644,0.3257599192832015
183378,4391816,0.3253598715050747
183378,700372,0.321106408543397
183378,6829290,0.32082986520587464
183378,3830350,0.3203442077614165
183378,8709839,0.3198740237701731
183378,7315393,0.31928510545302735
183378,1603314,0.3190546799414827
183378,8709834,0.31894771041076564
183378,3150020,0.31658585689621777
183378,6829283,0.31631433618796856
183378,8570256,0.3112681571386023
183378,4810797,0.3112650008653164
183378,2796246,0.3111858796205064
183378,6838736,0.31102503233158013
183378,2993740,0.3106273178296846
183378,3830353,0.3104003755212681
183378,6064197,0.3103090614717902
183378,6960776,0.3102501464844125
183378,3845246,0.3095900599836931
183378,3607828,0.3092738700085831
183378,3632151,0.3080280529899875
183378,7853674,0.30767599131035206
183378,145653,0.3076274813927457
183378,1261132,0.3074627465066141
183378,711450,0.3071693269592558
183378,4810802,0.3071629618063439
183378,2533256,0.30710744101605864
183378,6002174,0.3062977636988496
183378,8079970,0.3052518262829516
183378,3830352,0.3045344489381365
183378,2095179,0.30432306467719
183378,85433,0.30340691088937377
183378,3985764,0.302856472233197
183378,4803853,0.30240149398941757
183378,8507877,0.30204826773541404
183378,1239793,0.3018948534190228
183378,4967183,0.3010291522022198
183378,6002168,0.30082281326465654
183378,8190201,0.30021052822610284
183378,3672796,0.30021052822610284
183378,6960777,0.29983065737115133
183378,4803855,0.2993579016821962
183378,6950455,0.29910830414251666
654723,3786677,0.4530706574979515
654723,8545841,0.45070811732890304
654723,8369843,0.40253167131917167
654723,7780411,0.3924789608111528
654723,1037589,0.38464317401606946
654723,2124250,0.3802869261619177
654723,8369841,0.3589413871403132
654723,158712,0.3485057421593592
654723,7126770,0.34593282080651644
654723,8545840,0.34530900267024905
654723,7751376,0.3449840916826102
654723,6286896,0.34245964033543924
654723,8545842,0.3409426401939338
654723,2134690,0.3354287477820479
654723,7751372,0.3350014099306862
654723,7780412,0.33440406889463936
654723,6695217,0.3331596937223378
654723,7751371,0.3243744914961334
654723,8476202,0.32429606579012965
654723,8476203,0.3224261833479394
654723,3498746,0.322132202846821
654723,4365222,0.3216960004062418
654723,7126771,0.31706083826563447
654723,7178417,0.31570319776200106
654723,8728630,0.314129918217968
654723,5577795,0.3111952276478051
654723,8369846,0.3103529671644828
654723,8256296,0.3074716717306438
654723,1057423,0.30458956336958626
654723,2124247,0.3031899231076364
654723,7751375,0.30266074955227584
654723,7751370,0.30266074955227584
654723,6286892,0.30057257704767637
654723,7126767,0.2987132152080778
654723,8159503,0.2968110039419532
654723,7463821,0.2927363062815759
654723,2379823,0.2923429297915133
654723,8010888,0.2915782000792125
654723,8669851,0.28890513380015637
654723,5577791,0.28834663689020906
654723,1403921,0.28694190018166643
654723,8066791,0.28417445679044956
654723,8036318,0.28413266873040555
654723,5396064,0.28365493003850667
654723,2886077,0.28346627209639885
654723,631817,0.2814471616501648
654723,3498749,0.2763568437597794
654723,8764415,0.27555854194559576
654723,2143796,0.2746802060080736
654723,7751367,0.2730896652190343
654723,8369842,0.27253948829474817
654723,2379821,0.26718370917404743
654723,2098993,0.266446859514002
654723,8369847,0.26624781781036366
654723,6049653,0.26418664328355806
654723,4246425,0.2640535164676968
654723,2886079,0.2640218999957993
654723,3880065,0.262590661703916
654723,5709267,0.2624610991580195
654723,202779,0.2609553286071874
654723,2469583,0.26071837562050537
654723,6672077,0.2600655043529355
654723,8545847,0.25970651441744436
654723,3837207,0.2596360747309722
654723,5106705,0.25841837122561495
654723,2402224,0.25761873881669217
654723,3073527,0.2568395227799774
654723,6286895,0.2561254644292669
654723,8369844,0.2550522873696323
654723,708292,0.252069318100054
654723,3022503,0.25153427844195475
654723,708293,0.2490805237309315
654723,1219017,0.248179637425458
654723,6286899,0.247052941943814
654723,8622816,0.24684771874811326
654723,1478244,0.24509832258820718
654723,2124251,0.2448647047903682
654723,3837205,0.24431420058603634
654723,1982560,0.24399486212771093
654723,6672070,0.24259825737363389
654723,6286897,0.24241703410217308
654723,1073430,0.24079103879277977
654723,4029277,0.24040305327900946
654723,1107989,0.2404014152217271
654723,4443426,0.2400027861461426
654723,7340253,0.23981198096740095
654723,7146572,0.23968640449089504
654723,6286891,0.239111547669712
654723,708294,0.2390258976249758
654723,5396063,0.23854244182930615
654723,7780414,0.23668668111525654
654723,2625404,0.23613371403994465
654723,2343097,0.2347576411579665
654723,7780407,0.2345659331958913
654723,2625403,0.23373754584276968
654723,8669844,0.23211466434154224
654723,4246424,0.23204485890691595
654723,7780406,0.2319050076205566
654723,7780410,0.2318562413248366
654723,1478245,0.23178975061185278
1117387,8091236,0.7485992103562477
1117387,8601196,0.6185493098993156
1117387,5897422,0.5814497581674177
1117387,8601194,0.5805349925455533
1117387,3033235,0.5795590628790358
1117387,7170932,0.5764023764381523
1117387,261156,0.5721353579157119
1117387,261161,0.5709117373681324
1117387,7170937,0.5704227827708718
1117387,7170936,0.5598339899496363
1117387,261158,0.54570343736803
1117387,511889,0.5431869800962322
1117387,7170931,0.5338159549489921
1117387,261154,0.5307940710116039
1117387,3784537,0.5159801293881181
1117387,5897420,0.5010357667398536
1117387,4050113,0.4976821799966018
1117387,3784542,0.4908412550174695
1117387,5744592,0.48940237122748126
1117387,3784541,0.48832432257420133
1117387,6838713,0.48629989156973036
1117387,261160,0.47768072143561785
1117387,739615,0.4647926181275584
1117387,2440155,0.4632485725143816
1117387,7170938,0.46144479058450427
1117387,1735253,0.45748394469985654
1117387,5938539,0.4467967151176909
1117387,7170934,0.43554138588443275
1117387,8601195,0.4313855316697098
1117387,2041996,0.4303459802805587
1117387,2934326,0.4297227724790254
1117387,2958809,0.42927237215844044
1117387,7255149,0.42763615887751927
1117387,8601198,0.42564943120488635
1117387,3384901,0.42513772144728906
1117387,5759733,0.42292243474485675
1117387,7275742,0.4225650100155724
1117387,5744595,0.4186157483234728
1117387,261159,0.4109737958733796
1117387,4626714,0.41038999524815495
1117387,8091233,0.4086210466974431
1117387,1208216,0.4080543375266858
1117387,1721164,0.40786156886902086
1117387,2440160,0.4073656586166018
1117387,8400690,0.4059531616673186
1117387,8089737,0.40554144909646606
1117387,4916462,0.40461194118289145
1117387,5744600,0.40379187265107014
1117387,660204,0.40145596034871395
1117387,7216701,0.398303011006041
1117387,5177519,0.3978462731597203
1117387,4260469,0.3954592284207374
1117387,3995759,0.39355145965159766
1117387,261162,0.3932913939707846
1117387,627556,0.3925409488514099
1117387,2934329,0.39194655885016505
1117387,1472111,0.39148552018878285
1117387,1694701,0.3903764097013449
1117387,69068,0.38637294048484494
1117387,7184896,0.38614995725158474
1117387,1410151,0.38600767137944925
1117387,6599898,0.3854375063192003
1117387,3784535,0.38527085757057433
1117387,7897138,0.383829394255546
1117387,4260470,0.3831484566234071
1117387,7488868,0.38079436273326867
1117387,1415538,0.3755080691676712
1117387,8577913,0.3754419480026315
1117387,4647886,0.37535566659792097
1117387,4260468,0.3749648906563226
1117387,1335758,0.3749194968506098
1117387,4907078,0.3728274382190468
1117387,1618078,0.3681223246736363
1117387,305638,0.3676270340918772
1117387,263931,0.36758644454292877
1117387,2173922,0.36637339948696146
1117387,1451835,0.36579119025727613
1117387,850400,0.36575450475334154
1117387,6881055,0.3644365056716388
1117387,770068,0.3643986007091546
1117387,4907077,0.3643970566859284
1117387,3363347,0.3642565361272785
1117387,5020124,0.3638634013678438
1117387,8012343,0.36360541449623085
1117387,5744597,0.3634463881627369
1117387,3139133,0.362028761262948
1117387,8793991,0.36180965214406335
1117387,3892357,0.3612393526488803
1117387,8601191,0.35997270569687717
1117387,7216700,0.3598593451870561
1117387,305644,0.3590220035832115
1117387,146464,0.35644339797903735
1117387,3673839,0.3559422433255813
1117387,407112,0.3551263889883262
1117387,407105,0.35505442696108536
1117387,7488869,0.35500786084497093
1117387,1965180,0.35351683674804524
1117387,3784538,0.3526255225635295
1117387,5177524,0.3525238993601068
1117387,5672302,0.35240805433723815
479871,6595041,0.4725213564986676
479871,1567396,0.4544673775858157
479871,643650,0.44184125555465414
479871,1567399,0.43840876613831936
479871,1161476,0.4326356376700088
479871,8811622,0.4314805225076496
479871,6764071,0.4308451566902092
479871,835868,0.42973456909680513
479871,1484949,0.4282831033437692
479871,1018393,0.4249419722820781
479871,3894494,0.4193139745673759
479871,8706384,0.41279158127897125
479871,1076559,0.4034600442216116
479871,1165667,0.4006571969474515
479871,5447206,0.39864585611777664
479871,2974712,0.3951085389830358
479871,3432147,0.39380645969780986
479871,2796241,0.39171968647473326
479871,2237804,0.39017305133060814
479871,2237805,0.39017305133060814
479871,1272203,0.3899923820296807
479871,5904069,0.3892408888629216
479871,1567392,0.3876796975948637
479871,7582347,0.387612271764908
479871,1830484,0.387612271764908
479871,1116535,0.3855489319530968
479871,3012454,0.38527762813636995
479871,3169928,0.3843231675180518
479871,5447202,0.3835861975409147
479871,8811619,0.3815152170605663
479871,5615234,0.3815152170605663
479871,6669635,0.38068957235111384
479871,3432150,0.37790953904998226
479871,6715105,0.37679576487985367
479871,7976208,0.37667131261924924
479871,8206417,0.374816778046923
479871,5447207,0.3716562291348463
479871,643649,0.36995725176530553
479871,58844,0.3698177743354135
479871,3894501,0.36819889785905513
479871,891818,0.36817692489213366
479871,5638923,0.368116910271836
479871,4972818,0.36605154970964054
479871,891817,0.36546259473072773
479871,3836968,0.361970516029676
479871,3708118,0.3617977438249307
479871,7381820,0.3617106295154492
479871,8713765,0.3606140519735313
479871,4263160,0.360169963495612
479871,3948495,0.35947841802096625
479871,1484943,0.35925594427102625
479871,3901806,0.35924070527922936
479871,3948494,0.3563552868501969
479871,8713766,0.3557838425464229
479871,3421953,0.3551078720860945
479871,2237809,0.35426377544538895
479871,835872,0.3532548856007313
479871,5517972,0.3526596303619143
479871,7687359,0.3523412041176093
479871,643653,0.3514492641829245
479871,3901804,0.351225371131506
479871,1567394,0.351183750645996
479871,6263495,0.34918261238413545
479871,3966440,0.3479643914535164
479871,1752413,0.3478177026974658
479871,4852085,0.347372483369367
479871,68028,0.3472359366538472
479871,3432148,0.3471487818129061
479871,1828361,0.34696654273474586
479871,8392767,0.34679351302898137
479871,2957772,0.3455464115138552
479871,6356340,0.3455174554640543
479871,6551433,0.34508359508952885
479871,4397502,0.34495130068571017
479871,3042298,0.34465099285249823
479871,2717503,0.34372007991998776
479871,7053827,0.34311392617756004
479871,1856411,0.3427024607470197
479871,8613731,0.3424146168084527
479871,4704488,0.3420582141312813
479871,7589633,0.34195506267923287
479871,8206419,0.3410006666122905
479871,6263494,0.3407308479222163
479871,2668871,0.3402344940578823
479871,5615233,0.3398107645505144
479871,245407,0.33918745123310773
479871,3364932,0.3391180930328873
479871,5757748,0.33790360488910925
479871,7833866,0.33728291622003426
479871,4073543,0.3372326388531868
479871,1856407,0.336989097929712
479871,5447205,0.3363172000922535
479871,2239597,0.3362329030879216
479871,3163442,0.3357431426545276
479871,4165575,0.3355060674342885
479871,5217753,0.33458285414395406
479871,2561766,0.3336277364261524
479871,4852084,0.3325149172017888
479871,7869129,0.33223597067720784
479871,8773860,0.33206557362482886
541571,3566492,0.5557337995531259
541571,4196991,0.5029125526604199
541571,1867075,0.5017795011793759
541571,3740113,0.4465646558252223
541571,425726,0.4275787678028159
541571,2430788,0.42122744187685773
541571,5333112,0.41243196378621777
541571,2430783,0.41049666547370894
541571,4803264,0.398420655651232
541571,8669639,0.39629125233262674
541571,2611484,0.39458639209069873
541571,3261904,0.3932613551284619
541571,1867076,0.3888633454030442
541571,1688496,0.3882974351142176
541571,464268,0.3877268692644381
541571,1867074,0.38679581825880405
541571,3314259,0.3863075457337923
541571,8085464,0.3845853124921754
541571,3494698,0.38379561696816716
541571,4712659,0.38255420491356307
541571,2132445,0.3810512218421965
541571,1688499,0.38047507059226543
541571,3813287,0.3804329560586345
541571,2959730,0.38008955105143705
541571,3528713,0.37993338825781525
541571,3018651,0.3797559651472933
541571,8543823,0.37940187309468
541571,3530850,0.37939842388745093
541571,3714441,0.37895229934514957
541571,4750924,0.3770878421997407
541571,3566494,0.37597071739744187
541571,7085937,0.37566291355406844
541571,3534416,0.37528630474988495
541571,6242581,0.37266103364551323
541571,5853301,0.37243680381065364
541571,3494697,0.3714883061429393
541571,3494699,0.37019795338377226
541571,8824133,0.36983506115370957
541571,583078,0.3682803894223487
541571,6030773,0.36596323341062476
541571,4750919,0.3659363603597612
541571,4281904,0.365286710826205
541571,4489434,0.365286710826205
541571,4196983,0.3639945501748332
541571,5147608,0.3628107374860041
541571,3314253,0.3627046977524568
541571,2536485,0.3616051396379554
541571,1688497,0.3608753050600333
541571,3085495,0.35949071284789635
541571,8085466,0.3587584217143869
541571,3012743,0.3582364393199753
541571,4712661,0.3578467496717844
541571,6787583,0.35737545603257986
541571,2995400,0.3563398165910617
541571,742720,0.35520397474443427
541571,2430791,0.3538659012443345
541571,5459245,0.3517010704800333
541571,5831071,0.3515711892349503
541571,7085938,0.35143571908619814
541571,5147613,0.3513390901089985
541571,4750922,0.3509317365116394
541571,729682,0.34999843532952024
541571,5827769,0.3486147168546776
541571,5459238,0.34793951628947545
541571,2976813,0.34772405803228584
541571,3518859,0.3470372312837634
541571,2879293,0.34640973475843556
541571,6806409,0.3463662782130652
541571,2976815,0.3457176646733288
541571,6186623,0.34561185918028964
541571,8641741,0.34518020393545656
541571,2860205,0.3450419407063519
541571,2319981,0.3448051553586267
541571,5147610,0.343463969855756
541571,7062028,0.34322111565839253
541571,8046940,0.3428980454396029
541571,729676,0.3416852200987144
541571,3236487,0.3415296229857554
541571,1815994,0.33995012410597014
541571,7643304,0.33822340400981277
541571,1495521,0.3377454560317677
541571,4861033,0.3371691018098889
541571,4196992,0.33691379911745534
541571,2319983,0.33447543329810614
541571,1060365,0.33429057709997023
541571,4231578,0.3341829025588253
541571,3980210,0.3332222021983202
541571,5731488,0.33289545082685584
541571,3700442,0.3321909429544782
541571,6750771,0.33117145535170955
541571,1622498,0.3308038532910698
541571,6088389,0.32875815743559417
541571,138818,0.3287013396594358
541571,1378342,0.32856137412954245
541571,2959733,0.3283321938147767
541571,3985597,0.3280225167496983
541571,3714447,0.32789599732804153
541571,425722,0.32680577869721045
541571,3314255,0.3261433548398517
541571,1867072,0.3260238189386735
1106007,8204463,0.5093651589385727
1106007,1334335,0.4636636181785266
1106007,8204457,0.45597479159043486
1106007,1334328,0.43936485679505116
1106007,4173709,0.43936485679505116
1106007,5279699,0.4380315009146105
1106007,1334336,0.4201966953408718
1106007,6699897,0.4112665036092421
1106007,6650998,0.4109965611529943
1106007,6699898,0.41008648998277697
1106007,3672136,0.40463774615034076
1106007,2513608,0.4001063110705657
1106007,8204464,0.38894477206879735
1106007,5490903,0.3885209887163477
1106007,1785018,0.3867699506849534
1106007,2511437,0.3828527343423632
1106007,4089153,0.38082050098741027
1106007,1193879,0.3808040343738067
1106007,2838747,0.3790691932711138
1106007,7628460,0.37514226996168115
1106007,4004166,0.3724402289326169
1106007,8264635,0.36752657877481776
1106007,5237562,0.3653904579465704
1106007,7685383,0.3609761098839896
1106007,2344062,0.36053371482871577
1106007,1096440,0.35995505467292066
1106007,4087075,0.35793809526805137
1106007,2960561,0.3576404199392036
1106007,2960563,0.3565686380688518
1106007,5490907,0.35516637261040673
1106007,4173712,0.35392016066948967
1106007,2777112,0.3529578981644243
1106007,2624570,0.35293046509867443
1106007,7685384,0.352852329292904
1106007,5098774,0.350180518326663
1106007,7549317,0.3391235981300224
1106007,1334331,0.3388349431724651
1106007,2777113,0.33578030107571327
1106007,1606278,0.33556316852507556
1106007,4120343,0.33444301933862586
1106007,3261871,0.3337952192109063
1106007,5594854,0.33126971597303495
1106007,8141088,0.3304209359947378
1106007,6126197,0.32971431946931123
1106007,2186171,0.32944309584156084
1106007,2344063,0.3292804203431234
1106007,8199521,0.3291315879908284
1106007,7685380,0.32870521957368076
1106007,3377051,0.32393937924226984
1106007,7638713,0.3205617731476953
1106007,2238837,0.3198711796067573
1106007,8204461,0.3173551303097601
1106007,701607,0.31406261038232003
1106007,8344743,0.3122674015420582
1106007,8199524,0.31162439452441215
1106007,2624569,0.31162297304912806
1106007,7685385,0.30946992791439415
1106007,3530021,0.30905357733294686
1106007,7197993,0.3089263773365455
1106007,2041222,0.30814436180099863
1106007,5594856,0.30770541295655324
1106007,3390428,0.3066765732979926
1106007,7615110,0.3062127031202605
1106007,701609,0.3060603686880814
1106007,8799163,0.30544314115693194
1106007,8204460,0.3053026854843796
1106007,29024,0.30398016364946717
1106007,8214505,0.3027260399517933
1106007,4195059,0.3025370541994421
1106007,6209484,0.3012264065379818
1106007,4382102,0.3001980420943487
1106007,8141089,0.2991570602579372
1106007,369415,0.2980014692079808
1106007,2464377,0.29690487965040324
1106007,4542362,0.2967665993558138
1106007,1455281,0.29661529205904025
1106007,3970193,0.29391730713279574
1106007,2503631,0.2923285472216037
1106007,3421717,0.29215797288234097
1106007,7482099,0.28945989588126236
1106007,5429394,0.2893157722599042
1106007,5315018,0.28665250828709027
1106007,899467,0.28658764923701546
1106007,2960558,0.2858771447122369
1106007,4311841,0.285343189227497
1106007,4001949,0.28523887175039875
1106007,1193877,0.2850922459876471
1106007,7658752,0.28472856629715043
1106007,148720,0.2846349209565306
1106007,6959846,0.2844015236688299
1106007,410397,0.2842165671797728
1106007,2934579,0.2828840944538755
1106007,7948212,0.2823988579613255
1106007,29022,0.27976132565798106
1106007,6209481,0.2797144731429875
1106007,4357831,0.27868742124197765
1106007,3174638,0.27848720599409693
1106007,70147,0.2784021707665654
1106007,3350802,0.2781432082750078
1106007,2910887,0.27764294321477756
60235,4292611,0.7621085127363829
60235,3620537,0.7236623537059647
60235,3620536,0.7230840334560479
60235,4289596,0.7222981091854493
60235,6373390,0.7211521147260227
60235,3620540,0.6722556968307507
60235,5857163,0.658534257369101
60235,1803403,0.6536255174258881
60235,6014619,0.6366309620514846
60235,4291626,0.6339541570500329
60235,5857161,0.6296089279178978
60235,5857162,0.6233424358166202
60235,7389159,0.6227976779372593
60235,485095,0.6180106009445382
60235,5414467,0.6102556343047199
60235,1787104,0.6065147880305906
60235,85624,0.6005826601422917
60235,8712527,0.5997036440350563
60235,2747390,0.5993879571786769
60235,4289600,0.5973945744892347
60235,4289597,0.5958383376262875
60235,8310900,0.5899944001515879
60235,1673989,0.5869498461181651
60235,4626844,0.5859521373462176
60235,6658076,0.5714860359316046
60235,3687252,0.5704105918116665
60235,4292616,0.5650746846847189
60235,7647373,0.5646161469320926
60235,6658081,0.5640132016934771
60235,8035018,0.5631534463105249
60235,7389161,0.5617550664599045
60235,2617001,0.5582365311617026
60235,6011478,0.5543351988191599
60235,8310903,0.5517610772672099
60235,485093,0.5513786781424599
60235,4336402,0.5512255663833441
60235,1527093,0.5414617247228645
60235,8612380,0.5378442003538069
60235,6014622,0.5366102561637847
60235,196165,0.5337544642698302
60235,8310902,0.5307485035197137
60235,3231714,0.5306817989563851
60235,3231717,0.529850888962178
60235,4608342,0.5298237937711784
60235,1883234,0.529420913205277
60235,3231719,0.5289127834456511
60235,180413,0.5286449474426842
60235,485096,0.5281572460161585
60235,4552458,0.524023100303088
60235,5154205,0.5234709509763771
60235,6701924,0.5225104874481062
60235,1787106,0.5224791973458162
60235,8712530,0.5194828533202482
60235,5414466,0.5190767398724649
60235,6733025,0.5180036552796203
60235,1745359,0.5163003142190639
60235,6447030,0.5162386124769641
60235,6597505,0.5145667375831113
60235,5969102,0.5141146335662887
60235,6107035,0.5121680360938451
60235,3231720,0.5100887502746388
60235,3051419,0.5096004872067122
60235,6601162,0.506442564255736
60235,5862050,0.5051258519644537
60235,85626,0.5030271704025703
60235,6778910,0.5029394430251914
60235,1858634,0.49858885675474207
60235,7301140,0.49826517043497415
60235,5900792,0.49761016941982006
60235,1787100,0.49588323622823843
60235,6027186,0.49493855103587403
60235,128605,0.4943382086375032
60235,4661188,0.4929635660278881
60235,1771395,0.4906517027709076
60235,4675812,0.49029289253790814
60235,983358,0.4866174804894341
60235,4661192,0.4861403478636014
60235,5523642,0.48506343887581155
60235,983360,0.4846322042803989
60235,1803400,0.4823443731518272
60235,5581203,0.4814998345393251
60235,6682530,0.4810769177470144
60235,196168,0.48091774701758705
60235,6495185,0.4804748599511504
60235,5630543,0.4773076349932394
60235,5857159,0.4761299070284262
60235,4913289,0.4754317643936775
60235,4007845,0.4730978393312532
60235,8035016,0.47224186617799413
60235,1312851,0.4705325343901695
60235,1684512,0.4703956279002869
60235,1673985,0.4699605019837898
60235,5155156,0.4687317666022771
60235,4529323,0.4687317666022771
60235,4711947,0.46712108614584436
60235,953190,0.46671229619530663
60235,6152991,0.4654811714109458
60235,4552456,0.46530522554084824
60235,6658080,0.46298694338103097
60235,5630539,0.46281815568858925
180442,5218683,0.5187450560867715
180442,2784247,0.4960462658076357
180442,681232,0.4956619358768114
180442,3727255,0.4766946179631211
180442,321845,0.4681678520932063
180442,321849,0.4591357712257763
180442,611414,0.4458624755740646
180442,2669978,0.4451864142527772
180442,2527630,0.43843569395192705
180442,2784241,0.43056951484105827
180442,1429740,0.42294033907229456
180442,3836649,0.4218034424287607
180442,1000722,0.4214072514678381
180442,1000725,0.4214072514678381
180442,2928506,0.4089125059433362
180442,681234,0.40432555933219566
180442,5139591,0.3988581396119688
180442,2784245,0.3903577234551046
180442,5218676,0.38505731104542235
180442,876459,0.3780988947529641
180442,493,0.37757317137887303
180442,5139589,0.37691572110708166
180442,1776679,0.3725422334602511
180442,5562216,0.37225208898880696
180442,5218680,0.3715505372273763
180442,4777877,0.3697333359560935
180442,6338536,0.3675787493147865
180442,5218681,0.3645264849377569
180442,5168346,0.3635354729336932
180442,7666962,0.36335625699368296
180442,681230,0.3620745128768528
180442,81991,0.3572392383163832
180442,6465810,0.35203921319144915
180442,205063,0.3505475431482581
180442,5671617,0.3484126774895101
180442,7132531,0.34565282605670183
180442,6742854,0.34565282605670183
180442,2964665,0.34243910905293634
180442,5139590,0.3382434089807271
180442,4781941,0.33552224579598455
180442,1676588,0.33337480330923935
180442,2461454,0.33243276380457687
180442,481747,0.33240538473733344
180442,2323039,0.33226439724790224
180442,1298334,0.3289476931787151
180442,681237,0.3277043473868452
180442,681228,0.3254258469275814
180442,8084904,0.3247745238292156
180442,5139595,0.32336144307950015
180442,2784246,0.32272727282950087
180442,5218677,0.3214150787645351
180442,8522167,0.3200038211689135
180442,94164,0.3181797374777572
180442,8084903,0.3180253592415857
180442,7686671,0.3163087820638363
180442,884807,0.3149741287506104
180442,5550305,0.31282272777158937
180442,7278957,0.3124445842195227
180442,8379292,0.31157765861256825
180442,739227,0.30899115345872213
180442,4952330,0.3070376593306507
180442,56273,0.3045607856034574
180442,7901728,0.30386169616954684
180442,919575,0.3035792223572878
180442,3316088,0.29998004249036336
180442,94168,0.2998255652483055
180442,5671618,0.2969308430768468
180442,205060,0.2967951739797148
180442,4999656,0.29642245143030477
180442,8580669,0.2950031111786246
180442,3307317,0.2948755162158615
180442,5671616,0.2944091402252699
180442,7287904,0.294295753160722
180442,1087900,0.2928762604132892
180442,6985767,0.29236535855455537
180442,4981774,0.29080300450462326
180442,2597209,0.29056639682751345
180442,884799,0.2899658963153031
180442,943214,0.2887003333540982
180442,6462999,0.2852716631550677
180442,4746445,0.28414720719777997
180442,2558248,0.2836520991552661
180442,1298336,0.2810967448536153
180442,5950676,0.27904431008440655
180442,6746842,0.2788975337044802
180442,7124760,0.27817195745474166
180442,408759,0.2779753056582633
180442,5139593,0.2774796252396227
180442,1119918,0.27619503157518327
180442,5139592,0.2748011381986163
180442,5175310,0.27382659327677533
180442,7085499,0.27306946540839067
180442,8265278,0.2723756485608817
180442,8160938,0.26985424930152063
180442,7085498,0.2695998363082687
180442,4952329,0.26829857999196755
180442,7529569,0.26796247275758145
180442,2434805,0.2668362375945361
180442,6096683,0.2667121968482148
180442,7449907,0.26439248840712876
710347,5342053,0.5016231241822253
710347,1886547,0.49283846892982847
710347,1011077,0.4866160219722615
710347,4553948,0.4686409538518928
710347,1011075,0.4673417038458911
710347,224523,0.4653238919800642
710347,1011074,0.44970530617821236
710347,1976092,0.44818706257811175
710347,6046669,0.42566002206809733
710347,8490212,0.4230458541716358
710347,3990147,0.4224890544285716
710347,2372368,0.4195306430559513
710347,4553943,0.4195076018138612
710347,4327099,0.4148151177795313
710347,5215003,0.4147892730575381
710347,6264170,0.4121103002467619
710347,6046672,0.40820363466870974
710347,3440208,0.40300965515515813
710347,6742354,0.40168862961618296
710347,6181240,0.4012387267274735
710347,7717409,0.3999994683750351
710347,6972110,0.3960889889987688
710347,5722268,0.39383385002713317
710347,455362,0.390648963283338
710347,4553947,0.3895009109247479
710347,1976089,0.3866790088466837
710347,1640448,0.3848741540003489
710347,2372367,0.3841837709451409
710347,3456231,0.38377203248328506
710347,1723206,0.3762491996501434
710347,2022387,0.3756899755465558
710347,224525,0.3668120776084476
710347,4085314,0.36379009951609526
710347,4185619,0.36333605986113915
710347,2372365,0.3622199236670239
710347,1640444,0.3622199236670239
710347,2343617,0.3614768139119863
710347,8490214,0.36026806379147136
710347,6996113,0.3594645739965617
710347,1439120,0.35891298772577523
710347,2022385,0.3578862281527316
710347,1439119,0.35666961839591554
710347,5722267,0.35572413190194774
710347,4327100,0.35462647157334204
710347,7717414,0.35186171104609854
710347,1212650,0.34811655342827297
710347,1837260,0.33981143059791774
710347,8426216,0.33901879331958945
710347,952248,0.338897982116135
710347,1212649,0.33867177541014754
710347,5826808,0.33854858029302437
710347,1640452,0.33738807318002484
710347,1640449,0.33736759421026374
710347,3990150,0.33721049449206936
710347,7568985,0.3343121631048527
710347,4215080,0.3333452374529839
710347,1439113,0.33085499517446626
710347,1837259,0.330330562289526
710347,1439117,0.32995771329164236
710347,7717410,0.3293274914033795
710347,1439112,0.3260455569385194
710347,4617730,0.3256877491606219
710347,224522,0.3249671942419779
710347,4765337,0.32490573081427754
710347,952256,0.32171748629744357
710347,952255,0.3212895872655142
710347,6023505,0.320464855237874
710347,224527,0.31840061716511736
710347,898854,0.317569388366562
710347,3564912,0.3144472978936226
710347,4128786,0.3139798877652387
710347,2372369,0.31098500473145607
710347,3440204,0.3094599079974029
710347,1776398,0.30821899354637944
710347,6573124,0.3052277077828102
710347,224521,0.303271600404194
710347,7419568,0.30142546751605537
710347,3456226,0.2994226199399375
710347,1601275,0.29844450266802364
710347,4270203,0.29747817947316635
710347,6264174,0.2953290772532618
710347,8353769,0.2952632270014625
710347,1011082,0.29490048406077585
710347,6264172,0.2939683920130561
710347,455354,0.2929512828334766
710347,1837263,0.292210788828019
710347,3456227,0.2918660953406614
710347,6949533,0.29107648643272066
710347,590265,0.2905770874112589
710347,3440209,0.2901437894709977
710347,6264175,0.2898335633050616
710347,4411216,0.2887064479147606
710347,3721191,0.28806700159462395
710347,1573874,0.28710832628918526
710347,1941750,0.2852948001442885
710347,1837264,0.28469423405020267
710347,8426220,0.28384146464231463
710347,3456225,0.28272503231648327
710347,3204335,0.2823138547677855
710347,5826807,0.28086272535229695
1124210,2258595,0.6543334641123014
1124210,8026740,0.43784371297151414
1124210,2258598,0.4181565162846052
1124210,2258591,0.4036145734519696
1124210,931165,0.3872174583807524
1124210,6636931,0.3842225238791204
1124210,2258596,0.38013900225239544
1124210,7443586,0.37458088952294716
1124210,2728448,0.37458088952294716
1124210,2294008,0.36298917812267584
1124210,2258594,0.35908845380517473
1124210,1689639,0.35628413125242275
1124210,522219,0.3384044449301182
1124210,931162,0.32889980258338347
1124210,7806221,0.3215446075002535
1124210,6720368,0.3173046670318094
1124210,8102025,0.31691827401594186
1124210,2685123,0.29835570758943664
1124210,4491412,0.28631150611760775
1124210,3680753,0.28256582487841575
1124210,8026737,0.273925799087249
1124210,8026735,0.27364742448649343
1124210,2650269,0.2692525203899815
1124210,6691162,0.2622231875755354
1124210,2461683,0.2549964002550794
1124210,4491413,0.254247950388257
1124210,2258593,0.2536133696487938
1124210,4978220,0.25293719273145115
1124210,7447320,0.2528353821380669
1124210,6405631,0.24590055160207983
1124210,2258592,0.24534832973596055
1124210,4805702,0.2440552809146237
1124210,2433603,0.24308700439704006
1124210,7695217,0.2430092431014101
1124210,8355477,0.24278615886427451
1124210,2564131,0.24210529627064487
1124210,2494577,0.24195531331136869
1124210,8026743,0.24000998901106868
1124210,8802909,0.2340232171959053
1124210,7203360,0.2304797388201889
1124210,7768133,0.2300859802102494
1124210,6233255,0.22939625999758698
1124210,4481416,0.2284367960094572
1124210,4491419,0.2279770562065696
1124210,6541864,0.22787579086795232
1124210,2639123,0.22766326743750004
1124210,221530,0.22581702813260665
1124210,1849329,0.2250045528133404
1124210,8192630,0.22426705713168496
1124210,5717937,0.223599657201813
1124210,41557,0.22241054301993896
1124210,6507996,0.22234531514287165
1124210,2433604,0.2214364732114041
1124210,2433601,0.2214364732114041
1124210,4002456,0.21873286929456212
1124210,5791647,0.2178619107760342
1124210,1831149,0.21761814287953932
1124210,191732,0.21753067704848134
1124210,2049578,0.2160853899075355
1124210,6691168,0.2154823641360461
1124210,7106473,0.21543601377733287
1124210,2494574,0.21522333140571034
1124210,534369,0.21510572430080344
1124210,1989851,0.2150678913869139
1124210,8492305,0.21494195596586835
1124210,4225477,0.2148581043517509
1124210,1244877,0.21368598958658458
1124210,3983712,0.2133205317221346
1124210,4908482,0.21294033652773497
1124210,4535489,0.21263117499574166
1124210,2433609,0.21215420607594426
1124210,8546199,0.21215167858258557
1124210,2258597,0.2118069791736414
1124210,2608221,0.21159777687828032
1124210,3927703,0.20965541641279445
1124210,2658210,0.20957732218946873
1124210,5469600,0.20904474840418105
1124210,4968311,0.20877522764907103
1124210,3257835,0.20814536373086115
1124210,31349,0.20758438959042944
1124210,919997,0.2074319419740984
1124210,4616435,0.20716474780763347
1124210,5142207,0.20612218495204812
1124210,7198254,0.20605099611485317
1124210,5941717,0.20599003999218135
1124210,5141826,0.20592109466830885
1124210,6156768,0.20557978496186213
1124210,7881781,0.20556620278911664
1124210,7110117,0.20554725354211695
1124210,4029649,0.20459418263938273
1124210,7876486,0.20457494052343173
1124210,5664148,0.20376605993169297
1124210,2297089,0.20360761068065134
1124210,2870113,0.20330189365878956
1124210,92049,0.20321574439170528
1124210,6956066,0.20291500878318178
1124210,2851479,0.20289386887890137
1124210,7443588,0.20288671397596875
1124210,121547,0.20274084283225483
1124210,5392425,0.20218362978003918
287683,8299551,0.7010925561921304
287683,6915198,0.47449255865329815
287683,3162044,0.4290375670776819
287683,6915200,0.42553453358252535
287683,6915201,0.421096617471165
287683,6550734,0.4123487121953811
287683,7496640,0.40159314918624966
287683,5893108,0.39189312129737436
287683,7496643,0.38384565477017946
287683,6915205,0.37847398872325977
287683,1308843,0.3778881367888026
287683,6550731,0.3756370582911291
287683,3162041,0.3615486148443024
287683,8299547,0.35834149017315575
287683,6741933,0.3567052459043064
287683,3162039,0.35396767065190143
287683,6550727,0.35196784952161514
287683,4285479,0.35137212681696595
287683,1627645,0.3509921877402553
287683,1995546,0.3508990047693558
287683,8457419,0.34876628671969767
287683,3162040,0.34874071928259176
287683,4285485,0.3482980605436752
287683,6915204,0.3475606352875242
287683,6915202,0.34689164375315285
287683,3763494,0.3441437250601358
287683,4704212,0.342187418860584
287683,6839300,0.33486627582547296
287683,6550728,0.3308756370853589
287683,2500104,0.3295956480127785
287683,7236786,0.3287601387454604
287683,8804431,0.3269144836211386
287683,7236783,0.3259816864563798
287683,7404419,0.32524353618032215
287683,1502255,0.3244987568397177
287683,4179595,0.3219489665821369
287683,6143337,0.3198910407301579
287683,2190977,0.31835635644043814
287683,8036708,0.3170666614644619
287683,7877125,0.3169235132038284
287683,3162046,0.31483580326082666
287683,8078812,0.313533412165392
287683,5087297,0.3107864725771108
287683,1690476,0.3098834893517152
287683,785548,0.3098834893517152
287683,7275640,0.3096645450071151
287683,8461622,0.3092110385798592
287683,2846959,0.3091447326667084
287683,2321721,0.30866229376712057
287683,4179600,0.3063447487449489
287683,6741936,0.30614256955765945
287683,5351332,0.3048948926617567
287683,3095446,0.30482189525682546
287683,6751603,0.30295385708992817
287683,662955,0.3017046147767822
287683,4616568,0.3014001479763088
287683,6293510,0.3007086069316716
287683,652304,0.2997696969048807
287683,4537853,0.2997464797158759
287683,7205374,0.29970008890794275
287683,5195976,0.29885518952732093
287683,8036713,0.29863125808939817
287683,8620151,0.29818456774314744
287683,692144,0.29772292998729094
287683,6550735,0.2976871113613249
287683,1326344,0.29765157074367105
287683,5897802,0.2949096180507527
287683,3562790,0.29451628342112185
287683,5066969,0.2937416665203077
287683,5517239,0.2929109037392192
287683,652300,0.29273925858876076
287683,3670815,0.29228772820285637
287683,7984227,0.2922161504194453
287683,652305,0.29147043469893796
287683,3623647,0.2910817172102533
287683,7236779,0.2900864169375551
287683,1924333,0.2891469867707505
287683,6915199,0.288655865556099
287683,1627647,0.2885840151635985
287683,7005347,0.28834288480455866
287683,6077384,0.28825236411082633
287683,4704205,0.2881431087728196
287683,7956789,0.2880734749644495
287683,4034797,0.2880581844090517
287683,6588237,0.2880249304111974
287683,8409366,0.287978703254753
287683,4770186,0.28755689073549145
287683,3458747,0.2866982758078907
287683,3415224,0.28573656826846555
287683,6047278,0.28531547374966204
287683,879190,0.2842298841951662
287683,5872258,0.2839634920065063
287683,8673863,0.283951921678423
287683,7475657,0.2837871509893735
287683,2859076,0.28373652318863607
287683,4616573,0.28373652318863607
287683,7416369,0.2827860781400613
287683,879195,0.28260752269485767
287683,7910222,0.2821603032168906
287683,2172490,0.28058186020275866
490595,4842897,0.6158628955548596
490595,5612099,0.6092944496707827
490595,5612095,0.5969316843193402
490595,5612094,0.5735667736507308
490595,7839904,0.5507027031617275
490595,1288938,0.5502888402584618
490595,3572695,0.5485382465932398
490595,5112294,0.5407157275809787
490595,5359212,0.5189408272624773
490595,4737060,0.5153619082598234
490595,1929910,0.5117239067310647
490595,3937197,0.5078711942454854
490595,1288943,0.5053386279008382
490595,8485139,0.5019383407534153
490595,3398165,0.5013960663294251
490595,3937200,0.4741317937685525
490595,3572698,0.47303409104983035
490595,4737063,0.4728062648636333
490595,2850740,0.47074413673200405
490595,3572701,0.4703422764507743
490595,1929911,0.46857447411744013
490595,8160570,0.4634361448082778
490595,4842894,0.4631444837290501
490595,6742119,0.46240132310591164
490595,1620438,0.45964627278889997
490595,7839906,0.455935291252038
490595,805046,0.45564069861545076
490595,2433508,0.45510480955892246
490595,3910738,0.45066303897449594
490595,2197676,0.4504388344613389
490595,5319760,0.4503820279318228
490595,5247992,0.4497832995313857
490595,5359213,0.44876901972627214
490595,7727360,0.44679190581143086
490595,3500541,0.44679190581143086
490595,4842891,0.44348255844098633
490595,4763070,0.4433772253460335
490595,3403268,0.4431053115847705
490595,3326751,0.44143549088615014
490595,823091,0.4414091953586082
490595,3403266,0.44063761231601484
490595,3833409,0.43961300519056806
490595,805048,0.43961287149305367
490595,1288940,0.43958800769001627
490595,549466,0.43859245979727596
490595,2095966,0.43671956269654744
490595,7385093,0.4364017911178685
490595,4737064,0.43384851357244997
490595,8174222,0.4330643235995393
490595,2586069,0.42923692581113365
490595,2646639,0.4287500689613578
490595,4737067,0.42824750780208365
490595,6742115,0.424872265798295
490595,2031354,0.42295857112232776
490595,8709994,0.42223895404207357
490595,2507917,0.42143608361311286
490595,3462698,0.42119024626605134
490595,6496868,0.4198225288718286
490595,720732,0.4141083140074006
490595,549465,0.41341259916337225
490595,1277562,0.41197717189953315
490595,2782791,0.41138043584603096
490595,4604269,0.41052453836785063
490595,4082324,0.4060694279691317
490595,7839907,0.4049563643209368
490595,8160572,0.4045974520950308
490595,4737065,0.40408283226116404
490595,3403265,0.40386813567300656
490595,1211905,0.3985386064438767
490595,5612100,0.3978652645475095
490595,1652466,0.3972548043825483
490595,4810763,0.3945907664927267
490595,3574702,0.3942517123313995
490595,4737068,0.3939397045395051
490595,6845345,0.3932934786971919
490595,805051,0.3928653541139496
490595,5247999,0.39215871939814734
490595,1194055,0.3920881755906791
490595,1473259,0.39189253304118166
490595,6986347,0.3915777529660285
490595,6614932,0.3890965646277384
490595,3261043,0.3889676590572413
490595,313479,0.3885048602387091
490595,4842890,0.3878540550686167
490595,6971306,0.3876168104218554
490595,4842896,0.3851714398988527
490595,3572702,0.3843980273345682
490595,3670955,0.38060001429989093
490595,6412650,0.37886009344031374
490595,93114,0.3785460440539823
490595,7727362,0.37830278681538193
490595,3953177,0.3762132016825695
490595,485501,0.37400358424450963
490595,7982705,0.37110726975600583
490595,4096611,0.368843747616186
490595,7982709,0.3675604177392063
490595,4082319,0.3673159805106418
490595,6485221,0.36725262013578475
490595,5612092,0.3672101414577056
490595,6101485,0.3666406738037995
291865,7242812,0.5400907084788015
291865,1892731,0.5239382075436271
291865,1448902,0.502291841733786
291865,3635182,0.4938147830876576
291865,1617274,0.4854169745053366
291865,525369,0.48024941206282284
291865,525371,0.47598621342637315
291865,3454457,0.46112648930390215
291865,772298,0.4567577634740901
291865,330595,0.45413178483099753
291865,5648686,0.443003846341458
291865,1448901,0.43444882433769333
291865,8679765,0.4288305354813974
291865,2310985,0.4284609775513921
291865,1617267,0.4282193948018606
291865,6613582,0.426776263684334
291865,3588259,0.4204353897683671
291865,3070779,0.41801255096086365
291865,1945963,0.4159058994883037
291865,636827,0.41588690625337793
291865,6274927,0.4121749065563216
291865,1617275,0.4095653127867842
291865,4606760,0.4064577758249596
291865,702434,0.4002946271555386
291865,5418781,0.39829876738774733
291865,5289235,0.3978195069465401
291865,3222932,0.3946017710052364
291865,5933264,0.38452771253778223
291865,5378552,0.38421313287539316
291865,7202265,0.3828589040986367
291865,3588260,0.3825536879028935
291865,2418343,0.37362791073315943
291865,4401071,0.3720545886431206
291865,706878,0.3703647987638519
291865,3727715,0.3684132640119699
291865,330598,0.36739541255091807
291865,6971341,0.3655341848316739
291865,1923711,0.365004769933673
291865,5289238,0.3645755732562503
291865,5648684,0.3634506851257283
291865,351334,0.3610285969583562
291865,3855957,0.36042878598896383
291865,223250,0.36019813183740534
291865,8395474,0.3599340991138301
291865,683071,0.35839695073725863
291865,351333,0.3570979082454687
291865,3939122,0.3567463274999753
291865,5413609,0.35653969634124255
291865,7567563,0.35565883855007613
291865,351328,0.355631778870611
291865,8212394,0.3556046559308308
291865,3309130,0.3544265799418084
291865,4664217,0.35358938109734245
291865,6341778,0.35228349320057994
291865,1662680,0.35203927024348747
291865,1662679,0.35203927024348747
291865,351330,0.3513421137274616
291865,3121495,0.34999743841400405
291865,3603112,0.3488119469070736
291865,8260123,0.3484973906153081
291865,8659875,0.3479998020731341
291865,4219899,0.34756884045469344
291865,3222929,0.3473873594345259
291865,8021111,0.3470827359049014
291865,4452714,0.3467387210762157
291865,173641,0.34611439112984915
291865,2105837,0.3433683322687301
291865,525376,0.34283641316188873
291865,7202269,0.34266933624178864
291865,6341773,0.34214946577017585
291865,7432323,0.340977638125588
291865,6274931,0.3404741244567899
291865,7700626,0.33996972290194705
291865,3308326,0.3390084803629461
291865,1662677,0.3341943041029227
291865,2105835,0.3310921746965371
291865,8008612,0.3308304675848275
291865,8679770,0.33058545919379617
291865,1923715,0.33055078648614433
291865,6221878,0.3288895717791569
291865,3855958,0.32820088970882566
291865,352566,0.3277411344498047
291865,6649694,0.3266600229495544
291865,8679764,0.3258360624252593
291865,3588261,0.32528062592879053
291865,2049731,0.3243767951521601
291865,28966,0.3243431388067644
291865,4573511,0.32380790516350877
291865,4573519,0.32350276093901625
291865,3070773,0.3207371105653899
291865,1923712,0.31967171793928284
291865,4852190,0.31696207383608443
291865,7760582,0.316576209067679
291865,8123446,0.31495935295832683
291865,5126953,0.3145309719340187
291865,8204654,0.31449308293183537
291865,179182,0.3141198413207807
291865,7776375,0.31360928682295647
291865,1662682,0.31313246356047775
291865,1662684,0.31313246356047775
794725,8771934,0.6493065372768239
794725,8771942,0.5507978954678768
794725,8771940,0.5002888874948217
794725,8771939,0.4856036586269072
794725,8771941,0.23445646363860725
794725,5925952,0.22527638028082522
1103812,8220089,0.4538407996787587
1103812,2703111,0.44290234957982066
1103812,3672744,0.4109232618321606
1103812,3843267,0.37575264883772913
1103812,3843263,0.37267779120837774
1103812,8220086,0.3692369779884161
1103812,955560,0.3584030625231701
1103812,3978768,0.355963638937802
1103812,4824836,0.3550907663179716
1103812,1659850,0.35504405433191816
1103812,3591090,0.35480738944166706
1103812,7430771,0.35037693574144635
1103812,2360676,0.35023779475585076
1103812,1659852,0.3462386169143611
1103812,7280664,0.3443526264506956
1103812,3591094,0.3380784452967997
1103812,8224181,0.3368034053615632
1103812,8841477,0.32551554728674914
1103812,3663740,0.3254440644627104
1103812,2884935,0.32469450796477656
1103812,658793,0.31817913823504745
1103812,6908050,0.3179230880058165
1103812,4879962,0.31563774465070094
1103812,6604326,0.3133064488003784
1103812,7383481,0.3094676904309575
1103812,5601626,0.3084184513321513
1103812,5974243,0.3074119041712705
1103812,439758,0.3069574253384993
1103812,4824833,0.30583703198494194
1103812,2679429,0.30162186043176487
1103812,1062408,0.30162186043176487
1103812,2703113,0.29946003954393074
1103812,4726842,0.2987620747695577
1103812,975547,0.2952309062829481
1103812,8224175,0.29489540697216093
1103812,3425644,0.2923750858370885
1103812,7280665,0.29064851635410355
1103812,476179,0.2897701290654066
1103812,1783580,0.289617793310226
1103812,3248098,0.2895582960828901
1103812,1785498,0.28874448193145136
1103812,6289840,0.2880163160589768
1103812,2609442,0.2876399821196483
1103812,8419980,0.2875096142126816
1103812,7430767,0.28729826225517385
1103812,6103245,0.28621536619507565
1103812,3672738,0.2860595376347226
1103812,2977510,0.28394656973723365
1103812,2316588,0.28258027725585744
1103812,5742519,0.28248581314685783
1103812,4697986,0.28228210895186645
1103812,4726841,0.2822572641133242
1103812,5974240,0.28090055999158087
1103812,7430766,0.27875246687760247
1103812,4726838,0.27777491968351486
1103812,3170905,0.27571934043633406
1103812,1062406,0.2756722269704494
1103812,7430764,0.27545255663235924
1103812,5974242,0.27497084322672527
1103812,8224183,0.2720004299471269
1103812,1711126,0.27153581312167785
1103812,4726837,0.27122084034721033
1103812,3672742,0.27069971965889633
1103812,3063479,0.26992108495325895
1103812,5372067,0.26728281885586125
1103812,6668189,0.2668133928014332
1103812,8732947,0.26672578506006245
1103812,2093197,0.26659765521812634
1103812,4879963,0.26570047967148264
1103812,586616,0.26535838191263017
1103812,1783587,0.2651667692061543
1103812,8109176,0.2648729245976984
1103812,4824831,0.2646267942563368
1103812,7422531,0.26367824558489683
1103812,2703108,0.26294916721714345
1103812,114812,0.26249360893696666
1103812,723320,0.26166160545026207
1103812,3170910,0.26140739850108674
1103812,3543021,0.25975231566497264
1103812,5974245,0.25951038135203597
1103812,3628430,0.25883562975407187
1103812,8375352,0.2576216269881905
1103812,3672739,0.2574604573514176
1103812,4586998,0.2572889428612579
1103812,7430763,0.25692302097269115
1103812,6819005,0.2567155637008577
1103812,5508679,0.2565778771241993
1103812,3725818,0.2557996294714904
1103812,1341573,0.2557791655837995
1103812,8293805,0.25574349747168545
1103812,1704101,0.25529080333653636
1103812,4824835,0.25454202202227955
1103812,7430768,0.25406608715652323
1103812,2250928,0.2535054613257243
1103812,8759610,0.2530142883946557
1103812,7280415,0.2527166619688162
1103812,8220082,0.2506553935720099
1103812,1942783,0.2505379479431505
1103812,1446946,0.24894041133527559
1103812,865879,0.2488024025844804
436600,5874827,0.49554402160589445
436600,4381229,0.4716259368876582
436600,2073853,0.4716259368876582
436600,2418848,0.4620408715356443
436600,2073852,0.4593870043099766
436600,7917701,0.45249765306098966
436600,7218473,0.45063860277056367
436600,2498264,0.4292290200333655
436600,2498263,0.4280785628221786
436600,1204443,0.42748753775367226
436600,3565157,0.42510539412640796
436600,3943290,0.4180981256955299
436600,43980,0.4180981256955299
436600,4059693,0.41445091048202265
436600,7990247,0.41401978316420013
436600,4541820,0.4115732695429351
436600,3100936,0.40988594443841403
436600,3061029,0.4055371626232361
436600,3813285,0.4046726212834088
436600,971644,0.4005428773641904
436600,4574122,0.3996217905248075
436600,3061027,0.39924581993307884
436600,572376,0.3967182083773717
436600,2651550,0.395977448266373
436600,5792780,0.39273258810370903
436600,4258087,0.38230246941845253
436600,2925061,0.3776745997248891
436600,5898691,0.3762283634791525
436600,253552,0.3761720792912192
436600,5390898,0.37571655663788767
436600,1139511,0.3731427101451528
436600,113778,0.36964863469373965
436600,6826754,0.36688915153747237
436600,1533649,0.3661466617470719
436600,6041325,0.3641011648890363
436600,7484819,0.36403717972717603
436600,2498267,0.3640365783729084
436600,7950555,0.3638027932271829
436600,7851340,0.36136737404565333
436600,6918921,0.36081260323192593
436600,2883308,0.35980825058228155
436600,253554,0.35883401921741215
436600,4079187,0.3582118830797612
436600,3814358,0.3576600072292161
436600,5958021,0.35736304107197164
436600,3050888,0.356679927736916
436600,8062751,0.35549317507134615
436600,8062758,0.35549317507134615
436600,6761360,0.35531720688473567
436600,3872965,0.35424508017722833
436600,2267981,0.3538310248331027
436600,6761362,0.3531375489660988
436600,113785,0.3530010911380735
436600,5117106,0.3525306704785175
436600,6761361,0.3513096199216921
436600,5085744,0.35117728737704035
436600,2171025,0.35001362828688565
436600,3619643,0.348122431548075
436600,7910689,0.3467953998171034
436600,1736480,0.3440371002544354
436600,6417379,0.3431712129088451
436600,1243322,0.3425039657922225
436600,7990249,0.34208219733840955
436600,2171028,0.3391389083951821
436600,7264881,0.3382607588213524
436600,3874845,0.3370654157758829
436600,3108553,0.3360037672905912
436600,891623,0.3346453951261969
436600,7585286,0.334258038042277
436600,8370201,0.33340963583974736
436600,445871,0.33339979955356797
436600,2538721,0.33203591778487196
436600,1052279,0.331195988916231
436600,6048115,0.3310897285410749
436600,43988,0.33063128739463604
436600,716855,0.32935198320706677
436600,675823,0.3285261430967869
436600,4841888,0.3282741957746245
436600,2833912,0.32789500299483937
436600,7370006,0.3278293066454074
436600,7392776,0.32734415403383105
436600,8803569,0.32699328524891863
436600,4450190,0.3269648779533524
436600,8473863,0.3264000164161717
436600,7505882,0.3246078310880743
436600,193023,0.3218118399420459
436600,7094308,0.32161816916359026
436600,1662519,0.3215143577256732
436600,2895676,0.3209164379509713
436600,442081,0.3203003289739755
436600,2100481,0.31993214557328364
436600,398487,0.31880881090753094
436600,1896121,0.3177937393558932
436600,2883304,0.3177643756593767
436600,7216053,0.3174784943352556
436600,6962582,0.31728330054882786
436600,5376871,0.3170244031185748
436600,675822,0.3150157796682544
436600,950254,0.314347742669332
436600,6433243,0.31419658522040605
1047259,2516631,0.6867990299606305
1047259,1960977,0.5598760117264292
1047259,8272104,0.5528413011559633
1047259,6936163,0.5423097649815728
1047259,73659,0.5368984840714748
1047259,3430141,0.4580241974990121
1047259,900397,0.45576309928638664
1047259,73663,0.44733047302544277
1047259,8272097,0.4446555273801136
1047259,6936158,0.4319210003345441
1047259,3430136,0.41422779199376136
1047259,73665,0.41168549529196036
1047259,73658,0.4086029105585718
1047259,6936162,0.3839999406264102
1047259,3430142,0.3818513207267199
1047259,6936157,0.3747947120043949
1047259,3534449,0.37319228085533096
1047259,1468935,0.3700159017891693
1047259,8272102,0.36692826686903857
1047259,6641636,0.35223418365172654
1047259,6936160,0.34504610630657023
1047259,1468936,0.341089307292074
1047259,5863885,0.33623130855632316
1047259,4887857,0.33130402562447797
1047259,3534454,0.3241933960286189
1047259,6388392,0.32046049159049256
1047259,8272101,0.3151543395045972
1047259,73662,0.31468831709169204
1047259,3430144,0.3140445507673593
1047259,3534453,0.31170537839549844
1047259,900401,0.30928841131888496
1047259,8272095,0.30774407095353784
1047259,4606170,0.3073911366517335
1047259,5097978,0.3070372446851697
1047259,8715869,0.30578737602161377
1047259,2753185,0.3018939297848878
1047259,3433294,0.29563868031464424
1047259,8715867,0.2912109440272762
1047259,7947134,0.2857682221420273
1047259,5097973,0.2828568336464708
1047259,1960978,0.27254422526795646
1047259,7744020,0.2720158998771282
1047259,7947127,0.2714614271802936
1047259,7544833,0.27119088832728955
1047259,1468937,0.2702280178980956
1047259,1452229,0.2700924535562738
1047259,3447366,0.2695905437781514
1047259,3430140,0.26913796514364136
1047259,3329563,0.26561197337792447
1047259,8475866,0.2654865163159529
1047259,900400,0.26425022941804244
1047259,3136841,0.2618069990157126
1047259,2134711,0.26112147342077974
1047259,3559046,0.26015995251165164
1047259,7114139,0.25931824815242804
1047259,4798412,0.25901348165625787
1047259,1468934,0.2583223819377432
1047259,2648999,0.25641837307588683
1047259,1468938,0.25599657091338185
1047259,3534456,0.2553630645658009
1047259,2306187,0.2507286141840275
1047259,8734555,0.2500378984069569
1047259,224679,0.24983345025804715
1047259,7316849,0.24974993797604367
1047259,1941923,0.24912798659097884
1047259,900404,0.24851629944353215
1047259,7957107,0.24761051378026636
1047259,3087033,0.2472987889058854
1047259,4798417,0.24708062041281462
1047259,3433292,0.24611797206594113
1047259,5097979,0.24603082087347095
1047259,2614332,0.24403566491990825
1047259,8272096,0.24338916427224727
1047259,4180287,0.24078831364960654
1047259,3249915,0.24021652221773473
1047259,73656,0.23963766951226045
1047259,3447362,0.23936843040135994
1047259,5097976,0.2390508511540751
1047259,3433300,0.23811919900972708
1047259,1941921,0.23744604969820385
1047259,73657,0.23651582898258292
1047259,612962,0.23633540022056107
1047259,8235789,0.23509748587115775
1047259,5097975,0.23496288255603748
1047259,6655080,0.23439834099319676
1047259,6807407,0.23348598712564853
1047259,8272103,0.23144733833777978
1047259,8386214,0.23089845635978104
1047259,7841325,0.23084672141305784
1047259,8228145,0.2303480845308679
1047259,8221080,0.23030834940285488
1047259,2516630,0.2301107428147157
1047259,8734851,0.23001830575230958
1047259,8272100,0.2297935314983147
1047259,73660,0.22851147244372036
1047259,5324016,0.22804027410151304
1047259,3434873,0.22795911762519613
1047259,5316831,0.2273918212711966
1047259,8228146,0.22681735391543412
1047259,6641634,0.22361089480111968
964223,8484204,0.6003451320008188
964223,4368607,0.5979502011957342
964223,7257075,0.5879893538676062
964223,1423236,0.5803698573691404
964223,4835293,0.5620217807413883
964223,74637,0.5583602807615601
964223,2319362,0.5428570790727792
964223,1780456,0.5228654491787951
964223,3729093,0.5156594723126728
964223,6466478,0.5152234835855424
964223,6905633,0.5092784426888988
964223,6103530,0.5083381826123594
964223,4782576,0.5082848066613778
964223,2508219,0.5015172371811535
964223,3081160,0.4969748310874878
964223,4569464,0.49666248916377553
964223,2245892,0.4846698018049125
964223,2900159,0.48462136171317116
964223,3085741,0.47961321817830643
964223,2438493,0.46342582986399294
964223,3811563,0.4622406098849285
964223,74638,0.4617102870521108
964223,2979504,0.46032145331799823
964223,7742833,0.4600906984203335
964223,3425618,0.4512530696580996
964223,2438492,0.44860211343721007
964223,2731284,0.44791120535879225
964223,2874598,0.44770976482951086
964223,37565,0.4472686781226218
964223,2939040,0.4419453502507913
964223,2494508,0.4418387201535145
964223,3479446,0.44170499222042525
964223,5163504,0.43708287688890524
964223,982931,0.43471084601749166
964223,4150688,0.4339762309875264
964223,4766697,0.4323090188673396
964223,2945707,0.43091732793050846
964223,8693529,0.43086990873001263
964223,5028308,0.42930198414779397
964223,4705981,0.42820649798088684
964223,2731288,0.4240902299229191
964223,5134742,0.423736317914439
964223,3090867,0.4231449899046825
964223,8484203,0.4202180273245437
964223,6947765,0.41959029123096064
964223,6947766,0.41934067610549675
964223,4895306,0.4186557688767123
964223,3164040,0.4171174414618012
964223,2345088,0.41692620651437745
964223,4569468,0.4159337623492598
964223,6102705,0.41577179036185974
964223,2372275,0.41562120205840336
964223,6102706,0.41472966256667626
964223,2494510,0.41437948316668954
964223,55407,0.4133773942752238
964223,7257073,0.4132837851446494
964223,1815897,0.41286889466750715
964223,5198566,0.41244667888939784
964223,2319358,0.412389275623392
964223,6701074,0.41151101885512087
964223,2514718,0.4110310628412429
964223,2809864,0.4086417618769285
964223,74642,0.40855371434908194
964223,3250294,0.4077229677436872
964223,3396700,0.4067130142231657
964223,7768041,0.40520148763628094
964223,7583485,0.40440473138297683
964223,2942346,0.4033627236226162
964223,4963293,0.40329957460588867
964223,194195,0.40172870965624086
964223,7729837,0.40152467687633386
964223,2874600,0.40084793013134573
964223,2822990,0.40002036218031645
964223,3164036,0.3999335565049389
964223,8693528,0.3998157881376575
964223,8829133,0.3993401083285709
964223,8049568,0.3992876738739312
964223,3001464,0.3991724308067064
964223,55409,0.39836108706633916
964223,6102704,0.3983293826419092
964223,1206464,0.3978947179869221
964223,7776337,0.397105766887932
964223,7920108,0.3968873086116547
964223,488989,0.39597505314116815
964223,3729097,0.3959359046881194
964223,3438295,0.39531443317979303
964223,4347776,0.39506719656550754
964223,3643436,0.3948980076990151
964223,5581616,0.39466850615941496
964223,8264648,0.39466850615941496
964223,68221,0.3930612934059431
964223,8829136,0.39302075657067814
964223,4386736,0.3926205442282648
964223,1705631,0.39260162901350704
964223,2822987,0.3916809070008862
964223,435278,0.39135212842779493
964223,2617393,0.391164983112759
964223,1244827,0.39116338461873795
964223,2494505,0.39097741941382286
964223,5804184,0.3906884124979246
564054,5089066,0.5835301416483181
564054,4484647,0.5835301416483181
564054,541161,0.5500771101244556
564054,6661849,0.5471126248750451
564054,3583935,0.5354230647025318
564054,3255506,0.5348457034015459
564054,104503,0.5335000885779503
564054,7241398,0.5321628474822814
564054,1437413,0.5297234560545897
564054,1131876,0.5284616591415896
564054,8834294,0.5263420293074086
564054,7525616,0.5238190849576928
564054,3658522,0.5225463630423146
564054,541162,0.518860558063808
564054,7140224,0.5187333915664389
564054,3255501,0.5108674155796205
564054,3255500,0.5102746715874983
564054,8759164,0.5091563798824134
564054,541054,0.5073768603212346
564054,7241395,0.49747456233825577
564054,8544645,0.49678073837595743
564054,3957332,0.4962962563449587
564054,132548,0.49060444058654784
564054,1437412,0.48980347068962515
564054,8834295,0.48971418778156656
564054,4766785,0.4818234201298975
564054,7241394,0.4786884271724384
564054,4766786,0.4741812504762734
564054,3255502,0.473480378361122
564054,1455728,0.4726818967195702
564054,1131875,0.4703958185302122
564054,1437408,0.46985694218895513
564054,2815944,0.4692826139884744
564054,362994,0.4686942171379071
564054,7241399,0.4636252647824158
564054,4260080,0.46175699072377585
564054,1437416,0.46151619304835856
564054,3255504,0.4530627018097526
564054,7018690,0.45157625303387616
564054,7241396,0.4479313527590919
564054,4766784,0.44757096811058056
564054,1455725,0.4473691928580327
564054,2815945,0.4473691928580327
564054,7241392,0.44656698925837596
564054,1455723,0.4448357883777902
564054,8670567,0.4402854154276867
564054,8759160,0.4391840361115491
564054,5182258,0.4374550952090348
564054,1783613,0.4358305912669803
564054,541053,0.43471966913239424
564054,3314036,0.431463363644045
564054,5089068,0.431463363644045
564054,4657638,0.4303367699150269
564054,4260077,0.4302958656573016
564054,104509,0.4296061170114466
564054,8670566,0.41878053133337306
564054,5182259,0.41730810308227007
564054,3255507,0.41697957530903473
564054,3957331,0.41234492672157613
564054,3937226,0.4118314233244072
564054,4304573,0.4112217013072068
564054,3079075,0.4081171658449805
564054,3957330,0.4081171658449805
564054,4260081,0.4077789087519237
564054,3937227,0.40334364114552596
564054,2290232,0.4001695644971059
564054,3079077,0.39828502975735686
564054,7140220,0.39320404253966823
564054,4260076,0.386511735509755
564054,3013336,0.3849928134993989
564054,8670564,0.3826859658851909
564054,4260082,0.3826859658851909
564054,6661846,0.38191302194017945
564054,4766783,0.3760442843036792
564054,104504,0.3741037748627643
564054,6946085,0.369045394344141
564054,4766782,0.3676132742264234
564054,4304570,0.3661817920952917
564054,541059,0.36401776899728516
564054,5182256,0.3621012211924734
564054,1437409,0.3619581491774928
564054,3957333,0.36001067081801885
564054,1437410,0.35976935667422205
564054,8759161,0.35772397016088214
564054,104501,0.3549377105053989
564054,6661845,0.3539261189529985
564054,3079079,0.3529328225446579
564054,541157,0.3525783982568723
564054,7140221,0.35227146671678045
564054,104500,0.3513640906568585
564054,3255505,0.3492361221297696
564054,3079078,0.348371954139407
564054,7140223,0.34739755670491085
564054,8670562,0.34723920239788447
564054,104507,0.3471766377640471
564054,362992,0.3441989550827569
564054,1090703,0.34133323080701805
564054,541163,0.34036995834103784
564054,3131600,0.340315932216045
564054,3079076,0.34020212210438594
87181,7666831,0.767924331237532
87181,5197135,0.7038188344760736
87181,1902826,0.7018304657027938
87181,47212,0.7016050669374309
87181,6484578,0.6963457008695746
87181,2556144,0.6862687567922516
87181,8151921,0.6454144759986558
87181,47211,0.6448908760683799
87181,4689525,0.6270900810399124
87181,8683181,0.6232660461816547
87181,47207,0.608607207098425
87181,2986227,0.6085367142769182
87181,8332551,0.6055025876625195
87181,47210,0.5884959018136953
87181,8332546,0.5774187992031018
87181,6521366,0.5739772027500017
87181,8534135,0.5460115070865393
87181,6484575,0.544708529301851
87181,1961300,0.5248789323956061
87181,8332547,0.5179043969685408
87181,5197130,0.5168277378434021
87181,8183981,0.5124872231533243
87181,5197138,0.5021466554302397
87181,6521360,0.5005862510650649
87181,5197133,0.4972443256361943
87181,47206,0.4902340189209332
87181,1902827,0.4845181777367619
87181,5103079,0.473866921375414
87181,5197136,0.4684253983731569
87181,8664069,0.46070454046337445
87181,47208,0.4546602815202458
87181,123547,0.4519088725139498
87181,8183982,0.4511422011616
87181,2556150,0.45052340062431184
87181,8151919,0.4462413145116351
87181,8165403,0.433963062066481
87181,4749852,0.4297041140660966
87181,8332553,0.4223999930379976
87181,7666828,0.4218575214984229
87181,6928212,0.4217333110065929
87181,47205,0.4216704127269541
87181,47203,0.4162369031022662
87181,7057928,0.4068177074598603
87181,8522403,0.40164229776664706
87181,3939797,0.39624644874736714
87181,4689524,0.39289551108757403
87181,612313,0.39146315606446863
87181,8082516,0.39141725341100947
87181,1766470,0.38893900404162735
87181,7666835,0.3883802119618543
87181,2596279,0.38311387455396123
87181,1202173,0.37988452789036664
87181,8183977,0.3756163943906417
87181,8151922,0.3752355789129566
87181,2530252,0.37405073791404264
87181,7139898,0.3733501529379695
87181,1177748,0.36562670917450996
87181,612310,0.364721161848343
87181,4689523,0.3638437948420694
87181,6969187,0.3627767568444379
87181,4632251,0.3607526960478672
87181,2307979,0.3601182428808775
87181,1666447,0.3594448161285139
87181,8565420,0.35774194604031667
87181,3817259,0.35212229998246264
87181,6685092,0.3510054889570607
87181,8332554,0.3510024643911554
87181,3939799,0.3495328393725596
87181,2858206,0.34924773862974323
87181,2310764,0.34924773862974323
87181,8179746,0.3473333355521361
87181,5197137,0.34560467981115994
87181,4786305,0.3453881732111056
87181,6774305,0.34499416672276356
87181,8614359,0.3440314794421435
87181,8614360,0.34336789015094454
87181,8165398,0.343109123843387
87181,1245532,0.3429281635919189
87181,4639455,0.34245009326777115
87181,2374850,0.34143734383891067
87181,4786306,0.34122010034951267
87181,5475610,0.34003142060763336
87181,8332555,0.3393344954510465
87181,8332548,0.33929714632824487
87181,1666444,0.33856790481481813
87181,123548,0.3363022656593595
87181,1281892,0.3341106198538918
87181,1101836,0.33324626863000095
87181,8738510,0.3319857161429978
87181,2986231,0.33194596221215317
87181,6987014,0.33113428151022517
87181,2530227,0.33040678846971766
87181,6521367,0.3294605593718091
87181,178777,0.3293850443768618
87181,2986234,0.329154068273313
87181,48083,0.3287705374764378
87181,8151923,0.32734979087557414
87181,4042165,0.3264675300061731
87181,8476330,0.32586920551409626
87181,2556149,0.32455474093543524
1116052,6894932,0.5551597215457359
1116052,2061140,0.49712935455019697
1116052,1308164,0.4947206627713428
1116052,1779347,0.49451240593493123
1116052,2502026,0.4926513846858515
1116052,1779348,0.49204666723712365
1116052,2502027,0.4905241621695813
1116052,2452608,0.4834779061372726
1116052,331021,0.4765514721754094
1116052,331012,0.47623880285688674
1116052,5135562,0.4724592766962158
1116052,4041274,0.47080117837483076
1116052,8103709,0.443929408627266
1116052,6595041,0.4413820997746016
1116052,6764071,0.44035954668676114
1116052,331014,0.4269232796663756
1116052,1567396,0.426438028170763
1116052,1567399,0.41863348735234607
1116052,5856744,0.4167431517271972
1116052,6894933,0.4136568328295532
1116052,7472391,0.4099819319061141
1116052,835868,0.40177197024332845
1116052,8706384,0.39684186106369806
1116052,3894494,0.392985880187851
1116052,789367,0.3894314646518884
1116052,2744123,0.3871912213821814
1116052,2662192,0.38654665806281574
1116052,8625663,0.38458295635966333
1116052,2662188,0.3839037167225848
1116052,6894934,0.37925081184883586
1116052,331016,0.37819687678584835
1116052,22814,0.3777088951080765
1116052,1165667,0.37627262914535853
1116052,2974712,0.3748711523859381
1116052,2237804,0.3743946978914794
1116052,2237805,0.3743946978914794
1116052,3528118,0.3730206203053093
1116052,2301275,0.37205266251004276
1116052,5447206,0.3710699430017168
1116052,6841049,0.3701158940865747
1116052,1272203,0.36953909805331986
1116052,2061137,0.3677458537154815
1116052,1567392,0.3668035926853421
1116052,7582347,0.36580032881655966
1116052,1830484,0.36580032881655966
1116052,5447202,0.3653868946643017
1116052,2796241,0.3651897057549643
1116052,3816281,0.3642645400439572
1116052,8625660,0.3589828595050771
1116052,1277396,0.3575647502709474
1116052,4041280,0.3506288024763522
1116052,640762,0.350463647576291
1116052,5447207,0.35009764713167213
1116052,891818,0.3484165494576753
1116052,3894501,0.3468408645188074
1116052,891817,0.34584789975426705
1116052,3091877,0.3457127614434853
1116052,2452607,0.34514310666004544
1116052,3948495,0.34474310776145095
1116052,2665040,0.34451490258191425
1116052,3948494,0.34174799625605073
1116052,4263160,0.34128072646797525
1116052,3901806,0.34084046251843714
1116052,7472392,0.3398603474478419
1116052,6841046,0.33832285854941535
1116052,3834857,0.337899102224492
1116052,2665038,0.3373010646937081
1116052,2000254,0.3364768712160814
1116052,571681,0.33537851407385294
1116052,289470,0.33506238218939915
1116052,2237809,0.3337140737184136
1116052,3901804,0.33323567230952594
1116052,6551433,0.3319577071513911
1116052,8641806,0.3314609618430104
1116052,1567394,0.3308127112472805
1116052,4041276,0.3289245848736899
1116052,835872,0.3287173355737068
1116052,7589633,0.32859151931034186
1116052,4041273,0.3274664898382172
1116052,182109,0.3269851459804818
1116052,3350800,0.32634523317850317
1116052,245407,0.32510660621937115
1116052,6356340,0.3248833023767916
1116052,287289,0.3247948058562468
1116052,1277394,0.32372435731447385
1116052,2239597,0.3235706020884264
1116052,7790114,0.32274449880888256
1116052,5135564,0.32257081096195384
1116052,3528115,0.32245559300869475
1116052,5118091,0.3210460505480745
1116052,5654083,0.32059086658166286
1116052,6039815,0.31940278863561034
1116052,5447205,0.3193735003265666
1116052,331018,0.31930253749768067
1116052,2963037,0.3183954859468577
1116052,4165575,0.31829527896070536
1116052,8613731,0.3179701882824478
1116052,1652857,0.31728390762406367
1116052,3243944,0.3171041254289368
1116052,8050665,0.3164150491304075
554515,8345486,0.5724691506038174
554515,2943197,0.5336421505543597
554515,2943195,0.4925880688899529
554515,8345483,0.4779872108487458
554515,8345484,0.4621486631953873
554515,8345480,0.4600533047964116
554515,2421344,0.4118170063104274
554515,3512200,0.4081798146023828
554515,2943201,0.40121882171192347
554515,8345481,0.3994923791709569
554515,1182634,0.3941400605849092
554515,1182630,0.39396502577811193
554515,4591318,0.3915231684876573
554515,2421342,0.3726713678244262
554515,6416206,0.3697106718195164
554515,8345477,0.35088919859514106
554515,7582216,0.3502575200516695
554515,8465374,0.33892964546475957
554515,2406624,0.3369340718968823
554515,4591314,0.33448451818166175
554515,7582215,0.30582819538396677
554515,2049751,0.283014051181187
554515,7336358,0.2775087546756027
554515,6543245,0.2765399617745342
554515,2943198,0.27504307446712545
554515,8345482,0.2716412310200718
554515,4591319,0.2659733494052171
554515,1675155,0.25677078122168684
554515,2943193,0.25407241417633636
554515,2157711,0.25164488931954754
554515,5410684,0.25164488931954754
554515,2357051,0.25071605748299225
554515,5649963,0.24638052611528793
554515,4423589,0.2411749429018472
554515,2495667,0.2379761167392276
554515,8345479,0.23634368608657688
554515,8404290,0.2359683186722344
554515,4844729,0.23139554711402882
554515,1664028,0.23112092736364767
554515,4408934,0.2218683693320769
554515,2943196,0.22053134593484636
554515,798524,0.2186647578082784
554515,2943200,0.21774625743502235
554515,7200815,0.21692143144346587
554515,2943194,0.21564912333001607
554515,5611847,0.21551236798948242
554515,7209368,0.21289085117503118
554515,2157708,0.20999257094863844
554515,3479842,0.20926928924700283
554515,8680525,0.20842358742276554
554515,4300383,0.2082531331321724
554515,7977713,0.2082130137558904
554515,4822174,0.2058297640556061
554515,4262753,0.20579907588433222
554515,4408933,0.205620999092288
554515,2980259,0.20513733034868273
554515,2838604,0.20450075057471645
554515,4315683,0.2028401555466937
554515,5540153,0.20213657189801162
554515,3740347,0.20176855294484897
554515,2767463,0.20028735559826133
554515,3579512,0.19900690576464308
554515,7169654,0.19556740486583762
554515,388800,0.19521815042754778
554515,6561552,0.19326980960556722
554515,8460841,0.19288730093078624
554515,2855803,0.19274074996845347
554515,5649965,0.19228385567271142
554515,7098532,0.1920387364248469
554515,1584445,0.19185709645837606
554515,2164749,0.1900372533762275
554515,1572815,0.18936652736217835
554515,1182635,0.18909978955290382
554515,2483110,0.18807142207528313
554515,5448528,0.18787082561450014
554515,6676772,0.18733575395198732
554515,999370,0.1869610072125259
554515,1711644,0.18679559788223013
554515,2580828,0.18648189795072542
554515,3466891,0.18596024509446565
554515,5860109,0.18585840919718918
554515,5848972,0.1858440845559675
554515,2064908,0.18471158574646626
554515,6533890,0.18461939945620773
554515,5060510,0.18431888949794686
554515,4004645,0.18379148633297346
554515,6619246,0.18284663496414535
554515,5002205,0.18271116585808836
554515,519234,0.18271070622172245
554515,165128,0.1826214104008423
554515,6635842,0.1825544193260388
554515,7787999,0.18216054797255166
554515,5639116,0.18160269614664243
554515,2767456,0.18123767855801814
554515,2288603,0.17970171115317424
554515,1761422,0.17851122879711914
554515,962258,0.1783893601013815
554515,534979,0.1775597479925832
554515,4945804,0.17752877722957275
554515,2047110,0.17728247858095286
443396,8079046,0.5489195217724175
443396,456708,0.48342393531947864
443396,4792650,0.4466500562733928
443396,581839,0.43606880384792146
443396,6009631,0.42644731523017027
443396,3511663,0.4211339645351569
443396,5521684,0.4100855544683508
443396,624518,0.4018016158289424
443396,2427111,0.4009969565893363
443396,4792649,0.395326529916572
443396,5521683,0.3904568789892914
443396,1895958,0.3852796919829301
443396,5071398,0.38156017029333533
443396,8175123,0.3792965999053935
443396,716454,0.3735680713948241
443396,8286352,0.36979663649322386
443396,1013914,0.3683147456709835
443396,8118428,0.367092439770266
443396,5048840,0.3666031766434188
443396,1052350,0.3664778482186956
443396,5578314,0.3651232424795733
443396,8079040,0.3638289386307176
443396,3071922,0.3599060437931899
443396,2403004,0.3597674989713675
443396,1588967,0.356172234281697
443396,3511662,0.35541555903252214
443396,3746439,0.3528913055772832
443396,4792655,0.3525502548514018
443396,5852213,0.3504655565134129
443396,8089304,0.3499877994089678
443396,2249764,0.34487362878308897
443396,8588424,0.34437667434117925
443396,418493,0.34346980538648253
443396,3222557,0.3408511951397485
443396,8393289,0.3405870593400934
443396,7478160,0.3385455064547835
443396,3483417,0.33795487762202786
443396,2977615,0.3377502629149608
443396,361062,0.3376782707259316
443396,8065744,0.3368544075920754
443396,3511660,0.3362089932049459
443396,8769481,0.3344175205728834
443396,3204364,0.3329731888005687
443396,2252241,0.3322757074783069
443396,4041896,0.331085881083978
443396,2065506,0.3298546587545163
443396,6951340,0.3293254358302369
443396,3639293,0.3290203505216502
443396,7928448,0.3259668796338359
443396,1091609,0.32571736435144627
443396,7779718,0.32515752378044727
443396,196876,0.32401327897847004
443396,7779219,0.3231243661724025
443396,2021919,0.3218502251163722
443396,5122074,0.32141683172411606
443396,6342742,0.32133852248897377
443396,1151650,0.32113207939081784
443396,6701137,0.320467207361797
443396,2147611,0.318756652547659
443396,4130139,0.3185658669583081
443396,6093612,0.3181568986231165
443396,4077268,0.3176297735483537
443396,3314944,0.3165016769184299
443396,447476,0.31611390767737313
443396,6401312,0.31581890821666403
443396,6259264,0.3149580281532174
443396,4221165,0.31428724497925953
443396,716453,0.3137936817229092
443396,1221775,0.3121230667800503
443396,7891380,0.3103662218084842
443396,2659266,0.3092877924959105
443396,2659268,0.3092877924959105
443396,2863315,0.30715872420968215
443396,6343461,0.30678853016587454
443396,3405329,0.30678298927720943
443396,2446136,0.30670525049260877
443396,2863310,0.3064292194731632
443396,3770146,0.30634847748498156
443396,3351189,0.3062713144813494
443396,1474815,0.3051582445306931
443396,5842377,0.3039465125005935
443396,3167014,0.303166450991616
443396,7123613,0.3030016051557973
443396,6912577,0.30279746830421267
443396,6970626,0.30140264529974153
443396,1994236,0.30013954678913596
443396,7669925,0.2999297641868093
443396,8211807,0.29931111583963255
443396,8102528,0.29886695265083174
443396,3204360,0.29761530105662237
443396,7746189,0.2974560191376788
443396,6432712,0.2972379112762143
443396,6127565,0.2971456347800397
443396,2866380,0.29697336187073176
443396,6045371,0.29679068341203924
443396,4792653,0.296752549672144
443396,714411,0.2955607847864458
443396,7662875,0.2951834330422293
443396,4526744,0.2950976540131093
443396,3932690,0.29409390206279795
1123581,3232958,0.5914818500005801
1123581,7064021,0.5885833192473853
1123581,5959124,0.5448967323107058
1123581,6481368,0.5397358885974992
1123581,922274,0.5247382216105942
1123581,2567940,0.5130260284603829
1123581,2567935,0.5099807552703773
1123581,6061706,0.5048513439707903
1123581,5153126,0.5031035065177762
1123581,3911881,0.5027542384460856
1123581,8410944,0.49903707131165026
1123581,2523907,0.4949031818825705
1123581,70468,0.4937254274632529
1123581,8240508,0.491645074960529
1123581,3803334,0.4912410811925046
1123581,7497837,0.4907500246034555
1123581,1466510,0.49003425324459715
1123581,365653,0.48822538568368423
1123581,5645115,0.48744395065687324
1123581,764161,0.4823074923027534
1123581,4158635,0.4788554115144823
1123581,7512898,0.47832614769497345
1123581,4074934,0.4777046699886964
1123581,5588094,0.4771780406809309
1123581,4170936,0.47636985817835015
1123581,1778927,0.4754032019694884
1123581,4017958,0.46970535472766084
1123581,7261067,0.46953449055502827
1123581,4279660,0.46953266000180566
1123581,2247393,0.4687181887927036
1123581,8655873,0.46781689772118584
1123581,4536391,0.46760012428718845
1123581,3914810,0.4644908003824209
1123581,4646966,0.46208958128314076
1123581,3232957,0.4597458990368543
1123581,7934232,0.4596110557844468
1123581,6952847,0.45654172106375185
1123581,1592214,0.45443007244829675
1123581,4645466,0.45440929368013694
1123581,2247389,0.45270802016587575
1123581,2732144,0.4525784794064011
1123581,867059,0.4518025068502788
1123581,6080326,0.4512462009242286
1123581,8811903,0.4510388460283259
1123581,5045484,0.45011642460685586
1123581,4291712,0.4490989205758064
1123581,7511429,0.4481494549817529
1123581,718455,0.4476739128146661
1123581,8197160,0.4459334621965057
1123581,5579250,0.44589806912111135
1123581,2297904,0.4439083826198829
1123581,7504905,0.4424791214131893
1123581,6441272,0.44239439581643336
1123581,8509692,0.44234084437319493
1123581,7064018,0.44212387942186143
1123581,961905,0.44195753264237203
1123581,1057948,0.44190279157460116
1123581,8246929,0.44150670711626316
1123581,4113208,0.44053811255073
1123581,8194015,0.44027766726492035
1123581,4536392,0.43971685834101615
1123581,3146135,0.439168173997102
1123581,4176063,0.4389774928459066
1123581,7504907,0.4371347049565003
1123581,8194018,0.4362356453057837
1123581,3096893,0.43583518886736605
1123581,7544991,0.4344199889323777
1123581,5153302,0.4332258832342387
1123581,3540919,0.43238391419877054
1123581,2624027,0.4316410817130602
1123581,3203585,0.43159643900873096
1123581,5303438,0.4313149517004977
1123581,8613905,0.4299316990393327
1123581,3540925,0.4296182302334733
1123581,7206787,0.42867401310271114
1123581,3458679,0.428415849739287
1123581,1524377,0.4272413764676736
1123581,6481369,0.42709605186277344
1123581,7108739,0.42706757347940505
1123581,8705391,0.42490841390277023
1123581,4766480,0.42455905286655254
1123581,3716397,0.424458367439312
1123581,8452767,0.42431348513905953
1123581,2025504,0.42290813679514844
1123581,1495581,0.42217098803491176
1123581,2736829,0.42128648159191195
1123581,2051850,0.421088894088853
1123581,146283,0.4199091322913119
1123581,6683289,0.4188017062159772
1123581,6974878,0.4185743154446277
1123581,5511173,0.41833141941217844
1123581,111494,0.41704037604995997
1123581,1774754,0.41690512388063594
1123581,2261279,0.41622603950560705
1123581,2860671,0.41619591472166806
1123581,3308478,0.4154686157497013
1123581,4117178,0.4146013571100847
1123581,5027766,0.4146013571100847
1123581,2733198,0.4138042646575301
1123581,8509889,0.4136337189801852
714453,5912909,0.5398528030485283
714453,6428126,0.5201011065368953
714453,2437772,0.5108050678823621
714453,6263180,0.5086859302064295
714453,6235280,0.4972595293974525
714453,8537063,0.49433794913892515
714453,3226963,0.4939662191224546
714453,8537066,0.48383448298375425
714453,1965759,0.4787979314589353
714453,7633198,0.47741380941260814
714453,2626736,0.46141439050377986
714453,1164002,0.45572807618533373
714453,2991383,0.4542677043144265
714453,8644609,0.4542594687185489
714453,7667978,0.45122784458715287
714453,1965765,0.4509615523094231
714453,2042525,0.44332115440335546
714453,6235278,0.43790318847246334
714453,6976644,0.43470570404177894
714453,8379432,0.4294591829221434
714453,7546128,0.42371737161489437
714453,5912910,0.4220513833204115
714453,490200,0.42109364716945225
714453,869014,0.41990186037359695
714453,7667975,0.41950119417642806
714453,1990239,0.41936975005186405
714453,8537059,0.4166025821910832
714453,5924526,0.41544207002382166
714453,8146494,0.41515739595759904
714453,7505877,0.41505272973939494
714453,7638699,0.41130460004322644
714453,8455835,0.409439940494948
714453,8455841,0.4085731602365329
714453,4355673,0.40391153012349007
714453,8430462,0.40290644859868274
714453,5764815,0.4017453348451481
714453,5924522,0.39818342266570633
714453,490198,0.3962835734096711
714453,6884667,0.3959849663186303
714453,3206847,0.39533878544361456
714453,6389159,0.3949517527380505
714453,3206843,0.39451233320242907
714453,2771893,0.39446414405528474
714453,7162695,0.39276982950090306
714453,4752820,0.3921771159344742
714453,917670,0.39104262515927013
714453,1965762,0.39053455683246735
714453,5087831,0.3900839479665013
714453,5912911,0.38979702943478134
714453,3206846,0.3879247848954456
714453,5737420,0.3879228477840908
714453,1716068,0.3870154604759405
714453,5912915,0.38672262079700936
714453,7162699,0.3865691481656434
714453,1354430,0.3858196671059282
714453,8595493,0.38568820336733745
714453,6855985,0.38568820336733745
714453,1965760,0.3849041884881692
714453,1716073,0.3839635470246298
714453,6137885,0.38382629970505566
714453,5087833,0.3832391592358793
714453,8430463,0.38144737122504196
714453,5870592,0.3809295638376844
714453,3206848,0.38084881160254275
714453,7162698,0.38060904569879705
714453,6433863,0.38021269329269447
714453,7981530,0.37916351050030755
714453,7555875,0.3791320166147746
714453,280181,0.3782244874802221
714453,5659003,0.37755573806465154
714453,4345258,0.3753395035273848
714453,6884666,0.375191886695605
714453,971844,0.3735584933453084
714453,5737413,0.37346191029584114
714453,5870586,0.37140824972498204
714453,6331992,0.37047074061770463
714453,6235279,0.36960385812475843
714453,6523476,0.36867645812297883
714453,1433952,0.36710803898016003
714453,5659000,0.36710803898016003
714453,917673,0.3661510847549849
714453,274959,0.36514173791373933
714453,7633196,0.3645586341667742
714453,3206849,0.3640220601451556
714453,4220022,0.36384957756357406
714453,4355678,0.36369155938209635
714453,8657568,0.3624139190392401
714453,1354429,0.3622245931686544
714453,5332523,0.36168311443744894
714453,8455844,0.36139125121306787
714453,1716067,0.3613336071851708
714453,3206844,0.3599548619298219
714453,8430459,0.35991758483435304
714453,3260650,0.35970814957438757
714453,2025432,0.3592459998700963
714453,312903,0.3591300684824731
714453,7697780,0.3575087270653504
714453,569053,0.3571593505261523
714453,4870514,0.3564836887185378
714453,7880570,0.3554287041094126
972007,6484210,0.5434189851166925
972007,7258403,0.5354747133649911
972007,7258397,0.5265014099268741
972007,4221455,0.5209389830010169
972007,555,0.5184655042416514
972007,3751298,0.49035966223143906
972007,98092,0.4835609852838106
972007,8704416,0.4709008764256406
972007,4382255,0.4612383816122987
972007,6497816,0.4583221782380765
972007,8011988,0.45592201723835557
972007,108101,0.45550895025593624
972007,4335551,0.45474923730945954
972007,8186625,0.44399531237976525
972007,4221450,0.43503117537270675
972007,4646626,0.43346508547376345
972007,2307233,0.422868354265593
972007,5000052,0.4208627387309288
972007,2356268,0.41640499574125855
972007,2356273,0.4162766920175602
972007,6055142,0.4134073547663219
972007,7773175,0.4130846154490595
972007,5004798,0.4109637047696141
972007,5986266,0.4103867532456621
972007,7258400,0.40969574862566593
972007,2750777,0.40952679200990455
972007,554,0.40917659984360444
972007,8704419,0.40301968747493255
972007,3751292,0.40072714140576443
972007,5269899,0.39238447819928574
972007,2356276,0.38505872850245465
972007,4688412,0.38300580582672084
972007,7258398,0.38196378956457244
972007,2307229,0.3815129411765639
972007,98094,0.38047095873220554
972007,5269896,0.3801172733316109
972007,4335548,0.3749039927579522
972007,4335544,0.37396669252717407
972007,1721979,0.37070745720663845
972007,4382254,0.3658698548674391
972007,1958708,0.364091391100834
972007,3071060,0.36326747994717934
972007,4610326,0.3606509177386076
972007,7664476,0.35919324661611746
972007,4788232,0.35897159694484576
972007,558,0.3566577719150621
972007,1958701,0.35415847068192313
972007,3318399,0.3529394855062722
972007,4991280,0.3527906566297792
972007,2128541,0.3527203864811475
972007,8704423,0.35071917194371266
972007,550,0.3486309398194868
972007,2356275,0.34829435042211976
972007,2181493,0.3452087868832336
972007,7509091,0.34432013478318463
972007,8704421,0.3440611904659571
972007,8119173,0.3431696086455728
972007,3318404,0.34266350701955195
972007,4221454,0.34001668252246575
972007,7456328,0.34000198877727017
972007,921664,0.33903957527634343
972007,7773172,0.3357781707272913
972007,3337713,0.33429361400569507
972007,5986262,0.33220684744782314
972007,98095,0.33220455150854555
972007,2356270,0.3303363510724939
972007,1230599,0.3301680226850853
972007,556,0.3287017010672735
972007,7258399,0.32826839838102
972007,7258401,0.3278580990947629
972007,7211265,0.3235684670284119
972007,8011981,0.32336733665798073
972007,4610334,0.3229187314063099
972007,4688416,0.3229098192698015
972007,5986268,0.3224623276180729
972007,4221448,0.3221472029339917
972007,8011980,0.3212790047761626
972007,8690661,0.32004803781005337
972007,3692693,0.31996639357499584
972007,6103575,0.3197968393654931
972007,3692694,0.31694051590354266
972007,7518339,0.31690460167603357
972007,1628309,0.3168249073577249
972007,6642185,0.31573142214329164
972007,4382257,0.31503591497771305
972007,551,0.31464106674135583
972007,7773168,0.31373009230149346
972007,3507875,0.31363566943763593
972007,4839980,0.31335914749351307
972007,8772398,0.3131282208532084
972007,2520229,0.31295334397495006
972007,823592,0.3114425301668629
972007,488460,0.30838426160517024
972007,921663,0.30810794533218405
972007,3692692,0.306613872711066
972007,98086,0.30534761415003603
972007,1027578,0.30511098588023566
972007,3425144,0.3042507211659758
972007,4688415,0.30377014846701417
972007,6813876,0.3018579539252875
929033,5947957,0.5948187972219132
929033,6314115,0.5581606533485822
929033,5139631,0.5386162496734923
929033,26408,0.5232936761258121
929033,26412,0.5215174765432387
929033,26413,0.5199255632295617
929033,7633901,0.4425367556331757
929033,5300001,0.4301834642149395
929033,26409,0.42903076618465036
929033,4548811,0.4231762224810188
929033,26416,0.41744541150685527
929033,1926259,0.4165152163805811
929033,3434193,0.4147282454467674
929033,5300000,0.3982051763072132
929033,2237411,0.3970229698772859
929033,64138,0.38553925866403865
929033,2946273,0.3854756505058604
929033,8839862,0.38193179478596573
929033,7276715,0.38096242852657264
929033,3360409,0.3801069575008563
929033,2072645,0.3750243890733331
929033,2072643,0.3749929990398988
929033,2187003,0.373791946236744
929033,2186999,0.37376086463304997
929033,1057118,0.37335725317954555
929033,1057112,0.373326279877802
929033,1459877,0.3732889362734116
929033,1459880,0.37325371548250375
929033,365410,0.3725380373920476
929033,7655625,0.37239892065275754
929033,4385946,0.37169250370847307
929033,4385948,0.3716577328285753
929033,365405,0.3706181131731363
929033,2235557,0.36994562762195077
929033,1484270,0.36963387916812224
929033,2930965,0.3678126704015508
929033,211525,0.3677221474290007
929033,1287755,0.36717760326741533
929033,4304535,0.36666844448660246
929033,6995875,0.36606690060157265
929033,2182899,0.3656093928897943
929033,2176915,0.3655141617231697
929033,4699324,0.3647771114951263
929033,90564,0.36459298647896105
929033,7553906,0.3639712330036301
929033,7909650,0.3635533183729615
929033,1890525,0.36290376841002353
929033,1123872,0.3628246165369233
929033,7912552,0.3627292490983498
929033,694283,0.36269107993895777
929033,1623761,0.362445911501861
929033,5955394,0.3623352707843434
929033,2210694,0.36185626431414164
929033,275553,0.36182584480961044
929033,3735011,0.3615339358929197
929033,6736291,0.36124313608370223
929033,217145,0.36112939200945277
929033,2113681,0.361082104653602
929033,8209030,0.3607677828563561
929033,8838831,0.3604549646039703
929033,4018745,0.359946777031887
929033,1642947,0.359802640822338
929033,7910058,0.3596912552258166
929033,7071139,0.3596912552258166
929033,8160621,0.3596912552258166
929033,2187005,0.35948785319849275
929033,8660587,0.3594831906680031
929033,1621798,0.3593280583228384
929033,5488259,0.3590974268676074
929033,4838707,0.359055355103257
929033,8836823,0.3590167865086287
929033,2465141,0.3588194638836015
929033,8839448,0.3587347045062816
929033,504217,0.3586319544447126
929033,1032826,0.3585977359872557
929033,7912831,0.3585782640412362
929033,7990126,0.3583671630618563
929033,4887582,0.3583011629919998
929033,4998248,0.3583011629919998
929033,1211171,0.3581643891066246
929033,1621800,0.3580766001654936
929033,365406,0.358068217043713
929033,205202,0.35789556800310657
929033,2642120,0.35764705081452836
929033,7537659,0.357590206072003
929033,7170373,0.3575024678517936
929033,1624781,0.35738471577916486
929033,2235553,0.3573721640394163
929033,1626273,0.3573163404168926
929033,2072612,0.35726889689935654
929033,2185879,0.35726857965992875
929033,7164264,0.357224724272857
929033,5554745,0.3570745323218933
929033,140783,0.3569847477849616
929033,2170153,0.3568737390801895
929033,1171383,0.3568482520579529
929033,8838544,0.3566877054370799
929033,2134135,0.3564644096628975
929033,3573,0.3563847110750702
929033,2236672,0.35633149198205044
433234,5000064,0.7316979049648502
433234,4264380,0.510498035676642
433234,6929094,0.5061956531181905
433234,2004050,0.5021545541677238
433234,2870580,0.49830657008917506
433234,3074046,0.4837157703897182
433234,6912088,0.48341578501773574
433234,133373,0.48053504360751764
433234,5802552,0.4795569416932716
433234,5915042,0.4726029474238589
433234,4925003,0.4690646922373264
433234,5202574,0.4667565434927553
433234,2755324,0.4655617395676068
433234,1529725,0.4655404924598185
433234,2606121,0.46499615196124466
433234,1047193,0.46291664077274636
433234,6011584,0.4494306942010087
433234,7460519,0.4430407980659978
433234,1542258,0.4411422166866715
433234,4220408,0.4410234943651991
433234,671909,0.43515145256684146
433234,7933975,0.4301741469787325
433234,7367301,0.4297697880160545
433234,3475895,0.4281490064318655
433234,500990,0.4255144889320088
433234,1927929,0.4254780564760061
433234,4489135,0.4231736179035821
433234,2233630,0.4208964488321347
433234,7936419,0.4203431906746089
433234,7173995,0.41925608812565957
433234,3832778,0.41847358626053355
433234,29888,0.41665378654955626
433234,3425457,0.41637144336253573
433234,1170807,0.41406811981242536
433234,3880691,0.41353331700677187
433234,7521323,0.4117060230147801
433234,6851369,0.4055663050671868
433234,8580880,0.40492724708602496
433234,7107252,0.4038006142349852
433234,1283638,0.4037163317556477
433234,6851374,0.40178795749146706
433234,8806785,0.39933784032846686
433234,172078,0.39916211250720285
433234,7309296,0.39865271690858356
433234,7838928,0.39860499555949896
433234,6639271,0.3983259675778058
433234,6770411,0.3973152172230294
433234,6116434,0.3969350094192784
433234,7040746,0.39649898765393515
433234,1325446,0.39592710989623114
433234,2828741,0.39456659386584836
433234,8378623,0.3941610796333269
433234,5210804,0.39355259065128423
433234,4085735,0.39352417807271145
433234,7107253,0.3926491693940038
433234,2140394,0.39200498256992705
433234,7648782,0.39125015425145093
433234,6328888,0.39079317715816436
433234,4963707,0.38898046211204096
433234,671904,0.38777779559301684
433234,6716594,0.3877190154976242
433234,530154,0.38665423734972143
433234,5123254,0.3866022718681374
433234,8147762,0.38631598074230994
433234,6833124,0.3863129633753693
433234,431425,0.38510042911083936
433234,7309295,0.3840960613607784
433234,8820408,0.3832181858108429
433234,5261723,0.3830545654757385
433234,93926,0.38197529924230095
433234,2004045,0.38197415421904535
433234,1724586,0.38099597669982227
433234,5790922,0.3809180611832515
433234,5790926,0.3809180611832515
433234,7374047,0.380516613074866
433234,2020065,0.37883673250437644
433234,6833126,0.3783424437054407
433234,6313752,0.37745840340607106
433234,4641254,0.37742701230967945
433234,8448370,0.3755083431696355
433234,6829366,0.37524529821729524
433234,5184706,0.37473522127678943
433234,2140395,0.37441632686475174
433234,5705157,0.373499428054724
433234,4347845,0.37176478071240626
433234,7838922,0.36955094268291905
433234,3475902,0.3693029364527365
433234,1461713,0.3678249919877005
433234,519218,0.36664138186158446
433234,2982490,0.36635704706816896
433234,5790924,0.366288756306201
433234,819624,0.3646946323338776
433234,4963710,0.36461181570812873
433234,7561301,0.36447202984739807
433234,2806816,0.36443822757642347
433234,4632396,0.3642524133773159
433234,2934173,0.3639738672044605
433234,6912084,0.3638895779167609
433234,2137155,0.36297761166920395
433234,3846581,0.36205543392822626
1121709,3423063,0.385779997140977
1121709,8049585,0.3350200518566565
1121709,8049586,0.3026294636402723
1121709,3897030,0.28688840421835154
1121709,3200100,0.2709782165005212
1121709,5611203,0.2669971043385411
1121709,8049582,0.26453184626547255
1121709,8049584,0.2568695043617658
1121709,8171653,0.25061845965658136
1121709,3897028,0.24882728826507158
1121709,8049583,0.24506405179834578
1121709,3423059,0.24201433601624192
1121709,3897025,0.2337739614798442
1121709,6612660,0.21713711908878067
1121709,5961613,0.20021906716376117
1121709,2940488,0.19298729248479576
1121709,3015619,0.19058208930121714
1121709,1752809,0.18775790812420962
1121709,5790466,0.1864496415966477
1121709,8730991,0.18462985013935304
1121709,8357463,0.17788647128698992
1121709,3423067,0.17326749547810263
1121709,4256104,0.17146024888931113
1121709,2239280,0.15331125944447105
1121709,1752813,0.15287845963424873
1121709,7590689,0.1525979415718122
1121709,3145979,0.15096238016372462
1121709,3145987,0.15075074515674913
1121709,5611207,0.14823039865669388
1121709,8171656,0.14463440362305588
1121709,3145978,0.14039628228155063
1121709,5611206,0.14033072797129006
1121709,5594593,0.13726133073580313
1121709,7503527,0.13697052901743845
1121709,7686607,0.13593645992079206
1121709,7002616,0.13325952819298964
1121709,5611202,0.1304026781170429
88073,7702887,0.4169900771527345
88073,8077296,0.4019928032693243
88073,5190698,0.387481041718656
88073,519564,0.35287510073930833
88073,6306613,0.3522295477755318
88073,4041774,0.33737674874822904
88073,305343,0.3344555441405503
88073,8465729,0.33437001804266914
88073,1581721,0.3333037594300573
88073,1807366,0.3320465651449723
88073,8645567,0.3313056337372836
88073,438714,0.330396986228788
88073,8645565,0.33035132097934083
88073,2256633,0.32712048130554533
88073,1807360,0.32624698097969396
88073,8077293,0.32560373288868144
88073,8465724,0.31846026205844263
88073,1738235,0.3157938961200106
88073,1301791,0.3157202990895888
88073,7370706,0.3152687112734488
88073,41133,0.31476474712835834
88073,8532364,0.31474664356364856
88073,8645566,0.3129381334646454
88073,7085865,0.3122500390263645
88073,2369968,0.31179971629392533
88073,8671536,0.30828076687771566
88073,2231128,0.30618703399030706
88073,6651382,0.30586536873699227
88073,1104669,0.30554602845898776
88073,4370724,0.304652544456295
88073,7139481,0.3016494927147028
88073,3661743,0.30062243983948206
88073,6306615,0.3005871448125787
88073,4412314,0.3001468934365184
88073,1381529,0.29994172384654916
88073,554212,0.29870325332835435
88073,5154928,0.2981407733150389
88073,8465728,0.2977505320346453
88073,6841281,0.2971584103271076
88073,519560,0.29593374817471874
88073,8170834,0.29527308348329506
88073,1301796,0.2943902598502061
88073,4251759,0.2943104451041492
88073,2239700,0.29389283752622125
88073,380823,0.29317443234967805
88073,1728819,0.2920393767978969
88073,4174576,0.2918692728571985
88073,2676275,0.2913997301746013
88073,4090007,0.2906790093845273
88073,1738234,0.28992013753484774
88073,4062178,0.28700063526871183
88073,7396275,0.2866199489523234
88073,5434619,0.28642918315524724
88073,6841279,0.2862704221135718
88073,6971517,0.2855251027248869
88073,6651381,0.28452673099736026
88073,590961,0.2839600388961088
88073,6786552,0.28262519232594596
88073,5896622,0.2825550854240422
88073,5154929,0.28218367425842694
88073,6306620,0.2820265985868656
88073,7572649,0.28158384462394154
88073,8398777,0.2814883642555958
88073,2561408,0.2812730721974715
88073,5847968,0.28104765594564957
88073,1191259,0.2801692236620832
88073,6786558,0.27937191114681764
88073,5154933,0.2790805796917125
88073,3879710,0.27906815220229636
88073,2697877,0.2789614308674467
88073,8671537,0.2788383961036546
88073,6954352,0.2786875186206295
88073,4174571,0.27798391248920024
88073,8465722,0.27717140212621727
88073,6314587,0.2766669965440102
88073,8465731,0.27540466364809213
88073,590960,0.2752820350705774
88073,3801004,0.27523544173750775
88073,5137418,0.27470678343330834
88073,4316434,0.27419177214456697
88073,3780599,0.27393441290892007
88073,313087,0.27309039383890354
88073,2561406,0.27275103446136184
88073,6760592,0.2717155232692479
88073,6050429,0.2714576109719548
88073,3780596,0.2713379062388172
88073,1104676,0.2712056171578237
88073,3879712,0.2698512376418549
88073,5912961,0.2696191016768782
88073,169481,0.26922521699032165
88073,5481712,0.26849259863592084
88073,1104672,0.2671156818670456
88073,1914625,0.2670432930555233
88073,6651379,0.26661481840084805
88073,380818,0.2665835632429374
88073,5154936,0.26628866692030234
88073,5646034,0.2656433323797989
88073,4316433,0.26548287315773833
88073,2880,0.26521957879294766
88073,3761356,0.26389301418919925
87452,2197295,0.522882927124724
87452,4866240,0.47906902103294596
87452,3732121,0.46011400314324336
87452,8745364,0.4487930848406212
87452,7499674,0.44151486281798724
87452,2035306,0.43169855696138876
87452,8819115,0.4269775502726549
87452,5746165,0.4254763584151
87452,2026777,0.4254648424568016
87452,7542008,0.42383290618559155
87452,7897963,0.42372161440685396
87452,7897960,0.4212247369696995
87452,8496921,0.4196759438817454
87452,4496459,0.4186217153837769
87452,7499672,0.4177599995841022
87452,110890,0.41456995647981426
87452,4632704,0.4142830783898823
87452,7965004,0.4127877109951997
87452,8055167,0.4104947606186142
87452,7304542,0.41037413270129863
87452,6434373,0.40924972862825354
87452,1118401,0.4084879505566588
87452,8213483,0.40496833732767035
87452,6271639,0.4038997220123979
87452,6159694,0.4027481123375336
87452,335701,0.40213634242562885
87452,4795924,0.4012711061150746
87452,5338945,0.3977021827080822
87452,6357396,0.39617561524182904
87452,6335482,0.39465046495544137
87452,6018163,0.3927235365105331
87452,5746166,0.3925545136979315
87452,1185292,0.3919675717686787
87452,6163827,0.39189596470560467
87452,8363122,0.3890623569459491
87452,3300070,0.38905315035188925
87452,6206333,0.3879580177593983
87452,7023700,0.38581114877885325
87452,7354953,0.3857530601651744
87452,4328255,0.38460817903487593
87452,3809017,0.38407172201094086
87452,5987443,0.38213139085542164
87452,4663899,0.3799026127272175
87452,4496466,0.37961582776927244
87452,7499676,0.37863524971157103
87452,3347349,0.37777008739480566
87452,4496457,0.37777008739480566
87452,7115848,0.37776708234180045
87452,88525,0.3772105408731138
87452,1733689,0.3770078250822712
87452,3809016,0.37640579741521135
87452,8436578,0.3761590656463025
87452,4248450,0.37547597571348
87452,3809013,0.37329933798661813
87452,2357235,0.37310255665106623
87452,2571223,0.3727776593532334
87452,3300073,0.37065233732165
87452,6679977,0.3670099917973354
87452,3268217,0.3668673360398601
87452,4248452,0.3668196970693668
87452,8496922,0.36491905268027525
87452,5060830,0.36491187394333185
87452,5052038,0.3636965648273365
87452,2096142,0.3627223582587959
87452,4502603,0.36158781127048173
87452,1176095,0.36051719207116556
87452,1892482,0.36049911648986127
87452,6931702,0.36037455569397897
87452,8152224,0.35717487918862506
87452,3732124,0.35681648313109926
87452,4496460,0.35365634028897325
87452,186939,0.35225421369086574
87452,2820831,0.3518692260165092
87452,1892484,0.3515248225719949
87452,3347351,0.35115122912003055
87452,7388835,0.3492480592228098
87452,8152222,0.34854228406656534
87452,1892480,0.347983437409462
87452,8727225,0.34709024867919314
87452,4993648,0.34695771351471816
87452,4634899,0.34609991803269224
87452,2545429,0.3460668697955433
87452,5751686,0.3444184736104319
87452,2065222,0.3440332978510085
87452,5732043,0.34209500733917797
87452,1731474,0.34115496104436305
87452,3347346,0.34063435484990695
87452,6679972,0.33926507314644655
87452,5105199,0.3383546213669087
87452,7897959,0.33744244919119776
87452,2571221,0.3358433568576002
87452,7388832,0.33528796308546244
87452,4496464,0.33515298757616035
87452,2571220,0.3336807799299422
87452,1733688,0.33311607091232215
87452,4654327,0.3325098021349696
87452,5116021,0.3318414650434039
87452,804630,0.33164499918533075
87452,2035307,0.3314972046773738
87452,6163041,0.3313568129897075
1005165,8211327,0.8224029931999104
1005165,8470102,0.652750253432702
1005165,2515807,0.6081427857854742
1005165,5465085,0.6004386216002421
1005165,5465086,0.5966147452601362
1005165,8722226,0.5917258976861232
1005165,3314283,0.567624549481928
1005165,5337888,0.5662905373913476
1005165,643663,0.5639177569538572
1005165,6226570,0.55946111343675
1005165,8835991,0.5542059293404128
1005165,5465084,0.5406373281418287
1005165,1168453,0.5055988385524801
1005165,897617,0.5054204914178462
1005165,5337887,0.5017343867293323
1005165,4439056,0.5005958114239595
1005165,2515922,0.4944970752233262
1005165,2095586,0.494067837162985
1005165,7272760,0.4904007699644566
1005165,3552097,0.48981327504154293
1005165,2657979,0.48974555708405426
1005165,8213529,0.48664670660915976
1005165,860517,0.48475780045509104
1005165,8211280,0.4836295797633143
1005165,8213528,0.4834773059487447
1005165,8211328,0.4797484897634043
1005165,2448103,0.4610228168606004
1005165,7272764,0.4606464148349933
1005165,2095590,0.4603960845628287
1005165,2318980,0.45363038211015017
1005165,5938849,0.45075479921780204
1005165,8211282,0.44850099548361577
1005165,6226567,0.4482568529683975
1005165,6330358,0.44782821472792583
1005165,5465079,0.4467885295061026
1005165,5503494,0.44661003789025966
1005165,8565565,0.44460616666493835
1005165,2363890,0.4375169180058512
1005165,2095585,0.4356329476388023
1005165,5343908,0.43150914086296926
1005165,8722220,0.4309271041211568
1005165,2515926,0.428912450835469
1005165,5343916,0.4288689601275135
1005165,2515920,0.42436900194343935
1005165,5205784,0.4213420669660597
1005165,2657980,0.4140956035297797
1005165,873169,0.411428661389914
1005165,3451293,0.411233274236535
1005165,2515801,0.4101312003161757
1005165,1025859,0.4072906691107477
1005165,2516023,0.40679552327100005
1005165,2657981,0.4044061273394903
1005165,4174256,0.40382075258918854
1005165,873165,0.40272688386951144
1005165,5465082,0.400105483807723
1005165,8211329,0.39562064545944087
1005165,5503490,0.3951900719260374
1005165,7272768,0.3946379776727062
1005165,5337892,0.39326773011018196
1005165,897619,0.39266323565726136
1005165,2144664,0.3913584751147073
1005165,4459499,0.39005320697348767
1005165,3258484,0.3898837189366544
1005165,4650258,0.38904233554992707
1005165,3258483,0.38745093704607536
1005165,2144657,0.3822487710822347
1005165,7272766,0.3813692437330377
1005165,3552101,0.3777864213871345
1005165,7272763,0.3769890893678343
1005165,643661,0.3765339991732117
1005165,1453874,0.37604546780301623
1005165,4174254,0.37489864425223746
1005165,6330355,0.37197845183781736
1005165,2657978,0.3697459827783047
1005165,4949629,0.36941645720880334
1005165,7272761,0.36932619746222267
1005165,5980174,0.36879060563103605
1005165,2095594,0.36820888872433755
1005165,2095591,0.3672822000493573
1005165,643664,0.3654748396092553
1005165,584934,0.3648871583340471
1005165,2424152,0.36477109477319586
1005165,2657976,0.36125386615247707
1005165,5337886,0.3604570087722498
1005165,188618,0.35920550143929725
1005165,5337891,0.3581997585637983
1005165,1714067,0.3574950777873159
1005165,2448101,0.35454063453121126
1005165,873162,0.3533792823023031
1005165,2515803,0.3530269079907024
1005165,8211325,0.3526363448863053
1005165,3334946,0.3524309126802711
1005165,2887440,0.35086955358583455
1005165,5285626,0.3498014765746227
1005165,2363888,0.3478972870830733
1005165,3474956,0.3471636452514994
1005165,643666,0.3462516206442534
1005165,7880506,0.34556082982303404
1005165,5343914,0.3450471970647832
1005165,4235268,0.3450165464570469
1133249,8825905,0.7449725405879628
1133249,2930257,0.7364283024383412
1133249,3026633,0.7271657887747627
1133249,4916606,0.6971753884905341
1133249,5705062,0.6646625467838327
1133249,4485700,0.591096934671477
1133249,712642,0.5841064472543231
1133249,1964952,0.5835906295540377
1133249,7462407,0.5821536130478294
1133249,5367981,0.5775458117771082
1133249,3433412,0.5771639122462116
1133249,2655365,0.5693627425454281
1133249,1964945,0.5649672225473356
1133249,5243841,0.5631157388407729
1133249,3945548,0.5629791671278772
1133249,1964948,0.5626798026919367
1133249,8833369,0.561545195325933
1133249,6526778,0.5556936542362407
1133249,8346450,0.5553531262508448
1133249,1964951,0.5531047776208551
1133249,8346354,0.5475631388574993
1133249,8051083,0.5467070019538656
1133249,4503308,0.5415970508794503
1133249,1964947,0.5388586792367557
1133249,5326764,0.5364843560635371
1133249,5367980,0.5350489006151363
1133249,7226761,0.5337569050853859
1133249,7167894,0.5321212210577667
1133249,7566545,0.5310669403071704
1133249,2190096,0.5308619462084885
1133249,1964953,0.5303573390746245
1133249,7394232,0.5284781821135749
1133249,524756,0.5274297181016104
1133249,3698411,0.5251748272145178
1133249,1989047,0.5218551105920883
1133249,2204619,0.5169960448151169
1133249,1964949,0.5148296055235728
1133249,7462411,0.5128127421303617
1133249,2898966,0.5127098067378824
1133249,4591414,0.5068818478831569
1133249,3019349,0.5068214715918937
1133249,4504381,0.5048116124935156
1133249,1993958,0.5032030986800786
1133249,3396444,0.5002907554354173
1133249,8573563,0.49979148685707314
1133249,4643304,0.4969209379286591
1133249,4942899,0.4938620129909771
1133249,3706042,0.49138184802250345
1133249,8603217,0.4901709916249646
1133249,1487943,0.4839847992977992
1133249,5915735,0.477165918690812
1133249,8656157,0.47521243570298277
1133249,2706889,0.4751145955184119
1133249,2538799,0.4745047263487587
1133249,2798212,0.4743307398838106
1133249,5840684,0.47383463774144524
1133249,5832135,0.4714717000082021
1133249,2391426,0.4696041927933522
1133249,5840678,0.4688070892870653
1133249,2190103,0.4685087990574774
1133249,4927335,0.46806461568519825
1133249,3388008,0.4677303970037768
1133249,5705063,0.4655745653368516
1133249,8825907,0.46464608232010113
1133249,5152319,0.46240623077389414
1133249,3396446,0.4615617794747882
1133249,6881393,0.46028542611838125
1133249,4384229,0.45672280481062094
1133249,3682213,0.4564819174164573
1133249,7478820,0.45459056521194224
1133249,4365747,0.4543085720596418
1133249,16769,0.4514974419474906
1133249,891852,0.4513462373068651
1133249,3321096,0.45128911939053135
1133249,7462410,0.45128911939053135
1133249,8346564,0.45123473160771566
1133249,7282606,0.44999427088116456
1133249,524754,0.4479903595493334
1133249,7300200,0.4465957416790132
1133249,3019343,0.44604529076197635
1133249,4506468,0.4460027338956342
1133249,3854017,0.4448719243688074
1133249,262099,0.44454155876550716
1133249,360703,0.44385566275180444
1133249,1074202,0.4438197450402137
1133249,4261854,0.4428155373660837
1133249,2667385,0.4398158039953026
1133249,5371451,0.439281174739863
1133249,5774050,0.4387661912626644
1133249,2898961,0.43852702465926213
1133249,2706891,0.4380087032536807
1133249,2524445,0.4379099031751975
1133249,2022015,0.43731844569401135
1133249,5915733,0.4367072461851156
1133249,4383810,0.4363700894132388
1133249,2625971,0.4345179813785093
1133249,7365107,0.43451674574012106
1133249,1147965,0.43423463554423253
1133249,4883125,0.4327430096923539
1133249,4883129,0.4327430096923539
953067,7109632,0.7305763540887025
953067,6457238,0.7115550623919128
953067,3646159,0.6618778710007346
953067,1252243,0.6457061568378815
953067,6251817,0.6359595847207703
953067,6457237,0.6302835011967161
953067,2684908,0.6271060700833705
953067,5564945,0.621027957025886
953067,2766309,0.619344376277367
953067,183895,0.6076113481877765
953067,7532165,0.5985081089880661
953067,5332276,0.5966067575534396
953067,6251808,0.5965945528216656
953067,7060025,0.5786761697620948
953067,7109633,0.5784638109154895
953067,6656001,0.5779019618284595
953067,6251809,0.5729220504100683
953067,8748785,0.5696435551440892
953067,6405694,0.5688672283249477
953067,3646162,0.5584038180114176
953067,3276503,0.5541788842917887
953067,7532163,0.5371925220941187
953067,3203093,0.531040889769773
953067,7109639,0.5305306645421229
953067,6656000,0.5287268736601308
953067,7109636,0.5198624762583887
953067,6655996,0.5115842244547488
953067,3098564,0.508338199786563
953067,6655995,0.49580670453161085
953067,849920,0.49138199092937296
953067,6655993,0.4867946525854913
953067,7182847,0.4861014105398966
953067,7109637,0.4749328223311864
953067,8695756,0.46873686339485465
953067,849915,0.4669601402654639
953067,1620992,0.46548679071489096
953067,1260342,0.4601219127824126
953067,5739565,0.4593569908416388
953067,671236,0.45739282060797887
953067,3939815,0.4493794420718485
953067,764101,0.44848645901539447
953067,8748782,0.4484088721742576
953067,421708,0.4464974923752584
953067,6655997,0.44186181122803064
953067,2439542,0.44048954724844225
953067,8414433,0.43854582992832797
953067,8385907,0.4341254528604682
953067,5332283,0.43391577553018684
953067,5332279,0.43244104992184895
953067,7017748,0.43242890221845554
953067,6649955,0.43212806189337394
953067,5744635,0.42864417058629944
953067,559134,0.4269787415130637
953067,8385903,0.42680583917717985
953067,419690,0.4231538509557782
953067,6923510,0.42271692102104086
953067,5311515,0.4203219531304212
953067,704479,0.4198884672295324
953067,3206292,0.4182649368385512
953067,6904071,0.41516285640504197
953067,6943635,0.41331874456831774
953067,7030522,0.41313133627826176
953067,8626556,0.4129003540301327
953067,5381227,0.4123361231296402
953067,5332281,0.4119526963501701
953067,8748784,0.4115812884260821
953067,8364500,0.4112826015072412
953067,3905613,0.41021273694102284
953067,8748783,0.40925411213626967
953067,6904065,0.408701482355531
953067,6655998,0.40836024647133135
953067,6904068,0.40737593613460504
953067,2850960,0.40666914974409174
953067,2637923,0.4035936282853136
953067,2546085,0.402408039653476
953067,8745011,0.4019355047457313
953067,7607477,0.40135895453319215
953067,843433,0.4004608528616279
953067,5490468,0.39987073913836113
953067,4788726,0.39964093473032686
953067,5744628,0.3962932778988175
953067,3531186,0.39582970258275396
953067,2593991,0.3956346025254297
953067,8794750,0.39466558139485625
953067,3359642,0.39413901255014766
953067,2395182,0.39405930069950085
953067,6655992,0.3938730928412744
953067,7471899,0.39385890270873675
953067,1022175,0.3933877324225995
953067,7531594,0.38943084484569773
953067,8139546,0.38798025082866877
953067,8012006,0.3879626532885549
953067,3261691,0.3875905693218731
953067,613095,0.3874359962789791
953067,1364309,0.3863357849252432
953067,311709,0.38566634337191646
953067,3646161,0.38542103046842596
953067,3306061,0.38512545431922784
953067,8794753,0.3848702320316102
953067,7742421,0.38288151110965013
101169,1601976,0.6181023620343049
101169,8030623,0.614241032532229
101169,1165446,0.6079409107953081
101169,4194383,0.597879567951634
101169,6017539,0.5759551456141263
101169,4743111,0.5665854867121762
101169,1165440,0.5642853289357304
101169,2194351,0.5616611259149351
101169,4194379,0.5566251380902724
101169,4743116,0.5559641469499619
101169,4743118,0.552964667268907
101169,2802879,0.5485675896386413
101169,6277755,0.5479374160244379
101169,7951631,0.5460515524090261
101169,1165442,0.5445833558773796
101169,8263692,0.539217788346785
101169,3710998,0.5303136889041967
101169,2802880,0.523704557143581
101169,6017538,0.5218862088804423
101169,5670264,0.516104113971021
101169,8315840,0.5144288075661054
101169,4535875,0.5132391926220427
101169,7288767,0.5127584977503169
101169,6000938,0.5071773016527181
101169,1332586,0.5050048866620404
101169,2194348,0.503677631455546
101169,4194386,0.48786496580347694
101169,8263693,0.4868351642841236
101169,1306513,0.4862639373855447
101169,3710990,0.48588214105112787
101169,1594132,0.4844273649492755
101169,2802884,0.4841112397783493
101169,1332579,0.48310191166191696
101169,5878883,0.4830503811222717
101169,5670261,0.4821703081908634
101169,6472000,0.47965008118050767
101169,2797368,0.4792440887024126
101169,8263694,0.47576025278227463
101169,1165441,0.4744820929542838
101169,2802877,0.47328739947551696
101169,1648334,0.4730937862612061
101169,6441334,0.47263893140666385
101169,2802878,0.47180764611208537
101169,6565324,0.4712511056178586
101169,83371,0.4685837312496855
101169,3710031,0.46664336117047794
101169,7288770,0.4664576492089672
101169,3710991,0.463277954941266
101169,3423265,0.4625192973043495
101169,6441333,0.4610918994250626
101169,4636837,0.46009278266633685
101169,3161733,0.45738120520879577
101169,4291308,0.45538792460240873
101169,4624050,0.45510433125157784
101169,1510216,0.4546724557093719
101169,5829188,0.4542820220101845
101169,1648339,0.4535621985045066
101169,1663153,0.45333230962812754
101169,8263700,0.45312838249558796
101169,6243304,0.4518711995852516
101169,4743117,0.4516582365807297
101169,8314954,0.450524672698169
101169,2871288,0.45031502674229895
101169,4050740,0.4498834598428318
101169,2802881,0.44652735775705343
101169,2277816,0.44608100197656725
101169,2871290,0.4453712676194061
101169,4883925,0.4453712676194061
101169,1961313,0.4452351896809897
101169,6277760,0.4437687784559568
101169,4671234,0.44038421069994893
101169,7340149,0.4396160110473597
101169,4050736,0.4382255653105839
101169,6751533,0.4350597129927835
101169,6622672,0.4335678751338265
101169,5878881,0.43279703470987757
101169,3526581,0.43148778734827364
101169,8263696,0.43074594757861445
101169,6017534,0.4291466372809852
101169,648913,0.42783706111928504
101169,3333203,0.4278158737791915
101169,8263698,0.42617307468395266
101169,1594135,0.42604945237927233
101169,6441336,0.4251191864067628
101169,8359455,0.4251166118321567
101169,2871287,0.42428310195397495
101169,2711277,0.42418490905681483
101169,3710992,0.4240058160837705
101169,7324467,0.42262977706757704
101169,5878878,0.42213544351014476
101169,5670262,0.4204605669972627
101169,6270049,0.4192528755675939
101169,2827900,0.4192292933685336
101169,2802876,0.4182377458962271
101169,6264555,0.4177719001458121
101169,6441329,0.4172637274112699
101169,3355203,0.41683583896451515
101169,443727,0.4151805901260124
101169,3848564,0.41444655947515957
101169,5749077,0.4143461185360627
855410,8651775,0.3956644756949473
855410,8651776,0.32829679067793993
855410,8651772,0.31524726501239564
855410,8651770,0.27662529447714246
855410,8651771,0.270082299026307
1121276,8053899,0.7187632844344967
1121276,8053893,0.6883333877214326
1121276,8053891,0.611245683905779
1121276,8055659,0.5888328474439471
1121276,6472636,0.551846023011746
1121276,8343138,0.5501141191109339
1121276,388969,0.5492237567901389
1121276,5594668,0.5449096480386388
1121276,4130946,0.5403026510933842
1121276,6711261,0.5337693826082028
1121276,4720097,0.5336536236971184
1121276,2045231,0.5199947128664925
1121276,6711263,0.5198566352251648
1121276,3366138,0.5098199908222355
1121276,3786698,0.5058466769313947
1121276,4979357,0.5058466769313947
1121276,1419404,0.4977622351483369
1121276,6499594,0.4917292702853505
1121276,1660157,0.48718979729883716
1121276,8547889,0.4869298822572441
1121276,4186969,0.4866539174198353
1121276,258329,0.4865364675079329
1121276,2374404,0.48553785969155394
1121276,8622639,0.4852437013910902
1121276,2803989,0.4830065926290144
1121276,7519428,0.4829771925768644
1121276,7519431,0.4821652356190814
1121276,8343137,0.48106409882544166
1121276,705773,0.47941457867341963
1121276,705775,0.47872368514902736
1121276,1868937,0.47835823615630363
1121276,5494370,0.4782800452561368
1121276,1868943,0.4769949245786652
1121276,5494374,0.47619693968253296
1121276,4110969,0.47602791056981797
1121276,3969763,0.4748919088405947
1121276,8035231,0.4730805198445186
1121276,5494376,0.4727964134696672
1121276,1557432,0.4721167101115596
1121276,7504280,0.46993280005951593
1121276,705774,0.4697944108192319
1121276,8343136,0.4687525258831919
1121276,8055298,0.4684523371544019
1121276,2036927,0.4661063235322213
1121276,5494369,0.4660963668700377
1121276,1660162,0.46587445724724735
1121276,7504275,0.46520600994855565
1121276,1660161,0.46429214127551066
1121276,6598334,0.4642357223187196
1121276,5494371,0.46297159871458465
1121276,7504277,0.46195301845444464
1121276,4288950,0.46112600335402154
1121276,8673208,0.460094258464755
1121276,7519426,0.4595475471896062
1121276,1660156,0.4595475471896062
1121276,7368243,0.45907564003362616
1121276,3489486,0.4580127819942874
1121276,4186970,0.45665651352262226
1121276,7519427,0.45637953167606504
1121276,1660160,0.45637953167606504
1121276,1548307,0.4545954932541348
1121276,7318354,0.4537149699414852
1121276,2211572,0.4535110756924089
1121276,1548303,0.4528392422612854
1121276,2374408,0.45198218954975156
1121276,1548310,0.45126307302739616
1121276,8593625,0.45073637151180435
1121276,2847519,0.44978195007674415
1121276,7363665,0.44952225405779894
1121276,3786696,0.4489631087927713
1121276,1548308,0.4435251524477335
1121276,5770596,0.4410735264696523
1121276,7500982,0.44106506923711103
1121276,2201349,0.4402839738605082
1121276,661241,0.4381102457997571
1121276,6686037,0.4379078212563147
1121276,6110151,0.4365600336303972
1121276,1340338,0.43606059428561134
1121276,3969764,0.43597246138869444
1121276,6971352,0.43581921938980805
1121276,1947073,0.4351459736893119
1121276,7519422,0.4346107244368765
1121276,1660159,0.4346107244368765
1121276,8536503,0.4344981584042146
1121276,8341114,0.43417955731294106
1121276,1419408,0.43405936812707085
1121276,1459366,0.43376588002079125
1121276,6597267,0.43372961754263456
1121276,8273507,0.43278168690697594
1121276,1548305,0.43147518498845033
1121276,293357,0.43120267080839153
1121276,1223084,0.43090398921261697
1121276,92197,0.4301162990087073
1121276,3489487,0.43008843399444563
1121276,5271640,0.42975838035952485
1121276,4182372,0.4290664713145853
1121276,3250639,0.42855550934087616
1121276,4861400,0.42836696203529284
1121276,6333496,0.4273016602816488
1121276,1660158,0.42538292603809497
1114646,8117087,0.4555292061201971
1114646,8117093,0.41574535655630157
1114646,6704400,0.36098873340913123
1114646,2343617,0.2993868318567234
1114646,8117092,0.28964322936069015
1114646,8117094,0.27343956013754334
1114646,4765337,0.26909747363288483
1114646,898854,0.26302127665895564
1114646,8117095,0.24907293276862416
1114646,4270203,0.24638108523514302
1114646,7196961,0.2453362470897201
1114646,6949533,0.24107899524171697
1114646,590265,0.24066537676021685
1114646,4411216,0.2391160524028902
1114646,3721191,0.23858644220229022
1114646,1573874,0.23779243619297408
1114646,1941750,0.23629041496750713
1114646,5417954,0.2342558820917147
1114646,5417953,0.2342498206402387
1114646,5417952,0.23198454089459228
1114646,5272785,0.23192637824860052
1114646,1607781,0.23153782125998454
1114646,4453440,0.22816827350789676
1114646,5594383,0.22537278378342127
1114646,2911040,0.22441504742608528
1114646,679108,0.22351927378768777
1114646,3123685,0.22344654210168996
1114646,3442164,0.22336898442471967
1114646,7196956,0.22275297687424378
1114646,2676807,0.22274202167580476
1114646,5279567,0.22227806534312894
1114646,4438502,0.22227493111777763
1114646,7103112,0.22213959297567018
1114646,579554,0.2197029885380434
1114646,2647994,0.21966734225586276
1114646,5640856,0.21870645053706259
1114646,266552,0.21439847981447197
1114646,4275517,0.2103694668448105
1114646,5439738,0.20951276647841235
1114646,3067799,0.2083111479837813
1114646,4656404,0.20569670990437822
1114646,4656405,0.20569670990437822
1114646,6113191,0.20334457202698122
1114646,2911039,0.20113871795091867
1114646,6704401,0.20068295391252208
1114646,6669229,0.19981231505079844
1114646,7653218,0.19959592846412985
1114646,8450842,0.19827043981139908
1114646,6348309,0.19707511811841436
1114646,5229617,0.19656101880900878
1114646,2367261,0.19593299772945327
1114646,5178368,0.19566831266446214
1114646,6553680,0.19517880118895997
1114646,2505776,0.19460825865758807
1114646,3184851,0.1943793209865449
1114646,8109183,0.1942368332309745
1114646,696388,0.19389566556625082
1114646,1281575,0.1934344339369635
1114646,4609422,0.1928387837190839
1114646,1703791,0.19024109226601138
1114646,5602954,0.18981485541724805
1114646,4327099,0.18924820989010444
1114646,3467664,0.18874161135935552
1114646,2998254,0.18818238482569905
1114646,7012106,0.18807926232974878
1114646,4779626,0.18798711408295044
1114646,5907123,0.1876664877617493
1114646,1063233,0.18716483339270276
1114646,3739941,0.186796478598842
1114646,5217702,0.18652217291115164
1114646,3467665,0.18652217291115164
1114646,1884059,0.18645065246550965
1114646,5156625,0.1861893439715215
1114646,4875928,0.18554682372521888
1114646,8388498,0.1855111508181725
1114646,4332918,0.1848658376629014
1114646,4411220,0.18430070888594063
1114646,606868,0.18390233126662575
1114646,3699874,0.18379362427912474
1114646,5426580,0.18324640541113377
1114646,7037212,0.18291323645287874
1114646,2190458,0.18287151792489104
1114646,557298,0.1824072728398365
1114646,6264172,0.18227944688991612
1114646,6204392,0.1822518249916254
1114646,5934417,0.1822080787585794
1114646,7958765,0.18199525021218604
1114646,7669753,0.18192661893045206
1114646,224525,0.18176299754874148
1114646,7302832,0.18161172044730636
1114646,2687441,0.18150578679262683
1114646,8566995,0.1812146159957146
1114646,5640859,0.17997919911458282
1114646,820573,0.17959309881517282
1114646,2183466,0.17944159535994209
1114646,8327369,0.17910203977852368
1114646,5895327,0.17907870527944209
1114646,4911552,0.17832588789804166
1114646,1597713,0.1782408814966506
1114646,1415141,0.1780645068529774
19335,7267248,0.6603487759010988
19335,1509459,0.4819308422467851
19335,2304003,0.3997482786638732
19335,1837110,0.39228545461283293
19335,5078867,0.3895198968094503
19335,772232,0.3845555670667704
19335,5459549,0.3776143918761445
19335,1509460,0.37559622259472847
19335,6954067,0.3705907109212326
19335,5711213,0.3636091920995737
19335,7267243,0.35794513051948523
19335,736388,0.3530807097526615
19335,4041484,0.35157523691263487
19335,736386,0.3493223595113477
19335,736389,0.34082215047337167
19335,8107928,0.3407946908896007
19335,909822,0.3403588068390717
19335,6202675,0.3401239633016021
19335,7664077,0.3397339826907696
19335,5711214,0.33909356942957725
19335,7954313,0.3306208171197855
19335,7896838,0.3270909861865912
19335,3964099,0.32703615003220365
19335,7954314,0.32463244006957775
19335,1297560,0.32408909522782614
19335,2449497,0.32230795294140036
19335,7954311,0.3219259608950292
19335,5213152,0.32147079877256146
19335,858581,0.31923172169645847
19335,3607294,0.3159630685715352
19335,3412653,0.3155733825478513
19335,1331255,0.3152748321484533
19335,5575056,0.31476279332754065
19335,284844,0.310611801197149
19335,7069517,0.30985886047257166
19335,7778619,0.30752904697845856
19335,1720388,0.30429145515533873
19335,8199361,0.29987943621631735
19335,1274620,0.2977777718657547
19335,4118510,0.2964421932567568
19335,1720394,0.2953582865904983
19335,7446758,0.29493134610719474
19335,2090328,0.29492858821336404
19335,5711217,0.294643388431844
19335,3607293,0.29452037804924924
19335,5711211,0.29381648019108864
19335,8329528,0.2930491254349461
19335,534959,0.29075386789383456
19335,8107923,0.29052640615497
19335,1331253,0.28992767775274353
19335,6079746,0.2890154346251687
19335,3559597,0.2888274045298873
19335,769626,0.28813018108459465
19335,354219,0.2880231676241338
19335,3230012,0.28774878304444595
19335,6562105,0.28659648368870744
19335,5213151,0.28630784463765424
19335,7419949,0.2838120226615917
19335,5892771,0.282012495727246
19335,858583,0.28160786153168865
19335,2600260,0.2810509825759107
19335,7665235,0.2780989188427206
19335,2966377,0.2772189394408938
19335,7824669,0.27662664981635177
19335,4480943,0.2761086725209118
19335,1331252,0.275987581552108
19335,4922946,0.27534552363195014
19335,3230009,0.27502715742455064
19335,6954070,0.27490866625876076
19335,3230008,0.2737895757422359
19335,3349722,0.2734731564217803
19335,2174515,0.2725233631971724
19335,7602976,0.27185674291503376
19335,677297,0.26976515767488923
19335,7069522,0.2682940252784589
19335,92475,0.26736745296666914
19335,2888977,0.2658634063803732
19335,8078230,0.26528263214198844
19335,5142186,0.2644974278558865
19335,7231383,0.2616483693707982
19335,4486321,0.26001026118704146
19335,2459781,0.2592305488358513
19335,1562003,0.2583702694307229
19335,5913958,0.25711161039632435
19335,1387805,0.2562536571514891
19335,1331251,0.2562235369402421
19335,6568704,0.255283233738075
19335,4480942,0.2548567919407437
19335,7954312,0.2502030928963853
19335,7707490,0.25004316114725483
19335,2874503,0.24947689943989493
19335,3964108,0.24921083467430677
19335,8175521,0.24912588422089968
19335,8767466,0.2468803263103744
19335,7013943,0.24501043024307698
19335,1720387,0.2443108096763166
19335,4480947,0.24400343402631114
19335,8209494,0.2439853859561425
19335,7419957,0.24393018625731858
19335,8231218,0.24353755614936812
789700,6939903,0.6374303896079245
789700,6834593,0.5606509730542583
789700,4273589,0.5506830693466112
789700,7301424,0.5422084364593013
789700,6939905,0.5199011653984665
789700,6834599,0.47824341731477427
789700,6939898,0.47396466396255893
789700,6834596,0.4498159727781478
789700,6834597,0.4473784487083937
789700,6834590,0.4447393487377687
789700,8197220,0.438244471717179
789700,4273580,0.43581228015900275
789700,6939899,0.4156507058069852
789700,1260652,0.40157221321897046
789700,4273582,0.3190279477449851
789700,6834595,0.3035055746646867
789700,1590507,0.2822786774768892
789700,6834594,0.26709081299390436
789700,1437501,0.26034743520560316
789700,4273584,0.25038753122869856
789700,6834592,0.2498393979447912
789700,698486,0.24894370231304322
789700,1563909,0.24630076243346674
789700,6939901,0.24612199486838593
789700,4273583,0.24096764702812132
789700,1698200,0.23621565775038864
789700,4273588,0.23526282991809586
789700,4273587,0.23359155795524852
789700,6939904,0.2275504546291583
789700,8598565,0.2231251383656604
789700,1260650,0.22059388079117792
789700,1533753,0.21966103372559065
789700,4273585,0.2184249596155609
789700,768317,0.21709958077487612
789700,8299302,0.2150485510802944
789700,338319,0.20446673736991144
789700,3272322,0.20294962057454893
789700,8829258,0.195252140261596
789700,6834591,0.19314149243576698
789700,6939902,0.19251013377574042
789700,6834598,0.192240842981322
789700,1142252,0.1865295852393024
789700,7639308,0.18632114372861847
789700,4492312,0.18416330287175886
789700,8302630,0.17824546158779425
789700,1590503,0.1762972269712831
789700,1563907,0.17377350478409995
789700,8829257,0.17112262408444182
789700,302463,0.15433336331025718
789700,5471744,0.1483753942391219
47923,611271,0.5045059527611838
47923,284591,0.477052771103701
47923,1868437,0.47003519510455405
47923,8418683,0.46533000080123665
47923,6643066,0.4618078795755211
47923,5032362,0.4406019742029664
47923,8418681,0.43984811737448254
47923,1681336,0.4322311495349798
47923,1296110,0.42619413738891415
47923,4321228,0.4253980381334635
47923,2135499,0.4246820482283101
47923,5417582,0.4221263058449299
47923,6241150,0.42194574745748586
47923,8348762,0.4196456553553887
47923,1868438,0.40680802559576296
47923,8659158,0.4010302590099633
47923,6919836,0.3971277716433105
47923,5137402,0.3968542409418135
47923,6241152,0.3965704573534501
47923,1960681,0.3943061756963655
47923,8441078,0.3836246137487213
47923,7914498,0.3802136809431128
47923,8641107,0.3799586080010827
47923,6241153,0.37194135857565214
47923,3946163,0.3706354559068227
47923,1681331,0.3693002507780363
47923,27768,0.3663704910898243
47923,1669816,0.36594607826416564
47923,4871724,0.3636188571130097
47923,4202490,0.36091977487231425
47923,1207362,0.35933279692732634
47923,5586331,0.35889751730127384
47923,6819345,0.35475619800684455
47923,5295933,0.35275130368737595
47923,8418678,0.35273728032597196
47923,4523463,0.3525974529771466
47923,4335699,0.3511244695160221
47923,6608982,0.3478939759692668
47923,1207361,0.3424634377073818
47923,7732617,0.34213120817795184
47923,3348834,0.34191118396526726
47923,5147529,0.33939928733518465
47923,8200714,0.33910184488018097
47923,6241147,0.33775889502309364
47923,345330,0.33510862767532323
47923,4942240,0.3346385771862547
47923,3246975,0.33419693203460776
47923,205159,0.33406318401623925
47923,2499802,0.33206246718698584
47923,7143275,0.3319311579732532
47923,8641106,0.33025737200168864
47923,1354790,0.3273547373029123
47923,84017,0.3273547373029123
47923,4257346,0.32732749446296144
47923,7827961,0.3268717423650937
47923,1014755,0.3268093299811559
47923,3084685,0.32674107863177854
47923,3433242,0.3251452485313999
47923,4991357,0.3224234946898046
47923,1717546,0.32064699491378146
47923,4297620,0.3167028930784401
47923,2235638,0.31645074109326227
47923,3494940,0.31579984925627536
47923,618556,0.31543446605795483
47923,2043790,0.3152938110919871
47923,3853973,0.3140849795285348
47923,4256778,0.31192956966360713
47923,8619129,0.31103294496492473
47923,7302859,0.3110190864628746
47923,8418685,0.3101570972178689
47923,3348838,0.3099909809809093
47923,8286049,0.3088267548641388
47923,6210760,0.308756776078043
47923,291226,0.30641718127835893
47923,4652795,0.3059731594505927
47923,5032364,0.30591725240914047
47923,2572693,0.30586523881426503
47923,4202492,0.3053905059118328
47923,6819347,0.30394223805163334
47923,5147527,0.3037085463996213
47923,473809,0.3028932997506033
47923,6422740,0.30264077643157333
47923,7038124,0.30192449204524313
47923,1892040,0.30159140881562063
47923,525511,0.2996453742376492
47923,7900741,0.29882578266910154
47923,1681339,0.29860284162782225
47923,5417580,0.29801621253829896
47923,2772857,0.2967261217698233
47923,4254682,0.29663965364063705
47923,5417584,0.2957315752456274
47923,7086731,0.29556200506477115
47923,7071690,0.29503460226439343
47923,4321230,0.2948033354437344
47923,6378779,0.2946675025224346
47923,2831044,0.2946141750050338
47923,1236613,0.29393271887011346
47923,438749,0.2934573271989609
47923,6176198,0.29326184740830163
47923,2772858,0.2925222640056353
301524,5585190,0.6291821979698916
301524,3664991,0.5821355476135985
301524,6391534,0.5182980943011734
301524,5585184,0.45874685398753834
301524,7499912,0.4348119275962983
301524,5585186,0.3714040461267806
301524,5794158,0.3693691044157826
301524,5633393,0.36016047629066344
301524,3664995,0.358659702133483
301524,7499911,0.35091231325387406
301524,5794161,0.33913389145431594
301524,8745828,0.3285194163751161
301524,6391532,0.32034540888637475
301524,3115772,0.3047692807653738
301524,6010944,0.29698028367795193
301524,5585185,0.2951135770080731
301524,1633284,0.2928143093001299
301524,982597,0.2889473110946143
301524,1482835,0.28106686280957105
301524,6777579,0.28026692047066043
301524,8745822,0.27983111360191654
301524,6391535,0.27914437937777775
301524,1825966,0.2778001666653805
301524,5822824,0.27749996092542795
301524,8652475,0.27239061032563566
301524,3067448,0.27226248352888466
301524,8458064,0.2713248611668786
301524,4322234,0.2712765652334177
301524,5660547,0.2700990359800475
301524,6523271,0.2691528890219058
301524,8745829,0.26801382907332016
301524,8458062,0.2674567333268013
301524,3664994,0.2667411519661996
301524,6391531,0.26570511661227997
301524,3185150,0.2614769181553786
301524,7524161,0.26098101328190876
301524,3067451,0.25798656803544273
301524,8745825,0.2578829945357852
301524,5794160,0.25358421300190453
301524,4402120,0.25170793136208325
301524,3348726,0.2482205328905004
301524,5498039,0.24487479451044686
301524,4395201,0.24288405163948223
301524,7499907,0.24221446576935954
301524,5822826,0.24144332574001393
301524,7524162,0.24073766389915438
301524,7499913,0.24024941798304306
301524,7499908,0.24024941798304306
301524,1825974,0.2388425809217997
301524,4104753,0.23817043176544234
301524,6523265,0.23817043176544234
301524,1825968,0.23791190849079777
301524,3401341,0.23731184224575985
301524,3223638,0.23461652405219924
301524,5119196,0.23122585319637926
301524,1825972,0.22992036946623878
301524,3069474,0.22881591643454002
301524,4713298,0.2285113825678135
301524,6777581,0.2283479459176664
301524,539346,0.227083889699676
301524,289131,0.22704976011234965
301524,8312845,0.2263126519253511
301524,8731137,0.2260101984146675
301524,8731138,0.2260101984146675
301524,8745827,0.2256666895780193
301524,4402121,0.2218372046505428
301524,1812641,0.22179865991809714
301524,1990524,0.22031641194789517
301524,2743165,0.2196131653843152
301524,7825900,0.21784304543372648
301524,1681098,0.2170572553958126
301524,4713299,0.2169495848804956
301524,6391533,0.21622494319695434
301524,3664992,0.2149610964043805
301524,3833955,0.21482375757955297
301524,2438538,0.21450440640497945
301524,3069475,0.21356262463268338
301524,5794159,0.2133292100470614
301524,7602588,0.21234360221784288
301524,982590,0.21226398825880338
301524,6412963,0.21153405478331916
301524,8323156,0.21107275202584844
301524,6412957,0.2110568398585968
301524,2592700,0.21012349028851268
301524,5456660,0.20990897280522372
301524,6412960,0.2093739304969348
301524,4632015,0.2084330546008659
301524,6603881,0.20762732119231908
301524,4713303,0.2064024425329144
301524,4478798,0.2061583991538158
301524,3148483,0.20058618567725187
301524,5715270,0.20000683991142557
301524,3223635,0.19988275334059696
301524,3069476,0.19961872444903045
301524,1599279,0.19949386063810953
301524,4976684,0.19796604032091858
301524,5782214,0.19535017250223974
301524,7655582,0.19495848549859757
301524,6089809,0.1947483680266298
301524,8023625,0.19454023148700428
405717,6654655,0.6472052277656162
405717,7447941,0.6021269974545049
405717,7896211,0.601282994015424
405717,3033900,0.5985548126593213
405717,5638740,0.5664462031264493
405717,8433858,0.5650597084408995
405717,4704978,0.529855157533774
405717,2365660,0.5269801674769429
405717,702386,0.5173781316486262
405717,2747486,0.5151184699398086
405717,5690238,0.507759912613992
405717,2747488,0.5012415112907839
405717,2747485,0.5009546920396666
405717,5428445,0.5002384235757894
405717,2702419,0.4803864244669416
405717,2702423,0.4785313762362162
405717,5690240,0.47228228131174255
405717,7896212,0.47199442428627963
405717,4828118,0.46615625773741737
405717,8171267,0.4653704197281128
405717,4451434,0.4628994732021562
405717,8610271,0.45696826317944844
405717,8433854,0.45520013530296377
405717,619037,0.4517943389016636
405717,758582,0.4473556170494614
405717,2747484,0.44521702163881327
405717,4489661,0.4428544353820609
405717,7447942,0.43953048173235093
405717,7896210,0.4376239124553873
405717,3986305,0.43628791138751954
405717,7170626,0.43232767268776096
405717,2747489,0.42827881326425815
405717,7967051,0.4282161062332801
405717,6596240,0.42809109804153145
405717,7589975,0.42230118823804885
405717,5428447,0.42175843341098584
405717,2125637,0.4183132920968192
405717,4489666,0.4168990258082217
405717,2642838,0.4165709117266542
405717,3986303,0.41260471677770927
405717,6786304,0.41204941768980646
405717,702383,0.4119112147005546
405717,4704975,0.41075217862559266
405717,3986308,0.40923975672333535
405717,6678050,0.4076598039289536
405717,3986309,0.40322621869132524
405717,2365659,0.402568436474636
405717,7442735,0.4021776575279817
405717,7288996,0.3981549549707072
405717,2365663,0.39629287561486015
405717,7442727,0.39520329200500093
405717,7447943,0.3951776213501334
405717,5690233,0.3945121876060971
405717,4776926,0.3939709243533448
405717,4776928,0.39321084645648613
405717,3986307,0.39278737112759704
405717,2879960,0.39026503448526434
405717,5079482,0.3882507430423196
405717,2771755,0.38686260481680584
405717,6419725,0.3864078705892099
405717,3033903,0.3858264160189389
405717,344204,0.3850131757955067
405717,8433852,0.38363621704205036
405717,5690239,0.3828974977916307
405717,758586,0.3828659473035071
405717,4704972,0.3822695757669504
405717,1754541,0.38087844204155014
405717,7703655,0.3773994910081088
405717,2702426,0.37657836161480823
405717,2443188,0.37615614409005516
405717,4704973,0.3756805777396898
405717,2365661,0.37458609978082474
405717,8156519,0.37322956278648073
405717,1485613,0.37316881796957374
405717,1849743,0.3727230513924273
405717,7094477,0.37207875079056885
405717,5428444,0.37051819769408556
405717,7170630,0.37033288544188764
405717,4196816,0.3699213853858579
405717,2691736,0.36702005858525466
405717,7170629,0.36555094957235174
405717,1589738,0.3652617881284897
405717,8171266,0.36364521924255344
405717,5690236,0.3606759982970374
405717,6741362,0.35984579437647907
405717,7565118,0.3579273322386122
405717,1619423,0.3574513403166026
405717,28368,0.3566903922373425
405717,2747491,0.3549533109983343
405717,7728831,0.35411719482986265
405717,1111372,0.3529240045566973
405717,8171259,0.35273625036576994
405717,5690237,0.3523900447277789
405717,5668741,0.35224119127046877
405717,1111371,0.3518697286639126
405717,758581,0.3493011339976373
405717,5226045,0.3488293124294178
405717,8433859,0.3481100420909108
405717,2691732,0.3466591308628638
405717,7201361,0.34428465849920714
165633,5689372,0.4482350757824848
165633,6905300,0.4309030441571057
165633,6228229,0.43078044934064147
165633,1052687,0.4278591772286656
165633,6160623,0.4215290131718863
165633,2091042,0.4067491212212921
165633,1929750,0.4024600262629208
165633,4870557,0.38115591258162057
165633,5689373,0.3802543465926973
165633,8627336,0.37613086904741394
165633,4951677,0.37113153126557374
165633,638195,0.3705366658296938
165633,8342630,0.36976997128458866
165633,8342625,0.36449493381588766
165633,6378161,0.3615581297670801
165633,6450703,0.35914567470841113
165633,675168,0.35686494323920936
165633,7437093,0.35405965142870344
165633,526011,0.3536669483059965
165633,5684442,0.35043251146350113
165633,5689378,0.34722765421543617
165633,1908530,0.34502612359275797
165633,1822644,0.344704468372919
165633,2512101,0.34254461959557153
165633,4870562,0.33622771783696354
165633,5689381,0.3357727251953095
165633,715096,0.32903050239821463
165633,3023319,0.3282554842858904
165633,2091039,0.32484776980043906
165633,764171,0.3240538080846316
165633,6832188,0.3228114129466957
165633,8546070,0.3217952234998554
165633,715100,0.321710762804158
165633,5597747,0.32006004296923296
165633,2091045,0.3176367661326174
165633,1908531,0.31741849947083295
165633,830640,0.31677039085712916
165633,526013,0.31668493153858585
165633,5512067,0.31472074969603486
165633,6844662,0.3127954828145873
165633,3487774,0.3085913814992355
165633,6160628,0.3071902863320967
165633,7957303,0.3068091758071585
165633,5659316,0.30653720006017254
165633,8240282,0.3062230588037419
165633,2324443,0.30565028141766
165633,404251,0.30131481345446387
165633,404254,0.30122402754337485
165633,404250,0.29943466391825624
165633,7692600,0.29898762251693417
165633,5684445,0.2982475729247215
165633,3214680,0.2970475778213414
165633,1908534,0.2966614451284832
165633,8329314,0.29514700138892225
165633,8537772,0.29502588963723253
165633,1972002,0.29471832300178874
165633,2172292,0.2926444420494752
165633,2262665,0.29180877682841194
165633,6073042,0.29141560700297675
165633,8274266,0.2879994501819743
165633,1054893,0.2878678252511501
165633,2378998,0.28733464268845715
165633,4004681,0.28381401349772034
165633,4940955,0.2827623634659663
165633,2574919,0.282677137194452
165633,1063001,0.2814945778199918
165633,7174634,0.28097481030202004
165633,8537771,0.2789380443962555
165633,5689375,0.2786564882766728
165633,6905303,0.27791335953386787
165633,1895107,0.2769849002578107
165633,6450705,0.2767220099528206
165633,2802183,0.2754263714763105
165633,3619874,0.2731829642525244
165633,5597743,0.2727820372694516
165633,5199993,0.27208085235137003
165633,3214681,0.2717326293097054
165633,8537768,0.27099194155131706
165633,1890744,0.2692577543416352
165633,8274268,0.26782753746897414
165633,2172297,0.2660432408483141
165633,6522343,0.26598887028321416
165633,3751795,0.26598628690281023
165633,6637605,0.26598628690281023
165633,1281767,0.2640823482103559
165633,4870559,0.2632512600957117
165633,3720074,0.26202487769241134
165633,7459867,0.2612895792500732
165633,1264860,0.2605134296436521
165633,1052690,0.26035482108984
165633,3214677,0.2602368548199311
165633,7174630,0.2586151249856111
165633,2802186,0.2582363793610981
165633,7405347,0.2581137614042044
165633,7692601,0.25797227546209334
165633,2006568,0.25767127628714065
165633,8087326,0.25711460606787623
165633,7437094,0.2570483681079061
165633,1845628,0.2551127787483854
165633,4443764,0.2549192271640673
952774,56289,0.6380377702868748
952774,18932,0.631797673531241
952774,4557559,0.5838893184028079
952774,186679,0.5450026694373343
952774,4916400,0.5425992612190497
952774,3470168,0.5251226700326347
952774,4573402,0.5201162447963689
952774,3470175,0.5193281408792977
952774,1878909,0.5189006807226043
952774,6092204,0.5154068290205945
952774,6092207,0.5092041223582602
952774,2911255,0.4989646021670866
952774,6304505,0.4939328963889847
952774,7297432,0.49011974520226487
952774,3238119,0.48755640786057725
952774,5677309,0.486647544099929
952774,8164768,0.4833886432386788
952774,4157340,0.47742101748558474
952774,4293279,0.47176929999896594
952774,3415930,0.4679229875127398
952774,7070205,0.46270697241383957
952774,545765,0.46203512391378443
952774,4047903,0.45522435035389636
952774,437300,0.4478258064221435
952774,4916405,0.44320743237729077
952774,1878904,0.44201900828996116
952774,437295,0.44141855962068055
952774,1449047,0.43367490417633436
952774,5358971,0.4280593678751048
952774,7070207,0.42720408607846627
952774,5358968,0.42570793183152145
952774,6825748,0.4244394374205238
952774,3463484,0.42117698608336196
952774,3871953,0.4177343006888724
952774,7070204,0.4155350160020227
952774,358216,0.4155220999799406
952774,5677306,0.4141613535833174
952774,4340664,0.41340457716371953
952774,1416217,0.41014991576450105
952774,4573400,0.40922150500517435
952774,2911253,0.40803274091447633
952774,5703930,0.4065787946365817
952774,7071911,0.40584760782153956
952774,8037538,0.40305544445222263
952774,5401921,0.4024323332655937
952774,3087303,0.4019439669722176
952774,1449055,0.4003333489709668
952774,6641210,0.3992669582767413
952774,7687873,0.39716540028524194
952774,3596992,0.3969788012926857
952774,1560842,0.39330522691330577
952774,6092202,0.3927848902063572
952774,1324364,0.39197621898628254
952774,437296,0.38874030972979423
952774,372146,0.3882122410873586
952774,4563440,0.38646414528440576
952774,437297,0.3864544283392712
952774,3470170,0.38584427027221463
952774,8396150,0.3839409656030979
952774,8037537,0.38259176880452334
952774,2811936,0.38239239526812463
952774,2480749,0.38238609688843295
952774,7543352,0.3822705156864303
952774,372148,0.38166087429868434
952774,18930,0.37813416732432314
952774,5956772,0.3771882682466721
952774,437301,0.3759812614511629
952774,3412505,0.375789190947366
952774,688431,0.37539741321813047
952774,3470173,0.37536751254591205
952774,3994185,0.37418895464743296
952774,6361654,0.37323211393890615
952774,4810097,0.37251186165772227
952774,6979859,0.3721380874755651
952774,8765818,0.37140540519108795
952774,8197888,0.37098582189757734
952774,868957,0.3701762257794699
952774,222306,0.36993061343635486
952774,1168568,0.36939364998116647
952774,8381967,0.3679921842569374
952774,8765815,0.36778479727027613
952774,3994184,0.36600486452816955
952774,6426311,0.3644643791309159
952774,437303,0.36323239569411503
952774,4651459,0.3623837949956316
952774,5689274,0.3621514272616022
952774,2945065,0.36158822089102316
952774,5708772,0.36158611173166705
952774,5959488,0.3612844019337737
952774,4584436,0.3597167432861758
952774,3190354,0.3586899093494549
952774,4047908,0.3575260380351911
952774,1004983,0.3570471351795965
952774,4623787,0.355664663996263
952774,1711073,0.3538766242405382
952774,4665970,0.3538766242405382
952774,3792006,0.3534861594235995
952774,6426310,0.353318262362944
952774,3491005,0.3532684959012046
952774,1028815,0.3528671292990226
766511,8479075,0.46562656469382074
766511,1686104,0.44957524548288474
766511,5678236,0.4425420888783195
766511,4115365,0.3565547270644331
766511,4177139,0.3541839809510679
766511,3349992,0.3508537847376887
766511,3192263,0.3455277627716157
766511,5365546,0.3411331154396629
766511,2653079,0.3354362880128169
766511,6473883,0.3270085324980804
766511,1476002,0.3155512744733731
766511,2421133,0.31495769875971263
766511,7620210,0.30326433000353664
766511,4737563,0.30232875688150823
766511,762023,0.300805545804737
766511,4994516,0.2998731223526434
766511,2981704,0.29799780632674405
766511,4414090,0.2976346832274994
766511,6368776,0.2966549902779107
766511,4374830,0.29626712667521715
766511,73991,0.28715270367670814
766511,3236116,0.28439808557536267
766511,284665,0.2842308456580088
766511,8530142,0.282770403933471
766511,7070608,0.281797302703025
766511,1774519,0.28159434600933
766511,8234535,0.27953192013568684
766511,3081708,0.2780772688096043
766511,7966691,0.27730954305784516
766511,6130016,0.2750839919599828
766511,546575,0.2738006569956694
766511,1755202,0.2731789683806598
766511,8009575,0.27297544161705717
766511,1476000,0.2723104323778707
766511,4353999,0.27182015942695087
766511,1272374,0.27138533014094807
766511,455308,0.271063813488399
766511,1418511,0.27088157241082095
766511,7582727,0.2680613521574454
766511,7918701,0.26584349606622076
766511,6641402,0.26562574480122303
766511,6374635,0.2651014034473576
766511,1746433,0.2649638215078012
766511,5365545,0.2644845874798511
766511,4469414,0.2636656428698013
766511,8747167,0.26314129467695124
766511,7930992,0.26212639341116967
766511,1856730,0.26131977849486626
766511,5290644,0.26131977849486626
766511,1746432,0.26101680726356746
766511,4493596,0.260145340184776
766511,8569575,0.25964010351986
766511,8180416,0.25939924816983567
766511,7326876,0.257207426251284
766511,356551,0.25689818879364174
766511,2026677,0.2566253477915837
766511,8234540,0.2563754249239045
766511,2210204,0.2561827330763413
766511,73996,0.2556888340794934
766511,439411,0.2547838063301177
766511,6908976,0.25430977591322595
766511,7962917,0.2517353875955812
766511,4760132,0.25109787569967545
766511,7690801,0.2510966281625974
766511,7099413,0.25086421218910354
766511,2569301,0.2500797492097788
766511,7972546,0.24863304518162307
766511,73989,0.2484119272422894
766511,3593852,0.2483980090399729
766511,264592,0.24777611924963713
766511,5788514,0.24745681640630235
766511,869407,0.2459042656183308
766511,2981699,0.24505672173901047
766511,3595043,0.2449428312537136
766511,6077342,0.24338670603003096
766511,606734,0.24273530709304225
766511,5345800,0.24245809012158973
766511,7218655,0.2422030577518974
766511,8400760,0.24164522619590367
766511,7244096,0.2407695171772348
766511,1746430,0.24074678642293157
766511,3969589,0.24065917165846856
766511,875086,0.23952673208946362
766511,2220634,0.23935492712580653
766511,756382,0.2392806729778124
766511,6111321,0.23889988065520631
766511,1418508,0.23776813753385417
766511,1855048,0.23745448229892094
766511,6050718,0.23730444725850552
766511,1119586,0.23652832702691615
766511,2286621,0.2364295542469196
766511,1235703,0.2362127098234614
766511,5670764,0.23600120727896326
766511,3271317,0.2354665942113293
766511,8359932,0.23459399809696993
766511,7843841,0.23457861840529848
766511,7726321,0.23446778996224843
766511,4471427,0.23394466817864396
766511,8419956,0.2335162523440544
766511,1775509,0.2333894641321592
1106293,8199430,0.575007398293696
1106293,7260312,0.5059616485732972
1106293,2309385,0.49205204949103093
1106293,8199433,0.48252454700890357
1106293,7260335,0.47787508063351297
1106293,4681351,0.4769077515949736
1106293,5942272,0.4742227575892464
1106293,7260300,0.45953401945718475
1106293,2332966,0.45471443525694555
1106293,8196725,0.4482708972729841
1106293,8199429,0.4474378467377676
1106293,7260308,0.44680801378757257
1106293,6101864,0.4416047728198948
1106293,2332862,0.4338175308691466
1106293,7437973,0.4233859225913328
1106293,2332509,0.4179973534503132
1106293,2309383,0.41650004916410927
1106293,2309384,0.4107579999859809
1106293,2332752,0.4039265049825413
1106293,4417049,0.40194864877496816
1106293,2332510,0.3963032479955126
1106293,2332965,0.392657199074834
1106293,7255454,0.38869879580533834
1106293,1867605,0.3866250525232335
1106293,7255458,0.38579509721201133
1106293,1865166,0.38136873791380127
1106293,1865174,0.38136873791380127
1106293,2503783,0.37864045343000585
1106293,5997644,0.3767346257083207
1106293,2503784,0.3760124568735901
1106293,2332751,0.36531608400952786
1106293,2503778,0.3622081082902026
1106293,4681343,0.3543516855783203
1106293,7861145,0.34675152249818125
1106293,2332638,0.3457111845794466
1106293,2332755,0.3435636575560205
1106293,2332861,0.3433977919596967
1106293,4675054,0.34100060419868905
1106293,8199428,0.33920682614501163
1106293,2332756,0.3382010866347453
1106293,7260322,0.33385290022104047
1106293,7849200,0.3323403919552325
1106293,705455,0.32888546849169825
1106293,7849203,0.32620819898105297
1106293,4417047,0.3249562768270813
1106293,2332750,0.32479045305874465
1106293,2622854,0.32202791445553886
1106293,2454313,0.3214983744818277
1106293,4417051,0.3206830353838127
1106293,7255459,0.31647213629952065
1106293,7262834,0.3161162734709614
1106293,7260305,0.3123386925996484
1106293,4696930,0.31150334600411395
1106293,2333201,0.3093450033483754
1106293,7255453,0.30865794429216303
1106293,2332637,0.30834630918531575
1106293,7822564,0.3054584720594466
1106293,3129127,0.3050178250882615
1106293,3117642,0.3027495549975846
1106293,7260299,0.3010706157942332
1106293,7260323,0.29918263937393874
1106293,4582051,0.2983772799165153
1106293,7260306,0.2980762019393054
1106293,4787261,0.29454161888753233
1106293,2332964,0.2943277856925821
1106293,4232603,0.29427840657083576
1106293,7576464,0.294006334532342
1106293,4692218,0.2931387911502901
1106293,3445111,0.2904072349580812
1106293,5307205,0.28891790157341163
1106293,2329498,0.28853583636305963
1106293,4681345,0.2884221580086804
1106293,2266405,0.2866640337643904
1106293,4681352,0.2863660892419287
1106293,4133771,0.2859601776086442
1106293,2460996,0.28584248727144373
1106293,7866777,0.28567354094565
1106293,2332863,0.2852389780403549
1106293,4675051,0.2843902548759637
1106293,2332860,0.2832234600017213
1106293,4369204,0.28125324380086303
1106293,2343965,0.2784910653975079
1106293,4698715,0.277949946115196
1106293,2309382,0.27720881653572577
1106293,8780804,0.2770481701703675
1106293,4582049,0.2768098513165717
1106293,7260304,0.2764650557617059
1106293,2332754,0.27515294229779075
1106293,2423510,0.27341744124913353
1106293,2266400,0.27198795223842387
1106293,2333204,0.2701545950849363
1106293,2332514,0.2698636843311772
1106293,4591909,0.26951942166700193
1106293,157451,0.2690074136573575
1106293,8199431,0.26801919605163155
1106293,2332517,0.26757924019703344
1106293,7890245,0.26590061503413936
1106293,3591294,0.2656404949461075
1106293,2711189,0.2643555274738962
1106293,2227000,0.2642456347428452
452431,2220518,0.7913222646441254
452431,996347,0.7612833660377699
452431,2004960,0.7465206998018997
452431,1036665,0.7327755473228798
452431,2765214,0.7327143929693017
452431,5642853,0.7199470335057716
452431,6050442,0.7189684104420954
452431,7519416,0.7034996015032661
452431,4915373,0.6860048458906106
452431,4643486,0.6695997261212522
452431,1046416,0.6662988676440078
452431,4872587,0.6650392361915535
452431,8438344,0.6633099226068263
452431,1036667,0.6630999071997573
452431,8720583,0.6602624358744756
452431,6709585,0.6596229962925905
452431,5655382,0.6501901191002678
452431,3466597,0.6396155026294046
452431,823822,0.6370402540309775
452431,5121285,0.6322252751973688
452431,5917624,0.6286481199031093
452431,6281528,0.6275803279306218
452431,3717859,0.6216095877629726
452431,3461995,0.6211615339180593
452431,2542999,0.6185132503272701
452431,8622053,0.6129946128144846
452431,343316,0.6129617493981171
452431,1898634,0.6112077838110883
452431,2576518,0.6104117267277992
452431,669855,0.6097382435531666
452431,6069847,0.6093450333069588
452431,153567,0.6072570762428277
452431,8438345,0.6046622779292089
452431,6985970,0.6037569081760342
452431,3399113,0.6035518040575858
452431,8110255,0.6012764662752079
452431,2644506,0.595457477405791
452431,2615384,0.5941803040915797
452431,6936340,0.5906915242504541
452431,4869391,0.5906287495311896
452431,669857,0.5870955155933655
452431,3698287,0.5862034294042295
452431,4872588,0.5854770620192509
452431,5306303,0.5841468818764676
452431,1786259,0.580459226071498
452431,938099,0.5779189970947775
452431,1386149,0.5778734140639268
452431,3168072,0.5771624763129032
452431,3533488,0.5749146091631452
452431,2543005,0.574598495049721
452431,470914,0.5741597283237072
452431,1948854,0.5704084073443021
452431,1795733,0.5702993595357787
452431,4483501,0.569860796421854
452431,1441986,0.5688165931721644
452431,6050443,0.567648679007981
452431,4942882,0.5658909969019859
452431,489111,0.564916012402576
452431,2004963,0.564916012402576
452431,3399114,0.564513711430734
452431,1240242,0.5632695642461218
452431,4586010,0.5630575612066311
452431,6992675,0.562498336265568
452431,4350501,0.5607193945753753
452431,839508,0.5598589970913154
452431,5642858,0.5584547214262318
452431,4872592,0.5574350628204507
452431,5621673,0.5572655063675356
452431,1888185,0.5565116139742794
452431,5121286,0.5558159474482403
452431,182811,0.5554784964192903
452431,7371848,0.55543407224198
452431,323701,0.5551860904091172
452431,5450903,0.5538785723293488
452431,6991173,0.5534382371224905
452431,938092,0.5525328990972515
452431,5413397,0.5504336132407602
452431,710860,0.5502916452400989
452431,1512773,0.5486159457945129
452431,737469,0.5484532148803614
452431,1275055,0.5469560180091168
452431,3707589,0.5465405364991546
452431,5642856,0.545375783650395
452431,7640249,0.5423497205949303
452431,5442381,0.5414742672775269
452431,973432,0.5391866082817973
452431,958510,0.5369963611662989
452431,8653158,0.5364714765899811
452431,4769355,0.5333307901289678
452431,4725432,0.5320192397452763
452431,3046441,0.531928581616079
452431,7520147,0.5302491670256635
452431,3607922,0.5302182927229072
452431,7468529,0.5272374218743408
452431,1965730,0.5243856929596729
452431,4942889,0.5243656257625794
452431,694136,0.5234716415783363
452431,2859317,0.5226320742986956
452431,66841,0.5221243241874016
452431,2707475,0.5217553870037596
1109818,340604,0.40767051514270447
1109818,340599,0.40309962559270585
1109818,1407929,0.3922978034545773
1109818,3293803,0.3901164485496897
1109818,5677224,0.3633481415262527
1109818,8164356,0.3630278448644334
1109818,552004,0.34815352484779555
1109818,8798512,0.34749461453857533
1109818,2172336,0.33695043211251685
1109818,8561253,0.33650513128897475
1109818,2551120,0.32790053477096187
1109818,3147508,0.32138431546919216
1109818,7225311,0.32112846788109983
1109818,8420286,0.31921606747512904
1109818,8164357,0.3182468388176821
1109818,106335,0.3138646348271277
1109818,488646,0.31356929371779196
1109818,4163233,0.30922385726547186
1109818,8607799,0.3077555313948999
1109818,2217670,0.3076650882636986
1109818,7026019,0.30367045868472964
1109818,1669958,0.30048099744793355
1109818,671477,0.300427378832669
1109818,80917,0.300427378832669
1109818,1914317,0.29900235152506105
1109818,5173996,0.29664886425915027
1109818,671482,0.2956386899239661
1109818,922931,0.29533864615486016
1109818,2448988,0.29515418322359777
1109818,8045513,0.2948953614297428
1109818,5767444,0.2932851422758394
1109818,5815049,0.29231575635375945
1109818,6262072,0.29164171148381457
1109818,6987751,0.2912907631085946
1109818,7697669,0.2907790052499722
1109818,671483,0.2907522705227457
1109818,4940877,0.2900463543776373
1109818,6583858,0.2883814171066668
1109818,63486,0.28756527374343904
1109818,8277426,0.2875046460889055
1109818,7697674,0.2872488699960074
1109818,4949472,0.28698409811082026
1109818,6987750,0.28594206426117025
1109818,1111937,0.2840790620200012
1109818,1111942,0.283836987767464
1109818,226116,0.2831863184735354
1109818,8127002,0.28235919644039137
1109818,7455936,0.2813199359057666
1109818,8791803,0.28119822716050347
1109818,3765900,0.28076524267942754
1109818,2217669,0.28065647640553676
1109818,238741,0.2805575518851735
1109818,3281281,0.2800077097094869
1109818,4308634,0.2798735787287374
1109818,4638568,0.2786583233672477
1109818,8670826,0.2761784954784398
1109818,5891600,0.27568955964456976
1109818,4164699,0.2755955154253148
1109818,2437781,0.2754246720127236
1109818,1575273,0.27423529051002565
1109818,3189433,0.2739682625413637
1109818,2109404,0.27381565343424846
1109818,2709384,0.2733696607772615
1109818,6608730,0.27292537433740893
1109818,4713050,0.27135204116603023
1109818,2448984,0.2705055563269008
1109818,6583861,0.27034257149748714
1109818,2421167,0.2703274259581849
1109818,7602617,0.27031102664404216
1109818,4340362,0.2693198320011061
1109818,8672039,0.26781353668121843
1109818,2448991,0.2674398356837644
1109818,2421165,0.2667731284393241
1109818,6097639,0.2664052522308073
1109818,6539224,0.2662615862925579
1109818,5178835,0.266212114467412
1109818,7602615,0.2657867489319579
1109818,1655665,0.2649393561264114
1109818,2038660,0.26476740716833236
1109818,776775,0.26470000939623584
1109818,2284616,0.2637468746752767
1109818,8003876,0.26367592325451783
1109818,6508151,0.2634522625073124
1109818,195300,0.26341828494528946
1109818,2847705,0.26333069268387443
1109818,4713056,0.2633116038224157
1109818,2421164,0.26304477546959193
1109818,6397568,0.2625577265628312
1109818,2551116,0.2625117179026966
1109818,5565026,0.26074671313384723
1109818,7225336,0.2600919214130585
1109818,1413313,0.2594243657792997
1109818,707294,0.25920636025028715
1109818,4029987,0.2587782538715585
1109818,6776211,0.2586446257276806
1109818,5756295,0.25842858730473117
1109818,4911115,0.25756543690518263
1109818,933253,0.25698184330298723
1109818,3452551,0.2560661615885637
1109818,7716262,0.2554313556517039
1047902,5931023,0.4536243906171392
1047902,8216248,0.4322135429111969
1047902,8216250,0.42600771323331577
1047902,3578814,0.3928658685400231
1047902,2129916,0.3853533858962228
1047902,8216249,0.38478214777394815
1047902,8216256,0.36945423738169275
1047902,8216255,0.3584395647393063
1047902,8216252,0.35031274659680905
1047902,3969859,0.3467360554984116
1047902,3861721,0.337504642203808
1047902,3178336,0.3354755215793786
1047902,4458881,0.3331941834415456
1047902,7575513,0.3319939526844743
1047902,6226480,0.32577950919476545
1047902,4458875,0.32197103034502794
1047902,2819938,0.31892435097837973
1047902,8829164,0.3163193658281714
1047902,5321215,0.3130127696909966
1047902,7615767,0.31157379122513684
1047902,4887380,0.310828006634598
1047902,541063,0.3103005840589282
1047902,8829163,0.3085644694845601
1047902,7885728,0.3060173032726278
1047902,819368,0.3030217174513906
1047902,4983548,0.2983927914115053
1047902,4907903,0.2964682163513739
1047902,1132122,0.29356175257903455
1047902,1381815,0.28865409568933115
1047902,2937910,0.287113660345581
1047902,3870188,0.2869483808072828
1047902,3178337,0.28559494158473137
1047902,5386542,0.28557937631624214
1047902,2322180,0.2841253797229147
1047902,8216251,0.2813215529143365
1047902,6211610,0.2811493112468285
1047902,4824537,0.28017900040180976
1047902,3178329,0.27958619632119325
1047902,6167864,0.27944612756022014
1047902,8798419,0.2791080724278423
1047902,2912530,0.2764655732280742
1047902,6211611,0.27624468008174924
1047902,4458876,0.27411384205432576
1047902,6200615,0.27355580532791657
1047902,4907907,0.27255737732860863
1047902,1414764,0.2722252800827738
1047902,8515556,0.27201614654533646
1047902,4736321,0.27016502142789484
1047902,2129914,0.26975421653932047
1047902,7137426,0.26922328611597046
1047902,8839901,0.2676367996036024
1047902,5439176,0.2665963834760897
1047902,6482686,0.26341258115720956
1047902,4956715,0.2632062643389782
1047902,2819943,0.26148294769105673
1047902,4793515,0.26047219071807654
1047902,1035658,0.2600146009856059
1047902,6200609,0.2593101255859323
1047902,5931022,0.2575864445028541
1047902,4978061,0.2569390527412794
1047902,2717045,0.2562401296484141
1047902,8661510,0.2542609703293985
1047902,1182826,0.25422109129523207
1047902,6111961,0.2535260105509798
1047902,1414760,0.2530022132856857
1047902,3559117,0.2524521068755142
1047902,1132120,0.2517662708924715
1047902,5032010,0.2514866722490038
1047902,6482683,0.2506760564529063
1047902,7899836,0.2501661035544063
1047902,6482681,0.2494631264125877
1047902,5668758,0.2484873468351792
1047902,2961955,0.24742660016141543
1047902,3578820,0.24696146166578967
1047902,8218328,0.24597946058109185
1047902,5098243,0.24561262439591208
1047902,8226815,0.24353406612678566
1047902,3724603,0.24299062949697867
1047902,3309838,0.2429527700323369
1047902,7733453,0.24166373080717254
1047902,5124259,0.239353339711641
1047902,8777662,0.23908768445359505
1047902,8839900,0.239029991297912
1047902,3499250,0.23803482392812586
1047902,3893270,0.23564380183886735
1047902,3969860,0.2354490989965246
1047902,7575518,0.23517574744962533
1047902,2665029,0.2349510363708575
1047902,3473751,0.23421333004428507
1047902,6580611,0.23095525132591635
1047902,3724600,0.2302897587439622
1047902,4709855,0.23012477523690036
1047902,1418303,0.22890162549951765
1047902,3724599,0.22840485467090935
1047902,5321210,0.2264342633561171
1047902,1931785,0.225460312714146
1047902,8839906,0.22374914448971123
1047902,8515555,0.22342634548708687
1047902,819369,0.2231940004968218
1047902,8778402,0.2218044510178471
306076,1663914,0.5665234711220752
306076,539515,0.5414592651130478
306076,6414933,0.5096358977678034
306076,6414937,0.5067473491469472
306076,3738277,0.48874469515273583
306076,888703,0.4823438469659055
306076,1395452,0.47651183124871876
306076,4143927,0.4717659868118259
306076,5785845,0.4671010199736741
306076,6347725,0.46216520426224666
306076,6414938,0.46101658535056195
306076,4143926,0.45813086163651096
306076,4336084,0.452232119048194
306076,8431737,0.44385245528162115
306076,7043775,0.4403795528001072
306076,6615378,0.43870283365959045
306076,8361569,0.4341618776752869
306076,211462,0.4283821010900336
306076,400236,0.426802510615776
306076,4143929,0.4243176201549388
306076,8153330,0.4210564955610858
306076,596529,0.41995073048983295
306076,8372267,0.4194090383533147
306076,4078388,0.41705086541043507
306076,596523,0.4161614151420627
306076,6163017,0.41268480681839287
306076,4928773,0.41266962363980064
306076,1638714,0.41115719048095106
306076,2982356,0.410037189284796
306076,2062874,0.4061420990077622
306076,8236527,0.40583694568858564
306076,8555753,0.4050701582009076
306076,2874001,0.40491952927033076
306076,5312109,0.40455087116744776
306076,211461,0.4000933200210008
306076,8241399,0.39918310567650356
306076,7734872,0.3989138315656712
306076,6254541,0.3971187637811027
306076,753809,0.3949543075619889
306076,6152152,0.3938798715031345
306076,4399883,0.3929220348451553
306076,1646090,0.3915117409984483
306076,3009582,0.3915117409984483
306076,6385398,0.38826148541816774
306076,469081,0.38421346547488655
306076,7872482,0.3826822471602339
306076,6409708,0.3822302015633979
306076,4515191,0.3822302015633979
306076,1813364,0.38066524713489164
306076,2912503,0.38027373554707156
306076,5778049,0.3796668963077045
306076,4727588,0.3792507938979165
306076,6152153,0.3771029835007264
306076,1840305,0.3757328243873421
306076,941277,0.3746946478315493
306076,6385397,0.37453137527769204
306076,8360138,0.3736337538607207
306076,4249247,0.3726986144967835
306076,2335737,0.37168118317468934
306076,5890806,0.37162708944047873
306076,3256033,0.3695046704108035
306076,4399884,0.36879869235605955
306076,3402599,0.3686670457588831
306076,755855,0.36616299601726343
306076,2982357,0.36613470163367234
306076,3181209,0.3657839007450397
306076,7374048,0.36522860916538197
306076,8372268,0.36297904246428403
306076,7307579,0.3622157134762933
306076,749446,0.3619888611718633
306076,8372265,0.3601282485284575
306076,1261086,0.35957341608525867
306076,6079428,0.35957341608525867
306076,1793527,0.3587765380321933
306076,7556271,0.35755234708394273
306076,1721384,0.35724282636326277
306076,5287681,0.3546463346642532
306076,5894160,0.3533595344250516
306076,4143928,0.35332346044551655
306076,8564157,0.35263433999095734
306076,7470257,0.35236445686659335
306076,8695573,0.3521073744916221
306076,7815200,0.35201794548331283
306076,5728301,0.351821911725739
306076,3692414,0.35179526510206616
306076,8834122,0.35178120238464267
306076,3158158,0.3513523668361502
306076,1721496,0.3511797770374583
306076,776108,0.35089925906356917
306076,2382251,0.3496706213933831
306076,378154,0.34922387558723295
306076,995096,0.349204191551937
306076,2600434,0.34807342423732623
306076,1422636,0.3471203365703172
306076,2865267,0.3463657391930569
306076,2623308,0.3456839623165766
306076,3620488,0.34514531230125306
306076,7556270,0.34514263298128944
306076,6098857,0.34484971789312296
306076,3706918,0.34399374762748297
551040,8274769,0.4768568424867035
551040,8486072,0.46739544495454777
551040,5809996,0.4660460504858616
551040,8632291,0.4571441112073382
551040,1515283,0.45638860986039453
551040,5943299,0.45194117658923605
551040,8274767,0.45194117658923605
551040,1247060,0.44371803646478947
551040,6429126,0.4432415136809547
551040,501417,0.4407778766332613
551040,2308089,0.44072784805605436
551040,8274768,0.43620770425905103
551040,7930522,0.4337911778091381
551040,26669,0.43141786143905386
551040,7775213,0.42776882752249373
551040,331995,0.42536856620131736
551040,7775211,0.4252743178011428
551040,1247052,0.4212263489873606
551040,1515280,0.4211223523858561
551040,5809988,0.41936599068744784
551040,2857174,0.41828595055217405
551040,6412717,0.41409127114162547
551040,7775210,0.4131997478829249
551040,5542814,0.41289095542140747
551040,7707948,0.4110622578710728
551040,8451527,0.4105616959201059
551040,5334406,0.40716088170335907
551040,5334408,0.40536073737459477
551040,5930514,0.4050717641595468
551040,4312412,0.40453491011813436
551040,6757830,0.40170404134938276
551040,3776989,0.3995315777126175
551040,1802732,0.3994333437846274
551040,6216835,0.39848927623062114
551040,5775594,0.3977139415613657
551040,6412716,0.39710341362254914
551040,8486069,0.3951467743220549
551040,8486075,0.39339984198573386
551040,5887483,0.39269522329356793
551040,5882624,0.39263935531252053
551040,8147204,0.3920678070037537
551040,8133322,0.39206395609114153
551040,1515274,0.39174657446615435
551040,1876526,0.3915032959704933
551040,4163541,0.3913615560767901
551040,2938498,0.3900263686904693
551040,7777914,0.38817348049474665
551040,26668,0.38719488475138536
551040,5930515,0.38667463207333486
551040,2536611,0.38643377868485435
551040,7700370,0.38317797030046424
551040,6199749,0.38283837860107695
551040,4881239,0.3824259419860573
551040,8703387,0.3824259419860573
551040,7700371,0.3824221154259964
551040,3149269,0.382161433389028
551040,1515276,0.38135622031742855
551040,7758667,0.3806522325245626
551040,8047627,0.3806481908214735
551040,1515277,0.38029810126885505
551040,6617685,0.37903584133384244
551040,5930516,0.3763789605644791
551040,2723626,0.3757857586004297
551040,7661327,0.3749718789894287
551040,7402246,0.37424058477253225
551040,224179,0.37374075593746464
551040,4889960,0.37363839720249087
551040,5611906,0.3731594468410587
551040,2563074,0.37237039723920545
551040,5542820,0.3721687454586515
551040,1009928,0.37141244123471184
551040,7930521,0.3705124895148831
551040,3994075,0.3705124895148831
551040,2875970,0.3701880177239931
551040,8129649,0.369660896410575
551040,1802735,0.36947569752058096
551040,1060831,0.36887800245154667
551040,501422,0.3685869987816415
551040,2561921,0.36741164150111
551040,4593450,0.3671733184786471
551040,5887484,0.3664518768551208
551040,840090,0.3649227786688436
551040,7495155,0.36465509908481847
551040,7758662,0.3643624774407176
551040,3988215,0.36435789722713896
551040,1261310,0.3642355084088481
551040,6885275,0.3640490712165022
551040,6885274,0.36370599893546257
551040,3213815,0.36326743025545954
551040,4172925,0.3627003144093366
551040,7978722,0.3626868490663996
551040,5508764,0.36215301700148506
551040,5542813,0.36194638502579635
551040,6133098,0.3611098520434575
551040,2410356,0.36105835049059626
551040,4191956,0.36096572632819107
551040,1949194,0.3586836985447732
551040,801316,0.35767503755518004
551040,1430666,0.35725704035715583
551040,8746543,0.3564865861828216
1059231,2625279,0.5796468842297605
1059231,8232309,0.5412412704243506
1059231,5332107,0.5156394679073139
1059231,2844766,0.5027058366523249
1059231,5209990,0.4968469219960003
1059231,8771882,0.49484707310017617
1059231,3041974,0.4939907996574066
1059231,2788983,0.4904675141988527
1059231,5062380,0.4842783075230227
1059231,4754747,0.47754276099847887
1059231,2768469,0.47646929450752395
1059231,4065062,0.47431818362643297
1059231,73920,0.4694869960291672
1059231,941519,0.4693120358997214
1059231,3264948,0.4688221517202786
1059231,3896899,0.46663619902902553
1059231,2768475,0.4630449352510305
1059231,3854578,0.4583192223381535
1059231,7801093,0.45598942757570315
1059231,3423429,0.4559476085715168
1059231,3096659,0.44920999706948833
1059231,7851564,0.44640532633757835
1059231,1830521,0.44508176062980875
1059231,2061413,0.44376474223974754
1059231,4215155,0.4415339983063835
1059231,7291329,0.4377174922498582
1059231,3187824,0.43539010919186466
1059231,2768476,0.4346463275456274
1059231,5444310,0.43300918709956376
1059231,8833169,0.4328249215681312
1059231,8669584,0.4297186183687645
1059231,2723493,0.42914952554631597
1059231,3865940,0.42887632446642643
1059231,8664514,0.42695874930763794
1059231,8822564,0.4258230306737669
1059231,2924997,0.42510096073225173
1059231,3802351,0.423352700961721
1059231,4878721,0.42333004903466354
1059231,7052526,0.42297386770502454
1059231,5534975,0.4225866521461599
1059231,7966150,0.42090177457670436
1059231,7030881,0.41971605690160296
1059231,2770509,0.41965650983335573
1059231,3864137,0.41898075086915515
1059231,899718,0.41847184780041397
1059231,4324006,0.41826813874956276
1059231,3602584,0.41790851625902603
1059231,4529005,0.41756246527348206
1059231,2924992,0.41722491589023913
1059231,2443981,0.417029532353061
1059231,6332722,0.4168582066710023
1059231,386726,0.4132389595780105
1059231,6752395,0.41296967566451187
1059231,3892639,0.41236196959708726
1059231,3183375,0.4120688390832481
1059231,2763739,0.4115630650898717
1059231,1468445,0.40959133911481393
1059231,4638367,0.40936104633956816
1059231,2813725,0.4091996579416119
1059231,6233392,0.4091747485961209
1059231,72558,0.40729840153599106
1059231,8801999,0.40657666406898063
1059231,7030878,0.406503640379242
1059231,3301160,0.4054859973684985
1059231,8684973,0.40441157105101083
1059231,3272276,0.40424646289261384
1059231,3859023,0.4038982883443655
1059231,4196478,0.40372021477575154
1059231,8778628,0.40337244610926914
1059231,5114206,0.4026094534762294
1059231,2711018,0.3996058750116082
1059231,2341992,0.39913954430034326
1059231,3613717,0.39769265247281294
1059231,5378724,0.3966432798882458
1059231,8115766,0.39630275179307345
1059231,7105608,0.3961431426265732
1059231,7918930,0.39550721811937023
1059231,4479248,0.39021182347195016
1059231,3720625,0.38928761949251867
1059231,2339833,0.38818324722749364
1059231,3633276,0.387691631789951
1059231,3707950,0.387655487927575
1059231,197826,0.3871043174900785
1059231,4605023,0.387048431917255
1059231,2764185,0.38704825263605097
1059231,2411940,0.3854655985445855
1059231,3857836,0.38539762755128343
1059231,3836676,0.3851954638016407
1059231,8612314,0.38420093283211154
1059231,2788979,0.38258167814508703
1059231,7493217,0.38202238453568405
1059231,7052527,0.38139741567647684
1059231,646822,0.38106018456320384
1059231,4848115,0.3810151765044709
1059231,1950500,0.3809628637752223
1059231,2791789,0.37900800296861414
1059231,3704068,0.37879378563661775
1059231,3695322,0.3758457353595003
1059231,2393332,0.3755883712375584
1059231,2863979,0.37468183435410857
182539,8757178,0.7240134461318944
182539,57444,0.7191240239791906
182539,57448,0.6976745910314742
182539,57443,0.659677145723225
182539,57447,0.6502681424729668
182539,1638694,0.5336499464536414
182539,8757181,0.5220393028948157
182539,1638690,0.5126206661828354
182539,8299665,0.4144484192617312
182539,7371262,0.4128724914146559
182539,1638691,0.39958051086089724
182539,1307235,0.38875433312202773
182539,1307232,0.385437692786928
182539,4730803,0.36340877107119574
182539,8645860,0.3565585097449155
182539,1638689,0.3564864464695495
182539,1924235,0.3385787931292248
182539,5781220,0.32716345683599346
182539,3860675,0.3249743393803245
182539,790750,0.3249270005359435
182539,5137641,0.3246323433482651
182539,1924234,0.3238992250075838
182539,2909960,0.3219831516751148
182539,2909961,0.3214854209098176
182539,303941,0.31954675570091345
182539,1638687,0.3155746700482737
182539,4344454,0.3147114744607268
182539,1924238,0.3138298042771298
182539,5304656,0.312024417940664
182539,6520293,0.3104135142145125
182539,6520291,0.3103907875447534
182539,1527705,0.30814662952645633
182539,3684778,0.30814662952645633
182539,8460944,0.30814662952645633
182539,7014318,0.3059655817065546
182539,5828295,0.3055722638863067
182539,3860669,0.30537025827499137
182539,1525576,0.30463686912783516
182539,8112554,0.304533708437555
182539,1642204,0.30416025843810696
182539,1527701,0.3039958784404165
182539,5824649,0.30190697396460087
182539,8180618,0.30139632344817513
182539,8757180,0.29970225489639446
182539,1924233,0.29908590383179834
182539,7579347,0.2987979647340195
182539,7014316,0.298534272696203
182539,6662217,0.2985226848335349
182539,8460950,0.29776835706694266
182539,6135907,0.29772460500667186
182539,3760957,0.2975766941034928
182539,8645854,0.2937415932217783
182539,5501852,0.29352630854960443
182539,5850971,0.2921945276593954
182539,5137640,0.2901675473427049
182539,669033,0.2890108301581575
182539,5567729,0.2882833501177309
182539,1243171,0.28585157807207284
182539,3860668,0.28566504430654166
182539,2041220,0.2852009642964031
182539,651094,0.2851449400300192
182539,5724811,0.28446566133542517
182539,5824652,0.2842986189615167
182539,6343415,0.2815659083844667
182539,1924239,0.281027628145504
182539,2996997,0.2808764796418064
182539,8299661,0.2805331606761652
182539,669037,0.27865921467843086
182539,6081302,0.2777459816453854
182539,3211625,0.2770735696049899
182539,7037507,0.2761947214063358
182539,1924236,0.27602073574708896
182539,2662173,0.275348027580077
182539,2801908,0.27507185022102093
182539,3629048,0.27454810815106184
182539,8714205,0.27320891216630494
182539,2041223,0.2725354086131024
182539,2170678,0.271715381534436
182539,8658776,0.2709882691214381
182539,7684390,0.2705748968264295
182539,8134831,0.2697465772218241
182539,8107785,0.26944883551681614
182539,253663,0.2688874881970523
182539,3860676,0.26849322558120164
182539,6444177,0.2682835496307378
182539,6964939,0.26823749220592974
182539,5447357,0.267910504484006
182539,6540679,0.26581438707661187
182539,6524924,0.26568352438285453
182539,4390303,0.26511608294064426
182539,3211623,0.2650407846457372
182539,29146,0.26487125382582094
182539,8394366,0.26440171293776843
182539,771921,0.26398232490430995
182539,8291042,0.2636754454121272
182539,28457,0.2631534035078614
182539,454996,0.26195381221218084
182539,7583024,0.2617732808622995
182539,959278,0.261454178456122
182539,6520292,0.2612998456708623
1115569,8108289,0.80420536809538
1115569,4303203,0.4918475312665835
1115569,1743110,0.4573381989308562
1115569,1627668,0.43147172099992237
1115569,8108287,0.3956024035147071
1115569,2787846,0.3424441928031563
1115569,8108283,0.3154452091632097
1115569,8108281,0.308069439393437
1115569,7749627,0.2884248198536409
1115569,7306396,0.28405136441662365
1115569,8192877,0.2716655682570025
1115569,4525206,0.27156603941876084
1115569,5208409,0.26690307362317156
1115569,8452684,0.2633997553181267
1115569,2787843,0.26151751931923345
1115569,2651643,0.25904412747922795
1115569,2443809,0.2547260843507209
1115569,3813475,0.24949078032160404
1115569,2787844,0.24398729225562601
1115569,3435496,0.24143311538156703
1115569,1360548,0.24089486935690077
1115569,2787840,0.2334824474017123
1115569,8108290,0.22119938204034806
1115569,5208407,0.21360693383915946
1115569,5384929,0.2132599897263721
1115569,8800646,0.20653811996998359
1115569,4948545,0.1976139410000328
1115569,3024289,0.19600638416802704
1115569,3596266,0.1920073503786714
1115569,1514540,0.18209668196027012
1115569,8192885,0.18120867656548806
1115569,3679404,0.1786025884172203
1115569,4042818,0.1781892490282725
1115569,4491572,0.17562232177727058
1115569,4802478,0.17138169862487246
1115569,4299967,0.17096005831473365
1115569,3813477,0.16985271249863934
1115569,8192883,0.16705097384008866
1115569,4614028,0.16615558870400074
1115569,8192878,0.16571384466216593
1115569,3469342,0.1652821991225556
1115569,6008632,0.16488264731925698
1115569,2269687,0.16401349892636244
1115569,2103197,0.16247172554574574
1115569,2787845,0.16108718480301207
1115569,6429377,0.15954097414764581
1115569,6755577,0.15697818942529215
1115569,967918,0.15678894904958707
1115569,4046593,0.1566996425892616
1115569,581954,0.15564234679225972
1115569,2103194,0.15405066556572697
1115569,3679405,0.15388889886592505
1115569,5208406,0.1524589957278514
1115569,8260937,0.15066441695499166
1115569,2269694,0.15010012233684392
1115569,8056407,0.14985861192843816
1115569,4816381,0.1478827797431476
1115569,7227092,0.14749964608947114
1115569,7602598,0.14717779076440596
1115569,7292364,0.14600405672964378
1115569,781126,0.145007505813951
1115569,152529,0.1448947258074508
1115569,3810888,0.14455844779251925
1115569,7556474,0.1443376736581621
1115569,7556476,0.1443376736581621
1115569,2926625,0.14425549802118914
1115569,3705556,0.1438093150446528
1115569,2651649,0.143068495034012
1115569,4025931,0.14189674406005023
1115569,5285020,0.14189308390310595
1115569,3769802,0.14187409074713742
1115569,4816379,0.14187409074713742
1115569,8056399,0.1415545281366829
1115569,8108282,0.1409826092801988
1115569,5231846,0.14084192432674272
1115569,2651641,0.1408092702690842
1115569,7500714,0.14067300713570838
1115569,6025902,0.1404429422069148
1115569,4948548,0.14011950214083688
1115569,3435498,0.1391830873408432
1115569,7184477,0.13864720848879655
1115569,3718346,0.13813451279826564
1115569,5339108,0.13811102189979438
1115569,4719451,0.13714016269815515
1115569,2475094,0.13698830227158765
1115569,5997026,0.13692697554853372
1115569,7634763,0.13671644484818052
1115569,4906505,0.13595424843138448
1115569,3663338,0.13581485094612292
1115569,1627662,0.13576810909306122
1115569,3498731,0.13551175314835365
1115569,2786233,0.13525881905021953
1115569,5374353,0.13512940086533254
1115569,4581505,0.13487473761833627
1115569,3679398,0.1342966964861066
1115569,5208408,0.13425075321013502
1115569,5172234,0.13421961363236276
1115569,5285016,0.13347360012534396
1115569,1627670,0.13342541359963045
1115569,305013,0.13316402654078968
351697,8303857,0.6744457008483767
351697,686168,0.45796018757143275
351697,5363329,0.44378325049551287
351697,6433264,0.43147200046374806
351697,5332911,0.4243533222524088
351697,5332912,0.4154787906459552
351697,7513165,0.4122151972157147
351697,2389290,0.4075491735771179
351697,2389286,0.40714975045088625
351697,8468105,0.4038383782530762
351697,8125144,0.40301031332242915
351697,7615868,0.4027032207225504
351697,227820,0.4019217592983579
351697,227822,0.4014126465786642
351697,2942852,0.3991388541102952
351697,7044046,0.3991388541102952
351697,7688942,0.3991360619832279
351697,55768,0.3990960608590184
351697,55763,0.39873627749907714
351697,2944802,0.3984302377209322
351697,7044047,0.39785627425147635
351697,2944804,0.39785607698095304
351697,4668756,0.39756839289125356
351697,1147497,0.39737144946125363
351697,6325823,0.39713703302599934
351697,4668759,0.3969979446743269
351697,6536573,0.3969474777364643
351697,6536574,0.39645701183161614
351697,6809876,0.39579194139845875
351697,5069245,0.39499302663634744
351697,7432678,0.3948277931387799
351697,4655756,0.3944040771993038
351697,7432674,0.39434513303545965
351697,6402977,0.39384731067947204
351697,8384867,0.39283786627636125
351697,3664835,0.3921812748238084
351697,3664841,0.39170824399049203
351697,2810178,0.391262500942807
351697,1688524,0.3902478097720901
351697,4655752,0.3898165466347945
351697,1688527,0.3897817323807079
351697,6558602,0.38933430426321736
351697,2882402,0.3887525503410421
351697,6809879,0.38863067954368485
351697,7686759,0.38589350330102967
351697,8825691,0.3839634920479932
351697,8388697,0.38199109909557716
351697,8388703,0.38199109909557716
351697,7901046,0.38006934192183484
351697,6483310,0.37993157238524283
351697,5171548,0.3788856311774346
351697,8217125,0.3741322234384087
351697,8573982,0.37267831586251254
351697,6283688,0.3725640764359256
351697,4054257,0.37127343849419503
351697,8260174,0.3691050505665348
351697,7764918,0.36895419685742137
351697,6428075,0.3688556589925339
351697,6428074,0.3687798456048168
351697,3269411,0.3681177801753792
351697,6325825,0.3678396688360701
351697,8697560,0.3665794771569408
351697,4390305,0.3642727479713577
351697,5632541,0.36075975979679686
351697,6381796,0.36075975979679686
351697,4592085,0.35843554719893406
351697,7764920,0.3544785412754119
351697,1476147,0.3542975328503824
351697,7334752,0.3528744869422079
351697,6809873,0.3485385136307508
351697,7334753,0.34853685426003733
351697,2013617,0.3441464471771353
351697,2845472,0.34129239373839687
351697,8073783,0.3407281739172021
351697,4527833,0.3405915159171548
351697,5662921,0.34038605052944326
351697,3780600,0.33985827250471506
351697,6715580,0.3388215614389255
351697,686169,0.33650579603651837
351697,2147816,0.33427655469607925
351697,8142126,0.33367475610598
351697,6607876,0.33018487180479406
351697,2144452,0.32999735987615425
351697,1657989,0.3292331861703685
351697,8274684,0.3280786311990421
351697,4686245,0.32728206637742685
351697,1427745,0.32537340062938785
351697,1679614,0.3252594737585472
351697,8033396,0.3249534752755676
351697,5396738,0.32438714815112424
351697,2156039,0.3230378549993671
351697,6823475,0.32120179028888624
351697,6712600,0.31960011363271473
351697,5519658,0.3172082528108851
351697,5519650,0.3167834239140374
351697,6823473,0.3122972307812048
351697,4734273,0.31132588506340036
351697,5602385,0.3100739434137559
351697,7513169,0.30942248792750754
351697,4999076,0.30725157114190726
904965,3883762,0.5762984091215325
904965,8731393,0.5527963197895497
904965,2590192,0.5273842053514135
904965,2590187,0.5113685094865672
904965,5634114,0.49587468344493824
904965,2590190,0.4914505699263898
904965,8120989,0.4864365251045069
904965,5634113,0.48378991691996487
904965,7267087,0.48285942576315183
904965,529677,0.478332435579988
904965,5634109,0.47613527666295646
904965,6097446,0.4758716858047433
904965,8731392,0.47459675956785063
904965,155523,0.45946439926861904
904965,2590186,0.45552560428112143
904965,8731389,0.45356905059438596
904965,8731394,0.4420746324448048
904965,3140035,0.43969336453558583
904965,3140040,0.4313336460718558
904965,5400969,0.4276467802916993
904965,3424507,0.4260715421487985
904965,1046851,0.422904764926895
904965,5910441,0.4183134684697718
904965,8124544,0.41823076894309125
904965,8731390,0.4160376824299307
904965,8652077,0.4124537218436899
904965,548845,0.41150292929969207
904965,3712293,0.40862712371878374
904965,5146828,0.407165751445262
904965,4823755,0.40627503890274613
904965,3141272,0.40173057631660325
904965,617745,0.3987273668777264
904965,7500220,0.39838936196414776
904965,2808378,0.3983075452415336
904965,5452766,0.39817501583276904
904965,7500221,0.3978885869455546
904965,5868880,0.3966527541965735
904965,4302831,0.39585374399592677
904965,1164214,0.39521497003692013
904965,918687,0.39403167434709163
904965,2388903,0.39288224097427
904965,3424508,0.3912116166259845
904965,4302832,0.3898409779651959
904965,6111058,0.3884705536734517
904965,3883767,0.3873787416240787
904965,1891777,0.3866607396390387
904965,4876610,0.3827430919422759
904965,6925630,0.3814403651042434
904965,4204915,0.38098424231883476
904965,2808377,0.3794687968929609
904965,4876609,0.37936718471510483
904965,614101,0.37887980024809087
904965,7657812,0.3784232666046346
904965,5910436,0.3781122233954029
904965,8205581,0.37549455371605817
904965,4447949,0.37234291246880014
904965,4447948,0.37234291246880014
904965,395857,0.3716415448268485
904965,2388901,0.3712939202248211
904965,5452768,0.3712426610729221
904965,7887585,0.37076031801296894
904965,155522,0.3703389414799228
904965,2381460,0.37032216239582455
904965,5910440,0.36822668500798966
904965,1776128,0.3676832894419057
904965,7266114,0.3675660780761409
904965,7460025,0.3668600672934308
904965,5910439,0.3646459149925351
904965,1207824,0.36385483122763534
904965,5013350,0.3638390569210776
904965,8601385,0.3631164485064746
904965,6562485,0.36230916280680364
904965,8063064,0.3621712243577754
904965,3141270,0.3602657310388029
904965,5910437,0.359669906420523
904965,7990715,0.359609012717824
904965,5912745,0.3587500072311762
904965,5013348,0.35800433508747653
904965,532929,0.3579957037897839
904965,664904,0.3578277082345564
904965,196501,0.3578119378729471
904965,4876605,0.3577488780202065
904965,2484236,0.3558945108442249
904965,5621437,0.35511882417917645
904965,5621436,0.3549610323479575
904965,7887590,0.3545940072375234
904965,7973344,0.3541518130388993
904965,5621434,0.3540985442859082
904965,6562492,0.3530728629469659
904965,3141275,0.3525558463774884
904965,120398,0.3519099328754536
904965,3953127,0.3516081616812247
904965,13661,0.3514512812779675
904965,5108878,0.35142004776497443
904965,1546414,0.35139137372384377
904965,930484,0.35100902481260643
904965,2888334,0.35055878430875304
904965,6832432,0.34949206606271815
904965,7788589,0.3491525940614303
904965,664905,0.34885328743217175
292906,8298540,0.6379805352275024
292906,8738071,0.5384026125016448
292906,8738070,0.49912852697665056
292906,2312230,0.46044146122877
292906,6882581,0.4581960283271524
292906,4813471,0.45599957509449546
292906,4813469,0.4532648320108113
292906,3185181,0.4519876416269373
292906,4066764,0.44678931979431785
292906,8307530,0.44653241313558795
292906,4856308,0.4448486096746129
292906,4813473,0.4446250434498268
292906,5409484,0.44245269037966506
292906,1118228,0.4422964829065924
292906,331867,0.42761662832871633
292906,6482046,0.42622370774565166
292906,4133304,0.4257986199975349
292906,4532763,0.4257294778798142
292906,3322138,0.4243379898045404
292906,259007,0.4227473520934555
292906,6804281,0.42149927595446335
292906,1866988,0.4201821395442656
292906,6269963,0.4199953621797346
292906,7365462,0.419495318051794
292906,8307529,0.4187698999943588
292906,3185183,0.4183779304659665
292906,4449282,0.41593354028926344
292906,6882580,0.4158765288789355
292906,8552996,0.4152696696633786
292906,5462915,0.41469043015006035
292906,6482047,0.4142954818730732
292906,1226557,0.413837920755975
292906,8519680,0.41270422580425853
292906,531183,0.4123919708750022
292906,5956045,0.4123222404681711
292906,5801711,0.40566332237533287
292906,3405923,0.40441067252671403
292906,2840019,0.40431064894403224
292906,5035291,0.4028667496140783
292906,6482048,0.4028313835131121
292906,6761038,0.4020478633124265
292906,6418029,0.4007016195124653
292906,6721253,0.400358289815643
292906,7156289,0.400286524290989
292906,2591263,0.3993535738490666
292906,5085725,0.3989854540558738
292906,4856306,0.39804757120109746
292906,1769937,0.397590148111354
292906,5622635,0.3963300857381553
292906,2840021,0.3955224903393951
292906,5230807,0.39491830107796333
292906,3685876,0.39376874372397186
292906,5043017,0.3935998066018974
292906,1625522,0.39335599875047544
292906,2840024,0.39265744855067364
292906,2423004,0.3919956567921828
292906,5801706,0.3903720426724354
292906,713577,0.3901706845471102
292906,6804275,0.38902776318463167
292906,687746,0.3882089693583946
292906,6132796,0.38812845896149245
292906,603546,0.38794268382706054
292906,2840018,0.38778697593844275
292906,4718656,0.38670965392364975
292906,1102678,0.38651878902907827
292906,8502818,0.38584294389782164
292906,5431264,0.3850012302757286
292906,3002238,0.3848708420914495
292906,4818748,0.3841912472924496
292906,1100332,0.3837725853733931
292906,531188,0.38204382147807553
292906,2906986,0.38200547707530885
292906,7365465,0.38170626190760587
292906,6269966,0.3811954506320008
292906,4138135,0.38088801502825215
292906,5432278,0.38088801502825215
292906,5355591,0.3807646176301125
292906,1197015,0.3795190755866915
292906,6628742,0.3792722963049988
292906,3429655,0.3792483181557186
292906,6431858,0.37918590163944466
292906,3905414,0.37910789947346984
292906,1479140,0.37862364201306964
292906,473139,0.3783184314329726
292906,4650381,0.3781147077579154
292906,1769939,0.377797795590988
292906,4856307,0.3776833984543733
292906,259010,0.3769493503807521
292906,1479144,0.37647051186381153
292906,824801,0.376234185690826
292906,7134527,0.3761957645471383
292906,6482045,0.37515013210225445
292906,8220447,0.3745412023128314
292906,6975505,0.37324568187667057
292906,1834951,0.37281144776443575
292906,4718650,0.37245277549869177
292906,6482044,0.371957919320947
292906,4212377,0.37193310604213803
292906,2423006,0.37009234321147755
292906,4450367,0.3698548881112925
662372,8610897,0.6515262715813526
662372,1418377,0.5777447810263263
662372,3939482,0.48042962899571096
662372,8322043,0.44055412652969544
662372,8049290,0.4265179656894608
662372,1140781,0.42541592199335904
662372,3102595,0.41987021666020574
662372,6870165,0.41933481316902094
662372,3339892,0.4146326263262282
662372,7425043,0.40330898885057087
662372,4629253,0.3998157876746301
662372,3557820,0.3944100060141114
662372,1875708,0.3877358909623811
662372,6631390,0.38716320209861865
662372,2679725,0.3851555423843916
662372,7248297,0.379413539444541
662372,8243037,0.37673416890325834
662372,1418379,0.37659864209081517
662372,6986750,0.37517798833744265
662372,8275908,0.3745553229858945
662372,1734243,0.3734844793346664
662372,2352383,0.3698849213660433
662372,8496959,0.3690790501050325
662372,6870167,0.36551835000001126
662372,8220334,0.3639569817069743
662372,8220332,0.3639569817069743
662372,7976900,0.3614668453795074
662372,804544,0.3610199709447992
662372,666302,0.3591881688370213
662372,666301,0.35758477267806926
662372,7632349,0.357292558899432
662372,666299,0.3537469610423375
662372,3557815,0.3495114522595448
662372,3492405,0.34829386409347035
662372,8220329,0.34780730984663294
662372,4629249,0.34725040282722813
662372,1140788,0.3455774011546484
662372,1159876,0.3447174262583953
662372,2903200,0.34439972570065336
662372,7297963,0.34371792850541405
662372,3339896,0.34284538793096225
662372,2169745,0.34041640178867805
662372,8275904,0.3390539727106326
662372,1780693,0.3380837249163139
662372,7632347,0.3367891887973318
662372,3628896,0.334974810668831
662372,5996037,0.33376533504220374
662372,8155818,0.331502341810443
662372,6412119,0.33055532221350953
662372,568145,0.32921670249299173
662372,2903199,0.3291223365102412
662372,3232185,0.3287251915523555
662372,767802,0.3284103516322543
662372,8333110,0.3268586800578722
662372,3593475,0.32511991719895467
662372,2169743,0.32484319845565507
662372,6631389,0.32322448549480154
662372,6631388,0.3229747827059304
662372,5765671,0.32268647315662163
662372,6235727,0.32265163500346056
662372,6631391,0.31925228104139997
662372,4102420,0.3187072726029832
662372,3939483,0.3155030771177534
662372,4446998,0.31393760055987036
662372,2082783,0.31183035054310754
662372,2169749,0.30759282369236346
662372,6961402,0.3073127119731953
662372,6961400,0.3072159791569194
662372,1780696,0.3062283113560336
662372,7398481,0.30407631852554823
662372,7848957,0.3034393873344604
662372,767799,0.3025067394421364
662372,7185657,0.30098785816679824
662372,7963398,0.30088192864810537
662372,576056,0.2999355968636759
662372,3557821,0.2991718324795082
662372,7425040,0.29786750785127497
662372,3487560,0.297044719348997
662372,6394118,0.2966956716211263
662372,5371146,0.2965279818444183
662372,8220327,0.2962084352535736
662372,6961404,0.2959181195903472
662372,2274269,0.29525775306706104
662372,7973268,0.2949406581525896
662372,7425048,0.2947528211917827
662372,3315169,0.292042334335634
662372,4276289,0.29107522660574336
662372,6961406,0.29077443884167636
662372,6348243,0.29050355693488117
662372,7643611,0.2902557463825498
662372,4016120,0.2902216925791136
662372,4131922,0.2901796864321574
662372,5609016,0.2894936858242325
662372,2042905,0.2894079897973489
662372,3216934,0.2893875308281789
662372,1640574,0.28928478651321377
662372,4629251,0.28911426354691483
662372,8610896,0.28631615036359975
662372,2274270,0.28616991372566963
662372,7359073,0.2838584442017038
364142,1211753,0.5294125783584387
364142,425874,0.5255524107922945
364142,8652170,0.5154946551241797
364142,7804823,0.5121999117222689
364142,949853,0.5081731049527021
364142,6358882,0.5045734427247592
364142,42049,0.5011158767807612
364142,720443,0.4921451230904434
364142,3463598,0.48645919034529145
364142,3463600,0.4841677158152275
364142,1173707,0.482817575785684
364142,8652173,0.47856021971492574
364142,4993676,0.4731072330985283
364142,2130954,0.46703862586919476
364142,1211750,0.4549159381911378
364142,42042,0.45128576557486627
364142,2130960,0.45081894904115766
364142,8836657,0.4495778082137796
364142,6308350,0.44873443631573484
364142,2171777,0.4473435104465404
364142,1211754,0.4444294194130372
364142,6914910,0.44234337178758737
364142,1211756,0.44118103426211897
364142,174485,0.4398033287810417
364142,42041,0.43842708671645875
364142,2918873,0.4366975626118412
364142,974291,0.4360893988015504
364142,3485502,0.4356400941502042
364142,2130957,0.4341880497883992
364142,425876,0.4330804064943148
364142,1706891,0.42964139013023644
364142,435405,0.4287891435006496
364142,2654732,0.42378187230589887
364142,1940755,0.42378187230589887
364142,7873652,0.4226721824904968
364142,2654727,0.4215558604753377
364142,720444,0.41874623581151943
364142,1897488,0.41668035519769075
364142,1407500,0.41665375792527753
364142,425873,0.4147955952776484
364142,964606,0.4142053932309625
364142,1211758,0.40908095181011495
364142,2921860,0.40586624006688393
364142,602273,0.4056265991420145
364142,720447,0.405411683185328
364142,6489636,0.40345302064763305
364142,1407499,0.402616527765305
364142,3614431,0.4012873457241609
364142,8705162,0.3974191609901077
364142,2213871,0.3962051281535241
364142,7319382,0.39591323395266237
364142,2921862,0.3949748409415128
364142,6068025,0.3930633075371007
364142,2654729,0.3912834271205625
364142,6466650,0.38904654451185383
364142,5316445,0.38794300920062946
364142,2918879,0.3839239341788942
364142,4925016,0.3825201706589205
364142,2654726,0.38165820961982344
364142,6466649,0.38061822767235787
364142,3989144,0.38032438397194046
364142,8652171,0.38028206389895264
364142,6599093,0.37863515085958555
364142,5316446,0.3768501603336679
364142,4789088,0.3760365492980325
364142,2345547,0.37505309290565547
364142,6466652,0.3745846452252775
364142,4693615,0.3735484562968879
364142,2749370,0.3720684192981033
364142,4536610,0.3716037671852328
364142,6466651,0.3715428512820377
364142,6680896,0.3715263741812916
364142,2831843,0.37148352026536086
364142,1014387,0.3699317855751933
364142,6466653,0.368748703392778
364142,4759280,0.36577171949572834
364142,4408763,0.3650018189863426
364142,3125836,0.3639962017755327
364142,3433353,0.36173784339409243
364142,2654730,0.36141079305805013
364142,7065944,0.3581177983175086
364142,8836651,0.3578978117001179
364142,4536609,0.35786679366830676
364142,908165,0.35678178623818035
364142,2056720,0.3564399846091564
364142,8642786,0.3527513819084487
364142,1173703,0.3527015277605632
364142,1139312,0.3510821393103157
364142,7873648,0.34975000613110974
364142,8648050,0.3488611654837993
364142,8368755,0.34851580209332494
364142,2939441,0.3470303228578753
364142,3572315,0.34651069238155285
364142,2130956,0.34512748406543087
364142,1706890,0.3410581868469574
364142,8642783,0.33757933692991643
364142,3958888,0.3367505232261103
364142,1046237,0.3352874526312327
364142,6550196,0.33523810753329986
364142,2171785,0.3341352521570239
20455,1795457,0.6313485028942616
20455,151258,0.5556887099779956
20455,981072,0.5485792517070649
20455,160655,0.5360060423212899
20455,7689804,0.5261135717466211
20455,6921271,0.5229308645245604
20455,8333284,0.515497988608642
20455,6437687,0.4767701751129324
20455,4504007,0.4725225878573054
20455,4071438,0.46848796156880423
20455,7605008,0.4661512145709055
20455,5874333,0.4612923981984826
20455,6340609,0.45439580004440583
20455,3243762,0.44971968978868576
20455,1345126,0.4496474662276205
20455,1605138,0.4493974583980459
20455,427422,0.44922142989990144
20455,837264,0.4471009708338345
20455,7580035,0.4466868019516229
20455,631106,0.44476419871737016
20455,6340610,0.4441384514051286
20455,1914317,0.4411954555187165
20455,5516138,0.43788702440762234
20455,7689808,0.43546042250494377
20455,2036372,0.4352693582632457
20455,8194161,0.433472723942262
20455,5796832,0.43178724889907893
20455,2878919,0.4302539273879152
20455,5299387,0.4266397492958355
20455,220952,0.4193259116501628
20455,220953,0.4193259116501628
20455,7310659,0.4146605663477776
20455,4652584,0.41458436714672464
20455,5572799,0.4134502167398944
20455,2878917,0.4129537378053006
20455,168352,0.4120870109334026
20455,7104949,0.4115513181941075
20455,6884611,0.4111087328018678
20455,6353458,0.40969351285451155
20455,4449518,0.4078635939925246
20455,7605007,0.40612732829102083
20455,8667947,0.4059484081376651
20455,1782334,0.4050851244450672
20455,4519131,0.4026897660087532
20455,1464347,0.4022539360084784
20455,4934750,0.4021312793491808
20455,6157016,0.4015167480401284
20455,7382818,0.4015167480401284
20455,3068286,0.3987558502130171
20455,3890080,0.39844387884138976
20455,1602266,0.39514863544465734
20455,1319673,0.3940398870626559
20455,6774312,0.3928238631211175
20455,1343301,0.39277186704127864
20455,7848775,0.39203782531855214
20455,8296025,0.39121693239563854
20455,8298998,0.39050292053366975
20455,7302178,0.38992643480406897
20455,1005073,0.3889874349091234
20455,7285605,0.3871575580423842
20455,3201265,0.38421474840306086
20455,7605011,0.3828143446170138
20455,7514029,0.38108920275095487
20455,3109073,0.3796973752211478
20455,6062197,0.37888323809642704
20455,5321345,0.3787440258554651
20455,5327632,0.37790193944230677
20455,4782504,0.3774085564540955
20455,631098,0.37702585078015033
20455,6964912,0.3765412184623352
20455,7285596,0.3761161412125475
20455,7130333,0.37510914459002953
20455,3053352,0.37337145805409777
20455,6575520,0.3728147365570402
20455,7836990,0.3719521370344172
20455,3243759,0.3716952141068506
20455,6353462,0.37164238256138715
20455,6949185,0.3713512042996265
20455,7231061,0.36959534968229646
20455,6898909,0.36949870671865953
20455,5327626,0.36947415159211183
20455,3748956,0.3671667641424584
20455,1121984,0.36657295307257104
20455,4518086,0.366434559465037
20455,2951719,0.3659781252510931
20455,568209,0.36500825851118385
20455,3425258,0.3644971891857195
20455,5712641,0.36428688736754516
20455,4075276,0.36408205222770595
20455,365660,0.3639736073915407
20455,7285604,0.3616247288948115
20455,919033,0.3601206680173519
20455,6589351,0.35809033137294066
20455,6997933,0.35731134716178115
20455,3054033,0.3552847365964335
20455,1464350,0.35477395217209506
20455,8044870,0.3538703996421366
20455,6314912,0.3526859582918256
20455,919040,0.35224288114095065
20455,7130336,0.35209808263113135
1119058,4525494,0.5332384635933384
1119058,3129109,0.531259450593042
1119058,2807185,0.5281131439271421
1119058,8027788,0.5116473406128073
1119058,7741430,0.4826882567895926
1119058,2807179,0.47251714085471963
1119058,7741427,0.47039913990853227
1119058,3664893,0.4688898484248177
1119058,1291195,0.4590009939164631
1119058,2419427,0.45679943034421755
1119058,6494385,0.454475653674289
1119058,3274923,0.45363149938071984
1119058,3247400,0.4520519571061034
1119058,6494382,0.4519678623761992
1119058,6713010,0.43915882313087373
1119058,4729544,0.4352193074523197
1119058,8730930,0.433183643797176
1119058,7923863,0.42890977747673564
1119058,2686139,0.4266199651168471
1119058,1973364,0.42133987979982507
1119058,569780,0.420229394486499
1119058,620523,0.4193379640945422
1119058,4436885,0.4160124223594763
1119058,2189798,0.41334460797830636
1119058,6713009,0.4096117188667038
1119058,5988072,0.40702824090440587
1119058,5987965,0.40291450490642966
1119058,5159527,0.39349847972071567
1119058,7372491,0.3929450433917492
1119058,7982820,0.39120613160592543
1119058,5988078,0.3902419614807194
1119058,8075207,0.38884452523634444
1119058,2807181,0.38829191704032373
1119058,6713017,0.3854978795179342
1119058,3247401,0.38508848160810355
1119058,6434252,0.38460715999723727
1119058,3808227,0.38114935367572217
1119058,8017903,0.38089884915213773
1119058,1615104,0.38055482878868113
1119058,6335745,0.3802680574919207
1119058,901192,0.37857977400842374
1119058,4696466,0.37711355847523054
1119058,8312879,0.37693260427302555
1119058,4525495,0.3751687935291501
1119058,4139535,0.3748400844734244
1119058,6880205,0.37471796758956544
1119058,3530209,0.37427988952707136
1119058,3016140,0.3725798787328649
1119058,778561,0.37207654942026336
1119058,3247397,0.37069693498820516
1119058,1458506,0.3696689000659105
1119058,8332146,0.36890559134622564
1119058,4639724,0.3687993749636102
1119058,7786930,0.3681836853598876
1119058,3730802,0.36812523051902857
1119058,821331,0.3660215086239139
1119058,1458507,0.36555918804707527
1119058,8626220,0.3641263940841145
1119058,424231,0.36403499969833814
1119058,8150644,0.3636555877114846
1119058,5341229,0.36332944405575673
1119058,3697177,0.3622427776703133
1119058,1588771,0.36099423168044714
1119058,6703357,0.3607332688300828
1119058,5195212,0.3607157022366992
1119058,99601,0.36068358116145977
1119058,7018801,0.3596832818549339
1119058,5388932,0.35922290614314273
1119058,1915520,0.359162704444372
1119058,4522893,0.35855579951255157
1119058,5207908,0.3576063785229152
1119058,7201837,0.3575406566575844
1119058,1973361,0.3571561206187638
1119058,4580581,0.35579328021860246
1119058,5341225,0.35522788273267003
1119058,3764709,0.3526139777166237
1119058,1903032,0.3524571252583022
1119058,6816799,0.35226642238945977
1119058,1456791,0.3520595112282964
1119058,4556124,0.351947807473906
1119058,825776,0.35136244125077115
1119058,4899194,0.3502782470872309
1119058,6397710,0.3499809820625285
1119058,1101344,0.3496149960235464
1119058,4556125,0.34955831543215893
1119058,2919229,0.3491561922849532
1119058,821325,0.34812406784042427
1119058,16195,0.34733701501867864
1119058,8718419,0.3470655990278058
1119058,8718423,0.3470655990278058
1119058,4135738,0.34672345858023035
1119058,1328066,0.346036462850022
1119058,4781572,0.34461892641814473
1119058,4809836,0.3443079525396523
1119058,5138642,0.34337295549846036
1119058,5670048,0.34213921152005533
1119058,2353639,0.3406882621641503
1119058,3092938,0.33937537183940925
1119058,7083931,0.33928864049567065
1119058,8288053,0.3386949744722821
203318,8340387,0.5269579882786498
203318,8340382,0.49011137993823606
203318,367849,0.45571208132510893
203318,8340381,0.4550363039762925
203318,3099450,0.44099826609790466
203318,2522629,0.4175970515496658
203318,1488039,0.4065363021134496
203318,8340379,0.40519091732283397
203318,8340383,0.40087908453303167
203318,6646651,0.3987121054351215
203318,2533844,0.39714081811673513
203318,1959521,0.3909464190216413
203318,8138134,0.38986590099349977
203318,8138141,0.3866708551577994
203318,7154758,0.3858519458979393
203318,5717616,0.385448234210024
203318,3495775,0.38408179111921703
203318,4718001,0.3832844270096782
203318,3330105,0.3805569726912891
203318,8340385,0.3774241142177474
203318,8311813,0.3749380099954929
203318,8311814,0.37282745717521254
203318,1221516,0.368423903219117
203318,1370845,0.3667921721677468
203318,7566775,0.3620353958470723
203318,4718005,0.3607833926345517
203318,1510007,0.36026051308531565
203318,5031965,0.359318845032121
203318,8476106,0.3583038229414589
203318,226303,0.3581762501983421
203318,36774,0.35770785032345886
203318,1158514,0.3567591142447331
203318,2257802,0.3557316717615813
203318,6947714,0.3547335301269896
203318,6185829,0.35377557498575457
203318,5770739,0.3530915079553867
203318,5408640,0.3526895509822657
203318,7866277,0.34888168129867875
203318,815259,0.3484970966090482
203318,959427,0.34730263621801566
203318,3083622,0.3470010918862985
203318,6746282,0.34596822039737096
203318,5031966,0.34589348229215
203318,533062,0.34537865218558106
203318,7117114,0.34537377243734185
203318,4997797,0.3433485644261682
203318,8774387,0.34289623783198103
203318,2088498,0.3425339539115422
203318,815258,0.33842819229117405
203318,418784,0.3380629536291592
203318,1349755,0.3373637826221193
203318,3815500,0.3373105735282023
203318,7841700,0.33718926516936076
203318,3822169,0.3357019793425349
203318,4175999,0.3355173367276877
203318,4997790,0.3350388783690886
203318,6492545,0.33503088603188297
203318,6276918,0.3336136058663626
203318,7759832,0.3323121380642319
203318,6067207,0.33115633917325693
203318,2342464,0.33019264896150524
203318,2910446,0.3282650828817504
203318,3083624,0.3277886262998664
203318,7566777,0.3277850629650781
203318,5245081,0.3275559113018122
203318,1959517,0.3270687398729834
203318,4718008,0.32668510295190256
203318,3309065,0.3266441627999765
203318,6371875,0.32593184483967963
203318,8748106,0.32489629520808294
203318,8748107,0.3244356254248767
203318,8055971,0.3243928727063996
203318,360636,0.3235495655946694
203318,570697,0.3225533724906219
203318,7010253,0.32215064199776994
203318,253950,0.3207458369778338
203318,3822165,0.3202125820187909
203318,418783,0.3202125820187909
203318,6944162,0.32021087047840446
203318,346241,0.32006235462015964
203318,7838666,0.31786167400745796
203318,2227147,0.3176007363577062
203318,3601577,0.3176007363577062
203318,3495768,0.31651078118543835
203318,3692214,0.3163493693534519
203318,3819666,0.315396348009557
203318,8252983,0.3153661751983952
203318,8732690,0.3153552889544182
203318,4997789,0.3151835117368913
203318,3173290,0.3145444475409909
203318,2513902,0.3145023787545183
203318,257965,0.314199279449724
203318,7173806,0.31412574070295857
203318,126647,0.3127074215834991
203318,8560553,0.3114554743499271
203318,8791306,0.31134323298803
203318,13579,0.3106834403494413
203318,4430781,0.30987155780698106
203318,73284,0.30963103852541873
203318,1350370,0.3091414427424603
1126813,1121119,0.5427153483481302
1126813,8783942,0.48719100086486833
1126813,8783936,0.44472085213892915
1126813,7622796,0.43367310780033713
1126813,3840807,0.43244091866730283
1126813,3441835,0.4118985637092311
1126813,3581393,0.3982870664584837
1126813,1208582,0.3959479493865862
1126813,1121123,0.3955708945810434
1126813,363015,0.3922544919009087
1126813,7421676,0.3870303094291234
1126813,6452820,0.3841487736168301
1126813,8783939,0.38287564141387237
1126813,2283981,0.3778226926321265
1126813,3441830,0.3625090604813672
1126813,4020496,0.3603371206525
1126813,5282069,0.35875463105041894
1126813,8271309,0.3525960918038816
1126813,3253500,0.3473799800800713
1126813,3138259,0.34734867988436374
1126813,4590547,0.3440587697438134
1126813,6452826,0.3430783623894935
1126813,1217379,0.3409490024262769
1126813,2750616,0.3375678029730751
1126813,2771485,0.3372314523216215
1126813,3380792,0.33673954845291953
1126813,2565925,0.3366270981571155
1126813,5072022,0.3326683975617741
1126813,3658552,0.3322369225026078
1126813,2750618,0.33218692741833
1126813,4093184,0.3318880252105617
1126813,7953888,0.3315120347882864
1126813,3380799,0.33086360619900484
1126813,3840808,0.33078780046890854
1126813,1858706,0.3299098194303027
1126813,7916228,0.3293132833743187
1126813,1121122,0.3291345617567512
1126813,3420739,0.3277879273613576
1126813,1208578,0.3275683692911112
1126813,4991805,0.3275679947130797
1126813,4305654,0.3271200789033179
1126813,2705245,0.32700937402119146
1126813,2750624,0.3257375444356816
1126813,5711444,0.3211023557334993
1126813,2326030,0.32104003861787445
1126813,2750622,0.3209614882011821
1126813,2538491,0.317978105978834
1126813,5626636,0.31750301110744006
1126813,7726697,0.3167842063765929
1126813,8602306,0.31615553551841075
1126813,2583416,0.31430561120673906
1126813,4726292,0.314109889265134
1126813,5711445,0.3140017005605482
1126813,8417051,0.3139816042248572
1126813,6738069,0.3134146053540444
1126813,4066413,0.31301358497967224
1126813,7297348,0.3125865417038915
1126813,4498567,0.31126563429254844
1126813,4692790,0.3106843859830664
1126813,2771486,0.31035206440672664
1126813,8101389,0.3099488700849767
1126813,2750619,0.3078702333024274
1126813,1299266,0.30715281340541895
1126813,3435175,0.30659834081416243
1126813,1041278,0.3054602385539517
1126813,6748578,0.3050099968112617
1126813,4274420,0.3046489147520627
1126813,8457395,0.3032515686911659
1126813,7714624,0.30298133130668736
1126813,8801618,0.30265743494779396
1126813,2493521,0.3019384969590987
1126813,2186775,0.30055034150665827
1126813,123780,0.29993244510588546
1126813,6683448,0.29980106065625534
1126813,5577083,0.2990063791325755
1126813,3447604,0.2985753010602191
1126813,7855187,0.2984884249451289
1126813,1393258,0.2977676086602856
1126813,539104,0.2964284379695579
1126813,6864420,0.2963065241963931
1126813,7910743,0.2952029564923404
1126813,3772172,0.2939161160419348
1126813,1591594,0.29383737222496786
1126813,8134228,0.2936018067291455
1126813,8007924,0.29285468417410304
1126813,5577085,0.29259402119210204
1126813,7855188,0.29257503637732657
1126813,1591587,0.29159598761210714
1126813,7461675,0.2913606377325406
1126813,2955686,0.29112491925449097
1126813,4991806,0.29080264483847296
1126813,5924438,0.2906502130095434
1126813,5720391,0.29061795271241025
1126813,573827,0.29042240405522796
1126813,635793,0.2898607339880132
1126813,7500976,0.289384430491863
1126813,573828,0.2881915568528075
1126813,5720393,0.2881358089523461
1126813,7953886,0.28793949956338966
1126813,402809,0.28780659006027515
240053,4790299,0.41741866796992966
240053,6963596,0.3852671242311123
240053,5492716,0.3775451604176096
240053,6963592,0.37653679982306726
240053,3692254,0.3697537490896209
240053,5853963,0.3655602327333511
240053,3857660,0.36019648427767975
240053,7032844,0.3588902606124394
240053,8753839,0.3580260011861857
240053,836101,0.34439169416766774
240053,2652005,0.34248267601857685
240053,3162892,0.341155502495936
240053,4305364,0.3408180478279083
240053,5427400,0.336652088936294
240053,3025215,0.3365201687247462
240053,5853959,0.3349010440990081
240053,7867148,0.3340723251697614
240053,6469678,0.32872854842940624
240053,7844754,0.3266757374041645
240053,4318432,0.3258061057577883
240053,1753929,0.3254957359573006
240053,7160691,0.32427974257699277
240053,2026447,0.3240833713312122
240053,5286093,0.3239831842527788
240053,184957,0.3195977217137786
240053,4318430,0.3163247386652365
240053,7844755,0.31471962955640537
240053,391521,0.31373384499257456
240053,7160696,0.31299841132209877
240053,7160694,0.31299841132209877
240053,794798,0.3114933931366455
240053,4335773,0.310992658806603
240053,5398230,0.30979088693745693
240053,7337234,0.3070231294275369
240053,5427395,0.30689556202114676
240053,2967062,0.3061292586357563
240053,7989720,0.30467514685948704
240053,8100100,0.30257926777242294
240053,5173783,0.30143761237755445
240053,5657095,0.29781001791998873
240053,4790298,0.2975908284747489
240053,1215440,0.2966391789535966
240053,6160376,0.2966067226423101
240053,2978255,0.29279816135343617
240053,3389261,0.2923239252764744
240053,1703979,0.29107683431187775
240053,1961954,0.29096635579170915
240053,6720262,0.29093276126818746
240053,7382511,0.2890795850615489
240053,8643486,0.28756209898027507
240053,2499486,0.28744468988272437
240053,2967058,0.28680878071716054
240053,6514138,0.28675614171499036
240053,8315352,0.2866443478443275
240053,2960576,0.2863816352153335
240053,3070327,0.2852919184737396
240053,2244868,0.2852051516683005
240053,1917549,0.2841087490500434
240053,2139360,0.2832580628915855
240053,1784977,0.28273895085764483
240053,1119027,0.2801582879639973
240053,855861,0.2801404158318496
240053,635361,0.2789376895151865
240053,3517862,0.2781849130062401
240053,7280327,0.27720168553014235
240053,2640697,0.27647964519089013
240053,2562457,0.27646684062247684
240053,233532,0.2759694634134981
240053,457804,0.2756276577167455
240053,457808,0.2756276577167455
240053,5124573,0.2754608943542715
240053,7191097,0.2739953124637817
240053,8709988,0.2738279789028528
240053,6805456,0.2730400356390203
240053,6088332,0.2722517638581393
240053,5896190,0.2721031465494903
240053,4454132,0.27163461770711056
240053,4035105,0.2714036046537353
240053,6435861,0.2712892119189236
240053,5657097,0.2709196624448918
240053,5898014,0.26982299816423466
240053,7644819,0.2697624516753168
240053,5758527,0.2693927704301612
240053,3014514,0.26885852559117884
240053,1820850,0.26875482449157834
240053,8643301,0.2679684378967998
240053,2141595,0.267575851860997
240053,2960570,0.26745264328513085
240053,6244367,0.267242790706187
240053,4790295,0.26659837733805775
240053,942885,0.265761537216573
240053,4328559,0.2657301870982024
240053,1917361,0.2652464990841954
240053,1026388,0.26452935691579693
240053,4732929,0.26424207596044785
240053,5286091,0.26417173467444266
240053,6088326,0.26410528001084
240053,6463932,0.26403423309559254
240053,7160692,0.26399783618137784
240053,5617186,0.263694044080344
1115392,8110046,0.3437038417405513
1115392,8110044,0.3044296166502686
1115392,8110041,0.22229303749486504
1115392,2653628,0.2107465144841479
1115392,8110043,0.20791116386475408
1115392,8069293,0.20497229376723966
1115392,7081654,0.20268199412057827
1115392,4068049,0.20064503054029909
1115392,2518508,0.19958120150777736
1115392,5632415,0.19555299453976172
1115392,8838196,0.19220093574246588
1115392,5212694,0.1839375453495302
1115392,8713469,0.18032845696291094
1115392,1325713,0.17783043601078297
1115392,1679429,0.17610836932389198
1115392,1829917,0.16668146249519486
1115392,5212698,0.1627930033270385
1115392,3913375,0.1610073304376561
1115392,7086975,0.15042604992084038
1115392,344436,0.14815800383025918
1115392,2557675,0.1296880350157421
1115392,5060782,0.11714549243339824
1115392,1829918,0.11294059592439777
1115392,8207894,0.10524606503000518
1115392,3093360,0.0840697384553811
1115392,3093361,0.0713641375836679
1115392,3093358,0.06595060932662708
1113437,8162984,0.5106921775173405
1113437,6017945,0.47732594493358205
1113437,5188746,0.4762519359621889
1113437,7385216,0.47569721358893613
1113437,2354940,0.45787214893514455
1113437,5188745,0.4472040826050314
1113437,8128798,0.4269281348975216
1113437,4016934,0.4254172290906745
1113437,1280572,0.4181486460198992
1113437,6597538,0.41727330300999665
1113437,8128793,0.4085426386502792
1113437,7277236,0.3972261578179573
1113437,3518298,0.3907284185834264
1113437,8128790,0.3885723662536184
1113437,3436902,0.3845602854833214
1113437,4016930,0.37976825450775337
1113437,4016939,0.3762278177935025
1113437,1768728,0.3715670778226145
1113437,5362612,0.3709486633016164
1113437,2110583,0.37056744116044854
1113437,4498871,0.36640350580355346
1113437,5548679,0.36132630732012
1113437,5938419,0.36063294514500954
1113437,5546289,0.3576646940236289
1113437,742037,0.3498931337123698
1113437,7766971,0.3496693832379681
1113437,7497492,0.347841036111873
1113437,4628484,0.346987795100667
1113437,7497491,0.3465793171236904
1113437,4216336,0.3463247472608894
1113437,4064657,0.3460916615692434
1113437,5514589,0.34509359351590013
1113437,3851630,0.34508527540480866
1113437,5313809,0.3446122353193112
1113437,6992968,0.34313403393541725
1113437,1768734,0.3430632168046596
1113437,2354941,0.3421840446957736
1113437,3325914,0.3396788277172763
1113437,3518300,0.33860723926226155
1113437,6021898,0.3384938180394375
1113437,7385217,0.3339767924440003
1113437,495975,0.33282849399203823
1113437,1512674,0.3328152144666666
1113437,5226709,0.3298714246673722
1113437,1896939,0.32964603930218733
1113437,4016938,0.3268850466194763
1113437,6174324,0.3266955871566046
1113437,7497495,0.3247314221001227
1113437,1310683,0.32469145574730146
1113437,7618564,0.32402313819532225
1113437,3518297,0.32301600770412
1113437,4751833,0.3194732105509101
1113437,7497490,0.3187457946809246
1113437,4783292,0.3158893955578939
1113437,8342232,0.31503816944793567
1113437,8503450,0.3148118244648331
1113437,8128794,0.3126575436643248
1113437,1658786,0.3108503622595095
1113437,4216338,0.3102048192340896
1113437,495971,0.3092591408276186
1113437,6992975,0.3089163717671492
1113437,213009,0.30855968237390324
1113437,3990056,0.3083572665252023
1113437,4464732,0.308232371634805
1113437,1317211,0.3045258001075155
1113437,5649864,0.30402553230469265
1113437,4783289,0.30380800489814924
1113437,1280244,0.3035509064268931
1113437,8128791,0.30343639627010144
1113437,213005,0.3032585800249566
1113437,7263162,0.3020909714939136
1113437,7890531,0.3016131374154282
1113437,4016937,0.3013495211976255
1113437,8729210,0.2996401293965763
1113437,5781995,0.29842612310992866
1113437,1597174,0.29757930923725906
1113437,8729215,0.2962088080203039
1113437,5514588,0.2961686870396678
1113437,933160,0.2960954228807251
1113437,5050470,0.2960446923717888
1113437,8133335,0.29594167934221915
1113437,1287014,0.2952333775726734
1113437,436902,0.29305335772119956
1113437,313542,0.29302724926718854
1113437,1253484,0.2925533959495634
1113437,1920709,0.2904953377559974
1113437,6148219,0.2902273189869643
1113437,3089474,0.28798495049923584
1113437,7385215,0.286929729621375
1113437,3851625,0.28670894846770734
1113437,8128796,0.28430836338870846
1113437,1655114,0.2835062337131793
1113437,1768733,0.2833525358684215
1113437,8729214,0.2832818195913459
1113437,1805017,0.2827678763345695
1113437,6174329,0.2824980225846657
1113437,6758454,0.28230580475707484
1113437,6593841,0.28195846407869274
1113437,6300177,0.2809662183842303
1113437,5729988,0.28056693690888657
1122461,5885381,0.5040999949439121
1122461,1311038,0.4915803523473684
1122461,7709043,0.4832111957680899
1122461,5885379,0.48117225963575627
1122461,5885378,0.4673226551801161
1122461,3615069,0.4658798667567299
1122461,5885383,0.4634976772183314
1122461,6552510,0.4594106253989773
1122461,7039915,0.4443681836803985
1122461,2043704,0.4433888126144359
1122461,777761,0.4424420824392132
1122461,4452742,0.436884813941168
1122461,791549,0.4338352760885292
1122461,5635217,0.43286506387157264
1122461,5885380,0.43276435093629745
1122461,3615065,0.43033971396088555
1122461,4989566,0.41672568777570457
1122461,7129660,0.4163509814250035
1122461,8042587,0.4158860377145402
1122461,4222489,0.4137090462500064
1122461,8042589,0.4080105923689096
1122461,6845388,0.4067697363003646
1122461,4452745,0.4032081352560535
1122461,2043710,0.4032081352560535
1122461,1078590,0.4024606668472151
1122461,7129659,0.4010920152235169
1122461,1768217,0.4008726250002222
1122461,5361456,0.3972862134539499
1122461,5126003,0.3960198366049727
1122461,8349878,0.39413473804765037
1122461,6188991,0.39298785333548303
1122461,5451958,0.39187758470055345
1122461,6195339,0.3913207127679352
1122461,5528999,0.3912575442534446
1122461,5361454,0.3899807569261003
1122461,8349879,0.389552766862676
1122461,7040391,0.38793494676215723
1122461,8663452,0.38612249123251235
1122461,2035154,0.38465944703010546
1122461,777770,0.3837825796238144
1122461,6195340,0.38301787518038655
1122461,6280340,0.382021782458742
1122461,2422738,0.382021782458742
1122461,1979150,0.38062944066755194
1122461,6007061,0.3806103113349791
1122461,2597372,0.38030419756671374
1122461,3834211,0.3796745774359796
1122461,2067397,0.3791592772543833
1122461,6697487,0.3787000887696124
1122461,5093310,0.37838303824078634
1122461,3977522,0.3761833378348851
1122461,3638170,0.37030264419640047
1122461,1209332,0.37010451373096914
1122461,1482233,0.36924338588504413
1122461,8043045,0.3686058062191196
1122461,1482227,0.3684283455034231
1122461,6225035,0.36773398387362527
1122461,6845385,0.36767241172451315
1122461,7040393,0.3668266150379341
1122461,2043708,0.36642908378335465
1122461,5093309,0.36584311184993457
1122461,1746623,0.36567751134248755
1122461,5979939,0.3651197784109459
1122461,4721063,0.3633316626041324
1122461,1209330,0.3626116698989255
1122461,2267207,0.3623537758920714
1122461,3271971,0.3607048504859655
1122461,1659069,0.3600967853540472
1122461,7173954,0.3600541518866098
1122461,4834950,0.3595786515200246
1122461,7927076,0.3580402452217419
1122461,8341996,0.35793982789497564
1122461,963996,0.357856580095891
1122461,1762070,0.3576317275402499
1122461,3150809,0.3573896803947156
1122461,6188985,0.35724386480249154
1122461,1746630,0.3565405298991085
1122461,4980670,0.3564467018390754
1122461,5635212,0.3555508072033634
1122461,5597895,0.35434237764502924
1122461,5915844,0.3533246103174211
1122461,5979933,0.3528351237310165
1122461,3704866,0.35168673130412503
1122461,6094197,0.3505755236741327
1122461,48062,0.3491898336261613
1122461,2191174,0.3491808871751349
1122461,3475354,0.34906437790941514
1122461,6512211,0.3484586930047461
1122461,5285775,0.3462623994718261
1122461,5451953,0.34602913753152276
1122461,8395514,0.3455972343330941
1122461,1676354,0.34541378664437294
1122461,7247355,0.34324489819182125
1122461,5597898,0.3430730386784415
1122461,7241508,0.34303962448300473
1122461,2267116,0.3430308601690407
1122461,3392478,0.3421460461384892
1122461,7241504,0.3418067045496745
1122461,4954328,0.3401356696411341
1122461,5299001,0.3389365788899749
1116341,8100866,0.5549696696409399
1116341,4662985,0.5281341711570017
1116341,8321540,0.5093866162744355
1116341,8100865,0.48679403313235237
1116341,8100864,0.48679403313235237
1116341,2829743,0.4747297022813435
1116341,7212226,0.4652026723236188
1116341,8146383,0.4600431822958997
1116341,8100861,0.45402166167499025
1116341,3328558,0.43902779113617574
1116341,7212225,0.4343223706987027
1116341,6782799,0.4331514456191025
1116341,6782961,0.4280874864034067
1116341,7108086,0.42427141615719094
1116341,1605383,0.4224323445623255
1116341,7108085,0.4200147654996797
1116341,8146382,0.41595241370245895
1116341,5887347,0.4033651744593306
1116341,1599019,0.4029115037420375
1116341,1599012,0.39986614764909906
1116341,3430941,0.3986640929306579
1116341,4733424,0.3973946926492596
1116341,4252412,0.39647234160068484
1116341,5000769,0.3914374418386047
1116341,7423177,0.39113645803493535
1116341,784859,0.38901910233998704
1116341,3502693,0.3871943752300401
1116341,7580609,0.3846375932710756
1116341,1317109,0.3828948378268999
1116341,7282622,0.38269932130271095
1116341,8751685,0.38181641060486143
1116341,6481378,0.381714763241299
1116341,5969530,0.3808072975024121
1116341,5547690,0.38032158707822833
1116341,1789262,0.38030780092442135
1116341,7423184,0.3797845016725383
1116341,5547695,0.3778612256243357
1116341,3800889,0.3769771779106891
1116341,993825,0.37479957751813914
1116341,8247153,0.3747629065953593
1116341,7639539,0.3747585481738411
1116341,8116583,0.37465977381740545
1116341,6284364,0.3739699539963877
1116341,1882977,0.3732381703716323
1116341,7639542,0.3727192281308712
1116341,8274411,0.37070187095432555
1116341,5886173,0.37064195342079864
1116341,3800890,0.3704672569294391
1116341,6911876,0.3703593586862851
1116341,2874586,0.3703324638068814
1116341,1223924,0.3702578958205056
1116341,2862256,0.370181954203473
1116341,1971398,0.36990808192679153
1116341,2585995,0.36985155001599906
1116341,3847800,0.3695174981391361
1116341,6782800,0.36928648643750644
1116341,2262678,0.3687189075971737
1116341,4009153,0.368671242119867
1116341,3375215,0.36746644015083735
1116341,886470,0.36628267105287216
1116341,7966975,0.36560008702222896
1116341,8529370,0.3648568850319745
1116341,2874594,0.3646770013419502
1116341,7786062,0.3646568186446634
1116341,6451124,0.3636881482853035
1116341,7946843,0.3616827775135844
1116341,1118851,0.36166370938584896
1116341,1618070,0.36109789112422436
1116341,4662987,0.36077251213623646
1116341,8337092,0.35876055901947473
1116341,8424479,0.35857300685882926
1116341,5938542,0.35749657860498074
1116341,8550069,0.3569193151314316
1116341,1242340,0.35482484030187655
1116341,2649510,0.35482484030187655
1116341,2409056,0.35482484030187655
1116341,4151301,0.35482484030187655
1116341,3847078,0.35482484030187655
1116341,3553421,0.35482484030187655
1116341,3862184,0.35482484030187655
1116341,3436720,0.35481783403421424
1116341,1618078,0.35463258629825944
1116341,8550063,0.35431421169750277
1116341,5547692,0.3542766935479355
1116341,4151581,0.35390774673536923
1116341,6013277,0.352838859812999
1116341,2151497,0.35252589581857424
1116341,7786057,0.3522319328607172
1116341,5967738,0.35105043404019065
1116341,1767946,0.35089639217304375
1116341,3282209,0.35078776834782815
1116341,7158535,0.3505527876287017
1116341,3322657,0.3498563360935396
1116341,5179051,0.3497991953113
1116341,6806002,0.3497530422250035
1116341,8335795,0.3495504873639965
1116341,7046405,0.3491931926303744
1116341,7096687,0.34913124760739245
1116341,7282624,0.3480317508154932
1116341,6755999,0.34774591102117386
1129237,3905806,0.6556231040076907
1129237,128984,0.5990080862067686
1129237,302210,0.566225908595339
1129237,1721142,0.5428329361476031
1129237,2837792,0.5417309462180798
1129237,6080460,0.5234550221236486
1129237,8596871,0.5149002458907496
1129237,8682824,0.5124644380942798
1129237,3153068,0.48752178688928605
1129237,7371133,0.4735394231982712
1129237,6343520,0.4725087001357589
1129237,6343521,0.46665826544769407
1129237,305088,0.4657842796701987
1129237,4233382,0.465185466789462
1129237,2697752,0.4642857411715195
1129237,3147623,0.4460278369311244
1129237,4452004,0.44297405236605175
1129237,998751,0.44184333356490646
1129237,3905803,0.4384380486473923
1129237,3905802,0.43243929407642084
1129237,998750,0.42695372987273994
1129237,7352218,0.4262842393868976
1129237,1779228,0.42215796895588253
1129237,1771170,0.4213314912894571
1129237,1779231,0.42087292835377965
1129237,1020793,0.4202548615230537
1129237,4141009,0.41931323327895204
1129237,5127618,0.41791160789099846
1129237,3993743,0.41568931320172087
1129237,6928991,0.4148771962154204
1129237,7132885,0.41478326257548004
1129237,3227129,0.41244717728297814
1129237,1974039,0.4108089603950429
1129237,3160920,0.40813044299218
1129237,5906130,0.40764920130987364
1129237,2952410,0.4074179935653713
1129237,5619502,0.4071249427343988
1129237,4904404,0.40611628321268695
1129237,1908008,0.40532755233497875
1129237,4486834,0.40437574659636805
1129237,4003056,0.40386643655462245
1129237,7911557,0.40042077817690563
1129237,884450,0.3997212534404482
1129237,3181951,0.3996323326591336
1129237,3470596,0.39917270913585257
1129237,262492,0.39894468990794213
1129237,1668839,0.3980392146583211
1129237,3279719,0.3977491102919767
1129237,824966,0.3949062523851442
1129237,7371132,0.3903185714756169
1129237,8179087,0.3868803663014064
1129237,4233385,0.386666031363041
1129237,8588222,0.38624502536888144
1129237,4254815,0.3861429262588965
1129237,3905057,0.38579630589789105
1129237,7688465,0.3843998547321103
1129237,664274,0.381627365907006
1129237,7688471,0.3809797215796958
1129237,6194648,0.37992289071226815
1129237,767561,0.37943569653429987
1129237,7860569,0.37904790160810364
1129237,5216022,0.3777667033167306
1129237,795711,0.3773427673268637
1129237,5627214,0.37709762364027527
1129237,4904405,0.37532308229250005
1129237,4233383,0.3751703086395821
1129237,2333610,0.3743516079899431
1129237,19536,0.3729521460679773
1129237,6194643,0.37080759406766683
1129237,1078469,0.3704524602280911
1129237,1779226,0.3680437205035137
1129237,1234330,0.36750166915640503
1129237,5805082,0.36581368428602107
1129237,1757011,0.363571997258789
1129237,5094333,0.362683894831622
1129237,3683096,0.3607369276281571
1129237,3361423,0.3590922842898109
1129237,2188742,0.35830717280725466
1129237,4101349,0.3582880746160543
1129237,3160918,0.35755081924896526
1129237,7932376,0.35400206005631935
1129237,3067684,0.3530675524081898
1129237,8450766,0.35178996200092466
1129237,4003051,0.3516172256764867
1129237,3649330,0.34970497553486607
1129237,2015112,0.3493293431834653
1129237,1218686,0.3487914591519706
1129237,7443834,0.34693697545380864
1129237,7295144,0.34637870228388634
1129237,1793268,0.34502265194739706
1129237,4459237,0.3449634802146332
1129237,8020936,0.34484928346294685
1129237,1908007,0.34428352064659457
1129237,729545,0.3442127066836744
1129237,2385230,0.34418823376707175
1129237,2013820,0.3441052836683378
1129237,7097469,0.3433995016385758
1129237,664277,0.3428273268649092
1129237,7901543,0.342808290939063
1129237,5909536,0.3424324496097282
912070,5162626,0.5357618364720544
912070,3996433,0.4877135644609078
912070,5162628,0.4832509217646525
912070,5162627,0.4723529230305496
912070,3996430,0.4328577733622984
912070,3996436,0.4221606230191298
912070,2303998,0.42206328415007927
912070,7946150,0.4170027577052279
912070,8683826,0.4135570800995328
912070,590671,0.4114008506510745
912070,2516376,0.39820851100417864
912070,2005845,0.39154044105108826
912070,4591235,0.38481899218742116
912070,3077246,0.3831769435829718
912070,2005843,0.37250298557610806
912070,4504940,0.3701740716496446
912070,2483293,0.3687626795416546
912070,4581873,0.3677853695233658
912070,7946149,0.3646333389223373
912070,5162630,0.3634929667427021
912070,7946151,0.3560117336195475
912070,6968268,0.35227645846315564
912070,5626616,0.35056023292060184
912070,5162625,0.34773035196329083
912070,7146873,0.34558425041503665
912070,4504935,0.34466088497615377
912070,1543935,0.3419768630003818
912070,7373073,0.34176886326022043
912070,4591231,0.34139886549799037
912070,6020469,0.340867055633755
912070,8394453,0.33962033788958224
912070,1289263,0.33736612493101686
912070,4213886,0.33658900330456476
912070,8278613,0.3360931680349359
912070,6464266,0.33498666597058674
912070,5103655,0.3343111509583943
912070,2642277,0.3339102069137981
912070,4177639,0.32955046796189097
912070,8365785,0.3291953248564464
912070,2815209,0.32809575666520574
912070,8215982,0.32783115625708054
912070,4405117,0.3277104883068071
912070,4121271,0.32551539205341523
912070,1823266,0.3250426702180619
912070,2005842,0.32425284010221744
912070,2403764,0.32372104712428296
912070,4581871,0.3223930343743695
912070,5102691,0.3215190455762845
912070,5058699,0.3194607659388182
912070,5025819,0.31904977443904287
912070,6176510,0.3176527484093635
912070,6803689,0.3173913025970747
912070,2483289,0.3165178926851199
912070,7260272,0.3162382186924522
912070,3996438,0.31494749849489306
912070,482769,0.31449829344501845
912070,2303995,0.3119347085597816
912070,4698025,0.3119282233838332
912070,4547349,0.31164821572964035
912070,8185821,0.31138053061038345
912070,4827823,0.3110487710966281
912070,3831488,0.31032715100147484
912070,5162624,0.31028637493498396
912070,6193959,0.3098838061977654
912070,4439872,0.3093808322441947
912070,860631,0.30911675988592496
912070,8185816,0.3089857242167154
912070,3137995,0.3088298208634179
912070,904930,0.3081043543537628
912070,7289905,0.30739595225843763
912070,2403758,0.307291148332061
912070,829322,0.3053300368758728
912070,4874350,0.3028574067328752
912070,52575,0.30078860725155754
912070,6687740,0.30058675360164566
912070,7238124,0.2997652436150183
912070,5887342,0.29901116201479494
912070,4535658,0.2980248606435562
912070,4546762,0.29735527513394355
912070,4302393,0.29734068687059395
912070,2970197,0.2966618822695307
912070,8328861,0.2961103656474384
912070,6228375,0.29545385581007144
912070,4177638,0.2936383656925431
912070,7252743,0.2923575229490919
912070,1010400,0.2913110890632498
912070,2634029,0.2904074963562776
912070,5170338,0.2898066961945775
912070,633606,0.2894497404627081
912070,8337139,0.2888036289462126
912070,2953509,0.2886642276996551
912070,3184008,0.2886408136236303
912070,4589227,0.28852923093977734
912070,460251,0.28849538806352104
912070,4622643,0.2869124480807979
912070,8091383,0.28654324560795325
912070,4634857,0.2861134202750948
912070,2815206,0.2856745468301843
912070,8278612,0.2841459703150339
912070,7260275,0.2839279203844236
278813,7661107,0.6460092651105519
278813,3583856,0.6344266702327094
278813,4725529,0.6271679527076014
278813,3583858,0.5976843028180313
278813,7477644,0.5825728980561261
278813,1415033,0.5733545286861936
278813,4688509,0.5562838365499987
278813,6867405,0.5545881156809466
278813,3390550,0.54970029036321
278813,1415036,0.5481594799208195
278813,4725531,0.544302162187428
278813,4724474,0.5396446897539627
278813,1266468,0.527600363304767
278813,1831712,0.5275536093753825
278813,1330739,0.5257217815160208
278813,5455364,0.5224633327456055
278813,1593470,0.5203842556080368
278813,7315877,0.5185455946878336
278813,4361005,0.5174647308075214
278813,200786,0.5151761870556988
278813,6158696,0.5056770913067719
278813,2401042,0.5010839324225748
278813,7414968,0.500448962544078
278813,3186464,0.5002376508646714
278813,5504499,0.49900014842149715
278813,8349950,0.4981003694271476
278813,6333895,0.48882314430987944
278813,7354996,0.48761957471254075
278813,4030166,0.48486822226074977
278813,8270761,0.48217730751621213
278813,5676096,0.4814609788492325
278813,5494999,0.47805147007610477
278813,2461039,0.47772491446968784
278813,3440844,0.47639548609043936
278813,787246,0.4757439230446715
278813,200782,0.4753971037006621
278813,7414971,0.4746348504903233
278813,7598768,0.4740917840893393
278813,1549862,0.4730090176324515
278813,4734357,0.46763059938243084
278813,696238,0.4671944050224243
278813,615184,0.46705143877200794
278813,597817,0.46473564264473893
278813,8359997,0.46308693275636187
278813,7769565,0.4623325141430507
278813,107217,0.4619802329015312
278813,1325564,0.4617046166374972
278813,4514035,0.46067856964621523
278813,3008216,0.46000906562301047
278813,3650301,0.45878292479916943
278813,7249940,0.45849022913662685
278813,512553,0.4576699505186144
278813,5373817,0.4574974310555326
278813,6504583,0.45728166551350263
278813,5588225,0.4565974941522958
278813,8470450,0.45640364509049014
278813,1961280,0.4556403199772145
278813,4567281,0.4548637082270406
278813,2750247,0.4539714404497543
278813,4673132,0.45282842789485195
278813,6445236,0.4526193761292988
278813,714845,0.45160826468663107
278813,7414969,0.4507689507463685
278813,2914659,0.4507203138894159
278813,3177932,0.450681503230997
278813,1035926,0.44991522432603387
278813,1261660,0.4493072183374693
278813,2506113,0.44639992286119534
278813,696230,0.4461158616925014
278813,1961286,0.4458896693824604
278813,6333897,0.44467118202889244
278813,6505796,0.4439042768194645
278813,2375200,0.44340183135969224
278813,7249938,0.4425917759295263
278813,1590228,0.4419344854265463
278813,3618614,0.4413235525568722
278813,1492123,0.4411163248903934
278813,360997,0.4411163248903934
278813,375730,0.4404026835628283
278813,3574106,0.4399275383773877
278813,4987254,0.43990698040997434
278813,5495001,0.4398747936167775
278813,4677917,0.4393577030307684
278813,3186463,0.4392289781481321
278813,1630632,0.4371477402151525
278813,555226,0.4357851470823685
278813,8358999,0.43575505406386206
278813,3574105,0.4354200154042241
278813,5358273,0.43504157120926806
278813,6161321,0.4350050953486571
278813,163428,0.4343528989124882
278813,8437411,0.43372789574976256
278813,2471036,0.43197993255498596
278813,375729,0.43011771626252726
278813,6877688,0.4299765258462529
278813,334446,0.429860585475053
278813,4131024,0.4287524387530705
278813,2684221,0.42772896973811314
278813,1845624,0.42709980204956977
278813,375728,0.42702877788550136
423273,1752013,0.5959973962315099
423273,8547995,0.5519646731125806
423273,1752016,0.5353319412259616
423273,7919740,0.5256555147238318
423273,8237690,0.5175348342834638
423273,3860561,0.5153437178760304
423273,3012012,0.5122348524294833
423273,7919741,0.5110867996436608
423273,6669168,0.4905886454406757
423273,4261306,0.4899822213860882
423273,8237691,0.48791919551194174
423273,6171873,0.48673388190009503
423273,1669258,0.48603392054705413
423273,4859657,0.4846167901327415
423273,3638686,0.4713557286672331
423273,5022578,0.46798123070431286
423273,6171869,0.45980138949922633
423273,1767950,0.4593394780470667
423273,3076833,0.4532763911620004
423273,6669166,0.447745272089737
423273,8237693,0.4472276513156158
423273,8686805,0.440443803953403
423273,3182366,0.43765946929961025
423273,3002296,0.4336982388953835
423273,8237688,0.43280022844736377
423273,8237687,0.43154726061066234
423273,8237692,0.4296607774578156
423273,6998653,0.42905662991575205
423273,5113154,0.4286549930097455
423273,2879041,0.426669447556052
423273,6669165,0.42624336122102097
423273,3860562,0.4254463854974246
423273,6171867,0.42113237135013165
423273,6171870,0.41997650727675406
423273,6864847,0.4148270629191136
423273,8686800,0.41363070057519025
423273,963751,0.410451754123126
423273,8405380,0.40940150659228985
423273,3860559,0.4086854198756161
423273,8189212,0.4058712923221358
423273,151710,0.40441099928346885
423273,2164393,0.40405066464777223
423273,8303893,0.4014017270110356
423273,8209330,0.39772525922032326
423273,6668015,0.3964804627060258
423273,5716192,0.3936781708195032
423273,4698075,0.39110272296475795
423273,1831918,0.38782306391252824
423273,963745,0.38477293673860186
423273,6171866,0.38471982338448063
423273,8648554,0.38456815787237525
423273,6864848,0.38235533326419474
423273,3002291,0.3815487516687977
423273,8370566,0.37968484806724195
423273,6773967,0.37857465921583255
423273,6552586,0.37651746666652736
423273,6171868,0.37281890908240556
423273,6030420,0.3719001925371316
423273,1408271,0.3692847701452623
423273,6153455,0.3659129592213945
423273,881089,0.36383739563714546
423273,8370561,0.3616967637952894
423273,963753,0.3603485586598194
423273,3002292,0.3588201881395833
423273,1050255,0.3587232237489849
423273,4023105,0.35778828392001905
423273,4859653,0.3557812519109405
423273,1831921,0.3557296268051527
423273,6864843,0.3552602183259868
423273,1885011,0.355237421228215
423273,3335620,0.3549374855914103
423273,8153329,0.3547569785635363
423273,1669251,0.3546524694922425
423273,4161812,0.3528850046055127
423273,6998656,0.3523072665830526
423273,2996161,0.3523041084412265
423273,5034182,0.34951005616931363
423273,2466917,0.3485417686851524
423273,5711294,0.3461832731993766
423273,963746,0.34598495277331365
423273,4975926,0.34585037512697625
423273,7612381,0.3448858142984358
423273,1613567,0.3444441469562406
423273,28199,0.34439180187877194
423273,7780322,0.34436622267423367
423273,1811021,0.34269093944768536
423273,151711,0.34250835684352016
423273,6998660,0.34107022828998274
423273,6525064,0.3410267427675471
423273,3321491,0.34027608096459927
423273,6048606,0.3401220729251046
423273,8351401,0.3388099862546153
423273,8176603,0.33739297738210455
423273,6171874,0.3373573547097434
423273,2742806,0.33566029337284636
423273,183018,0.3351773410564575
423273,528870,0.3350491182025048
423273,4508401,0.3350491182025048
423273,5986017,0.33473454937305386
423273,1782402,0.33467710304975784
507445,8572128,0.4724605297918271
507445,8572129,0.46858148498666624
507445,5823072,0.463922183048734
507445,8572125,0.45706123476679755
507445,8572123,0.4478275571837239
507445,8572124,0.4317492080865399
507445,6936331,0.4235621716065897
507445,5163460,0.4226691112761686
507445,6159660,0.4116500513624362
507445,2115953,0.40829263629423956
507445,6638740,0.39850215319958515
507445,5428402,0.3819524576426702
507445,2115947,0.37965300968786386
507445,8168036,0.37951078113947395
507445,7239635,0.3788369638623766
507445,7239639,0.3788369638623766
507445,2115951,0.37796848256842946
507445,2115946,0.37372422622477375
507445,867076,0.3685521913600522
507445,8651728,0.3651411873925685
507445,6987875,0.36398834587631385
507445,2115949,0.36354314539793625
507445,6098309,0.3633617739072267
507445,1485187,0.3624467026677333
507445,3791249,0.36079466354633927
507445,5889638,0.35903831360223587
507445,6987882,0.3563106992726944
507445,5823069,0.3556599483086232
507445,7916112,0.3541303942405589
507445,4288774,0.3540566152498565
507445,406479,0.35400345397329674
507445,8068931,0.3528476508309701
507445,748768,0.3496832396060708
507445,7976518,0.34903648016645966
507445,1938568,0.34871902784659364
507445,2028933,0.3477665720917701
507445,1003984,0.3461842823128268
507445,5552354,0.3425772458342561
507445,7687147,0.34163448666923024
507445,1111557,0.34079052965982903
507445,6792878,0.34007690306426025
507445,748761,0.3369475970393309
507445,92319,0.33679268237991195
507445,2386553,0.3363958611552982
507445,6936335,0.3361113293981006
507445,5298400,0.335207749120108
507445,4054303,0.3350455219313422
507445,3196925,0.33393007660183555
507445,2969716,0.3325939113634238
507445,1485181,0.3320198233900761
507445,1742018,0.33157140928528156
507445,4054296,0.3315639255452735
507445,8180849,0.3314831057800652
507445,2479338,0.3308392774359298
507445,5552350,0.3294166288389985
507445,1401079,0.32835654953433285
507445,1485183,0.3281133334408343
507445,982584,0.32688248241148027
507445,7890485,0.3263512059508473
507445,6667388,0.32613382690382897
507445,1479754,0.32519913404563167
507445,5298395,0.32482245455572295
507445,2317726,0.32402504793524917
507445,8407105,0.32364887668125136
507445,6385844,0.32211416135127263
507445,406474,0.3217025253135731
507445,8407107,0.32141995419660296
507445,2496617,0.3206984258025276
507445,760653,0.3203120174259088
507445,406471,0.3202392270158406
507445,6692438,0.31897314211973815
507445,8393056,0.3180137250794594
507445,4813168,0.3179979387926259
507445,2079698,0.31777537885418267
507445,7059658,0.317748712882971
507445,7752846,0.31730803515960887
507445,570034,0.31692108288939685
507445,7976517,0.3161759896212047
507445,1906020,0.3161027659400735
507445,6212710,0.3159200026331953
507445,4054295,0.3157937547113575
507445,422236,0.31536452830882583
507445,5878263,0.314744340157372
507445,3251106,0.31419830559169293
507445,3010765,0.3088266230812542
507445,215786,0.3076168405291964
507445,2585716,0.30646375834215805
507445,8407104,0.3060898063348896
507445,5336924,0.3058830655249418
507445,7990692,0.3036412741174309
507445,4517966,0.30323590842278875
507445,6559562,0.3027650705377891
507445,6040815,0.30239943053536267
507445,2102395,0.3020372065923465
507445,406473,0.30144967845382814
507445,5374201,0.30005438200628215
507445,1269334,0.29950942685539106
507445,513846,0.29930088356618373
507445,6471134,0.2991740438102671
507445,7976514,0.29894270783054666
25129,7447696,0.5261899265735666
25129,113906,0.49546358208993424
25129,5605793,0.4568254250522006
25129,7447689,0.43011820594313527
25129,2623786,0.42626920127688384
25129,6557697,0.42583067983083744
25129,6642281,0.4215690723860839
25129,7447687,0.4208908399874446
25129,612834,0.4135050906654932
25129,1323065,0.41344654442341333
25129,8600592,0.4096997713148998
25129,3194557,0.40592839981860723
25129,7263713,0.40048416000048837
25129,113911,0.39997062598269173
25129,4627191,0.3984484901157453
25129,7447690,0.3958629732595549
25129,5638137,0.3934083517703218
25129,1468979,0.3923149831560289
25129,7447688,0.3908062287837951
25129,6212943,0.3888857883231396
25129,4033963,0.3886474076391321
25129,4688334,0.3884035798041533
25129,8816566,0.3877365973603888
25129,6769658,0.3866898904731986
25129,7944051,0.3860588653707027
25129,6876107,0.3845189724051518
25129,113912,0.38358572534106744
25129,113908,0.38356133925387637
25129,3683470,0.3832176934926572
25129,8379145,0.38104950517268155
25129,2773734,0.3793250712462278
25129,5812164,0.3790054529560645
25129,5056218,0.3784624611932325
25129,3806622,0.37769787173419084
25129,7750508,0.3774317722280322
25129,3892121,0.3770990489218973
25129,6201254,0.3766729168970791
25129,7654836,0.37655433482995737
25129,6962180,0.3755391619202916
25129,2050136,0.37379251597844626
25129,8816564,0.3722298155223812
25129,7643282,0.3721964060278942
25129,6101578,0.3703319300831978
25129,7734043,0.37023164506539874
25129,6391022,0.37006038010605563
25129,4480164,0.366890210233889
25129,4475275,0.36554908398472563
25129,7919903,0.3645097747080117
25129,1363117,0.36409928563390237
25129,1274725,0.36330766299099715
25129,7367666,0.3604150624725459
25129,6178118,0.359828700723381
25129,3674694,0.3587350638497245
25129,6100852,0.3584578728396425
25129,6781458,0.357518254926746
25129,3058636,0.35651106700749535
25129,7926134,0.35624726907078913
25129,6178114,0.35552296095658265
25129,4308939,0.35426974877705886
25129,8629812,0.35389481565557523
25129,3588663,0.3538335591686945
25129,2379625,0.353562404575583
25129,7447691,0.353511647579956
25129,3625267,0.3527603197843273
25129,6178120,0.35246945729371876
25129,6648623,0.3524121046105117
25129,4475273,0.3516394882797837
25129,1137105,0.3512097698085915
25129,7224266,0.35111855534807135
25129,4798634,0.35041462337924667
25129,1346694,0.3493428854785652
25129,6463030,0.34890343588960476
25129,3625274,0.3481434230766086
25129,3637352,0.34776650532938247
25129,7643280,0.3471403295549529
25129,5180770,0.34667412463059816
25129,4599697,0.34582712189392906
25129,6876111,0.3457220738545269
25129,3059825,0.34501666965909383
25129,2258265,0.34487125383697526
25129,4253199,0.3439169544458954
25129,6001626,0.3438785574311126
25129,4606355,0.3437239903267268
25129,5801963,0.34360020284533355
25129,7339242,0.34351748901038537
25129,3038509,0.34267589288024136
25129,8805694,0.3426161862979215
25129,4560935,0.3424859352467158
25129,6212638,0.3423335956675025
25129,1363116,0.3422300689457235
25129,7447692,0.3419550190730574
25129,5740187,0.3396258339169996
25129,2960593,0.33898196749724024
25129,8367840,0.33842316741695433
25129,8356019,0.33806964128887623
25129,4882896,0.33758664515931724
25129,3261536,0.33697956634394816
25129,5276973,0.336644613700769
25129,1761184,0.3364189200351869
25129,3457604,0.33635186497738906
146187,8434622,0.6296352393089854
146187,8434623,0.5731621252865731
146187,8434626,0.5164923965037511
146187,8434619,0.47366066197456763
146187,1841192,0.4592948000008846
146187,1028971,0.4171319052768734
146187,744165,0.40828645709493966
146187,8434618,0.3980964680591537
146187,7956019,0.39285989928724446
146187,5548651,0.3846075702101577
146187,6430260,0.37727985467187103
146187,4921740,0.3763354206611267
146187,6430258,0.36773137875048084
146187,315525,0.35884677627271616
146187,6241267,0.35728052100113705
146187,2226093,0.3556335176127664
146187,76348,0.3415520611218369
146187,8140179,0.3376874350529532
146187,3636162,0.3322718567008357
146187,4777144,0.3318431873675925
146187,7572646,0.3297248906866449
146187,7405002,0.32617692728095976
146187,8421480,0.3236864971387496
146187,1329682,0.32279828071379435
146187,4970416,0.3217466497485908
146187,1329681,0.32121960365756047
146187,7639838,0.3163459558632972
146187,7794087,0.31402338829428583
146187,3963185,0.31358669473043044
146187,5402181,0.3132894411743215
146187,7820612,0.3121660856465504
146187,4822604,0.3118545926569491
146187,8434620,0.31068932194877463
146187,8042971,0.31067097555527584
146187,5203708,0.31027264991763565
146187,1056540,0.309747431338348
146187,8639658,0.3086992321578334
146187,8190329,0.3074764016323739
146187,7796162,0.30733541755783067
146187,5677749,0.30448911985939464
146187,4251496,0.30290708553003054
146187,8140605,0.3019277335421348
146187,3245829,0.3018919321929745
146187,7131289,0.2999826985956768
146187,4492977,0.29835303390458245
146187,8140512,0.29798242763988764
146187,2344065,0.29626249617258504
146187,1095799,0.29384203764969286
146187,5153990,0.2937825480071864
146187,8140501,0.29037270506725393
146187,1028972,0.28957787957682674
146187,5153993,0.28931922354936385
146187,8140908,0.28893485836351485
146187,8816980,0.28885734733323154
146187,8042974,0.28780544316899237
146187,611408,0.2869588575409717
146187,1189546,0.2866913188917668
146187,7064455,0.2863010446536845
146187,4902969,0.2823136019272063
146187,8406006,0.2807708575105853
146187,6802410,0.27956288689196135
146187,5929430,0.278501442116619
146187,8716240,0.27834483133380356
146187,8042967,0.2773735056377587
146187,2167303,0.27701650043003
146187,4216902,0.2732863213896881
146187,4940536,0.2705973407551164
146187,6066654,0.2689853807715537
146187,1569126,0.2646399560498222
146187,32195,0.2643674274455625
146187,744167,0.2639424071597949
146187,8132058,0.2638220699922754
146187,8042966,0.26103087850860585
146187,4216895,0.2588206246069776
146187,1807104,0.2577488142441037
146187,3959858,0.25713034755478476
146187,4289220,0.25578853264027274
146187,4921741,0.2541804723232698
146187,8795494,0.2514244580742207
146187,3129303,0.24930993425854442
146187,7235863,0.24839908456507
146187,1122541,0.24710755420124317
146187,4797639,0.24709142031278558
146187,3014948,0.24335210065234086
146187,6778646,0.24317890029987757
146187,3655874,0.24224754564327292
146187,2087678,0.24209351538436252
146187,2257806,0.24200317802601773
146187,32188,0.24190455058771274
146187,82089,0.24004925157477922
146187,6021105,0.23973157095431585
146187,6230820,0.2396315747698004
146187,6573190,0.2395528650787921
146187,610306,0.23944071989718627
146187,8434624,0.23885423398492162
146187,6464518,0.23727369639767
146187,3129307,0.2370096912168767
146187,3129304,0.2370096912168767
146187,8664004,0.2366318092876362
146187,7645465,0.23551757343730859
634428,5230973,0.5168594891601674
634428,70998,0.5141160932349604
634428,3234659,0.5061219263075921
634428,5230967,0.47845438364501075
634428,8356959,0.4606400701007317
634428,240900,0.4264060391450884
634428,8384772,0.39998674808749085
634428,7139848,0.39683098456157045
634428,5101469,0.38666285810724776
634428,2227418,0.38516143122710966
634428,5185668,0.3848276334005288
634428,4290381,0.3728362880899953
634428,2276457,0.3725413284243914
634428,2889295,0.36491836585756726
634428,8083790,0.3620804483903582
634428,573203,0.36152993128706895
634428,7129232,0.35764360080722624
634428,4290378,0.3503399565471516
634428,3112254,0.3481382898658492
634428,2590184,0.34535694866648947
634428,2276453,0.3436088049593848
634428,266426,0.34335227361157644
634428,1225115,0.33727714331090375
634428,8083674,0.33353600806630623
634428,77084,0.3331276976609584
634428,495895,0.33054994135409155
634428,550039,0.3258570150376362
634428,4796678,0.32184933854596715
634428,7553367,0.32133922542071686
634428,8077547,0.3204220362200411
634428,7490607,0.3198579544979103
634428,3224720,0.31844283032777976
634428,4266426,0.3182913948021111
634428,2164843,0.31698543659999157
634428,4050922,0.31667230396153084
634428,868421,0.31303086366735455
634428,7712529,0.3128961272356259
634428,2452984,0.31167665177778425
634428,331492,0.3083462643387656
634428,4393455,0.3072004028659418
634428,4266425,0.3065979813996772
634428,7137907,0.30652133228377354
634428,1451470,0.3064102856368711
634428,4796685,0.30234338705145514
634428,1115037,0.30093421462042
634428,7888067,0.30076391915833073
634428,4754143,0.29859007672803495
634428,8299942,0.2956226054234236
634428,7888072,0.2955477137415071
634428,8573800,0.29498260031517143
634428,1413356,0.29464506642681937
634428,5613055,0.29418196984326767
634428,8299944,0.29403405959648343
634428,576161,0.2929752935895601
634428,7888073,0.2926383976628155
634428,7605009,0.2908902383007904
634428,783393,0.28961254680033127
634428,7011279,0.28906235751286025
634428,8356960,0.288553962451279
634428,6470178,0.28685319021298444
634428,1488276,0.28683708910922223
634428,5780485,0.28637762191806504
634428,2004681,0.28418288476599735
634428,4266423,0.2839025658485952
634428,3360030,0.2837871686457628
634428,336055,0.28271692160795786
634428,3360032,0.2814334210279398
634428,1639659,0.2814003463092405
634428,418917,0.2807126261961441
634428,8682524,0.2794475500655823
634428,266428,0.2792810158811179
634428,71652,0.27456313466364485
634428,2276456,0.2740533641657976
634428,8155586,0.273946954448456
634428,7132372,0.27302678451387125
634428,7009487,0.2724633800868293
634428,3360026,0.27173350616590025
634428,2639516,0.27159156196242445
634428,4266427,0.2709167240356307
634428,8356961,0.2708243991394587
634428,7210652,0.27005125333990887
634428,6583960,0.269364694954098
634428,3360035,0.2693645020683975
634428,4028877,0.2689857760386368
634428,538985,0.26842237363050087
634428,4095617,0.26834172568280656
634428,8071487,0.26747713039474186
634428,1479767,0.26562843895939536
634428,2307779,0.2656158834901407
634428,6608485,0.26522648850887537
634428,391611,0.2649227279115043
634428,6007537,0.2623196759748414
634428,4266422,0.2615884191237978
634428,7133025,0.2615031832185484
634428,3398832,0.26135502919065784
634428,331496,0.25834226589519477
634428,1149020,0.25791949059450914
634428,363297,0.2578452365287404
634428,7490680,0.2575882914440438
634428,7045908,0.2573033711824566
1121986,4583465,0.6106478771740591
1121986,759445,0.5957586690853156
1121986,1120687,0.5887331885768855
1121986,5760960,0.5804617745323276
1121986,8657656,0.5726644081983322
1121986,2978982,0.5461721189229845
1121986,919117,0.5451428147883705
1121986,8046992,0.5362707594817396
1121986,5300627,0.5324660422606304
1121986,5186612,0.527714697566508
1121986,4771483,0.5206801164402721
1121986,6731836,0.5183322153474746
1121986,3491994,0.5181963175877633
1121986,943539,0.5160407837690277
1121986,7577743,0.5127653870139856
1121986,8808754,0.5089804733194402
1121986,786532,0.5084710575502555
1121986,2249662,0.505028870490368
1121986,6122751,0.504081545201823
1121986,745598,0.5029053944564021
1121986,3247905,0.5001237553504655
1121986,919118,0.49865040087530865
1121986,496432,0.4932042121932339
1121986,1112072,0.4928241533939711
1121986,7514268,0.492311786771222
1121986,5070867,0.49111084329330873
1121986,1112069,0.48603939496821147
1121986,564969,0.48479494805319173
1121986,6771757,0.48479494805319173
1121986,564965,0.4843889726036737
1121986,675711,0.48408531367622126
1121986,7507649,0.483097286966573
1121986,1118581,0.4806472693023746
1121986,184023,0.47967070276446094
1121986,745596,0.4796554712702765
1121986,919113,0.47924353877147885
1121986,2470192,0.4775964961286455
1121986,5133206,0.4774947480357019
1121986,1272161,0.47426622755141007
1121986,5553672,0.47380300817360077
1121986,3032823,0.4730497715016679
1121986,644926,0.4717100114724503
1121986,4771489,0.47051356955775264
1121986,1118580,0.46991745307280075
1121986,4447541,0.46948507661304356
1121986,6179395,0.4667139420072293
1121986,7112301,0.46515017068418024
1121986,329210,0.4644148070722546
1121986,1933678,0.4634812163717438
1121986,2249663,0.46324443487639283
1121986,661823,0.46212181234413624
1121986,6028213,0.46181508446172953
1121986,5300621,0.46147541683885085
1121986,5553671,0.4597884571689223
1121986,7050574,0.45901601209960663
1121986,1373204,0.4575982682733998
1121986,808603,0.4575142194802831
1121986,577923,0.4574029439248458
1121986,7779505,0.45642155638527
1121986,4771487,0.4561968360951127
1121986,4496244,0.45563539996599195
1121986,7050575,0.45501155187853665
1121986,8372330,0.45419773406110797
1121986,491850,0.45408637946631897
1121986,6993099,0.4527232409385002
1121986,1341067,0.4519852552196575
1121986,5490332,0.4519608488108627
1121986,184020,0.4519327992502024
1121986,4255854,0.4507536309065641
1121986,5682872,0.45057123627089
1121986,5002326,0.450133483541454
1121986,2385011,0.44905192219878226
1121986,3228852,0.44863889025354237
1121986,8260854,0.4484651076183618
1121986,8638160,0.44821394249220103
1121986,1024820,0.44817111164410484
1121986,6407698,0.4479034793075011
1121986,7613112,0.44611610792674905
1121986,1272159,0.4452055027320918
1121986,1978431,0.44478446045177694
1121986,6179398,0.44325282499456864
1121986,2978985,0.4430569538531172
1121986,8429996,0.4429476723741007
1121986,7132482,0.4409223499139832
1121986,5439925,0.4398505380821622
1121986,8004929,0.4389652628576944
1121986,2135501,0.43782894421850405
1121986,2470191,0.43770964210649344
1121986,4239742,0.43669255748839136
1121986,4771490,0.435420503125717
1121986,943534,0.43480932364844116
1121986,2385013,0.4346271486287656
1121986,6053847,0.4340864530378502
1121986,5553667,0.433543164922145
1121986,2385012,0.4335216712143641
1121986,491847,0.4318186217036666
1121986,8763865,0.4315854766616706
1121986,184021,0.43143381317785123
1121986,496428,0.43118992084818886
1121986,4325207,0.4311472968535605
321441,4527586,0.6867055324499873
321441,2224959,0.5087012370403804
321441,5280597,0.5072493503360316
321441,5569106,0.5072493503360316
321441,5274487,0.47409985629831575
321441,8652411,0.4591192279175907
321441,7088169,0.4589621581873477
321441,1290438,0.4515624755772504
321441,5493499,0.43906438004730597
321441,649242,0.4386823289962015
321441,4370533,0.424587257824169
321441,7780747,0.4241292061238373
321441,799957,0.4159924448969732
321441,5682947,0.4123972761932065
321441,7594076,0.3989818202269635
321441,3252460,0.3918419675682797
321441,2020291,0.3888695260513248
321441,1167352,0.38751953224811614
321441,1657889,0.3874411660953389
321441,1634605,0.38694216550349114
321441,1129674,0.38417252059593904
321441,6122757,0.3838990752695933
321441,8652415,0.3819890801679872
321441,8804125,0.37905366098155185
321441,1045829,0.3789337830516058
321441,5682948,0.37870658875810037
321441,4743259,0.3769574102438321
321441,7397907,0.3736104887917173
321441,799954,0.37323345901831906
321441,7766897,0.37319392371117965
321441,2164043,0.3725799093469196
321441,1812033,0.37047784772771947
321441,6175309,0.36957639269687953
321441,5113746,0.36953898176841665
321441,6609741,0.3694148574042315
321441,6320642,0.3680937185701314
321441,3415724,0.367468922354981
321441,7918792,0.36722293520729626
321441,696452,0.3652934181729015
321441,512872,0.3648605724231943
321441,13624,0.3640741098475765
321441,1434502,0.3615062000706399
321441,7551652,0.3599622465889906
321441,1905633,0.359521108229495
321441,649244,0.35912683603568085
321441,7806454,0.359079894987225
321441,6614496,0.35892259419990313
321441,5669169,0.35612454697806323
321441,649248,0.35601976868672053
321441,4500961,0.3548387314369628
321441,398234,0.3544416321250523
321441,3415716,0.35336625154259343
321441,3082670,0.35325524478872383
321441,1129677,0.35224770907127023
321441,4491563,0.3510634624656739
321441,7532608,0.34918775115922873
321441,5113745,0.34675940789192794
321441,6703501,0.34618701018921555
321441,8770098,0.3458725580950336
321441,4878132,0.3445993182666156
321441,5844494,0.3441647679657407
321441,4798143,0.3439437188783181
321441,5536274,0.3424978329235735
321441,8596268,0.34185475499818474
321441,2986069,0.34056242966694755
321441,7594073,0.3402162175912497
321441,4527588,0.3401346473359374
321441,7408653,0.34010444243805266
321441,6614491,0.33964463787641447
321441,1129676,0.33955874207655645
321441,4593077,0.3389238334849444
321441,8000268,0.3384993979351779
321441,4750881,0.3379325605672483
321441,3090956,0.33786684110129717
321441,2720065,0.33763247823698767
321441,159775,0.3371931706722365
321441,7806453,0.33684014182341343
321441,3206185,0.33662000277363463
321441,1208502,0.33466210873871294
321441,5669176,0.334515089539887
321441,6175302,0.3340666734855455
321441,1715262,0.3325881221676653
321441,491332,0.3320188159408975
321441,1099044,0.3318463183413388
321441,7780744,0.3312009021083928
321441,2020288,0.3289779594220536
321441,3290764,0.32889431110690465
321441,3778202,0.32874042218377797
321441,3456696,0.3286622747741803
321441,771376,0.32836191389800706
321441,4846118,0.3257541242499907
321441,2020283,0.3233332655542277
321441,8253819,0.3228207430152264
321441,6877053,0.3220326478449781
321441,2020286,0.32077583326911574
321441,2331412,0.3205728788517682
321441,7532610,0.3203884301696065
321441,8808699,0.32000237965002437
321441,7921343,0.3184481793239921
321441,1657887,0.3181726970586369
532603,8522774,0.8103862149217962
532603,1204838,0.5671240981401499
532603,2195904,0.5474138062198585
532603,4615845,0.5345338530765119
532603,3920188,0.5321004328093356
532603,2195902,0.5278272677857324
532603,3052732,0.5274082416428351
532603,7474474,0.5214856253801817
532603,4363040,0.500036790805001
532603,530309,0.499420523516762
532603,3065213,0.4928302776305002
532603,8522777,0.4919811131754087
532603,3920193,0.46717299327696105
532603,6392461,0.46381913572339956
532603,6801179,0.46207898448399914
532603,1738440,0.45669315713099873
532603,530310,0.45273861854456454
532603,3052729,0.45072623013355145
532603,5346281,0.4483664316171885
532603,2195899,0.43803204809679386
532603,2215319,0.4368104734509754
532603,2195898,0.43375418133168364
532603,8522775,0.433350565781077
532603,3920195,0.4293912224930521
532603,2215316,0.4230867749547024
532603,1123769,0.4170423039263046
532603,7736869,0.40622143975573755
532603,4363033,0.4008246904493466
532603,3065218,0.39912689893344117
532603,8522781,0.3988735005589179
532603,2195905,0.39877465630333236
532603,6392455,0.394341778558145
532603,4256468,0.39323438312973147
532603,3523865,0.3926159656526114
532603,6392459,0.39214409162195474
532603,530302,0.38604730498729034
532603,1496440,0.38144826659628117
532603,6137535,0.37830984337398504
532603,7001925,0.3724584600525501
532603,460264,0.3689396704740174
532603,5043072,0.36757593555524554
532603,2850743,0.3672965195292639
532603,4591873,0.3666628981508028
532603,4615851,0.36422839129085705
532603,6801178,0.36275039864076125
532603,7001933,0.3619007969496697
532603,4928242,0.35220973453465465
532603,48692,0.34628596869421957
532603,6392458,0.3449542128582313
532603,7600187,0.3437902907112998
532603,3065217,0.3437235254302582
532603,6137537,0.3415184377057007
532603,8405878,0.3404769713898395
532603,3052735,0.3399274119129303
532603,3023112,0.33914512321279294
532603,3454168,0.33451555125790283
532603,7117928,0.33311883414050064
532603,1745529,0.3316844446624147
532603,9277,0.3316844446624147
532603,8522782,0.32734714505526213
532603,3065211,0.32308454986582186
532603,3995392,0.32074986183732845
532603,3459265,0.32067574481102856
532603,1346306,0.32020613005887577
532603,5983206,0.3195574917480204
532603,5418011,0.318827885818583
532603,8522780,0.31448397599528877
532603,8405876,0.31222378780312404
532603,7303020,0.3117178108041328
532603,4615846,0.3107957273518818
532603,1634377,0.3093004610002978
532603,5225941,0.3050634785705389
532603,7897889,0.3031396562999897
532603,348890,0.3028682936428484
532603,4086978,0.3027895282943101
532603,202800,0.3025010333113056
532603,8365865,0.30196744269747894
532603,7548800,0.3008954282327075
532603,1615161,0.2993463017147216
532603,8384140,0.2986252074317979
532603,3052733,0.29776125900877476
532603,5240958,0.2976441506462137
532603,197568,0.29675890645591196
532603,6912333,0.29638835911239964
532603,5418014,0.29598422291209625
532603,3724814,0.29540511729755636
532603,7041225,0.2949364360166331
532603,3265679,0.29387422096595733
532603,3036114,0.29332466553358455
532603,3052730,0.29310722098364617
532603,815907,0.2924601810519551
532603,5394797,0.29210788642854657
532603,6392460,0.2920663495589276
532603,1088241,0.291684958998824
532603,6137539,0.2911086101200792
532603,2965422,0.2907283580761726
532603,3229491,0.29056528003205895
532603,3164875,0.29003837732876214
532603,7007994,0.28956720849970674
532603,7059952,0.289561817472993
